==================================================
2026-06-24 23:36:13 | INFO     | ==================================================
📂 正在加载试卷数据库...
2026-06-24 23:36:13 | INFO     | 📂 正在加载试卷数据库...
   运行模式: FULL
2026-06-24 23:36:13 | INFO     |    运行模式: FULL
   题目范围: ['CO_2']
2026-06-24 23:36:13 | INFO     |    题目范围: ['CO_2']
   文本模型: glm5 -> glm-5.1
2026-06-24 23:36:13 | INFO     |    文本模型: glm5 -> glm-5.1
   提取后端: csbench_hybrid
2026-06-24 23:36:13 | INFO     |    提取后端: csbench_hybrid
   题库文件: /home/E125221219/projects/refgrader/data/csbench/exam_database.json
2026-06-24 23:36:13 | INFO     |    题库文件: /home/E125221219/projects/refgrader/data/csbench/exam_database.json
   教师分文件: /home/E125221219/projects/refgrader/data/csbench/teacher_scores.json
2026-06-24 23:36:13 | INFO     |    教师分文件: /home/E125221219/projects/refgrader/data/csbench/teacher_scores.json
   答案元数据: /home/E125221219/projects/refgrader/data/csbench/answer_metadata.jsonl
2026-06-24 23:36:13 | INFO     |    答案元数据: /home/E125221219/projects/refgrader/data/csbench/answer_metadata.jsonl
   并发数:   2
2026-06-24 23:36:13 | INFO     |    并发数:   2
   结果目录: /home/E125221219/projects/refgrader/results_runs/csbench_co2_full
2026-06-24 23:36:13 | INFO     |    结果目录: /home/E125221219/projects/refgrader/results_runs/csbench_co2_full
   Rubric目录: /home/E125221219/projects/refgrader/data/csbench/rubrics/optimized
2026-06-24 23:36:13 | INFO     |    Rubric目录: /home/E125221219/projects/refgrader/data/csbench/rubrics/optimized
   初始Rubric目录: /home/E125221219/projects/refgrader/data/csbench/rubrics/initial
2026-06-24 23:36:13 | INFO     |    初始Rubric目录: /home/E125221219/projects/refgrader/data/csbench/rubrics/initial
   允许回退初始Rubric: False
2026-06-24 23:36:13 | INFO     |    允许回退初始Rubric: False
   进度文件: /home/E125221219/projects/refgrader/results_runs/csbench_co2_full/progress.json
2026-06-24 23:36:13 | INFO     |    进度文件: /home/E125221219/projects/refgrader/results_runs/csbench_co2_full/progress.json
   日志文件: logs/experiment_20260624_233612.log
2026-06-24 23:36:13 | INFO     |    日志文件: logs/experiment_20260624_233612.log
🚀 当前处于【精准批改模式】
2026-06-24 23:36:13 | INFO     | 🚀 当前处于【精准批改模式】

🚀 [标准模式] 开始处理: CO_2
2026-06-24 23:36:13 | INFO     | 
🚀 [标准模式] 开始处理: CO_2
⚡ 已加载本地标准: /home/E125221219/projects/refgrader/data/csbench/rubrics/optimized/CO/CO_2_rubric_standard.json
2026-06-24 23:36:13 | INFO     | ⚡ 已加载本地标准: /home/E125221219/projects/refgrader/data/csbench/rubrics/optimized/CO/CO_2_rubric_standard.json
[metadata] loaded 3326 answer records from /home/E125221219/projects/refgrader/data/csbench/answer_metadata.jsonl
2026-06-24 23:36:13 | INFO     | [metadata] loaded 3326 answer records from /home/E125221219/projects/refgrader/data/csbench/answer_metadata.jsonl
[PaddleOCR] preparing 81/84 visual-answer cache entries...
2026-06-24 23:36:13 | INFO     | [PaddleOCR] preparing 81/84 visual-answer cache entries...
Initialize PaddleOCR | device=gpu:0 | lang=ch | pending=1/1
[1/1] completed: ANS_CO_516.jpg | tokens=19 | mean_conf=0.953608 | output=/home/E125221219/projects/refgrader/ocr_cache/csbench/CO_2/ANS_CO_516.json
summary: completed=1, skipped=0, failed=0
2026-06-24 23:36:20 | INFO     | Initialize PaddleOCR | device=gpu:0 | lang=ch | pending=1/1
[1/1] completed: ANS_CO_516.jpg | tokens=19 | mean_conf=0.953608 | output=/home/E125221219/projects/refgrader/ocr_cache/csbench/CO_2/ANS_CO_516.json
summary: completed=1, skipped=0, failed=0
Initialize PaddleOCR | device=gpu:0 | lang=ch | pending=1/1
[1/1] completed: ANS_CO_517.jpg | tokens=18 | mean_conf=0.916977 | output=/home/E125221219/projects/refgrader/ocr_cache/csbench/CO_2/ANS_CO_517.json
summary: completed=1, skipped=0, failed=0
2026-06-24 23:36:27 | INFO     | Initialize PaddleOCR | device=gpu:0 | lang=ch | pending=1/1
[1/1] completed: ANS_CO_517.jpg | tokens=18 | mean_conf=0.916977 | output=/home/E125221219/projects/refgrader/ocr_cache/csbench/CO_2/ANS_CO_517.json
summary: completed=1, skipped=0, failed=0
Initialize PaddleOCR | device=gpu:0 | lang=ch | pending=1/1
[1/1] completed: ANS_CO_518.jpg | tokens=27 | mean_conf=0.913977 | output=/home/E125221219/projects/refgrader/ocr_cache/csbench/CO_2/ANS_CO_518.json
summary: completed=1, skipped=0, failed=0
2026-06-24 23:36:34 | INFO     | Initialize PaddleOCR | device=gpu:0 | lang=ch | pending=1/1
[1/1] completed: ANS_CO_518.jpg | tokens=27 | mean_conf=0.913977 | output=/home/E125221219/projects/refgrader/ocr_cache/csbench/CO_2/ANS_CO_518.json
summary: completed=1, skipped=0, failed=0
Initialize PaddleOCR | device=gpu:0 | lang=ch | pending=1/1
[1/1] completed: ANS_CO_520.jpg | tokens=9 | mean_conf=0.895127 | output=/home/E125221219/projects/refgrader/ocr_cache/csbench/CO_2/ANS_CO_520.json
summary: completed=1, skipped=0, failed=0
2026-06-24 23:36:41 | INFO     | Initialize PaddleOCR | device=gpu:0 | lang=ch | pending=1/1
[1/1] completed: ANS_CO_520.jpg | tokens=9 | mean_conf=0.895127 | output=/home/E125221219/projects/refgrader/ocr_cache/csbench/CO_2/ANS_CO_520.json
summary: completed=1, skipped=0, failed=0
Initialize PaddleOCR | device=gpu:0 | lang=ch | pending=1/1
[1/1] completed: ANS_CO_523.jpg | tokens=9 | mean_conf=0.907539 | output=/home/E125221219/projects/refgrader/ocr_cache/csbench/CO_2/ANS_CO_523.json
summary: completed=1, skipped=0, failed=0
2026-06-24 23:36:48 | INFO     | Initialize PaddleOCR | device=gpu:0 | lang=ch | pending=1/1
[1/1] completed: ANS_CO_523.jpg | tokens=9 | mean_conf=0.907539 | output=/home/E125221219/projects/refgrader/ocr_cache/csbench/CO_2/ANS_CO_523.json
summary: completed=1, skipped=0, failed=0
Initialize PaddleOCR | device=gpu:0 | lang=ch | pending=1/1
[1/1] completed: ANS_CO_524.jpg | tokens=43 | mean_conf=0.883903 | output=/home/E125221219/projects/refgrader/ocr_cache/csbench/CO_2/ANS_CO_524.json
summary: completed=1, skipped=0, failed=0
2026-06-24 23:36:55 | INFO     | Initialize PaddleOCR | device=gpu:0 | lang=ch | pending=1/1
[1/1] completed: ANS_CO_524.jpg | tokens=43 | mean_conf=0.883903 | output=/home/E125221219/projects/refgrader/ocr_cache/csbench/CO_2/ANS_CO_524.json
summary: completed=1, skipped=0, failed=0
Initialize PaddleOCR | device=gpu:0 | lang=ch | pending=1/1
[1/1] completed: ANS_CO_526.jpg | tokens=47 | mean_conf=0.935469 | output=/home/E125221219/projects/refgrader/ocr_cache/csbench/CO_2/ANS_CO_526.json
summary: completed=1, skipped=0, failed=0
2026-06-24 23:37:02 | INFO     | Initialize PaddleOCR | device=gpu:0 | lang=ch | pending=1/1
[1/1] completed: ANS_CO_526.jpg | tokens=47 | mean_conf=0.935469 | output=/home/E125221219/projects/refgrader/ocr_cache/csbench/CO_2/ANS_CO_526.json
summary: completed=1, skipped=0, failed=0
Initialize PaddleOCR | device=gpu:0 | lang=ch | pending=1/1
[1/1] completed: ANS_CO_527.jpg | tokens=32 | mean_conf=0.95557 | output=/home/E125221219/projects/refgrader/ocr_cache/csbench/CO_2/ANS_CO_527.json
summary: completed=1, skipped=0, failed=0
2026-06-24 23:37:10 | INFO     | Initialize PaddleOCR | device=gpu:0 | lang=ch | pending=1/1
[1/1] completed: ANS_CO_527.jpg | tokens=32 | mean_conf=0.95557 | output=/home/E125221219/projects/refgrader/ocr_cache/csbench/CO_2/ANS_CO_527.json
summary: completed=1, skipped=0, failed=0
Initialize PaddleOCR | device=gpu:0 | lang=ch | pending=1/1
[1/1] completed: ANS_CO_528.jpg | tokens=16 | mean_conf=0.933357 | output=/home/E125221219/projects/refgrader/ocr_cache/csbench/CO_2/ANS_CO_528.json
summary: completed=1, skipped=0, failed=0
2026-06-24 23:37:17 | INFO     | Initialize PaddleOCR | device=gpu:0 | lang=ch | pending=1/1
[1/1] completed: ANS_CO_528.jpg | tokens=16 | mean_conf=0.933357 | output=/home/E125221219/projects/refgrader/ocr_cache/csbench/CO_2/ANS_CO_528.json
summary: completed=1, skipped=0, failed=0
Initialize PaddleOCR | device=gpu:0 | lang=ch | pending=1/1
[1/1] completed: ANS_CO_530.jpg | tokens=14 | mean_conf=0.929607 | output=/home/E125221219/projects/refgrader/ocr_cache/csbench/CO_2/ANS_CO_530.json
summary: completed=1, skipped=0, failed=0
2026-06-24 23:37:23 | INFO     | Initialize PaddleOCR | device=gpu:0 | lang=ch | pending=1/1
[1/1] completed: ANS_CO_530.jpg | tokens=14 | mean_conf=0.929607 | output=/home/E125221219/projects/refgrader/ocr_cache/csbench/CO_2/ANS_CO_530.json
summary: completed=1, skipped=0, failed=0
Initialize PaddleOCR | device=gpu:0 | lang=ch | pending=1/1
[1/1] completed: ANS_CO_533.jpg | tokens=21 | mean_conf=0.90301 | output=/home/E125221219/projects/refgrader/ocr_cache/csbench/CO_2/ANS_CO_533.json
summary: completed=1, skipped=0, failed=0
2026-06-24 23:37:30 | INFO     | Initialize PaddleOCR | device=gpu:0 | lang=ch | pending=1/1
[1/1] completed: ANS_CO_533.jpg | tokens=21 | mean_conf=0.90301 | output=/home/E125221219/projects/refgrader/ocr_cache/csbench/CO_2/ANS_CO_533.json
summary: completed=1, skipped=0, failed=0
Initialize PaddleOCR | device=gpu:0 | lang=ch | pending=1/1
[1/1] completed: ANS_CO_539.jpg | tokens=23 | mean_conf=0.945067 | output=/home/E125221219/projects/refgrader/ocr_cache/csbench/CO_2/ANS_CO_539.json
summary: completed=1, skipped=0, failed=0
2026-06-24 23:37:37 | INFO     | Initialize PaddleOCR | device=gpu:0 | lang=ch | pending=1/1
[1/1] completed: ANS_CO_539.jpg | tokens=23 | mean_conf=0.945067 | output=/home/E125221219/projects/refgrader/ocr_cache/csbench/CO_2/ANS_CO_539.json
summary: completed=1, skipped=0, failed=0
Initialize PaddleOCR | device=gpu:0 | lang=ch | pending=1/1
[1/1] completed: ANS_CO_541.jpg | tokens=50 | mean_conf=0.953938 | output=/home/E125221219/projects/refgrader/ocr_cache/csbench/CO_2/ANS_CO_541.json
summary: completed=1, skipped=0, failed=0
2026-06-24 23:37:45 | INFO     | Initialize PaddleOCR | device=gpu:0 | lang=ch | pending=1/1
[1/1] completed: ANS_CO_541.jpg | tokens=50 | mean_conf=0.953938 | output=/home/E125221219/projects/refgrader/ocr_cache/csbench/CO_2/ANS_CO_541.json
summary: completed=1, skipped=0, failed=0
Initialize PaddleOCR | device=gpu:0 | lang=ch | pending=1/1
[1/1] completed: ANS_CO_542.jpg | tokens=29 | mean_conf=0.936411 | output=/home/E125221219/projects/refgrader/ocr_cache/csbench/CO_2/ANS_CO_542.json
summary: completed=1, skipped=0, failed=0
2026-06-24 23:37:52 | INFO     | Initialize PaddleOCR | device=gpu:0 | lang=ch | pending=1/1
[1/1] completed: ANS_CO_542.jpg | tokens=29 | mean_conf=0.936411 | output=/home/E125221219/projects/refgrader/ocr_cache/csbench/CO_2/ANS_CO_542.json
summary: completed=1, skipped=0, failed=0
Initialize PaddleOCR | device=gpu:0 | lang=ch | pending=1/1
[1/1] completed: ANS_CO_543.jpg | tokens=18 | mean_conf=0.925373 | output=/home/E125221219/projects/refgrader/ocr_cache/csbench/CO_2/ANS_CO_543.json
summary: completed=1, skipped=0, failed=0
2026-06-24 23:37:59 | INFO     | Initialize PaddleOCR | device=gpu:0 | lang=ch | pending=1/1
[1/1] completed: ANS_CO_543.jpg | tokens=18 | mean_conf=0.925373 | output=/home/E125221219/projects/refgrader/ocr_cache/csbench/CO_2/ANS_CO_543.json
summary: completed=1, skipped=0, failed=0
Initialize PaddleOCR | device=gpu:0 | lang=ch | pending=1/1
[1/1] completed: ANS_CO_544.jpg | tokens=42 | mean_conf=0.932803 | output=/home/E125221219/projects/refgrader/ocr_cache/csbench/CO_2/ANS_CO_544.json
summary: completed=1, skipped=0, failed=0
2026-06-24 23:38:06 | INFO     | Initialize PaddleOCR | device=gpu:0 | lang=ch | pending=1/1
[1/1] completed: ANS_CO_544.jpg | tokens=42 | mean_conf=0.932803 | output=/home/E125221219/projects/refgrader/ocr_cache/csbench/CO_2/ANS_CO_544.json
summary: completed=1, skipped=0, failed=0
Initialize PaddleOCR | device=gpu:0 | lang=ch | pending=1/1
[1/1] completed: ANS_CO_546.jpg | tokens=40 | mean_conf=0.93461 | output=/home/E125221219/projects/refgrader/ocr_cache/csbench/CO_2/ANS_CO_546.json
summary: completed=1, skipped=0, failed=0
2026-06-24 23:38:13 | INFO     | Initialize PaddleOCR | device=gpu:0 | lang=ch | pending=1/1
[1/1] completed: ANS_CO_546.jpg | tokens=40 | mean_conf=0.93461 | output=/home/E125221219/projects/refgrader/ocr_cache/csbench/CO_2/ANS_CO_546.json
summary: completed=1, skipped=0, failed=0
Initialize PaddleOCR | device=gpu:0 | lang=ch | pending=1/1
[1/1] completed: ANS_CO_547.jpg | tokens=29 | mean_conf=0.948298 | output=/home/E125221219/projects/refgrader/ocr_cache/csbench/CO_2/ANS_CO_547.json
summary: completed=1, skipped=0, failed=0
2026-06-24 23:38:20 | INFO     | Initialize PaddleOCR | device=gpu:0 | lang=ch | pending=1/1
[1/1] completed: ANS_CO_547.jpg | tokens=29 | mean_conf=0.948298 | output=/home/E125221219/projects/refgrader/ocr_cache/csbench/CO_2/ANS_CO_547.json
summary: completed=1, skipped=0, failed=0
Initialize PaddleOCR | device=gpu:0 | lang=ch | pending=1/1
[1/1] completed: ANS_CO_550.jpg | tokens=19 | mean_conf=0.882049 | output=/home/E125221219/projects/refgrader/ocr_cache/csbench/CO_2/ANS_CO_550.json
summary: completed=1, skipped=0, failed=0
2026-06-24 23:38:27 | INFO     | Initialize PaddleOCR | device=gpu:0 | lang=ch | pending=1/1
[1/1] completed: ANS_CO_550.jpg | tokens=19 | mean_conf=0.882049 | output=/home/E125221219/projects/refgrader/ocr_cache/csbench/CO_2/ANS_CO_550.json
summary: completed=1, skipped=0, failed=0
Initialize PaddleOCR | device=gpu:0 | lang=ch | pending=1/1
[1/1] completed: ANS_CO_551.jpg | tokens=11 | mean_conf=0.935539 | output=/home/E125221219/projects/refgrader/ocr_cache/csbench/CO_2/ANS_CO_551.json
summary: completed=1, skipped=0, failed=0
2026-06-24 23:38:34 | INFO     | Initialize PaddleOCR | device=gpu:0 | lang=ch | pending=1/1
[1/1] completed: ANS_CO_551.jpg | tokens=11 | mean_conf=0.935539 | output=/home/E125221219/projects/refgrader/ocr_cache/csbench/CO_2/ANS_CO_551.json
summary: completed=1, skipped=0, failed=0
Initialize PaddleOCR | device=gpu:0 | lang=ch | pending=1/1
[1/1] completed: ANS_CO_554.jpg | tokens=18 | mean_conf=0.913545 | output=/home/E125221219/projects/refgrader/ocr_cache/csbench/CO_2/ANS_CO_554.json
summary: completed=1, skipped=0, failed=0
2026-06-24 23:38:41 | INFO     | Initialize PaddleOCR | device=gpu:0 | lang=ch | pending=1/1
[1/1] completed: ANS_CO_554.jpg | tokens=18 | mean_conf=0.913545 | output=/home/E125221219/projects/refgrader/ocr_cache/csbench/CO_2/ANS_CO_554.json
summary: completed=1, skipped=0, failed=0
Initialize PaddleOCR | device=gpu:0 | lang=ch | pending=1/1
[1/1] completed: ANS_CO_555.jpg | tokens=24 | mean_conf=0.939355 | output=/home/E125221219/projects/refgrader/ocr_cache/csbench/CO_2/ANS_CO_555.json
summary: completed=1, skipped=0, failed=0
2026-06-24 23:38:47 | INFO     | Initialize PaddleOCR | device=gpu:0 | lang=ch | pending=1/1
[1/1] completed: ANS_CO_555.jpg | tokens=24 | mean_conf=0.939355 | output=/home/E125221219/projects/refgrader/ocr_cache/csbench/CO_2/ANS_CO_555.json
summary: completed=1, skipped=0, failed=0
Initialize PaddleOCR | device=gpu:0 | lang=ch | pending=1/1
[1/1] completed: ANS_CO_557.jpg | tokens=38 | mean_conf=0.941131 | output=/home/E125221219/projects/refgrader/ocr_cache/csbench/CO_2/ANS_CO_557.json
summary: completed=1, skipped=0, failed=0
2026-06-24 23:38:55 | INFO     | Initialize PaddleOCR | device=gpu:0 | lang=ch | pending=1/1
[1/1] completed: ANS_CO_557.jpg | tokens=38 | mean_conf=0.941131 | output=/home/E125221219/projects/refgrader/ocr_cache/csbench/CO_2/ANS_CO_557.json
summary: completed=1, skipped=0, failed=0
Initialize PaddleOCR | device=gpu:0 | lang=ch | pending=1/1
[1/1] completed: ANS_CO_558.jpg | tokens=10 | mean_conf=0.931466 | output=/home/E125221219/projects/refgrader/ocr_cache/csbench/CO_2/ANS_CO_558.json
summary: completed=1, skipped=0, failed=0
2026-06-24 23:39:02 | INFO     | Initialize PaddleOCR | device=gpu:0 | lang=ch | pending=1/1
[1/1] completed: ANS_CO_558.jpg | tokens=10 | mean_conf=0.931466 | output=/home/E125221219/projects/refgrader/ocr_cache/csbench/CO_2/ANS_CO_558.json
summary: completed=1, skipped=0, failed=0
Initialize PaddleOCR | device=gpu:0 | lang=ch | pending=1/1
[1/1] completed: ANS_CO_559.jpg | tokens=67 | mean_conf=0.872503 | output=/home/E125221219/projects/refgrader/ocr_cache/csbench/CO_2/ANS_CO_559.json
summary: completed=1, skipped=0, failed=0
2026-06-24 23:39:09 | INFO     | Initialize PaddleOCR | device=gpu:0 | lang=ch | pending=1/1
[1/1] completed: ANS_CO_559.jpg | tokens=67 | mean_conf=0.872503 | output=/home/E125221219/projects/refgrader/ocr_cache/csbench/CO_2/ANS_CO_559.json
summary: completed=1, skipped=0, failed=0
Initialize PaddleOCR | device=gpu:0 | lang=ch | pending=1/1
[1/1] completed: ANS_CO_560.jpg | tokens=33 | mean_conf=0.963779 | output=/home/E125221219/projects/refgrader/ocr_cache/csbench/CO_2/ANS_CO_560.json
summary: completed=1, skipped=0, failed=0
2026-06-24 23:39:16 | INFO     | Initialize PaddleOCR | device=gpu:0 | lang=ch | pending=1/1
[1/1] completed: ANS_CO_560.jpg | tokens=33 | mean_conf=0.963779 | output=/home/E125221219/projects/refgrader/ocr_cache/csbench/CO_2/ANS_CO_560.json
summary: completed=1, skipped=0, failed=0
Initialize PaddleOCR | device=gpu:0 | lang=ch | pending=1/1
[1/1] completed: ANS_CO_561.jpg | tokens=24 | mean_conf=0.92476 | output=/home/E125221219/projects/refgrader/ocr_cache/csbench/CO_2/ANS_CO_561.json
summary: completed=1, skipped=0, failed=0
2026-06-24 23:39:23 | INFO     | Initialize PaddleOCR | device=gpu:0 | lang=ch | pending=1/1
[1/1] completed: ANS_CO_561.jpg | tokens=24 | mean_conf=0.92476 | output=/home/E125221219/projects/refgrader/ocr_cache/csbench/CO_2/ANS_CO_561.json
summary: completed=1, skipped=0, failed=0
Initialize PaddleOCR | device=gpu:0 | lang=ch | pending=1/1
[1/1] completed: ANS_CO_562.jpg | tokens=20 | mean_conf=0.937215 | output=/home/E125221219/projects/refgrader/ocr_cache/csbench/CO_2/ANS_CO_562.json
summary: completed=1, skipped=0, failed=0
2026-06-24 23:39:29 | INFO     | Initialize PaddleOCR | device=gpu:0 | lang=ch | pending=1/1
[1/1] completed: ANS_CO_562.jpg | tokens=20 | mean_conf=0.937215 | output=/home/E125221219/projects/refgrader/ocr_cache/csbench/CO_2/ANS_CO_562.json
summary: completed=1, skipped=0, failed=0
Initialize PaddleOCR | device=gpu:0 | lang=ch | pending=1/1
[1/1] completed: ANS_CO_564.jpg | tokens=25 | mean_conf=0.914571 | output=/home/E125221219/projects/refgrader/ocr_cache/csbench/CO_2/ANS_CO_564.json
summary: completed=1, skipped=0, failed=0
2026-06-24 23:39:36 | INFO     | Initialize PaddleOCR | device=gpu:0 | lang=ch | pending=1/1
[1/1] completed: ANS_CO_564.jpg | tokens=25 | mean_conf=0.914571 | output=/home/E125221219/projects/refgrader/ocr_cache/csbench/CO_2/ANS_CO_564.json
summary: completed=1, skipped=0, failed=0
Initialize PaddleOCR | device=gpu:0 | lang=ch | pending=1/1
[1/1] completed: ANS_CO_565.jpg | tokens=20 | mean_conf=0.860505 | output=/home/E125221219/projects/refgrader/ocr_cache/csbench/CO_2/ANS_CO_565.json
summary: completed=1, skipped=0, failed=0
2026-06-24 23:39:44 | INFO     | Initialize PaddleOCR | device=gpu:0 | lang=ch | pending=1/1
[1/1] completed: ANS_CO_565.jpg | tokens=20 | mean_conf=0.860505 | output=/home/E125221219/projects/refgrader/ocr_cache/csbench/CO_2/ANS_CO_565.json
summary: completed=1, skipped=0, failed=0
Initialize PaddleOCR | device=gpu:0 | lang=ch | pending=1/1
[1/1] completed: ANS_CO_567.jpg | tokens=25 | mean_conf=0.944054 | output=/home/E125221219/projects/refgrader/ocr_cache/csbench/CO_2/ANS_CO_567.json
summary: completed=1, skipped=0, failed=0
2026-06-24 23:39:51 | INFO     | Initialize PaddleOCR | device=gpu:0 | lang=ch | pending=1/1
[1/1] completed: ANS_CO_567.jpg | tokens=25 | mean_conf=0.944054 | output=/home/E125221219/projects/refgrader/ocr_cache/csbench/CO_2/ANS_CO_567.json
summary: completed=1, skipped=0, failed=0
Initialize PaddleOCR | device=gpu:0 | lang=ch | pending=1/1
[1/1] completed: ANS_CO_569.jpg | tokens=28 | mean_conf=0.983719 | output=/home/E125221219/projects/refgrader/ocr_cache/csbench/CO_2/ANS_CO_569.json
summary: completed=1, skipped=0, failed=0
2026-06-24 23:39:58 | INFO     | Initialize PaddleOCR | device=gpu:0 | lang=ch | pending=1/1
[1/1] completed: ANS_CO_569.jpg | tokens=28 | mean_conf=0.983719 | output=/home/E125221219/projects/refgrader/ocr_cache/csbench/CO_2/ANS_CO_569.json
summary: completed=1, skipped=0, failed=0
Initialize PaddleOCR | device=gpu:0 | lang=ch | pending=1/1
[1/1] completed: ANS_CO_570.jpg | tokens=25 | mean_conf=0.923813 | output=/home/E125221219/projects/refgrader/ocr_cache/csbench/CO_2/ANS_CO_570.json
summary: completed=1, skipped=0, failed=0
2026-06-24 23:40:04 | INFO     | Initialize PaddleOCR | device=gpu:0 | lang=ch | pending=1/1
[1/1] completed: ANS_CO_570.jpg | tokens=25 | mean_conf=0.923813 | output=/home/E125221219/projects/refgrader/ocr_cache/csbench/CO_2/ANS_CO_570.json
summary: completed=1, skipped=0, failed=0
Initialize PaddleOCR | device=gpu:0 | lang=ch | pending=1/1
[1/1] completed: ANS_CO_571.jpg | tokens=17 | mean_conf=0.94365 | output=/home/E125221219/projects/refgrader/ocr_cache/csbench/CO_2/ANS_CO_571.json
summary: completed=1, skipped=0, failed=0
2026-06-24 23:40:11 | INFO     | Initialize PaddleOCR | device=gpu:0 | lang=ch | pending=1/1
[1/1] completed: ANS_CO_571.jpg | tokens=17 | mean_conf=0.94365 | output=/home/E125221219/projects/refgrader/ocr_cache/csbench/CO_2/ANS_CO_571.json
summary: completed=1, skipped=0, failed=0
Initialize PaddleOCR | device=gpu:0 | lang=ch | pending=1/1
[1/1] completed: ANS_CO_572.jpg | tokens=32 | mean_conf=0.9358 | output=/home/E125221219/projects/refgrader/ocr_cache/csbench/CO_2/ANS_CO_572.json
summary: completed=1, skipped=0, failed=0
2026-06-24 23:40:18 | INFO     | Initialize PaddleOCR | device=gpu:0 | lang=ch | pending=1/1
[1/1] completed: ANS_CO_572.jpg | tokens=32 | mean_conf=0.9358 | output=/home/E125221219/projects/refgrader/ocr_cache/csbench/CO_2/ANS_CO_572.json
summary: completed=1, skipped=0, failed=0
Initialize PaddleOCR | device=gpu:0 | lang=ch | pending=1/1
[1/1] completed: ANS_CO_573.jpg | tokens=23 | mean_conf=0.932406 | output=/home/E125221219/projects/refgrader/ocr_cache/csbench/CO_2/ANS_CO_573.json
summary: completed=1, skipped=0, failed=0
2026-06-24 23:40:25 | INFO     | Initialize PaddleOCR | device=gpu:0 | lang=ch | pending=1/1
[1/1] completed: ANS_CO_573.jpg | tokens=23 | mean_conf=0.932406 | output=/home/E125221219/projects/refgrader/ocr_cache/csbench/CO_2/ANS_CO_573.json
summary: completed=1, skipped=0, failed=0
Initialize PaddleOCR | device=gpu:0 | lang=ch | pending=1/1
[1/1] completed: ANS_CO_575.png | tokens=22 | mean_conf=0.927626 | output=/home/E125221219/projects/refgrader/ocr_cache/csbench/CO_2/ANS_CO_575.json
summary: completed=1, skipped=0, failed=0
2026-06-24 23:40:31 | INFO     | Initialize PaddleOCR | device=gpu:0 | lang=ch | pending=1/1
[1/1] completed: ANS_CO_575.png | tokens=22 | mean_conf=0.927626 | output=/home/E125221219/projects/refgrader/ocr_cache/csbench/CO_2/ANS_CO_575.json
summary: completed=1, skipped=0, failed=0
Initialize PaddleOCR | device=gpu:0 | lang=ch | pending=1/1
[1/1] completed: ANS_CO_578.png | tokens=15 | mean_conf=0.914186 | output=/home/E125221219/projects/refgrader/ocr_cache/csbench/CO_2/ANS_CO_578.json
summary: completed=1, skipped=0, failed=0
2026-06-24 23:40:38 | INFO     | Initialize PaddleOCR | device=gpu:0 | lang=ch | pending=1/1
[1/1] completed: ANS_CO_578.png | tokens=15 | mean_conf=0.914186 | output=/home/E125221219/projects/refgrader/ocr_cache/csbench/CO_2/ANS_CO_578.json
summary: completed=1, skipped=0, failed=0
Initialize PaddleOCR | device=gpu:0 | lang=ch | pending=1/1
[1/1] completed: ANS_CO_579.png | tokens=34 | mean_conf=0.933531 | output=/home/E125221219/projects/refgrader/ocr_cache/csbench/CO_2/ANS_CO_579.json
summary: completed=1, skipped=0, failed=0
2026-06-24 23:40:44 | INFO     | Initialize PaddleOCR | device=gpu:0 | lang=ch | pending=1/1
[1/1] completed: ANS_CO_579.png | tokens=34 | mean_conf=0.933531 | output=/home/E125221219/projects/refgrader/ocr_cache/csbench/CO_2/ANS_CO_579.json
summary: completed=1, skipped=0, failed=0
Initialize PaddleOCR | device=gpu:0 | lang=ch | pending=1/1
[1/1] completed: ANS_CO_580.png | tokens=44 | mean_conf=0.966572 | output=/home/E125221219/projects/refgrader/ocr_cache/csbench/CO_2/ANS_CO_580.json
summary: completed=1, skipped=0, failed=0
2026-06-24 23:40:51 | INFO     | Initialize PaddleOCR | device=gpu:0 | lang=ch | pending=1/1
[1/1] completed: ANS_CO_580.png | tokens=44 | mean_conf=0.966572 | output=/home/E125221219/projects/refgrader/ocr_cache/csbench/CO_2/ANS_CO_580.json
summary: completed=1, skipped=0, failed=0
Initialize PaddleOCR | device=gpu:0 | lang=ch | pending=1/1
[1/1] completed: ANS_CO_582.png | tokens=18 | mean_conf=0.89644 | output=/home/E125221219/projects/refgrader/ocr_cache/csbench/CO_2/ANS_CO_582.json
summary: completed=1, skipped=0, failed=0
2026-06-24 23:40:58 | INFO     | Initialize PaddleOCR | device=gpu:0 | lang=ch | pending=1/1
[1/1] completed: ANS_CO_582.png | tokens=18 | mean_conf=0.89644 | output=/home/E125221219/projects/refgrader/ocr_cache/csbench/CO_2/ANS_CO_582.json
summary: completed=1, skipped=0, failed=0
Initialize PaddleOCR | device=gpu:0 | lang=ch | pending=1/1
[1/1] completed: ANS_CO_583.png | tokens=23 | mean_conf=0.935448 | output=/home/E125221219/projects/refgrader/ocr_cache/csbench/CO_2/ANS_CO_583.json
summary: completed=1, skipped=0, failed=0
2026-06-24 23:41:05 | INFO     | Initialize PaddleOCR | device=gpu:0 | lang=ch | pending=1/1
[1/1] completed: ANS_CO_583.png | tokens=23 | mean_conf=0.935448 | output=/home/E125221219/projects/refgrader/ocr_cache/csbench/CO_2/ANS_CO_583.json
summary: completed=1, skipped=0, failed=0
Initialize PaddleOCR | device=gpu:0 | lang=ch | pending=1/1
[1/1] completed: ANS_CO_584.png | tokens=16 | mean_conf=0.91163 | output=/home/E125221219/projects/refgrader/ocr_cache/csbench/CO_2/ANS_CO_584.json
summary: completed=1, skipped=0, failed=0
2026-06-24 23:41:11 | INFO     | Initialize PaddleOCR | device=gpu:0 | lang=ch | pending=1/1
[1/1] completed: ANS_CO_584.png | tokens=16 | mean_conf=0.91163 | output=/home/E125221219/projects/refgrader/ocr_cache/csbench/CO_2/ANS_CO_584.json
summary: completed=1, skipped=0, failed=0
Initialize PaddleOCR | device=gpu:0 | lang=ch | pending=1/1
[1/1] completed: ANS_CO_585.png | tokens=13 | mean_conf=0.942905 | output=/home/E125221219/projects/refgrader/ocr_cache/csbench/CO_2/ANS_CO_585.json
summary: completed=1, skipped=0, failed=0
2026-06-24 23:41:18 | INFO     | Initialize PaddleOCR | device=gpu:0 | lang=ch | pending=1/1
[1/1] completed: ANS_CO_585.png | tokens=13 | mean_conf=0.942905 | output=/home/E125221219/projects/refgrader/ocr_cache/csbench/CO_2/ANS_CO_585.json
summary: completed=1, skipped=0, failed=0
Initialize PaddleOCR | device=gpu:0 | lang=ch | pending=1/1
[1/1] completed: ANS_CO_586.png | tokens=13 | mean_conf=0.931418 | output=/home/E125221219/projects/refgrader/ocr_cache/csbench/CO_2/ANS_CO_586.json
summary: completed=1, skipped=0, failed=0
2026-06-24 23:41:25 | INFO     | Initialize PaddleOCR | device=gpu:0 | lang=ch | pending=1/1
[1/1] completed: ANS_CO_586.png | tokens=13 | mean_conf=0.931418 | output=/home/E125221219/projects/refgrader/ocr_cache/csbench/CO_2/ANS_CO_586.json
summary: completed=1, skipped=0, failed=0
Initialize PaddleOCR | device=gpu:0 | lang=ch | pending=1/1
[1/1] completed: ANS_CO_589.png | tokens=11 | mean_conf=0.920498 | output=/home/E125221219/projects/refgrader/ocr_cache/csbench/CO_2/ANS_CO_589.json
summary: completed=1, skipped=0, failed=0
2026-06-24 23:41:31 | INFO     | Initialize PaddleOCR | device=gpu:0 | lang=ch | pending=1/1
[1/1] completed: ANS_CO_589.png | tokens=11 | mean_conf=0.920498 | output=/home/E125221219/projects/refgrader/ocr_cache/csbench/CO_2/ANS_CO_589.json
summary: completed=1, skipped=0, failed=0
Initialize PaddleOCR | device=gpu:0 | lang=ch | pending=1/1
[1/1] completed: ANS_CO_590.png | tokens=19 | mean_conf=0.871498 | output=/home/E125221219/projects/refgrader/ocr_cache/csbench/CO_2/ANS_CO_590.json
summary: completed=1, skipped=0, failed=0
2026-06-24 23:41:38 | INFO     | Initialize PaddleOCR | device=gpu:0 | lang=ch | pending=1/1
[1/1] completed: ANS_CO_590.png | tokens=19 | mean_conf=0.871498 | output=/home/E125221219/projects/refgrader/ocr_cache/csbench/CO_2/ANS_CO_590.json
summary: completed=1, skipped=0, failed=0
Initialize PaddleOCR | device=gpu:0 | lang=ch | pending=1/1
[1/1] completed: ANS_CO_592.png | tokens=54 | mean_conf=0.951036 | output=/home/E125221219/projects/refgrader/ocr_cache/csbench/CO_2/ANS_CO_592.json
summary: completed=1, skipped=0, failed=0
2026-06-24 23:41:45 | INFO     | Initialize PaddleOCR | device=gpu:0 | lang=ch | pending=1/1
[1/1] completed: ANS_CO_592.png | tokens=54 | mean_conf=0.951036 | output=/home/E125221219/projects/refgrader/ocr_cache/csbench/CO_2/ANS_CO_592.json
summary: completed=1, skipped=0, failed=0
Initialize PaddleOCR | device=gpu:0 | lang=ch | pending=1/1
[1/1] completed: ANS_CO_594.png | tokens=29 | mean_conf=0.872904 | output=/home/E125221219/projects/refgrader/ocr_cache/csbench/CO_2/ANS_CO_594.json
summary: completed=1, skipped=0, failed=0
2026-06-24 23:41:51 | INFO     | Initialize PaddleOCR | device=gpu:0 | lang=ch | pending=1/1
[1/1] completed: ANS_CO_594.png | tokens=29 | mean_conf=0.872904 | output=/home/E125221219/projects/refgrader/ocr_cache/csbench/CO_2/ANS_CO_594.json
summary: completed=1, skipped=0, failed=0
Initialize PaddleOCR | device=gpu:0 | lang=ch | pending=1/1
[1/1] completed: ANS_CO_595.png | tokens=24 | mean_conf=0.948371 | output=/home/E125221219/projects/refgrader/ocr_cache/csbench/CO_2/ANS_CO_595.json
summary: completed=1, skipped=0, failed=0
2026-06-24 23:41:58 | INFO     | Initialize PaddleOCR | device=gpu:0 | lang=ch | pending=1/1
[1/1] completed: ANS_CO_595.png | tokens=24 | mean_conf=0.948371 | output=/home/E125221219/projects/refgrader/ocr_cache/csbench/CO_2/ANS_CO_595.json
summary: completed=1, skipped=0, failed=0
Initialize PaddleOCR | device=gpu:0 | lang=ch | pending=1/1
[1/1] completed: ANS_CO_596.png | tokens=32 | mean_conf=0.92296 | output=/home/E125221219/projects/refgrader/ocr_cache/csbench/CO_2/ANS_CO_596.json
summary: completed=1, skipped=0, failed=0
2026-06-24 23:42:05 | INFO     | Initialize PaddleOCR | device=gpu:0 | lang=ch | pending=1/1
[1/1] completed: ANS_CO_596.png | tokens=32 | mean_conf=0.92296 | output=/home/E125221219/projects/refgrader/ocr_cache/csbench/CO_2/ANS_CO_596.json
summary: completed=1, skipped=0, failed=0
Initialize PaddleOCR | device=gpu:0 | lang=ch | pending=1/1
[1/1] completed: ANS_CO_598.png | tokens=12 | mean_conf=0.915143 | output=/home/E125221219/projects/refgrader/ocr_cache/csbench/CO_2/ANS_CO_598.json
summary: completed=1, skipped=0, failed=0
2026-06-24 23:42:12 | INFO     | Initialize PaddleOCR | device=gpu:0 | lang=ch | pending=1/1
[1/1] completed: ANS_CO_598.png | tokens=12 | mean_conf=0.915143 | output=/home/E125221219/projects/refgrader/ocr_cache/csbench/CO_2/ANS_CO_598.json
summary: completed=1, skipped=0, failed=0
Initialize PaddleOCR | device=gpu:0 | lang=ch | pending=1/1
[1/1] completed: ANS_CO_599.png | tokens=19 | mean_conf=0.987475 | output=/home/E125221219/projects/refgrader/ocr_cache/csbench/CO_2/ANS_CO_599.json
summary: completed=1, skipped=0, failed=0
2026-06-24 23:42:19 | INFO     | Initialize PaddleOCR | device=gpu:0 | lang=ch | pending=1/1
[1/1] completed: ANS_CO_599.png | tokens=19 | mean_conf=0.987475 | output=/home/E125221219/projects/refgrader/ocr_cache/csbench/CO_2/ANS_CO_599.json
summary: completed=1, skipped=0, failed=0
Initialize PaddleOCR | device=gpu:0 | lang=ch | pending=1/1
[1/1] completed: ANS_CO_601.png | tokens=9 | mean_conf=0.783556 | output=/home/E125221219/projects/refgrader/ocr_cache/csbench/CO_2/ANS_CO_601.json
summary: completed=1, skipped=0, failed=0
2026-06-24 23:42:25 | INFO     | Initialize PaddleOCR | device=gpu:0 | lang=ch | pending=1/1
[1/1] completed: ANS_CO_601.png | tokens=9 | mean_conf=0.783556 | output=/home/E125221219/projects/refgrader/ocr_cache/csbench/CO_2/ANS_CO_601.json
summary: completed=1, skipped=0, failed=0
Initialize PaddleOCR | device=gpu:0 | lang=ch | pending=1/1
[1/1] completed: ANS_CO_602.png | tokens=25 | mean_conf=0.949237 | output=/home/E125221219/projects/refgrader/ocr_cache/csbench/CO_2/ANS_CO_602.json
summary: completed=1, skipped=0, failed=0
2026-06-24 23:42:32 | INFO     | Initialize PaddleOCR | device=gpu:0 | lang=ch | pending=1/1
[1/1] completed: ANS_CO_602.png | tokens=25 | mean_conf=0.949237 | output=/home/E125221219/projects/refgrader/ocr_cache/csbench/CO_2/ANS_CO_602.json
summary: completed=1, skipped=0, failed=0
Initialize PaddleOCR | device=gpu:0 | lang=ch | pending=1/1
[1/1] completed: ANS_CO_603.png | tokens=26 | mean_conf=0.953702 | output=/home/E125221219/projects/refgrader/ocr_cache/csbench/CO_2/ANS_CO_603.json
summary: completed=1, skipped=0, failed=0
2026-06-24 23:42:39 | INFO     | Initialize PaddleOCR | device=gpu:0 | lang=ch | pending=1/1
[1/1] completed: ANS_CO_603.png | tokens=26 | mean_conf=0.953702 | output=/home/E125221219/projects/refgrader/ocr_cache/csbench/CO_2/ANS_CO_603.json
summary: completed=1, skipped=0, failed=0
Initialize PaddleOCR | device=gpu:0 | lang=ch | pending=1/1
[1/1] completed: ANS_CO_605.png | tokens=15 | mean_conf=0.950454 | output=/home/E125221219/projects/refgrader/ocr_cache/csbench/CO_2/ANS_CO_605.json
summary: completed=1, skipped=0, failed=0
2026-06-24 23:42:46 | INFO     | Initialize PaddleOCR | device=gpu:0 | lang=ch | pending=1/1
[1/1] completed: ANS_CO_605.png | tokens=15 | mean_conf=0.950454 | output=/home/E125221219/projects/refgrader/ocr_cache/csbench/CO_2/ANS_CO_605.json
summary: completed=1, skipped=0, failed=0
Initialize PaddleOCR | device=gpu:0 | lang=ch | pending=1/1
[1/1] completed: ANS_CO_607.png | tokens=25 | mean_conf=0.968824 | output=/home/E125221219/projects/refgrader/ocr_cache/csbench/CO_2/ANS_CO_607.json
summary: completed=1, skipped=0, failed=0
2026-06-24 23:42:53 | INFO     | Initialize PaddleOCR | device=gpu:0 | lang=ch | pending=1/1
[1/1] completed: ANS_CO_607.png | tokens=25 | mean_conf=0.968824 | output=/home/E125221219/projects/refgrader/ocr_cache/csbench/CO_2/ANS_CO_607.json
summary: completed=1, skipped=0, failed=0
Initialize PaddleOCR | device=gpu:0 | lang=ch | pending=1/1
[1/1] completed: ANS_CO_609.png | tokens=11 | mean_conf=0.942588 | output=/home/E125221219/projects/refgrader/ocr_cache/csbench/CO_2/ANS_CO_609.json
summary: completed=1, skipped=0, failed=0
2026-06-24 23:43:00 | INFO     | Initialize PaddleOCR | device=gpu:0 | lang=ch | pending=1/1
[1/1] completed: ANS_CO_609.png | tokens=11 | mean_conf=0.942588 | output=/home/E125221219/projects/refgrader/ocr_cache/csbench/CO_2/ANS_CO_609.json
summary: completed=1, skipped=0, failed=0
Initialize PaddleOCR | device=gpu:0 | lang=ch | pending=1/1
[1/1] completed: ANS_CO_610.png | tokens=19 | mean_conf=0.945574 | output=/home/E125221219/projects/refgrader/ocr_cache/csbench/CO_2/ANS_CO_610.json
summary: completed=1, skipped=0, failed=0
2026-06-24 23:43:06 | INFO     | Initialize PaddleOCR | device=gpu:0 | lang=ch | pending=1/1
[1/1] completed: ANS_CO_610.png | tokens=19 | mean_conf=0.945574 | output=/home/E125221219/projects/refgrader/ocr_cache/csbench/CO_2/ANS_CO_610.json
summary: completed=1, skipped=0, failed=0
Initialize PaddleOCR | device=gpu:0 | lang=ch | pending=1/1
[1/1] completed: ANS_CO_612.png | tokens=20 | mean_conf=0.938444 | output=/home/E125221219/projects/refgrader/ocr_cache/csbench/CO_2/ANS_CO_612.json
summary: completed=1, skipped=0, failed=0
2026-06-24 23:43:13 | INFO     | Initialize PaddleOCR | device=gpu:0 | lang=ch | pending=1/1
[1/1] completed: ANS_CO_612.png | tokens=20 | mean_conf=0.938444 | output=/home/E125221219/projects/refgrader/ocr_cache/csbench/CO_2/ANS_CO_612.json
summary: completed=1, skipped=0, failed=0
Initialize PaddleOCR | device=gpu:0 | lang=ch | pending=1/1
[1/1] completed: ANS_CO_614.png | tokens=13 | mean_conf=0.966446 | output=/home/E125221219/projects/refgrader/ocr_cache/csbench/CO_2/ANS_CO_614.json
summary: completed=1, skipped=0, failed=0
2026-06-24 23:43:20 | INFO     | Initialize PaddleOCR | device=gpu:0 | lang=ch | pending=1/1
[1/1] completed: ANS_CO_614.png | tokens=13 | mean_conf=0.966446 | output=/home/E125221219/projects/refgrader/ocr_cache/csbench/CO_2/ANS_CO_614.json
summary: completed=1, skipped=0, failed=0
Initialize PaddleOCR | device=gpu:0 | lang=ch | pending=1/1
[1/1] completed: ANS_CO_615.png | tokens=13 | mean_conf=0.94126 | output=/home/E125221219/projects/refgrader/ocr_cache/csbench/CO_2/ANS_CO_615.json
summary: completed=1, skipped=0, failed=0
2026-06-24 23:43:27 | INFO     | Initialize PaddleOCR | device=gpu:0 | lang=ch | pending=1/1
[1/1] completed: ANS_CO_615.png | tokens=13 | mean_conf=0.94126 | output=/home/E125221219/projects/refgrader/ocr_cache/csbench/CO_2/ANS_CO_615.json
summary: completed=1, skipped=0, failed=0
Initialize PaddleOCR | device=gpu:0 | lang=ch | pending=1/1
[1/1] completed: ANS_CO_617.png | tokens=14 | mean_conf=0.91599 | output=/home/E125221219/projects/refgrader/ocr_cache/csbench/CO_2/ANS_CO_617.json
summary: completed=1, skipped=0, failed=0
2026-06-24 23:43:34 | INFO     | Initialize PaddleOCR | device=gpu:0 | lang=ch | pending=1/1
[1/1] completed: ANS_CO_617.png | tokens=14 | mean_conf=0.91599 | output=/home/E125221219/projects/refgrader/ocr_cache/csbench/CO_2/ANS_CO_617.json
summary: completed=1, skipped=0, failed=0
Initialize PaddleOCR | device=gpu:0 | lang=ch | pending=1/1
[1/1] completed: ANS_CO_619.png | tokens=18 | mean_conf=0.856727 | output=/home/E125221219/projects/refgrader/ocr_cache/csbench/CO_2/ANS_CO_619.json
summary: completed=1, skipped=0, failed=0
2026-06-24 23:43:41 | INFO     | Initialize PaddleOCR | device=gpu:0 | lang=ch | pending=1/1
[1/1] completed: ANS_CO_619.png | tokens=18 | mean_conf=0.856727 | output=/home/E125221219/projects/refgrader/ocr_cache/csbench/CO_2/ANS_CO_619.json
summary: completed=1, skipped=0, failed=0
Initialize PaddleOCR | device=gpu:0 | lang=ch | pending=1/1
[1/1] completed: ANS_CO_621.png | tokens=17 | mean_conf=0.882673 | output=/home/E125221219/projects/refgrader/ocr_cache/csbench/CO_2/ANS_CO_621.json
summary: completed=1, skipped=0, failed=0
2026-06-24 23:43:48 | INFO     | Initialize PaddleOCR | device=gpu:0 | lang=ch | pending=1/1
[1/1] completed: ANS_CO_621.png | tokens=17 | mean_conf=0.882673 | output=/home/E125221219/projects/refgrader/ocr_cache/csbench/CO_2/ANS_CO_621.json
summary: completed=1, skipped=0, failed=0
Initialize PaddleOCR | device=gpu:0 | lang=ch | pending=1/1
[1/1] completed: ANS_CO_623.png | tokens=10 | mean_conf=0.886519 | output=/home/E125221219/projects/refgrader/ocr_cache/csbench/CO_2/ANS_CO_623.json
summary: completed=1, skipped=0, failed=0
2026-06-24 23:43:55 | INFO     | Initialize PaddleOCR | device=gpu:0 | lang=ch | pending=1/1
[1/1] completed: ANS_CO_623.png | tokens=10 | mean_conf=0.886519 | output=/home/E125221219/projects/refgrader/ocr_cache/csbench/CO_2/ANS_CO_623.json
summary: completed=1, skipped=0, failed=0
Initialize PaddleOCR | device=gpu:0 | lang=ch | pending=1/1
[1/1] completed: ANS_CO_626.png | tokens=16 | mean_conf=0.92682 | output=/home/E125221219/projects/refgrader/ocr_cache/csbench/CO_2/ANS_CO_626.json
summary: completed=1, skipped=0, failed=0
2026-06-24 23:44:02 | INFO     | Initialize PaddleOCR | device=gpu:0 | lang=ch | pending=1/1
[1/1] completed: ANS_CO_626.png | tokens=16 | mean_conf=0.92682 | output=/home/E125221219/projects/refgrader/ocr_cache/csbench/CO_2/ANS_CO_626.json
summary: completed=1, skipped=0, failed=0
Initialize PaddleOCR | device=gpu:0 | lang=ch | pending=1/1
[1/1] completed: ANS_CO_627.png | tokens=13 | mean_conf=0.89608 | output=/home/E125221219/projects/refgrader/ocr_cache/csbench/CO_2/ANS_CO_627.json
summary: completed=1, skipped=0, failed=0
2026-06-24 23:44:08 | INFO     | Initialize PaddleOCR | device=gpu:0 | lang=ch | pending=1/1
[1/1] completed: ANS_CO_627.png | tokens=13 | mean_conf=0.89608 | output=/home/E125221219/projects/refgrader/ocr_cache/csbench/CO_2/ANS_CO_627.json
summary: completed=1, skipped=0, failed=0
Initialize PaddleOCR | device=gpu:0 | lang=ch | pending=1/1
[1/1] completed: ANS_CO_628.png | tokens=13 | mean_conf=0.874852 | output=/home/E125221219/projects/refgrader/ocr_cache/csbench/CO_2/ANS_CO_628.json
summary: completed=1, skipped=0, failed=0
2026-06-24 23:44:15 | INFO     | Initialize PaddleOCR | device=gpu:0 | lang=ch | pending=1/1
[1/1] completed: ANS_CO_628.png | tokens=13 | mean_conf=0.874852 | output=/home/E125221219/projects/refgrader/ocr_cache/csbench/CO_2/ANS_CO_628.json
summary: completed=1, skipped=0, failed=0
Initialize PaddleOCR | device=gpu:0 | lang=ch | pending=1/1
[1/1] completed: ANS_CO_629.png | tokens=26 | mean_conf=0.933634 | output=/home/E125221219/projects/refgrader/ocr_cache/csbench/CO_2/ANS_CO_629.json
summary: completed=1, skipped=0, failed=0
2026-06-24 23:44:22 | INFO     | Initialize PaddleOCR | device=gpu:0 | lang=ch | pending=1/1
[1/1] completed: ANS_CO_629.png | tokens=26 | mean_conf=0.933634 | output=/home/E125221219/projects/refgrader/ocr_cache/csbench/CO_2/ANS_CO_629.json
summary: completed=1, skipped=0, failed=0
Initialize PaddleOCR | device=gpu:0 | lang=ch | pending=1/1
[1/1] completed: ANS_CO_630.png | tokens=29 | mean_conf=0.976772 | output=/home/E125221219/projects/refgrader/ocr_cache/csbench/CO_2/ANS_CO_630.json
summary: completed=1, skipped=0, failed=0
2026-06-24 23:44:29 | INFO     | Initialize PaddleOCR | device=gpu:0 | lang=ch | pending=1/1
[1/1] completed: ANS_CO_630.png | tokens=29 | mean_conf=0.976772 | output=/home/E125221219/projects/refgrader/ocr_cache/csbench/CO_2/ANS_CO_630.json
summary: completed=1, skipped=0, failed=0
Initialize PaddleOCR | device=gpu:0 | lang=ch | pending=1/1
[1/1] completed: ANS_CO_631.png | tokens=14 | mean_conf=0.921177 | output=/home/E125221219/projects/refgrader/ocr_cache/csbench/CO_2/ANS_CO_631.json
summary: completed=1, skipped=0, failed=0
2026-06-24 23:44:36 | INFO     | Initialize PaddleOCR | device=gpu:0 | lang=ch | pending=1/1
[1/1] completed: ANS_CO_631.png | tokens=14 | mean_conf=0.921177 | output=/home/E125221219/projects/refgrader/ocr_cache/csbench/CO_2/ANS_CO_631.json
summary: completed=1, skipped=0, failed=0
Initialize PaddleOCR | device=gpu:0 | lang=ch | pending=1/1
[1/1] completed: ANS_CO_633.png | tokens=28 | mean_conf=0.902839 | output=/home/E125221219/projects/refgrader/ocr_cache/csbench/CO_2/ANS_CO_633.json
summary: completed=1, skipped=0, failed=0
2026-06-24 23:44:43 | INFO     | Initialize PaddleOCR | device=gpu:0 | lang=ch | pending=1/1
[1/1] completed: ANS_CO_633.png | tokens=28 | mean_conf=0.902839 | output=/home/E125221219/projects/refgrader/ocr_cache/csbench/CO_2/ANS_CO_633.json
summary: completed=1, skipped=0, failed=0
Initialize PaddleOCR | device=gpu:0 | lang=ch | pending=1/1
[1/1] completed: ANS_CO_634.png | tokens=13 | mean_conf=0.96283 | output=/home/E125221219/projects/refgrader/ocr_cache/csbench/CO_2/ANS_CO_634.json
summary: completed=1, skipped=0, failed=0
2026-06-24 23:44:50 | INFO     | Initialize PaddleOCR | device=gpu:0 | lang=ch | pending=1/1
[1/1] completed: ANS_CO_634.png | tokens=13 | mean_conf=0.96283 | output=/home/E125221219/projects/refgrader/ocr_cache/csbench/CO_2/ANS_CO_634.json
summary: completed=1, skipped=0, failed=0
Initialize PaddleOCR | device=gpu:0 | lang=ch | pending=1/1
[1/1] completed: ANS_CO_635.png | tokens=31 | mean_conf=0.952231 | output=/home/E125221219/projects/refgrader/ocr_cache/csbench/CO_2/ANS_CO_635.json
summary: completed=1, skipped=0, failed=0
2026-06-24 23:44:57 | INFO     | Initialize PaddleOCR | device=gpu:0 | lang=ch | pending=1/1
[1/1] completed: ANS_CO_635.png | tokens=31 | mean_conf=0.952231 | output=/home/E125221219/projects/refgrader/ocr_cache/csbench/CO_2/ANS_CO_635.json
summary: completed=1, skipped=0, failed=0
Initialize PaddleOCR | device=gpu:0 | lang=ch | pending=1/1
[1/1] completed: ANS_CO_636.png | tokens=16 | mean_conf=0.940009 | output=/home/E125221219/projects/refgrader/ocr_cache/csbench/CO_2/ANS_CO_636.json
summary: completed=1, skipped=0, failed=0
2026-06-24 23:45:04 | INFO     | Initialize PaddleOCR | device=gpu:0 | lang=ch | pending=1/1
[1/1] completed: ANS_CO_636.png | tokens=16 | mean_conf=0.940009 | output=/home/E125221219/projects/refgrader/ocr_cache/csbench/CO_2/ANS_CO_636.json
summary: completed=1, skipped=0, failed=0
Initialize PaddleOCR | device=gpu:0 | lang=ch | pending=1/1
[1/1] completed: ANS_CO_637.png | tokens=28 | mean_conf=0.922662 | output=/home/E125221219/projects/refgrader/ocr_cache/csbench/CO_2/ANS_CO_637.json
summary: completed=1, skipped=0, failed=0
2026-06-24 23:45:11 | INFO     | Initialize PaddleOCR | device=gpu:0 | lang=ch | pending=1/1
[1/1] completed: ANS_CO_637.png | tokens=28 | mean_conf=0.922662 | output=/home/E125221219/projects/refgrader/ocr_cache/csbench/CO_2/ANS_CO_637.json
summary: completed=1, skipped=0, failed=0
Initialize PaddleOCR | device=gpu:0 | lang=ch | pending=1/1
[1/1] completed: ANS_CO_638.png | tokens=15 | mean_conf=0.931365 | output=/home/E125221219/projects/refgrader/ocr_cache/csbench/CO_2/ANS_CO_638.json
summary: completed=1, skipped=0, failed=0
2026-06-24 23:45:18 | INFO     | Initialize PaddleOCR | device=gpu:0 | lang=ch | pending=1/1
[1/1] completed: ANS_CO_638.png | tokens=15 | mean_conf=0.931365 | output=/home/E125221219/projects/refgrader/ocr_cache/csbench/CO_2/ANS_CO_638.json
summary: completed=1, skipped=0, failed=0
Initialize PaddleOCR | device=gpu:0 | lang=ch | pending=1/1
[1/1] completed: ANS_CO_641.png | tokens=19 | mean_conf=0.918638 | output=/home/E125221219/projects/refgrader/ocr_cache/csbench/CO_2/ANS_CO_641.json
summary: completed=1, skipped=0, failed=0
2026-06-24 23:45:25 | INFO     | Initialize PaddleOCR | device=gpu:0 | lang=ch | pending=1/1
[1/1] completed: ANS_CO_641.png | tokens=19 | mean_conf=0.918638 | output=/home/E125221219/projects/refgrader/ocr_cache/csbench/CO_2/ANS_CO_641.json
summary: completed=1, skipped=0, failed=0
Initialize PaddleOCR | device=gpu:0 | lang=ch | pending=1/1
[1/1] completed: ANS_CO_642.png | tokens=18 | mean_conf=0.885518 | output=/home/E125221219/projects/refgrader/ocr_cache/csbench/CO_2/ANS_CO_642.json
summary: completed=1, skipped=0, failed=0
2026-06-24 23:45:32 | INFO     | Initialize PaddleOCR | device=gpu:0 | lang=ch | pending=1/1
[1/1] completed: ANS_CO_642.png | tokens=18 | mean_conf=0.885518 | output=/home/E125221219/projects/refgrader/ocr_cache/csbench/CO_2/ANS_CO_642.json
summary: completed=1, skipped=0, failed=0
[force-rerun] cleaned old result files for CO_2: CO_2_grading_checkpoint.json, CO_2_graded_results.json, CO_2_rejected.json, CO_2_failed.json
2026-06-24 23:45:32 | INFO     | [force-rerun] cleaned old result files for CO_2: CO_2_grading_checkpoint.json, CO_2_graded_results.json, CO_2_rejected.json, CO_2_failed.json
⚡ 脱敏清单已预生成，84 名学生共享复用。
2026-06-24 23:45:59 | INFO     | ⚡ 脱敏清单已预生成，84 名学生共享复用。
🏃 开始批改 84 张试卷 (⚡ 开启多线程模式)...
2026-06-24 23:45:59 | INFO     | 🏃 开始批改 84 张试卷 (⚡ 开启多线程模式)...
⏳ [主线程] 已提交 84 个任务，等待结果回收...
2026-06-24 23:45:59 | INFO     | ⏳ [主线程] 已提交 84 个任务，等待结果回收...
📦 成功加载教师真实成绩单数据库！共包含 3326 名考生的数据。
2026-06-24 23:45:59 | INFO     | 📦 成功加载教师真实成绩单数据库！共包含 3326 名考生的数据。
📦 成功加载教师真实成绩单数据库！共包含 3326 名考生的数据。
2026-06-24 23:45:59 | INFO     | 📦 成功加载教师真实成绩单数据库！共包含 3326 名考生的数据。

🔍 [正在处理] ANS_CO_516 | 启动 3WD 流水线...
2026-06-24 23:45:59 | INFO     | 
🔍 [正在处理] ANS_CO_516 | 启动 3WD 流水线...

🔍 [正在处理] ANS_CO_517 | 启动 3WD 流水线...
2026-06-24 23:45:59 | INFO     | 
🔍 [正在处理] ANS_CO_517 | 启动 3WD 流水线...

=============================================
Start grading student [ANS_CO_516]
=============================================
  [Stage 1] fact extraction backend=csbench_hybrid...

=============================================
Start grading student [ANS_CO_517]
=============================================
  [Stage 1] fact extraction backend=csbench_hybrid...
  [Stage 2] independent semantic grading probes...
  [Stage 2] independent semantic grading probes...
      [完成] 第 2/3 次语义评分完成，得分: 4.0
         [GLM-5 retry 1/4] RateLimitError: Error code: 429 - {'error': {'code': '1305', 'message': '该模型当前访问量过大，请您稍后再试'}}... wait 5s
         [GLM-5 retry 1/4] RateLimitError: Error code: 429 - {'error': {'code': '1305', 'message': '该模型当前访问量过大，请您稍后再试'}}... wait 5s
      [完成] 第 1/3 次语义评分完成，得分: 4.0
         [GLM-5 retry 1/4] RateLimitError: Error code: 429 - {'error': {'code': '1305', 'message': '该模型当前访问量过大，请您稍后再试'}}... wait 5s
      [完成] 第 3/3 次语义评分完成，得分: 4.0

  [探测指标] 均分=4.0, 标准差=0.0000, 留白率=0%, 感知失败率=0%, 低质量提取率=0%, 提取质量=high
      [extraction-risk] R_ext=0.07, structure_missing=50%, suspicious=50%
      [A3WA config] loaded results_rrd_vlm/a3wa_calibration_config.json
      [风险画像] P=0.15, U=0.00%, F=70.00%, H=False, L=True
      [通用校准] rules=['structure_missing_review'], UM=0.00%, MF=0.00%, cap=20.00
      [A3WA可信度] R=0.167, mu=0.833, alpha=0.829, beta=0.286, route=BND | high_confidence_low_score_nonblank_review
      [路由 -> BND] 边界样本 | P=0.15, U=0.00%, F=70.00%, H=False, L=True
         [GLM-5 retry 1/4] RateLimitError: Error code: 429 - {'error': {'code': '1305', 'message': '该模型当前访问量过大，请您稍后再试'}}... wait 5s
         [Agent仲裁] keep|reject_lower | 原始仲裁分: 2.0 | 限幅后最终分: 4.0 | step_1正确得2分；steps_2-6学生仅列出中断级别字母而非5位二进制屏蔽字，内容类型完全不符，0分正确；steps_7_1/7_4未描述主程序返回和嵌套返回顺序，0分正确；steps_7_2/7_3的1分部分分虽有争议（学生展示的是线性路径而非嵌套结构），但三个评分员一致裁定，属于边界可接受范围。总分4.0合理，维持不变。
✅ [批改完成] ANS_CO_517 | 路由: BND | 最终分: 4.0 | 风险: P0.15/U0.00/F0.70/H0/L1 | 提取质量: 🟢high | 留白率: 0% | 低质量率: 0%
2026-06-24 23:52:22 | INFO     | ✅ [批改完成] ANS_CO_517 | 路由: BND | 最终分: 4.0 | 风险: P0.15/U0.00/F0.70/H0/L1 | 提取质量: 🟢high | 留白率: 0% | 低质量率: 0%

🔍 [正在处理] ANS_CO_518 | 启动 3WD 流水线...
2026-06-24 23:52:22 | INFO     | 
🔍 [正在处理] ANS_CO_518 | 启动 3WD 流水线...
📢 [总进度] 1/84 份试卷已归档。
2026-06-24 23:52:22 | INFO     | 📢 [总进度] 1/84 份试卷已归档。

=============================================
Start grading student [ANS_CO_518]
=============================================
  [Stage 1] fact extraction backend=csbench_hybrid...
         [GLM-5.1 mapping retry 1/4] RateLimitError: Error code: 429 - {'error': {'code': '1305', 'message': '该模型当前访问量过大，请您稍后再试'}}... wait 5s
         [GLM-5.1 mapping retry 2/4] RateLimitError: Error code: 429 - {'error': {'code': '1305', 'message': '该模型当前访问量过大，请您稍后再试'}}... wait 10s
         [GLM-5 retry 2/4] RateLimitError: Error code: 429 - {'error': {'code': '1305', 'message': '该模型当前访问量过大，请您稍后再试'}}... wait 10s
         [GLM-5 retry 2/4] RateLimitError: Error code: 429 - {'error': {'code': '1305', 'message': '该模型当前访问量过大，请您稍后再试'}}... wait 10s
  [Stage 2] independent semantic grading probes...
         [GLM-5 retry 3/4] RateLimitError: Error code: 429 - {'error': {'code': '1305', 'message': '该模型当前访问量过大，请您稍后再试'}}... wait 15s
         [GLM-5 retry 3/4] RateLimitError: Error code: 429 - {'error': {'code': '1305', 'message': '该模型当前访问量过大，请您稍后再试'}}... wait 15s
         [GLM-5 retry 1/4] RateLimitError: Error code: 429 - {'error': {'code': '1305', 'message': '该模型当前访问量过大，请您稍后再试'}}... wait 5s
         [GLM-5 retry 1/4] RateLimitError: Error code: 429 - {'error': {'code': '1302', 'message': '您的账户已达到速率限制，请您控制请求频率'}}... wait 5s
         [GLM-5 retry 2/4] RateLimitError: Error code: 429 - {'error': {'code': '1305', 'message': '该模型当前访问量过大，请您稍后再试'}}... wait 10s
         [GLM-5 retry 2/4] RateLimitError: Error code: 429 - {'error': {'code': '1305', 'message': '该模型当前访问量过大，请您稍后再试'}}... wait 10s
         [GLM-5 retry 3/4] RateLimitError: Error code: 429 - {'error': {'code': '1305', 'message': '该模型当前访问量过大，请您稍后再试'}}... wait 15s
         [GLM-5 retry 3/4] RateLimitError: Error code: 429 - {'error': {'code': '1305', 'message': '该模型当前访问量过大，请您稍后再试'}}... wait 15s
         [GLM-5 retry 4/4] RateLimitError: Error code: 429 - {'error': {'code': '1305', 'message': '该模型当前访问量过大，请您稍后再试'}}... wait 20s
         [GLM-5 retry 4/4] RateLimitError: Error code: 429 - {'error': {'code': '1305', 'message': '该模型当前访问量过大，请您稍后再试'}}... wait 20s
         [GLM-5 retry 1/4] RateLimitError: Error code: 429 - {'error': {'code': '1305', 'message': '该模型当前访问量过大，请您稍后再试'}}... wait 5s
         [GLM-5 retry 1/4] RateLimitError: Error code: 429 - {'error': {'code': '1305', 'message': '该模型当前访问量过大，请您稍后再试'}}... wait 5s
         [GLM-5 retry 2/4] RateLimitError: Error code: 429 - {'error': {'code': '1305', 'message': '该模型当前访问量过大，请您稍后再试'}}... wait 10s
         [GLM-5 retry 2/4] RateLimitError: Error code: 429 - {'error': {'code': '1305', 'message': '该模型当前访问量过大，请您稍后再试'}}... wait 10s
         [GLM-5 retry 4/4] APITimeoutError: Request timed out.... wait 20s
         [GLM-5 retry 4/4] APITimeoutError: Request timed out.... wait 20s
         [GLM-5 retry 1/4] RateLimitError: Error code: 429 - {'error': {'code': '1305', 'message': '该模型当前访问量过大，请您稍后再试'}}... wait 5s
         [GLM-5 retry 1/4] RateLimitError: Error code: 429 - {'error': {'code': '1305', 'message': '该模型当前访问量过大，请您稍后再试'}}... wait 5s
         [GLM-5 retry 2/4] RateLimitError: Error code: 429 - {'error': {'code': '1305', 'message': '该模型当前访问量过大，请您稍后再试'}}... wait 10s
      [完成] 第 2/3 次语义评分完成，得分: 5.5
         [GLM-5 retry 3/4] RateLimitError: Error code: 429 - {'error': {'code': '1302', 'message': '您的账户已达到速率限制，请您控制请求频率'}}... wait 15s
         [GLM-5 retry 4/4] RateLimitError: Error code: 429 - {'error': {'code': '1305', 'message': '该模型当前访问量过大，请您稍后再试'}}... wait 20s
         [GLM-5 retry 1/4] RateLimitError: Error code: 429 - {'error': {'code': '1305', 'message': '该模型当前访问量过大，请您稍后再试'}}... wait 5s
         [GLM-5 retry 2/4] APITimeoutError: Request timed out.... wait 10s
      [完成] 第 2/3 次语义评分完成，得分: 8.0
         [GLM-5 retry 1/4] RateLimitError: Error code: 429 - {'error': {'code': '1305', 'message': '该模型当前访问量过大，请您稍后再试'}}... wait 5s
         [GLM-5 retry 3/4] RateLimitError: Error code: 429 - {'error': {'code': '1305', 'message': '该模型当前访问量过大，请您稍后再试'}}... wait 15s
         [GLM-5 retry 4/4] RateLimitError: Error code: 429 - {'error': {'code': '1302', 'message': '您的账户已达到速率限制，请您控制请求频率'}}... wait 20s
         [GLM-5 retry 1/4] RateLimitError: Error code: 429 - {'error': {'code': '1305', 'message': '该模型当前访问量过大，请您稍后再试'}}... wait 5s
         [GLM-5 retry 2/4] RateLimitError: Error code: 429 - {'error': {'code': '1305', 'message': '该模型当前访问量过大，请您稍后再试'}}... wait 10s
         [GLM-5 retry 3/4] RateLimitError: Error code: 429 - {'error': {'code': '1305', 'message': '该模型当前访问量过大，请您稍后再试'}}... wait 15s
         [GLM-5 retry 1/4] RateLimitError: Error code: 429 - {'error': {'code': '1305', 'message': '该模型当前访问量过大，请您稍后再试'}}... wait 5s
         [GLM-5 retry 2/4] RateLimitError: Error code: 429 - {'error': {'code': '1305', 'message': '该模型当前访问量过大，请您稍后再试'}}... wait 10s
         [GLM-5 retry 4/4] RateLimitError: Error code: 429 - {'error': {'code': '1302', 'message': '您的账户已达到速率限制，请您控制请求频率'}}... wait 20s
      [完成] 第 1/3 次语义评分完成，得分: 5.0
         [GLM-5 retry 1/4] RateLimitError: Error code: 429 - {'error': {'code': '1302', 'message': '您的账户已达到速率限制，请您控制请求频率'}}... wait 5s
         [GLM-5 retry 2/4] RateLimitError: Error code: 429 - {'error': {'code': '1305', 'message': '该模型当前访问量过大，请您稍后再试'}}... wait 10s
         [GLM-5 retry 3/4] RateLimitError: Error code: 429 - {'error': {'code': '1305', 'message': '该模型当前访问量过大，请您稍后再试'}}... wait 15s
         [GLM-5 retry 4/4] RateLimitError: Error code: 429 - {'error': {'code': '1302', 'message': '您的账户已达到速率限制，请您控制请求频率'}}... wait 20s
         [GLM-5 retry 2/4] RateLimitError: Error code: 429 - {'error': {'code': '1305', 'message': '该模型当前访问量过大，请您稍后再试'}}... wait 10s
         [GLM-5 retry 3/4] RateLimitError: Error code: 429 - {'error': {'code': '1305', 'message': '该模型当前访问量过大，请您稍后再试'}}... wait 15s
         [GLM-5 retry 1/4] RateLimitError: Error code: 429 - {'error': {'code': '1302', 'message': '您的账户已达到速率限制，请您控制请求频率'}}... wait 5s
         [GLM-5 retry 4/4] RateLimitError: Error code: 429 - {'error': {'code': '1305', 'message': '该模型当前访问量过大，请您稍后再试'}}... wait 20s
         [GLM-5 retry 1/4] RateLimitError: Error code: 429 - {'error': {'code': '1305', 'message': '该模型当前访问量过大，请您稍后再试'}}... wait 5s
         [GLM-5 retry 3/4] RateLimitError: Error code: 429 - {'error': {'code': '1305', 'message': '该模型当前访问量过大，请您稍后再试'}}... wait 15s
         [GLM-5 retry 2/4] RateLimitError: Error code: 429 - {'error': {'code': '1302', 'message': '您的账户已达到速率限制，请您控制请求频率'}}... wait 10s
         [GLM-5 retry 3/4] RateLimitError: Error code: 429 - {'error': {'code': '1302', 'message': '您的账户已达到速率限制，请您控制请求频率'}}... wait 15s
         [GLM-5 retry 2/4] RateLimitError: Error code: 429 - {'error': {'code': '1302', 'message': '您的账户已达到速率限制，请您控制请求频率'}}... wait 10s
         [GLM-5 retry 4/4] RateLimitError: Error code: 429 - {'error': {'code': '1302', 'message': '您的账户已达到速率限制，请您控制请求频率'}}... wait 20s
         [GLM-5 retry 3/4] RateLimitError: Error code: 429 - {'error': {'code': '1302', 'message': '您的账户已达到速率限制，请您控制请求频率'}}... wait 15s
         [GLM-5 retry 4/4] APITimeoutError: Request timed out.... wait 20s

  [探测指标] 均分=5.2, 标准差=0.2500, 留白率=0%, 感知失败率=0%, 低质量提取率=0%, 提取质量=high
      [extraction-risk] R_ext=0.07, structure_missing=50%, suspicious=50%
      [风险画像] P=0.15, U=1.25%, F=10.00%, H=False, L=True
      [通用校准] rules=['lenient_undercredit_review', 'stable_undercredit_review', 'structure_missing_review'], UM=0.00%, MF=0.00%, cap=20.00
      [A3WA可信度] R=0.208, mu=0.792, alpha=0.829, beta=0.286, route=BND | beta_lt_confidence_lt_alpha
      [路由 -> BND] 边界样本 | P=0.15, U=1.25%, F=10.00%, H=False, L=True
      [完成] 第 3/3 次语义评分完成，得分: 8.0

  [探测指标] 均分=8.0, 标准差=0.0000, 留白率=0%, 感知失败率=0%, 低质量提取率=0%, 提取质量=high
      [extraction-risk] R_ext=0.07, structure_missing=50%, suspicious=50%
      [风险画像] P=0.15, U=0.00%, F=50.00%, H=False, L=True
      [通用校准] rules=['lenient_undercredit_review', 'stable_undercredit_review', 'structure_missing_review'], UM=0.00%, MF=0.00%, cap=20.00
      [A3WA可信度] R=0.167, mu=0.833, alpha=0.829, beta=0.286, route=BND | high_confidence_lenient_undercredit_review
      [路由 -> BND] 边界样本 | P=0.15, U=0.00%, F=50.00%, H=False, L=True
         [Agent仲裁] raise|keep_minor_change | 原始仲裁分: 5.7 | 限幅后最终分: 5.2 | 两份评分记录唯一分歧在step_7_4（0 vs 0.5）。学生返回路径E→B→D→C→A→用户中确实包含D→C这一正确片段，符合标准返回顺序D→C→B→主程序的第一步。在宽松评分原则下应给予0.5分部分分。其余各项评分一致且合理：step_1正确得满分；steps 2-6学生未提供任何有效位向量屏蔽字，得0分正确；step_7_1部分匹配得1.0；step_7_2嵌套关系描述错误得0；step_7_3正确得满分。校准总分5.5。
✅ [批改完成] ANS_CO_518 | 路由: BND | 最终分: 5.2 | 风险: P0.15/U0.01/F0.10/H0/L1 | 提取质量: 🟢high | 留白率: 0% | 低质量率: 0%
2026-06-25 00:12:54 | INFO     | ✅ [批改完成] ANS_CO_518 | 路由: BND | 最终分: 5.2 | 风险: P0.15/U0.01/F0.10/H0/L1 | 提取质量: 🟢high | 留白率: 0% | 低质量率: 0%

🔍 [正在处理] ANS_CO_520 | 启动 3WD 流水线...
2026-06-25 00:12:54 | INFO     | 
🔍 [正在处理] ANS_CO_520 | 启动 3WD 流水线...
📢 [总进度] 2/84 份试卷已归档。
2026-06-25 00:12:54 | INFO     | 📢 [总进度] 2/84 份试卷已归档。

=============================================
Start grading student [ANS_CO_520]
=============================================
  [Stage 1] fact extraction backend=csbench_hybrid...
  [Stage 2] independent semantic grading probes...
      [完成] 第 2/3 次语义评分完成，得分: 0
      [完成] 第 1/3 次语义评分完成，得分: 0
      [完成] 第 3/3 次语义评分完成，得分: 0

  [探测指标] 均分=0.0, 标准差=0.0000, 留白率=50%, 感知失败率=0%, 低质量提取率=0%, 提取质量=low
      [extraction-risk] R_ext=0.28, structure_missing=50%, suspicious=100%
      [风险画像] P=0.55, U=0.00%, F=10.00%, H=False, L=False
      [通用校准] rules=['visual_blank_review', 'structure_missing_review', 'extraction_retry_review'], UM=0.00%, MF=0.00%, cap=20.00
      [A3WA可信度] R=0.500, mu=0.500, alpha=0.829, beta=0.286, route=BND | beta_lt_confidence_lt_alpha
      [路由 -> BND] 边界样本 | P=0.55, U=0.00%, F=10.00%, H=False, L=False
         [Agent仲裁] keep|keep_minor_change | 原始仲裁分: 0.0 | 限幅后最终分: 0 | 学生仅写出了'中断响应优先级'A>B>C>D>E，与题目要求的中断处理优先级A→D→C→E→B在概念和序列上均不匹配，属于根本性错误，不应给分。其余所有步骤（屏蔽字step_2-6、执行顺序图step_7_1-7_4）均为空白或图中未显示，无可评分内容。三份评分记录一致给出0分，不存在遗漏的给分点或不应获得的高分。
✅ [批改完成] ANS_CO_520 | 路由: BND | 最终分: 0 | 风险: P0.55/U0.00/F0.10/H0/L0 | 提取质量: 🟡low | 留白率: 50% | 低质量率: 0%
2026-06-25 00:15:29 | INFO     | ✅ [批改完成] ANS_CO_520 | 路由: BND | 最终分: 0 | 风险: P0.55/U0.00/F0.10/H0/L0 | 提取质量: 🟡low | 留白率: 50% | 低质量率: 0%

🔍 [正在处理] ANS_CO_521 | 启动 3WD 流水线...
2026-06-25 00:15:29 | INFO     | 
🔍 [正在处理] ANS_CO_521 | 启动 3WD 流水线...
📢 [总进度] 3/84 份试卷已归档。
2026-06-25 00:15:29 | INFO     | 📢 [总进度] 3/84 份试卷已归档。

=============================================
Start grading student [ANS_CO_521]
=============================================
  [Stage 1] fact extraction backend=csbench_hybrid...
  [Stage 2] independent semantic grading probes...
         [GLM-5 retry 1/4] APITimeoutError: Request timed out.... wait 5s
      [完成] 第 1/3 次语义评分完成，得分: 0
      [完成] 第 2/3 次语义评分完成，得分: 0
      [完成] 第 3/3 次语义评分完成，得分: 0

  [探测指标] 均分=0.0, 标准差=0.0000, 留白率=100%, 感知失败率=0%, 低质量提取率=0%, 提取质量=low
      [extraction-risk] R_ext=0.40, structure_missing=0%, suspicious=100%
      [风险画像] P=0.80, U=0.00%, F=0.00%, H=False, L=False
      [通用校准] rules=['visual_blank_review', 'structure_missing_review', 'extraction_retry_review'], UM=0.00%, MF=0.00%, cap=20.00
      [A3WA可信度] R=0.667, mu=0.333, alpha=0.829, beta=0.286, route=BND | beta_lt_confidence_lt_alpha
      [路由 -> BND] 边界样本 | P=0.80, U=0.00%, F=0.00%, H=False, L=False
         [Agent仲裁] keep|keep_minor_change | 原始仲裁分: 0.0 | 限幅后最终分: 0 | All three grading records consistently report every rubric item as '未书写' (blank) with extracted facts confirming no written content. With no concrete student evidence available, there is no missed lenient credit to recover and no unsupported high-score credit to remove. Baseline score of 0 is correct.
✅ [批改完成] ANS_CO_521 | 路由: BND | 最终分: 0 | 风险: P0.80/U0.00/F0.00/H0/L0 | 提取质量: 🟡low | 留白率: 100% | 低质量率: 0%
2026-06-25 00:17:03 | INFO     | ✅ [批改完成] ANS_CO_521 | 路由: BND | 最终分: 0 | 风险: P0.80/U0.00/F0.00/H0/L0 | 提取质量: 🟡low | 留白率: 100% | 低质量率: 0%

🔍 [正在处理] ANS_CO_523 | 启动 3WD 流水线...
2026-06-25 00:17:03 | INFO     | 
🔍 [正在处理] ANS_CO_523 | 启动 3WD 流水线...
📢 [总进度] 4/84 份试卷已归档。
2026-06-25 00:17:03 | INFO     | 📢 [总进度] 4/84 份试卷已归档。

=============================================
Start grading student [ANS_CO_523]
=============================================
  [Stage 1] fact extraction backend=csbench_hybrid...
  [Stage 2] independent semantic grading probes...
         [Agent仲裁] keep|keep_minor_change | 原始仲裁分: 8.0 | 限幅后最终分: 8.0 | Both grading records agree at 8.0. Steps 2-6 (mask words) received 0 correctly: student wrote letter lists (e.g., 'DCEB') instead of required 5-bit binary vectors—a fundamental format/conceptual error, not a minor format issue. Steps 7_1 and 7_4 received appropriate partial credit (1.0/2.0 each) for correctly showing entry/nesting but missing return paths. Steps 1, 7_2, 7_3 full credit is well-supported. No missed lenient credit or unsupported high-score credit identified.
✅ [批改完成] ANS_CO_516 | 路由: BND | 最终分: 8.0 | 风险: P0.15/U0.00/F0.50/H0/L1 | 提取质量: 🟢high | 留白率: 0% | 低质量率: 0%
2026-06-25 00:20:00 | INFO     | ✅ [批改完成] ANS_CO_516 | 路由: BND | 最终分: 8.0 | 风险: P0.15/U0.00/F0.50/H0/L1 | 提取质量: 🟢high | 留白率: 0% | 低质量率: 0%

🔍 [正在处理] ANS_CO_524 | 启动 3WD 流水线...
2026-06-25 00:20:00 | INFO     | 
🔍 [正在处理] ANS_CO_524 | 启动 3WD 流水线...
📢 [总进度] 5/84 份试卷已归档。
2026-06-25 00:20:00 | INFO     | 📢 [总进度] 5/84 份试卷已归档。

=============================================
Start grading student [ANS_CO_524]
=============================================
  [Stage 1] fact extraction backend=csbench_hybrid...
  [Stage 2] independent semantic grading probes...
         [GLM-5 retry 1/4] RateLimitError: Error code: 429 - {'error': {'code': '1302', 'message': '您的账户已达到速率限制，请您控制请求频率'}}... wait 5s
         [GLM-5 retry 1/4] RateLimitError: Error code: 429 - {'error': {'code': '1302', 'message': '您的账户已达到速率限制，请您控制请求频率'}}... wait 5s
         [GLM-5 retry 2/4] RateLimitError: Error code: 429 - {'error': {'code': '1302', 'message': '您的账户已达到速率限制，请您控制请求频率'}}... wait 10s
         [GLM-5 retry 2/4] RateLimitError: Error code: 429 - {'error': {'code': '1302', 'message': '您的账户已达到速率限制，请您控制请求频率'}}... wait 10s
         [GLM-5 retry 3/4] RateLimitError: Error code: 429 - {'error': {'code': '1302', 'message': '您的账户已达到速率限制，请您控制请求频率'}}... wait 15s
         [GLM-5 retry 3/4] RateLimitError: Error code: 429 - {'error': {'code': '1302', 'message': '您的账户已达到速率限制，请您控制请求频率'}}... wait 15s
         [GLM-5 retry 4/4] RateLimitError: Error code: 429 - {'error': {'code': '1302', 'message': '您的账户已达到速率限制，请您控制请求频率'}}... wait 20s
         [GLM-5 retry 4/4] RateLimitError: Error code: 429 - {'error': {'code': '1302', 'message': '您的账户已达到速率限制，请您控制请求频率'}}... wait 20s
         [GLM-5 retry 1/4] APITimeoutError: Request timed out.... wait 5s
         [GLM-5 retry 1/4] APITimeoutError: Request timed out.... wait 5s
         [GLM-5 retry 1/4] RateLimitError: Error code: 429 - {'error': {'code': '1302', 'message': '您的账户已达到速率限制，请您控制请求频率'}}... wait 5s
         [GLM-5 retry 1/4] RateLimitError: Error code: 429 - {'error': {'code': '1302', 'message': '您的账户已达到速率限制，请您控制请求频率'}}... wait 5s
         [GLM-5 retry 2/4] RateLimitError: Error code: 429 - {'error': {'code': '1302', 'message': '您的账户已达到速率限制，请您控制请求频率'}}... wait 10s
         [GLM-5 retry 2/4] RateLimitError: Error code: 429 - {'error': {'code': '1302', 'message': '您的账户已达到速率限制，请您控制请求频率'}}... wait 10s
         [GLM-5 retry 2/4] RateLimitError: Error code: 429 - {'error': {'code': '1302', 'message': '您的账户已达到速率限制，请您控制请求频率'}}... wait 10s
         [GLM-5 retry 2/4] RateLimitError: Error code: 429 - {'error': {'code': '1302', 'message': '您的账户已达到速率限制，请您控制请求频率'}}... wait 10s
         [GLM-5 retry 3/4] RateLimitError: Error code: 429 - {'error': {'code': '1302', 'message': '您的账户已达到速率限制，请您控制请求频率'}}... wait 15s
         [GLM-5 retry 3/4] RateLimitError: Error code: 429 - {'error': {'code': '1302', 'message': '您的账户已达到速率限制，请您控制请求频率'}}... wait 15s
         [GLM-5 retry 3/4] RateLimitError: Error code: 429 - {'error': {'code': '1302', 'message': '您的账户已达到速率限制，请您控制请求频率'}}... wait 15s
         [GLM-5 retry 3/4] RateLimitError: Error code: 429 - {'error': {'code': '1302', 'message': '您的账户已达到速率限制，请您控制请求频率'}}... wait 15s
         [GLM-5 retry 4/4] RateLimitError: Error code: 429 - {'error': {'code': '1302', 'message': '您的账户已达到速率限制，请您控制请求频率'}}... wait 20s
         [GLM-5 retry 4/4] RateLimitError: Error code: 429 - {'error': {'code': '1302', 'message': '您的账户已达到速率限制，请您控制请求频率'}}... wait 20s
         [GLM-5 retry 1/4] RateLimitError: Error code: 429 - {'error': {'code': '1302', 'message': '您的账户已达到速率限制，请您控制请求频率'}}... wait 5s
         [GLM-5 retry 2/4] RateLimitError: Error code: 429 - {'error': {'code': '1302', 'message': '您的账户已达到速率限制，请您控制请求频率'}}... wait 10s
         [GLM-5 retry 3/4] RateLimitError: Error code: 429 - {'error': {'code': '1302', 'message': '您的账户已达到速率限制，请您控制请求频率'}}... wait 15s
         [GLM-5 retry 4/4] RateLimitError: Error code: 429 - {'error': {'code': '1302', 'message': '您的账户已达到速率限制，请您控制请求频率'}}... wait 20s
         [GLM-5 retry 1/4] RateLimitError: Error code: 429 - {'error': {'code': '1302', 'message': '您的账户已达到速率限制，请您控制请求频率'}}... wait 5s
         [GLM-5 retry 1/4] RateLimitError: Error code: 429 - {'error': {'code': '1302', 'message': '您的账户已达到速率限制，请您控制请求频率'}}... wait 5s
         [GLM-5 retry 2/4] RateLimitError: Error code: 429 - {'error': {'code': '1302', 'message': '您的账户已达到速率限制，请您控制请求频率'}}... wait 10s
         [GLM-5 retry 2/4] RateLimitError: Error code: 429 - {'error': {'code': '1302', 'message': '您的账户已达到速率限制，请您控制请求频率'}}... wait 10s
         [GLM-5 retry 3/4] RateLimitError: Error code: 429 - {'error': {'code': '1302', 'message': '您的账户已达到速率限制，请您控制请求频率'}}... wait 15s
         [GLM-5 retry 3/4] RateLimitError: Error code: 429 - {'error': {'code': '1302', 'message': '您的账户已达到速率限制，请您控制请求频率'}}... wait 15s
         [GLM-5 retry 4/4] RateLimitError: Error code: 429 - {'error': {'code': '1302', 'message': '您的账户已达到速率限制，请您控制请求频率'}}... wait 20s
         [GLM-5 retry 4/4] RateLimitError: Error code: 429 - {'error': {'code': '1302', 'message': '您的账户已达到速率限制，请您控制请求频率'}}... wait 20s
         [GLM-5 retry 1/4] RateLimitError: Error code: 429 - {'error': {'code': '1302', 'message': '您的账户已达到速率限制，请您控制请求频率'}}... wait 5s
         [GLM-5 retry 1/4] RateLimitError: Error code: 429 - {'error': {'code': '1302', 'message': '您的账户已达到速率限制，请您控制请求频率'}}... wait 5s
         [GLM-5 retry 2/4] RateLimitError: Error code: 429 - {'error': {'code': '1302', 'message': '您的账户已达到速率限制，请您控制请求频率'}}... wait 10s
         [GLM-5 retry 2/4] RateLimitError: Error code: 429 - {'error': {'code': '1302', 'message': '您的账户已达到速率限制，请您控制请求频率'}}... wait 10s
         [GLM-5 retry 3/4] RateLimitError: Error code: 429 - {'error': {'code': '1302', 'message': '您的账户已达到速率限制，请您控制请求频率'}}... wait 15s
         [GLM-5 retry 4/4] APITimeoutError: Request timed out.... wait 20s
         [GLM-5 retry 4/4] RateLimitError: Error code: 429 - {'error': {'code': '1302', 'message': '您的账户已达到速率限制，请您控制请求频率'}}... wait 20s
         [GLM-5 retry 1/4] RateLimitError: Error code: 429 - {'error': {'code': '1302', 'message': '您的账户已达到速率限制，请您控制请求频率'}}... wait 5s
         [GLM-5 retry 1/4] RateLimitError: Error code: 429 - {'error': {'code': '1302', 'message': '您的账户已达到速率限制，请您控制请求频率'}}... wait 5s
         [GLM-5 retry 2/4] RateLimitError: Error code: 429 - {'error': {'code': '1302', 'message': '您的账户已达到速率限制，请您控制请求频率'}}... wait 10s
         [GLM-5 retry 2/4] RateLimitError: Error code: 429 - {'error': {'code': '1302', 'message': '您的账户已达到速率限制，请您控制请求频率'}}... wait 10s
         [GLM-5 retry 3/4] RateLimitError: Error code: 429 - {'error': {'code': '1302', 'message': '您的账户已达到速率限制，请您控制请求频率'}}... wait 15s
         [GLM-5 retry 3/4] RateLimitError: Error code: 429 - {'error': {'code': '1302', 'message': '您的账户已达到速率限制，请您控制请求频率'}}... wait 15s
         [GLM-5 retry 4/4] RateLimitError: Error code: 429 - {'error': {'code': '1302', 'message': '您的账户已达到速率限制，请您控制请求频率'}}... wait 20s
         [GLM-5 retry 4/4] APITimeoutError: Request timed out.... wait 20s
         [GLM-5 retry 4/4] RateLimitError: Error code: 429 - {'error': {'code': '1302', 'message': '您的账户已达到速率限制，请您控制请求频率'}}... wait 20s
         [GLM-5 retry 3/4] RateLimitError: Error code: 429 - {'error': {'code': '1302', 'message': '您的账户已达到速率限制，请您控制请求频率'}}... wait 15s
         [GLM-5 retry 4/4] RateLimitError: Error code: 429 - {'error': {'code': '1302', 'message': '您的账户已达到速率限制，请您控制请求频率'}}... wait 20s
      [完成] 第 2/3 次语义评分完成，得分: 4.0
         [GLM-5 retry 1/4] APITimeoutError: Request timed out.... wait 5s
      [完成] 第 3/3 次语义评分完成，得分: 12.0

  [探测指标] 均分=12.0, 标准差=0.0000, 留白率=0%, 感知失败率=0%, 低质量提取率=0%, 提取质量=high
      [extraction-risk] R_ext=0.07, structure_missing=50%, suspicious=50%
      [风险画像] P=0.15, U=0.00%, F=20.00%, H=False, L=True
      [通用校准] rules=['lenient_undercredit_review', 'stable_undercredit_review', 'result_anchored_undercredit_review', 'structure_missing_review'], UM=0.00%, MF=0.00%, cap=20.00
      [A3WA可信度] R=0.167, mu=0.833, alpha=0.829, beta=0.286, route=BND | high_confidence_lenient_undercredit_review
      [路由 -> BND] 边界样本 | P=0.15, U=0.00%, F=20.00%, H=False, L=True
         [GLM-5 retry 1/4] APITimeoutError: Request timed out.... wait 5s
         [Agent仲裁] keep|auto_small_raise | 原始仲裁分: 12.0 | 限幅后最终分: 13.4 | 审阅三类失分项：step_3(B屏蔽字)学生路径中根本未经过B级，确无证据可给分；step_6(E屏蔽字)学生标注01000与标准01001数值不符，属真实错误；step_7_2(C打断B)学生自述图中未明确显示且路径无B；step_7_4(返回顺序)学生给出E→D→C→A→主程序，缺少B且结构错误，0分合理。已得分项中，step_2/4/5从step_7_1路径标注中提取屏蔽字11111/01101/01111均与标准一致，属合理宽松认定；step_7_1主程序→A→主程序的整体往返在路径中可见；step_7_3 C→D上升关系明确。整体12/20评分既未明显宽松克扣，也无明显 unsupported 高分，保持原评。
✅ [批改完成] ANS_CO_524 | 路由: BND | 最终分: 13.4 | 风险: P0.15/U0.00/F0.20/H0/L1 | 提取质量: 🟢high | 留白率: 0% | 低质量率: 0%
2026-06-25 00:43:23 | INFO     | ✅ [批改完成] ANS_CO_524 | 路由: BND | 最终分: 13.4 | 风险: P0.15/U0.00/F0.20/H0/L1 | 提取质量: 🟢high | 留白率: 0% | 低质量率: 0%

🔍 [正在处理] ANS_CO_526 | 启动 3WD 流水线...
2026-06-25 00:43:23 | INFO     | 
🔍 [正在处理] ANS_CO_526 | 启动 3WD 流水线...
📢 [总进度] 6/84 份试卷已归档。
2026-06-25 00:43:23 | INFO     | 📢 [总进度] 6/84 份试卷已归档。

=============================================
Start grading student [ANS_CO_526]
=============================================
  [Stage 1] fact extraction backend=csbench_hybrid...
  [Stage 2] independent semantic grading probes...
         [GLM-5 retry 2/4] APITimeoutError: Request timed out.... wait 10s
      [完成] 第 1/3 次语义评分完成，得分: 6.0
         [GLM-5 retry 1/4] RateLimitError: Error code: 429 - {'error': {'code': '1302', 'message': '您的账户已达到速率限制，请您控制请求频率'}}... wait 5s
         [GLM-5 retry 2/4] RateLimitError: Error code: 429 - {'error': {'code': '1302', 'message': '您的账户已达到速率限制，请您控制请求频率'}}... wait 10s
      [完成] 第 3/3 次语义评分完成，得分: 6.0
      [完成] 第 2/3 次语义评分完成，得分: 6.0

  [探测指标] 均分=6.0, 标准差=0.0000, 留白率=0%, 感知失败率=0%, 低质量提取率=0%, 提取质量=high
      [extraction-risk] R_ext=0.07, structure_missing=50%, suspicious=50%
      [风险画像] P=0.15, U=0.00%, F=0.00%, H=False, L=True
      [通用校准] rules=['lenient_undercredit_review', 'stable_undercredit_review', 'structure_missing_review'], UM=0.00%, MF=0.00%, cap=20.00
      [A3WA可信度] R=0.167, mu=0.833, alpha=0.829, beta=0.286, route=BND | high_confidence_lenient_undercredit_review
      [路由 -> BND] 边界样本 | P=0.15, U=0.00%, F=0.00%, H=False, L=True
         [Agent仲裁] keep|keep_minor_change | 原始仲裁分: 6.0 | 限幅后最终分: 6.0 | All three graders converge at 6.0. Step_1 (priority sequence) is fully correct at 2.0. Steps 2-6 are genuinely blank ('需要查看图像' with no values) and correctly receive 0. Step_7_1 partial (1.0/2.0) is fair: student shows main→A entry but path continues A→C without independent return to main. Step_7_2 correctly receives 0 as student explicitly states nesting is absent. Step_7_3 full credit (2.0) is supported: 'C到D的阶梯上升折线' visually represents D interrupting C. Step_7_4 partial (1.0/2.0) is fair: student mentions B→main return direction but lacks full D→C→B→main chain. No concrete missed lenient credit or unsupported high-score credit identified.
✅ [批改完成] ANS_CO_526 | 路由: BND | 最终分: 6.0 | 风险: P0.15/U0.00/F0.00/H0/L1 | 提取质量: 🟢high | 留白率: 0% | 低质量率: 0%
2026-06-25 00:51:07 | INFO     | ✅ [批改完成] ANS_CO_526 | 路由: BND | 最终分: 6.0 | 风险: P0.15/U0.00/F0.00/H0/L1 | 提取质量: 🟢high | 留白率: 0% | 低质量率: 0%

🔍 [正在处理] ANS_CO_527 | 启动 3WD 流水线...
2026-06-25 00:51:07 | INFO     | 
🔍 [正在处理] ANS_CO_527 | 启动 3WD 流水线...
📢 [总进度] 7/84 份试卷已归档。
2026-06-25 00:51:07 | INFO     | 📢 [总进度] 7/84 份试卷已归档。

=============================================
Start grading student [ANS_CO_527]
=============================================
  [Stage 1] fact extraction backend=csbench_hybrid...
         [GLM-5 retry 3/4] APITimeoutError: Request timed out.... wait 15s
  [Stage 2] independent semantic grading probes...
      [完成] 第 1/3 次语义评分完成，得分: 10.0
      [完成] 第 2/3 次语义评分完成，得分: 10.0
      [完成] 第 3/3 次语义评分完成，得分: 10.0

  [探测指标] 均分=10.0, 标准差=0.0000, 留白率=0%, 感知失败率=0%, 低质量提取率=0%, 提取质量=high
      [extraction-risk] R_ext=0.07, structure_missing=50%, suspicious=50%
      [风险画像] P=0.15, U=0.00%, F=0.00%, H=False, L=True
      [通用校准] rules=['lenient_undercredit_review', 'stable_undercredit_review', 'result_anchored_undercredit_review', 'structure_missing_review'], UM=0.00%, MF=0.00%, cap=20.00
      [A3WA可信度] R=0.167, mu=0.833, alpha=0.829, beta=0.286, route=BND | high_confidence_lenient_undercredit_review
      [路由 -> BND] 边界样本 | P=0.15, U=0.00%, F=0.00%, H=False, L=True
         [GLM-5 retry 4/4] APITimeoutError: Request timed out.... wait 20s
         [Agent仲裁] keep|auto_small_raise | 原始仲裁分: 10.0 | 限幅后最终分: 11.4 | All three graders consistently awarded 10.0 (step_1=2, steps_2-6=0 for blank mask words, steps_7_1-7_4=2 each). The mask-word items (steps 2-6) are genuinely blank—extraction shows only '需要查看图像' with no concrete bit vectors, so no lenient credit can be granted. The execution-path items (step_7_1 through step_7_4) are all supported: the student explicitly provides 用户程序→A entry with A返回→用户程序 return (7_1), B→C nesting (7_2), C→D nesting (7_3), and the return chain D→C→B→A→用户程序 which contains the required D→C→B→主程序 subsequence (7_4). No missed credit and no unsupported high-score credit identified; baseline of 10.0 is correct.
✅ [批改完成] ANS_CO_527 | 路由: BND | 最终分: 11.4 | 风险: P0.15/U0.00/F0.00/H0/L1 | 提取质量: 🟢high | 留白率: 0% | 低质量率: 0%
2026-06-25 00:58:43 | INFO     | ✅ [批改完成] ANS_CO_527 | 路由: BND | 最终分: 11.4 | 风险: P0.15/U0.00/F0.00/H0/L1 | 提取质量: 🟢high | 留白率: 0% | 低质量率: 0%

🔍 [正在处理] ANS_CO_528 | 启动 3WD 流水线...
2026-06-25 00:58:43 | INFO     | 
🔍 [正在处理] ANS_CO_528 | 启动 3WD 流水线...
📢 [总进度] 8/84 份试卷已归档。
2026-06-25 00:58:43 | INFO     | 📢 [总进度] 8/84 份试卷已归档。

=============================================
Start grading student [ANS_CO_528]
=============================================
  [Stage 1] fact extraction backend=csbench_hybrid...
  [Stage 2] independent semantic grading probes...
      [完成] 第 3/3 次语义评分完成，得分: 4.0

  [探测指标] 均分=4.0, 标准差=0.0000, 留白率=0%, 感知失败率=0%, 低质量提取率=0%, 提取质量=high
      [extraction-risk] R_ext=0.00, structure_missing=0%, suspicious=0%
      [风险画像] P=0.00, U=0.00%, F=80.00%, H=False, L=True
      [通用校准] rules=['extraction_retry_review'], UM=0.00%, MF=0.00%, cap=20.00
      [A3WA可信度] R=0.000, mu=1.000, alpha=0.829, beta=0.286, route=BND | high_confidence_extraction_retry_review
      [路由 -> BND] 边界样本 | P=0.00, U=0.00%, F=80.00%, H=False, L=True
         [GLM-5 retry 1/4] APITimeoutError: Request timed out.... wait 5s
         [GLM-5 retry 1/4] APITimeoutError: Request timed out.... wait 5s
         [Agent仲裁] keep|keep_minor_change | 原始仲裁分: 4.0 | 限幅后最终分: 4.0 | Both graders consistently awarded 4.0 (step_1 priority sequence correct at 2.0; step_7_3 D-interrupts-C relation shown via C→D→C path segment at 2.0). All mask words (steps 2-6) are conceptually wrong — student wrote one-hot priority encodings instead of actual mask words. Steps 7_1, 7_2, 7_4 are genuinely wrong (no A interrupt, C doesn't interrupt B, return order has spurious E). No missed lenient credit and no unsupported high-score credit identified.
✅ [批改完成] ANS_CO_523 | 路由: BND | 最终分: 4.0 | 风险: P0.00/U0.00/F0.80/H0/L1 | 提取质量: 🟢high | 留白率: 0% | 低质量率: 0%
2026-06-25 01:05:56 | INFO     | ✅ [批改完成] ANS_CO_523 | 路由: BND | 最终分: 4.0 | 风险: P0.00/U0.00/F0.80/H0/L1 | 提取质量: 🟢high | 留白率: 0% | 低质量率: 0%

🔍 [正在处理] ANS_CO_529 | 启动 3WD 流水线...
2026-06-25 01:05:56 | INFO     | 
🔍 [正在处理] ANS_CO_529 | 启动 3WD 流水线...
📢 [总进度] 9/84 份试卷已归档。
2026-06-25 01:05:56 | INFO     | 📢 [总进度] 9/84 份试卷已归档。

=============================================
Start grading student [ANS_CO_529]
=============================================
  [Stage 1] fact extraction backend=csbench_hybrid...
  [Stage 2] independent semantic grading probes...
         [GLM-5 retry 1/4] RateLimitError: Error code: 429 - {'error': {'code': '1302', 'message': '您的账户已达到速率限制，请您控制请求频率'}}... wait 5s
         [GLM-5 retry 2/4] RateLimitError: Error code: 429 - {'error': {'code': '1302', 'message': '您的账户已达到速率限制，请您控制请求频率'}}... wait 10s
         [GLM-5 retry 3/4] RateLimitError: Error code: 429 - {'error': {'code': '1302', 'message': '您的账户已达到速率限制，请您控制请求频率'}}... wait 15s
      [完成] 第 2/3 次语义评分完成，得分: 0
      [完成] 第 3/3 次语义评分完成，得分: 0
      [完成] 第 1/3 次语义评分完成，得分: 0

  [探测指标] 均分=0.0, 标准差=0.0000, 留白率=100%, 感知失败率=0%, 低质量提取率=0%, 提取质量=low
      [extraction-risk] R_ext=0.40, structure_missing=0%, suspicious=100%
      [风险画像] P=0.80, U=0.00%, F=0.00%, H=False, L=False
      [通用校准] rules=['visual_blank_review', 'structure_missing_review', 'extraction_retry_review'], UM=0.00%, MF=0.00%, cap=20.00
      [A3WA可信度] R=0.667, mu=0.333, alpha=0.829, beta=0.286, route=BND | beta_lt_confidence_lt_alpha
      [路由 -> BND] 边界样本 | P=0.80, U=0.00%, F=0.00%, H=False, L=False
         [Agent仲裁] keep|keep_minor_change | 原始仲裁分: 0.0 | 限幅后最终分: 0 | All extracted student facts are blank ('未书写') across every rubric item. The three prior grading records unanimously assign 0 points with BLANK error categories. There is no concrete missed credit and no unsupported high-score credit relative to the prior gradings. Baseline score 0 is retained.
✅ [批改完成] ANS_CO_529 | 路由: BND | 最终分: 0 | 风险: P0.80/U0.00/F0.00/H0/L0 | 提取质量: 🟡low | 留白率: 100% | 低质量率: 0%
2026-06-25 01:07:47 | INFO     | ✅ [批改完成] ANS_CO_529 | 路由: BND | 最终分: 0 | 风险: P0.80/U0.00/F0.00/H0/L0 | 提取质量: 🟡low | 留白率: 100% | 低质量率: 0%

🔍 [正在处理] ANS_CO_530 | 启动 3WD 流水线...
2026-06-25 01:07:47 | INFO     | 
🔍 [正在处理] ANS_CO_530 | 启动 3WD 流水线...
📢 [总进度] 10/84 份试卷已归档。
2026-06-25 01:07:47 | INFO     | 📢 [总进度] 10/84 份试卷已归档。

=============================================
Start grading student [ANS_CO_530]
=============================================
  [Stage 1] fact extraction backend=csbench_hybrid...
  [Stage 2] independent semantic grading probes...
      [完成] 第 1/3 次语义评分完成，得分: 11.0
         [GLM-5 retry 2/4] APITimeoutError: Request timed out.... wait 10s
         [GLM-5 retry 2/4] APITimeoutError: Request timed out.... wait 10s
         [GLM-5 retry 3/4] RateLimitError: Error code: 429 - {'error': {'code': '1302', 'message': '您的账户已达到速率限制，请您控制请求频率'}}... wait 15s
         [GLM-5 retry 3/4] RateLimitError: Error code: 429 - {'error': {'code': '1302', 'message': '您的账户已达到速率限制，请您控制请求频率'}}... wait 15s
         [GLM-5 retry 4/4] RateLimitError: Error code: 429 - {'error': {'code': '1302', 'message': '您的账户已达到速率限制，请您控制请求频率'}}... wait 20s
         [GLM-5 retry 1/4] RateLimitError: Error code: 429 - {'error': {'code': '1302', 'message': '您的账户已达到速率限制，请您控制请求频率'}}... wait 5s
         [GLM-5 retry 2/4] RateLimitError: Error code: 429 - {'error': {'code': '1302', 'message': '您的账户已达到速率限制，请您控制请求频率'}}... wait 10s
         [GLM-5 retry 1/4] RateLimitError: Error code: 429 - {'error': {'code': '1302', 'message': '您的账户已达到速率限制，请您控制请求频率'}}... wait 5s
         [GLM-5 retry 2/4] RateLimitError: Error code: 429 - {'error': {'code': '1302', 'message': '您的账户已达到速率限制，请您控制请求频率'}}... wait 10s
         [GLM-5 retry 3/4] RateLimitError: Error code: 429 - {'error': {'code': '1302', 'message': '您的账户已达到速率限制，请您控制请求频率'}}... wait 15s
         [GLM-5 retry 3/4] RateLimitError: Error code: 429 - {'error': {'code': '1302', 'message': '您的账户已达到速率限制，请您控制请求频率'}}... wait 15s
         [GLM-5 retry 4/4] RateLimitError: Error code: 429 - {'error': {'code': '1302', 'message': '您的账户已达到速率限制，请您控制请求频率'}}... wait 20s
         [GLM-5 retry 4/4] RateLimitError: Error code: 429 - {'error': {'code': '1302', 'message': '您的账户已达到速率限制，请您控制请求频率'}}... wait 20s
      [完成] 第 3/3 次语义评分完成，得分: 11.0
      [完成] 第 2/3 次语义评分完成，得分: 6.5

  [探测指标] 均分=9.5, 标准差=2.1213, 留白率=0%, 感知失败率=0%, 低质量提取率=0%, 提取质量=high
      [extraction-risk] R_ext=0.14, structure_missing=90%, suspicious=90%
      [风险画像] P=0.27, U=10.61%, F=0.00%, H=False, L=True
      [通用校准] rules=['lenient_undercredit_review', 'stable_undercredit_review', 'result_anchored_undercredit_review', 'structure_missing_review'], UM=0.00%, MF=0.00%, cap=20.00
      [A3WA可信度] R=0.633, mu=0.367, alpha=0.829, beta=0.286, route=BND | beta_lt_confidence_lt_alpha
      [路由 -> BND] 边界样本 | P=0.27, U=10.61%, F=0.00%, H=False, L=True
         [Agent仲裁] raise|small_raise | 原始仲裁分: 13.5 | 限幅后最终分: 10.9 | 屏蔽字是一道映射/算法题，学生用文字完整描述了各级中断的屏蔽关系，与5位二进制码是等价表达。步骤2、3、5、6的屏蔽关系全部正确，步骤4遗漏C自身屏蔽位但获得合理部分分。三位评分者中两位已给11分，第三位因格式差异过于严格仅给6.5分。按映射题不需要完整标准格式的原则，前两位的评分更为合理，维持11分。
✅ [批改完成] ANS_CO_530 | 路由: BND | 最终分: 10.9 | 风险: P0.27/U0.11/F0.00/H0/L1 | 提取质量: 🟢high | 留白率: 0% | 低质量率: 0%
2026-06-25 01:16:39 | INFO     | ✅ [批改完成] ANS_CO_530 | 路由: BND | 最终分: 10.9 | 风险: P0.27/U0.11/F0.00/H0/L1 | 提取质量: 🟢high | 留白率: 0% | 低质量率: 0%

🔍 [正在处理] ANS_CO_533 | 启动 3WD 流水线...
2026-06-25 01:16:39 | INFO     | 
🔍 [正在处理] ANS_CO_533 | 启动 3WD 流水线...
📢 [总进度] 11/84 份试卷已归档。
2026-06-25 01:16:39 | INFO     | 📢 [总进度] 11/84 份试卷已归档。

=============================================
Start grading student [ANS_CO_533]
=============================================
  [Stage 1] fact extraction backend=csbench_hybrid...
  [Stage 2] independent semantic grading probes...
         [GLM-5 retry 4/4] APITimeoutError: Request timed out.... wait 20s
      [完成] 第 2/3 次语义评分完成，得分: 2.0
      [完成] 第 1/3 次语义评分完成，得分: 3.0
         [GLM-5 retry 1/4] APITimeoutError: Request timed out.... wait 5s
      [完成] 第 3/3 次语义评分完成，得分: 3.0

  [探测指标] 均分=2.7, 标准差=0.4714, 留白率=0%, 感知失败率=0%, 低质量提取率=0%, 提取质量=high
      [extraction-risk] R_ext=0.07, structure_missing=50%, suspicious=50%
      [风险画像] P=0.15, U=2.36%, F=0.00%, H=False, L=True
      [通用校准] rules=['structure_missing_review', 'extraction_retry_review'], UM=0.00%, MF=0.00%, cap=20.00
      [A3WA可信度] R=0.300, mu=0.700, alpha=0.829, beta=0.286, route=BND | beta_lt_confidence_lt_alpha
      [路由 -> BND] 边界样本 | P=0.15, U=2.36%, F=0.00%, H=False, L=True
         [Agent仲裁] keep|keep_minor_change | 原始仲裁分: 2.7 | 限幅后最终分: 2.7 | Only step_1 (priority sequence, 2.0 pts) is fully correct and undisputed. Steps 2–6 (mask words) are entirely absent ('需要查看图像'), correctly scored 0. Steps 7_2–7_4 explicitly state relationships are 'not shown' and the student's linear path (A→D→B→E→C) contradicts the required nested-return structure, correctly scored 0. The sole boundary dispute is step_7_1: two of three graders awarded 1.0/2.0 partial credit for the student's identification of '用户程序→A（有上升线连接）', acknowledging the main-program-to-A-interrupt connection even though the return path is missing and the overall path is wrong. This partial credit is defensible under lenient grading—the student showed a partial correct element of the required sequence. The majority consensus at 3.0 (2/3 graders) stands.
✅ [批改完成] ANS_CO_533 | 路由: BND | 最终分: 2.7 | 风险: P0.15/U0.02/F0.00/H0/L1 | 提取质量: 🟢high | 留白率: 0% | 低质量率: 0%
2026-06-25 01:20:54 | INFO     | ✅ [批改完成] ANS_CO_533 | 路由: BND | 最终分: 2.7 | 风险: P0.15/U0.02/F0.00/H0/L1 | 提取质量: 🟢high | 留白率: 0% | 低质量率: 0%

🔍 [正在处理] ANS_CO_539 | 启动 3WD 流水线...
2026-06-25 01:20:54 | INFO     | 
🔍 [正在处理] ANS_CO_539 | 启动 3WD 流水线...
📢 [总进度] 12/84 份试卷已归档。
2026-06-25 01:20:54 | INFO     | 📢 [总进度] 12/84 份试卷已归档。

=============================================
Start grading student [ANS_CO_539]
=============================================
  [Stage 1] fact extraction backend=csbench_hybrid...
  [Stage 2] independent semantic grading probes...
      [完成] 第 1/3 次语义评分完成，得分: 7
         [GLM-5 retry 1/4] RateLimitError: Error code: 429 - {'error': {'code': '1302', 'message': '您的账户已达到速率限制，请您控制请求频率'}}... wait 5s
         [GLM-5 retry 1/4] APITimeoutError: Request timed out.... wait 5s
         [GLM-5 retry 2/4] RateLimitError: Error code: 429 - {'error': {'code': '1302', 'message': '您的账户已达到速率限制，请您控制请求频率'}}... wait 10s
         [GLM-5 retry 3/4] RateLimitError: Error code: 429 - {'error': {'code': '1302', 'message': '您的账户已达到速率限制，请您控制请求频率'}}... wait 15s
         [GLM-5 retry 4/4] RateLimitError: Error code: 429 - {'error': {'code': '1302', 'message': '您的账户已达到速率限制，请您控制请求频率'}}... wait 20s
      [完成] 第 2/3 次语义评分完成，得分: 15.0
         [GLM-5 retry 1/4] RateLimitError: Error code: 429 - {'error': {'code': '1302', 'message': '您的账户已达到速率限制，请您控制请求频率'}}... wait 5s
         [GLM-5 retry 2/4] RateLimitError: Error code: 429 - {'error': {'code': '1302', 'message': '您的账户已达到速率限制，请您控制请求频率'}}... wait 10s
         [GLM-5 retry 3/4] RateLimitError: Error code: 429 - {'error': {'code': '1302', 'message': '您的账户已达到速率限制，请您控制请求频率'}}... wait 15s
         [GLM-5 retry 1/4] APITimeoutError: Request timed out.... wait 5s
         [GLM-5 retry 2/4] RateLimitError: Error code: 429 - {'error': {'code': '1302', 'message': '您的账户已达到速率限制，请您控制请求频率'}}... wait 10s
         [GLM-5 retry 4/4] RateLimitError: Error code: 429 - {'error': {'code': '1302', 'message': '您的账户已达到速率限制，请您控制请求频率'}}... wait 20s
         [GLM-5 retry 3/4] RateLimitError: Error code: 429 - {'error': {'code': '1302', 'message': '您的账户已达到速率限制，请您控制请求频率'}}... wait 15s
         [GLM-5 retry 4/4] RateLimitError: Error code: 429 - {'error': {'code': '1302', 'message': '您的账户已达到速率限制，请您控制请求频率'}}... wait 20s
         [GLM-5 retry 1/4] RateLimitError: Error code: 429 - {'error': {'code': '1302', 'message': '您的账户已达到速率限制，请您控制请求频率'}}... wait 5s
         [GLM-5 retry 2/4] RateLimitError: Error code: 429 - {'error': {'code': '1302', 'message': '您的账户已达到速率限制，请您控制请求频率'}}... wait 10s
      [完成] 第 2/3 次语义评分完成，得分: 3
         [GLM-5 retry 1/4] APITimeoutError: Request timed out.... wait 5s
      [完成] 第 3/3 次语义评分完成，得分: 6.0

  [探测指标] 均分=5.3, 标准差=1.6997, 留白率=0%, 感知失败率=0%, 低质量提取率=0%, 提取质量=high
      [extraction-risk] R_ext=0.09, structure_missing=60%, suspicious=60%
      [风险画像] P=0.18, U=8.50%, F=10.00%, H=False, L=True
      [通用校准] rules=['lenient_undercredit_review', 'stable_undercredit_review', 'structure_missing_review'], UM=0.00%, MF=0.00%, cap=20.00
      [A3WA可信度] R=0.533, mu=0.467, alpha=0.829, beta=0.286, route=BND | beta_lt_confidence_lt_alpha
      [路由 -> BND] 边界样本 | P=0.18, U=8.50%, F=10.00%, H=False, L=True
         [Agent仲裁] raise|reject_raise | 原始仲裁分: 10.3 | 限幅后最终分: 5.3 | 学生优先级序列完全正确（step_1=2分），B/C/D/E各级中断源识别均逻辑正确、与标准屏蔽字等价，仅缺二进制格式，应各得1分部分分（共4分）。step_7_1描述了进入A级中断的过程，应得1分。step_2概念错误（A级无屏蔽字），step_7_2/3/4图中未明确显示，均为0分。公允总分=2+0+1+1+1+1+1+0+0+0=7分，与Record 1一致。Record 2过于严格导致baseline(5.3)被拉低，应raise至7分。
✅ [批改完成] ANS_CO_528 | 路由: BND | 最终分: 5.3 | 风险: P0.18/U0.09/F0.10/H0/L1 | 提取质量: 🟢high | 留白率: 0% | 低质量率: 0%
2026-06-25 01:34:48 | INFO     | ✅ [批改完成] ANS_CO_528 | 路由: BND | 最终分: 5.3 | 风险: P0.18/U0.09/F0.10/H0/L1 | 提取质量: 🟢high | 留白率: 0% | 低质量率: 0%

🔍 [正在处理] ANS_CO_541 | 启动 3WD 流水线...
2026-06-25 01:34:48 | INFO     | 
🔍 [正在处理] ANS_CO_541 | 启动 3WD 流水线...
📢 [总进度] 13/84 份试卷已归档。
2026-06-25 01:34:48 | INFO     | 📢 [总进度] 13/84 份试卷已归档。

=============================================
Start grading student [ANS_CO_541]
=============================================
  [Stage 1] fact extraction backend=csbench_hybrid...
         [GLM-5 retry 1/4] APITimeoutError: Request timed out.... wait 5s
  [Stage 2] independent semantic grading probes...
         [GLM-5 retry 2/4] APITimeoutError: Request timed out.... wait 10s
         [GLM-5 retry 1/4] RateLimitError: Error code: 429 - {'error': {'code': '1302', 'message': '您的账户已达到速率限制，请您控制请求频率'}}... wait 5s
         [GLM-5 retry 2/4] RateLimitError: Error code: 429 - {'error': {'code': '1302', 'message': '您的账户已达到速率限制，请您控制请求频率'}}... wait 10s
         [GLM-5 retry 3/4] RateLimitError: Error code: 429 - {'error': {'code': '1302', 'message': '您的账户已达到速率限制，请您控制请求频率'}}... wait 15s
         [GLM-5 retry 4/4] RateLimitError: Error code: 429 - {'error': {'code': '1302', 'message': '您的账户已达到速率限制，请您控制请求频率'}}... wait 20s
         [GLM-5 retry 1/4] RateLimitError: Error code: 429 - {'error': {'code': '1302', 'message': '您的账户已达到速率限制，请您控制请求频率'}}... wait 5s
         [GLM-5 retry 2/4] RateLimitError: Error code: 429 - {'error': {'code': '1302', 'message': '您的账户已达到速率限制，请您控制请求频率'}}... wait 10s
         [GLM-5 retry 1/4] RateLimitError: Error code: 429 - {'error': {'code': '1302', 'message': '您的账户已达到速率限制，请您控制请求频率'}}... wait 5s
         [GLM-5 retry 2/4] RateLimitError: Error code: 429 - {'error': {'code': '1302', 'message': '您的账户已达到速率限制，请您控制请求频率'}}... wait 10s
         [GLM-5 retry 3/4] RateLimitError: Error code: 429 - {'error': {'code': '1302', 'message': '您的账户已达到速率限制，请您控制请求频率'}}... wait 15s
         [GLM-5 retry 4/4] RateLimitError: Error code: 429 - {'error': {'code': '1302', 'message': '您的账户已达到速率限制，请您控制请求频率'}}... wait 20s
         [GLM-5 retry 3/4] RateLimitError: Error code: 429 - {'error': {'code': '1302', 'message': '您的账户已达到速率限制，请您控制请求频率'}}... wait 15s
         [GLM-5 retry 3/4] APITimeoutError: Request timed out.... wait 15s
         [GLM-5 retry 2/4] APITimeoutError: Request timed out.... wait 10s
         [GLM-5 retry 4/4] RateLimitError: Error code: 429 - {'error': {'code': '1302', 'message': '您的账户已达到速率限制，请您控制请求频率'}}... wait 20s
         [GLM-5 retry 1/4] APITimeoutError: Request timed out.... wait 5s
         [GLM-5 retry 4/4] APITimeoutError: Request timed out.... wait 20s
      [完成] 第 2/3 次语义评分完成，得分: 12.0
      [完成] 第 1/3 次语义评分完成，得分: 16.5
      [完成] 第 3/3 次语义评分完成，得分: 15.0

  [探测指标] 均分=15.5, 标准差=0.7071, 留白率=0%, 感知失败率=0%, 低质量提取率=0%, 提取质量=high
      [extraction-risk] R_ext=0.00, structure_missing=0%, suspicious=0%
      [风险画像] P=0.00, U=3.54%, F=0.00%, H=False, L=False
      [通用校准] rules=['high_score_safety_review'], UM=0.00%, MF=0.00%, cap=20.00
      [A3WA可信度] R=0.125, mu=0.875, alpha=0.829, beta=0.286, route=BND | high_confidence_high_score_safety_review
      [路由 -> BND] 边界样本 | P=0.00, U=3.54%, F=0.00%, H=False, L=False
         [GLM-5 retry 3/4] APITimeoutError: Request timed out.... wait 15s
         [Agent仲裁] cautious_lower|reject_lower | 原始仲裁分: 14.0 | 限幅后最终分: 15.5 | Steps 1–6 (priority sequence and all five mask words) are unanimously correct across all records (12 points). For the diagram steps, the student provided a flat linear path (用户程序→A→D→C→E→B→用户程序) rather than the required nested interrupt structure. Records 1 and 3 consistently award 1+0+1+1=3 diagram points; Record 2's higher total (16.5) stems from unsupported full credit on step_7_3 and unwarranted partial credit on step_7_2. The calibrated score of 15.0 aligns with the two consistent lower records and removes unsupported over-credit.
✅ [批改完成] ANS_CO_539 | 路由: BND | 最终分: 15.5 | 风险: P0.00/U0.04/F0.00/H0/L0 | 提取质量: 🟢high | 留白率: 0% | 低质量率: 0%
2026-06-25 01:54:25 | INFO     | ✅ [批改完成] ANS_CO_539 | 路由: BND | 最终分: 15.5 | 风险: P0.00/U0.04/F0.00/H0/L0 | 提取质量: 🟢high | 留白率: 0% | 低质量率: 0%

🔍 [正在处理] ANS_CO_542 | 启动 3WD 流水线...
2026-06-25 01:54:25 | INFO     | 
🔍 [正在处理] ANS_CO_542 | 启动 3WD 流水线...
📢 [总进度] 14/84 份试卷已归档。
2026-06-25 01:54:25 | INFO     | 📢 [总进度] 14/84 份试卷已归档。

=============================================
Start grading student [ANS_CO_542]
=============================================
  [Stage 1] fact extraction backend=csbench_hybrid...
         [GLM-5 retry 1/4] APITimeoutError: Request timed out.... wait 5s
  [Stage 2] independent semantic grading probes...
      [完成] 第 1/3 次语义评分完成，得分: 17.0
      [完成] 第 1/3 次语义评分完成，得分: 13.0
      [完成] 第 3/3 次语义评分完成，得分: 17.0
         [GLM-5 retry 2/4] APITimeoutError: Request timed out.... wait 10s
      [完成] 第 2/3 次语义评分完成，得分: 17.0

  [探测指标] 均分=17.0, 标准差=0.0000, 留白率=0%, 感知失败率=0%, 低质量提取率=0%, 提取质量=high
      [extraction-risk] R_ext=0.00, structure_missing=0%, suspicious=0%
      [风险画像] P=0.00, U=0.00%, F=10.00%, H=False, L=False
      [A3WA可信度] R=0.000, mu=1.000, alpha=0.829, beta=0.286, route=BND | pos_safety_gate:unsupported_high_score
      [路由 -> BND] 边界样本 | P=0.00, U=0.00%, F=10.00%, H=False, L=False
         [Agent仲裁] keep|keep_minor_change | 原始仲裁分: 17.0 | 限幅后最终分: 17.0 | All three graders agree at 17.0. Steps 1-6 and 7_1/7_3 are fully correct (mask words and priority sequences match standard_answer_text). Step 7_2 receives 0 due to explicit semantic contradiction (student states C and B are sequential with no nesting, directly contradicting the required C-nests-in-B relationship). Step 7_4 receives 1.0 for partial match: D→C return is correct, but the chain D→C→B→主程序 is broken because C returns to main program instead of B — a direct consequence of the step 7_2 conceptual error. No missed lenient credit or unsupported high-score credit found.
✅ [批改完成] ANS_CO_542 | 路由: BND | 最终分: 17.0 | 风险: P0.00/U0.00/F0.10/H0/L0 | 提取质量: 🟢high | 留白率: 0% | 低质量率: 0%
2026-06-25 02:02:50 | INFO     | ✅ [批改完成] ANS_CO_542 | 路由: BND | 最终分: 17.0 | 风险: P0.00/U0.00/F0.10/H0/L0 | 提取质量: 🟢high | 留白率: 0% | 低质量率: 0%

🔍 [正在处理] ANS_CO_543 | 启动 3WD 流水线...
2026-06-25 02:02:50 | INFO     | 
🔍 [正在处理] ANS_CO_543 | 启动 3WD 流水线...
📢 [总进度] 15/84 份试卷已归档。
2026-06-25 02:02:50 | INFO     | 📢 [总进度] 15/84 份试卷已归档。

=============================================
Start grading student [ANS_CO_543]
=============================================
  [Stage 1] fact extraction backend=csbench_hybrid...
  [Stage 2] independent semantic grading probes...
      [完成] 第 2/3 次语义评分完成，得分: 5.0
      [完成] 第 1/3 次语义评分完成，得分: 5.0
         [GLM-5 retry 3/4] APITimeoutError: Request timed out.... wait 15s
      [完成] 第 3/3 次语义评分完成，得分: 5.0

  [探测指标] 均分=5.0, 标准差=0.0000, 留白率=0%, 感知失败率=0%, 低质量提取率=0%, 提取质量=high
      [extraction-risk] R_ext=0.07, structure_missing=50%, suspicious=50%
      [风险画像] P=0.15, U=0.00%, F=10.00%, H=False, L=True
      [通用校准] rules=['structure_missing_review'], UM=0.00%, MF=0.00%, cap=20.00
      [A3WA可信度] R=0.183, mu=0.817, alpha=0.829, beta=0.286, route=BND | beta_lt_confidence_lt_alpha
      [路由 -> BND] 边界样本 | P=0.15, U=0.00%, F=10.00%, H=False, L=True
      [完成] 第 3/3 次语义评分完成，得分: 13.0

  [探测指标] 均分=12.7, 标准差=0.4714, 留白率=0%, 感知失败率=0%, 低质量提取率=0%, 提取质量=high
      [extraction-risk] R_ext=0.00, structure_missing=0%, suspicious=0%
      [风险画像] P=0.00, U=2.36%, F=10.00%, H=False, L=False
      [通用校准] rules=['lenient_undercredit_review'], UM=0.00%, MF=0.00%, cap=20.00
      [A3WA可信度] R=0.083, mu=0.917, alpha=0.829, beta=0.286, route=BND | high_confidence_lenient_undercredit_review
      [路由 -> BND] 边界样本 | P=0.00, U=2.36%, F=10.00%, H=False, L=False
         [Agent仲裁] keep|reject_lower | 原始仲裁分: 4.0 | 限幅后最终分: 5.0 | 三位评分者总分稳定一致为5.0。step_1与step_7_3满分证据充分。step_2-6与step_7_1确为空白或核心缺失。step_7_2/7_4的部分分认定略有分歧但相互抵消，整体未发现可被宽松评分规则挽救的具体漏分，也未发现需要扣减的严重虚高。维持5.0。
✅ [批改完成] ANS_CO_543 | 路由: BND | 最终分: 5.0 | 风险: P0.15/U0.00/F0.10/H0/L1 | 提取质量: 🟢high | 留白率: 0% | 低质量率: 0%
2026-06-25 02:09:14 | INFO     | ✅ [批改完成] ANS_CO_543 | 路由: BND | 最终分: 5.0 | 风险: P0.15/U0.00/F0.10/H0/L1 | 提取质量: 🟢high | 留白率: 0% | 低质量率: 0%

🔍 [正在处理] ANS_CO_544 | 启动 3WD 流水线...
2026-06-25 02:09:14 | INFO     | 
🔍 [正在处理] ANS_CO_544 | 启动 3WD 流水线...
📢 [总进度] 16/84 份试卷已归档。
2026-06-25 02:09:14 | INFO     | 📢 [总进度] 16/84 份试卷已归档。

=============================================
Start grading student [ANS_CO_544]
=============================================
  [Stage 1] fact extraction backend=csbench_hybrid...
         [Agent仲裁] keep|keep_minor_change | 原始仲裁分: 12.7 | 限幅后最终分: 12.7 | Steps 1-6 (priority sequence and all five mask words) are fully correct and well-supported at 2.0 each (12 points). For step_7_1, the student correctly showed '用户程序→A' (main→A entry) but the full path incorrectly connects A→D instead of A→主程序; partial credit of 1.0/2.0 is fair under lenient grading. Steps 7_2 and 7_3 are explicitly blank ('图中未明确显示'), correctly scored 0. Step_7_4 shows flat returns to main program instead of nested returns D→C→B→主程序, a semantic fatal error correctly scored 0. No missed lenient credit beyond the 1.0 already awarded for step_7_1, and no unsupported high-score credit in any item.
✅ [批改完成] ANS_CO_541 | 路由: BND | 最终分: 12.7 | 风险: P0.00/U0.02/F0.10/H0/L0 | 提取质量: 🟢high | 留白率: 0% | 低质量率: 0%
2026-06-25 02:10:29 | INFO     | ✅ [批改完成] ANS_CO_541 | 路由: BND | 最终分: 12.7 | 风险: P0.00/U0.02/F0.10/H0/L0 | 提取质量: 🟢high | 留白率: 0% | 低质量率: 0%

🔍 [正在处理] ANS_CO_546 | 启动 3WD 流水线...
2026-06-25 02:10:29 | INFO     | 
🔍 [正在处理] ANS_CO_546 | 启动 3WD 流水线...
📢 [总进度] 17/84 份试卷已归档。
2026-06-25 02:10:29 | INFO     | 📢 [总进度] 17/84 份试卷已归档。

=============================================
Start grading student [ANS_CO_546]
=============================================
  [Stage 1] fact extraction backend=csbench_hybrid...
  [Stage 2] independent semantic grading probes...
  [Stage 2] independent semantic grading probes...
      [完成] 第 1/3 次语义评分完成，得分: 6.0
      [完成] 第 1/3 次语义评分完成，得分: 17.0
      [完成] 第 2/3 次语义评分完成，得分: 5.0
      [完成] 第 3/3 次语义评分完成，得分: 4.0

  [探测指标] 均分=5.0, 标准差=0.8165, 留白率=0%, 感知失败率=0%, 低质量提取率=0%, 提取质量=high
      [extraction-risk] R_ext=0.07, structure_missing=50%, suspicious=50%
      [风险画像] P=0.15, U=4.08%, F=10.00%, H=False, L=True
      [通用校准] rules=['structure_missing_review'], UM=0.00%, MF=0.00%, cap=20.00
      [A3WA可信度] R=0.333, mu=0.667, alpha=0.829, beta=0.286, route=BND | beta_lt_confidence_lt_alpha
      [路由 -> BND] 边界样本 | P=0.15, U=4.08%, F=10.00%, H=False, L=True
      [完成] 第 3/3 次语义评分完成，得分: 18.0
         [Agent仲裁] keep|keep_minor_change | 原始仲裁分: 5.0 | 限幅后最终分: 5.0 | 三项评分记录范围为4.0-6.0，基线5.0。主要分歧在step_7_1（0 vs 1分）和step_7_4（0 vs 1分）。学生正确描述了用户程序→A的入口执行段（值1分），但返回序列E→D→C→A与标准D→C→B→主程序核心不符（不值1分）。二者相抵，calibrated_score=5.0保持不变。
✅ [批改完成] ANS_CO_546 | 路由: BND | 最终分: 5.0 | 风险: P0.15/U0.04/F0.10/H0/L1 | 提取质量: 🟢high | 留白率: 0% | 低质量率: 0%
2026-06-25 02:15:29 | INFO     | ✅ [批改完成] ANS_CO_546 | 路由: BND | 最终分: 5.0 | 风险: P0.15/U0.04/F0.10/H0/L1 | 提取质量: 🟢high | 留白率: 0% | 低质量率: 0%

🔍 [正在处理] ANS_CO_547 | 启动 3WD 流水线...
2026-06-25 02:15:29 | INFO     | 
🔍 [正在处理] ANS_CO_547 | 启动 3WD 流水线...
📢 [总进度] 18/84 份试卷已归档。
2026-06-25 02:15:29 | INFO     | 📢 [总进度] 18/84 份试卷已归档。

=============================================
Start grading student [ANS_CO_547]
=============================================
  [Stage 1] fact extraction backend=csbench_hybrid...
  [Stage 2] independent semantic grading probes...
         [GLM-5 retry 1/4] APITimeoutError: Request timed out.... wait 5s
      [完成] 第 2/3 次语义评分完成，得分: 3.0
      [完成] 第 1/3 次语义评分完成，得分: 4.0
      [完成] 第 2/3 次语义评分完成，得分: 17.0

  [探测指标] 均分=17.3, 标准差=0.4714, 留白率=0%, 感知失败率=0%, 低质量提取率=0%, 提取质量=high
      [extraction-risk] R_ext=0.00, structure_missing=0%, suspicious=0%
      [风险画像] P=0.00, U=2.36%, F=10.00%, H=False, L=False
      [A3WA可信度] R=0.083, mu=0.917, alpha=0.829, beta=0.286, route=BND | pos_safety_gate:unsupported_high_score
      [路由 -> BND] 边界样本 | P=0.00, U=2.36%, F=10.00%, H=False, L=False
      [完成] 第 3/3 次语义评分完成，得分: 3.5

  [探测指标] 均分=3.5, 标准差=0.4082, 留白率=0%, 感知失败率=0%, 低质量提取率=0%, 提取质量=high
      [extraction-risk] R_ext=0.09, structure_missing=60%, suspicious=60%
      [风险画像] P=0.18, U=2.04%, F=0.00%, H=False, L=True
      [通用校准] rules=['structure_missing_review'], UM=0.00%, MF=0.00%, cap=20.00
      [A3WA可信度] R=0.283, mu=0.717, alpha=0.829, beta=0.286, route=BND | beta_lt_confidence_lt_alpha
      [路由 -> BND] 边界样本 | P=0.18, U=2.04%, F=0.00%, H=False, L=True
         [Agent仲裁] keep|keep_minor_change | 原始仲裁分: 3.5 | 限幅后最终分: 3.5 | step_1 (A>D>C>E>B) is fully correct (2.0). Steps 2-6 only state '需要查看图像' with no concrete mask-word values, correctly scored 0. Steps 7_2/7_3 student explicitly states the nesting relationships are not shown, correctly 0. For step_7_1, the student describes entering ABC from main program (bundled, no isolated A-return), warranting partial credit in the 0.5-1.0 range. For step_7_4, student describes return as DE→ABC→主程序 (grouped rather than D→C→B→主程序 individually), warranting 0.5-1.0 partial. The three prior graders fall within this defensible range (3.0/3.5/4.0); baseline 3.5 sits at the median and matches the partial-credit pattern. No concrete missed lenient credit and no unsupported high-score credit identified.
✅ [批改完成] ANS_CO_547 | 路由: BND | 最终分: 3.5 | 风险: P0.18/U0.02/F0.00/H0/L1 | 提取质量: 🟢high | 留白率: 0% | 低质量率: 0%
2026-06-25 02:19:46 | INFO     | ✅ [批改完成] ANS_CO_547 | 路由: BND | 最终分: 3.5 | 风险: P0.18/U0.02/F0.00/H0/L1 | 提取质量: 🟢high | 留白率: 0% | 低质量率: 0%

🔍 [正在处理] ANS_CO_550 | 启动 3WD 流水线...
2026-06-25 02:19:46 | INFO     | 
🔍 [正在处理] ANS_CO_550 | 启动 3WD 流水线...

=============================================
Start grading student [ANS_CO_550]
=============================================
  [Stage 1] fact extraction backend=csbench_hybrid...
📢 [总进度] 19/84 份试卷已归档。
2026-06-25 02:19:46 | INFO     | 📢 [总进度] 19/84 份试卷已归档。
  [Stage 2] independent semantic grading probes...
      [完成] 第 1/3 次语义评分完成，得分: 11
         [Agent仲裁] keep|keep_minor_change | 原始仲裁分: 17.3 | 限幅后最终分: 17.3 | Steps 1–6 (priority sequence and five mask words) are unanimously correct across all graders and well-supported by evidence. Step 7_1 and 7_3 are correctly awarded full credit. Step 7_2 correctly receives 0: the student explicitly states '无嵌套' and shows purely sequential processing, directly contradicting the required C-interrupts-B nesting. The only disputed step is 7_4: two of three graders award 1.0 (partial) because the student's return path inserts E between C and B (D→C→E→B→main) whereas the standard requires D→C→B→main; the student captures the descending-return concept and the D→C and B→main segments correctly but the exact return sequence does not match. The majority score of 17.0 is appropriate—no missed lenient credit and no unsupported high-score credit identified.
✅ [批改完成] ANS_CO_544 | 路由: BND | 最终分: 17.3 | 风险: P0.00/U0.02/F0.10/H0/L0 | 提取质量: 🟢high | 留白率: 0% | 低质量率: 0%
2026-06-25 02:24:31 | INFO     | ✅ [批改完成] ANS_CO_544 | 路由: BND | 最终分: 17.3 | 风险: P0.00/U0.02/F0.10/H0/L0 | 提取质量: 🟢high | 留白率: 0% | 低质量率: 0%

🔍 [正在处理] ANS_CO_551 | 启动 3WD 流水线...
2026-06-25 02:24:31 | INFO     | 
🔍 [正在处理] ANS_CO_551 | 启动 3WD 流水线...
📢 [总进度] 20/84 份试卷已归档。
2026-06-25 02:24:31 | INFO     | 📢 [总进度] 20/84 份试卷已归档。

=============================================
Start grading student [ANS_CO_551]
=============================================
  [Stage 1] fact extraction backend=csbench_hybrid...
  [Stage 2] independent semantic grading probes...
      [完成] 第 2/3 次语义评分完成，得分: 11.0
      [完成] 第 2/3 次语义评分完成，得分: 8.0
      [完成] 第 3/3 次语义评分完成，得分: 11.0

  [探测指标] 均分=11.0, 标准差=0.0000, 留白率=0%, 感知失败率=0%, 低质量提取率=0%, 提取质量=high
      [extraction-risk] R_ext=0.00, structure_missing=0%, suspicious=0%
      [风险画像] P=0.00, U=0.00%, F=40.00%, H=False, L=True
      [通用校准] rules=['lenient_undercredit_review', 'stable_undercredit_review'], UM=0.00%, MF=0.00%, cap=20.00
      [A3WA可信度] R=0.000, mu=1.000, alpha=0.829, beta=0.286, route=BND | high_confidence_lenient_undercredit_review
      [路由 -> BND] 边界样本 | P=0.00, U=0.00%, F=40.00%, H=False, L=True
         [Agent仲裁] keep|keep_minor_change | 原始仲裁分: 11.0 | 限幅后最终分: 11.0 | All three prior grading records are perfectly consistent at 11/20. Steps 1, 2, 5, 7_1, and 7_3 received full credit with correct student answers matching the rubric standard_answer_text values. Steps 3, 4, and 6 have fundamentally wrong bit-vector values (B: 00001 vs 01000, C: 00111 vs 01101, E: 00011 vs 01001) with no partial credit possible. Step 7_2 has a reversed nesting direction (B inside C instead of C inside B), a conceptual error warranting 0 points. Step 7_4 correctly receives 1/2 for describing the return mechanism conceptually without specifying the exact D→C→B→主程序 sequence. No concrete missed lenient credit or unsupported high-score credit is identifiable.
✅ [批改完成] ANS_CO_550 | 路由: BND | 最终分: 11.0 | 风险: P0.00/U0.00/F0.40/H0/L1 | 提取质量: 🟢high | 留白率: 0% | 低质量率: 0%
2026-06-25 02:29:33 | INFO     | ✅ [批改完成] ANS_CO_550 | 路由: BND | 最终分: 11.0 | 风险: P0.00/U0.00/F0.40/H0/L1 | 提取质量: 🟢high | 留白率: 0% | 低质量率: 0%

🔍 [正在处理] ANS_CO_554 | 启动 3WD 流水线...
2026-06-25 02:29:33 | INFO     | 
🔍 [正在处理] ANS_CO_554 | 启动 3WD 流水线...
📢 [总进度] 21/84 份试卷已归档。
2026-06-25 02:29:33 | INFO     | 📢 [总进度] 21/84 份试卷已归档。

=============================================
Start grading student [ANS_CO_554]
=============================================
  [Stage 1] fact extraction backend=csbench_hybrid...
  [Stage 2] independent semantic grading probes...
      [完成] 第 2/3 次语义评分完成，得分: 19.0
         [GLM-5 retry 1/4] APITimeoutError: Request timed out.... wait 5s
      [完成] 第 3/3 次语义评分完成，得分: 19.0
         [GLM-5 retry 1/4] APITimeoutError: Request timed out.... wait 5s
      [完成] 第 1/3 次语义评分完成，得分: 9.0
      [完成] 第 1/3 次语义评分完成，得分: 19.0

  [探测指标] 均分=19.0, 标准差=0.0000, 留白率=0%, 感知失败率=0%, 低质量提取率=0%, 提取质量=high
      [extraction-risk] R_ext=0.00, structure_missing=0%, suspicious=0%
      [风险画像] P=0.00, U=0.00%, F=0.00%, H=False, L=False
      [A3WA可信度] R=0.000, mu=1.000, alpha=0.829, beta=0.286, route=POS | confidence_ge_alpha
      [route -> POS] accept selected_baseline_score=19.0
✅ [批改完成] ANS_CO_554 | 路由: POS | 最终分: 19.0 | 风险: P0.00/U0.00/F0.00/H0/L0 | 提取质量: 🟢high | 留白率: 0% | 低质量率: 0%
2026-06-25 02:36:32 | INFO     | ✅ [批改完成] ANS_CO_554 | 路由: POS | 最终分: 19.0 | 风险: P0.00/U0.00/F0.00/H0/L0 | 提取质量: 🟢high | 留白率: 0% | 低质量率: 0%

🔍 [正在处理] ANS_CO_555 | 启动 3WD 流水线...
2026-06-25 02:36:32 | INFO     | 
🔍 [正在处理] ANS_CO_555 | 启动 3WD 流水线...
📢 [总进度] 22/84 份试卷已归档。
2026-06-25 02:36:32 | INFO     | 📢 [总进度] 22/84 份试卷已归档。

=============================================
Start grading student [ANS_CO_555]
=============================================
  [Stage 1] fact extraction backend=csbench_hybrid...
  [Stage 2] independent semantic grading probes...
         [GLM-5 retry 2/4] APITimeoutError: Request timed out.... wait 10s
      [完成] 第 3/3 次语义评分完成，得分: 6.0

  [探测指标] 均分=7.7, 标准差=1.2472, 留白率=50%, 感知失败率=0%, 低质量提取率=0%, 提取质量=low
      [extraction-risk] R_ext=0.20, structure_missing=0%, suspicious=50%
      [风险画像] P=0.40, U=6.24%, F=0.00%, H=False, L=False
      [通用校准] rules=['visual_blank_review', 'lenient_undercredit_review', 'stable_undercredit_review', 'structure_missing_review', 'extraction_retry_review'], UM=0.00%, MF=0.00%, cap=20.00
      [A3WA可信度] R=0.583, mu=0.417, alpha=0.829, beta=0.286, route=BND | beta_lt_confidence_lt_alpha
      [路由 -> BND] 边界样本 | P=0.40, U=6.24%, F=0.00%, H=False, L=False
         [GLM-5 retry 1/4] APITimeoutError: Request timed out.... wait 5s
         [GLM-5 retry 1/4] APITimeoutError: Request timed out.... wait 5s
         [Agent仲裁] raise|reject_raise | 原始仲裁分: 8.7 | 限幅后最终分: 7.7 | step_1完全正确(2.0)；step_2~6为空白(0)；step_7_1学生仅描述了进入A级中断的上升段但未给出A级独立返回主程序的闭环，三评一致给1.0合理；step_7_2学生正确表达了C嵌套打断B的关系(C完成后返回B)，应给满分2.0，Grader 3判为致命错误过于严苛；step_7_3 D打断C描述清晰，三评一致给2.0；step_7_4 D→C→B部分正确但错误延伸至A→用户程序，应给部分分1.0，Grader 2给2.0属过度宽容。综合校准分数为8.0，高于基线7.7。
✅ [批改完成] ANS_CO_551 | 路由: BND | 最终分: 7.7 | 风险: P0.40/U0.06/F0.00/H0/L0 | 提取质量: 🟡low | 留白率: 50% | 低质量率: 0%
2026-06-25 02:44:14 | INFO     | ✅ [批改完成] ANS_CO_551 | 路由: BND | 最终分: 7.7 | 风险: P0.40/U0.06/F0.00/H0/L0 | 提取质量: 🟡low | 留白率: 50% | 低质量率: 0%

🔍 [正在处理] ANS_CO_557 | 启动 3WD 流水线...
2026-06-25 02:44:14 | INFO     | 
🔍 [正在处理] ANS_CO_557 | 启动 3WD 流水线...
📢 [总进度] 23/84 份试卷已归档。
2026-06-25 02:44:14 | INFO     | 📢 [总进度] 23/84 份试卷已归档。

=============================================
Start grading student [ANS_CO_557]
=============================================
  [Stage 1] fact extraction backend=csbench_hybrid...
  [Stage 2] independent semantic grading probes...
      [完成] 第 1/3 次语义评分完成，得分: 4.0
      [完成] 第 2/3 次语义评分完成，得分: 5.0
      [完成] 第 3/3 次语义评分完成，得分: 5.0

  [探测指标] 均分=4.7, 标准差=0.4714, 留白率=0%, 感知失败率=0%, 低质量提取率=0%, 提取质量=high
      [extraction-risk] R_ext=0.07, structure_missing=50%, suspicious=50%
      [风险画像] P=0.15, U=2.36%, F=0.00%, H=False, L=True
      [通用校准] rules=['structure_missing_review'], UM=0.00%, MF=0.00%, cap=20.00
      [A3WA可信度] R=0.250, mu=0.750, alpha=0.829, beta=0.286, route=BND | beta_lt_confidence_lt_alpha
      [路由 -> BND] 边界样本 | P=0.15, U=2.36%, F=0.00%, H=False, L=True
         [Agent仲裁] keep|keep_minor_change | 原始仲裁分: 4.7 | 限幅后最终分: 4.7 | Three graders are consistent on 9 of 10 items. The only disagreement is step_7_3 (1.0 vs 2.0 vs 2.0). The student's path fragment 'C→D' in the interrupt execution context correctly reflects D interrupting C, and combined with the correct priority order from step_1 (A>D>C>E>B), the majority ruling of 2.0 is defensible. Steps 2-6 are genuinely blank ('需要查看图像'), step_7_1 at 1.0 is fair (entry shown, return missing), step_7_2 and step_7_4 are correctly 0 (B absent, no return sequence). No concrete missed credit or unsupported high-score credit identified.
✅ [批改完成] ANS_CO_557 | 路由: BND | 最终分: 4.7 | 风险: P0.15/U0.02/F0.00/H0/L1 | 提取质量: 🟢high | 留白率: 0% | 低质量率: 0%
2026-06-25 02:48:34 | INFO     | ✅ [批改完成] ANS_CO_557 | 路由: BND | 最终分: 4.7 | 风险: P0.15/U0.02/F0.00/H0/L1 | 提取质量: 🟢high | 留白率: 0% | 低质量率: 0%

🔍 [正在处理] ANS_CO_558 | 启动 3WD 流水线...
2026-06-25 02:48:34 | INFO     | 
🔍 [正在处理] ANS_CO_558 | 启动 3WD 流水线...
📢 [总进度] 24/84 份试卷已归档。
2026-06-25 02:48:34 | INFO     | 📢 [总进度] 24/84 份试卷已归档。

=============================================
Start grading student [ANS_CO_558]
=============================================
  [Stage 1] fact extraction backend=csbench_hybrid...
  [Stage 2] independent semantic grading probes...
         [GLM-5 retry 2/4] APITimeoutError: Request timed out.... wait 10s
         [GLM-5 retry 2/4] APITimeoutError: Request timed out.... wait 10s
      [完成] 第 2/3 次语义评分完成，得分: 8.0
         [GLM-5 retry 3/4] RateLimitError: Error code: 429 - {'error': {'code': '1302', 'message': '您的账户已达到速率限制，请您控制请求频率'}}... wait 15s
         [GLM-5 retry 3/4] RateLimitError: Error code: 429 - {'error': {'code': '1302', 'message': '您的账户已达到速率限制，请您控制请求频率'}}... wait 15s
         [GLM-5 retry 4/4] RateLimitError: Error code: 429 - {'error': {'code': '1302', 'message': '您的账户已达到速率限制，请您控制请求频率'}}... wait 20s
         [GLM-5 retry 4/4] RateLimitError: Error code: 429 - {'error': {'code': '1302', 'message': '您的账户已达到速率限制，请您控制请求频率'}}... wait 20s
         [GLM-5 retry 1/4] RateLimitError: Error code: 429 - {'error': {'code': '1302', 'message': '您的账户已达到速率限制，请您控制请求频率'}}... wait 5s
         [GLM-5 retry 1/4] RateLimitError: Error code: 429 - {'error': {'code': '1302', 'message': '您的账户已达到速率限制，请您控制请求频率'}}... wait 5s
         [GLM-5 retry 2/4] RateLimitError: Error code: 429 - {'error': {'code': '1302', 'message': '您的账户已达到速率限制，请您控制请求频率'}}... wait 10s
         [GLM-5 retry 2/4] RateLimitError: Error code: 429 - {'error': {'code': '1302', 'message': '您的账户已达到速率限制，请您控制请求频率'}}... wait 10s
         [GLM-5 retry 3/4] RateLimitError: Error code: 429 - {'error': {'code': '1302', 'message': '您的账户已达到速率限制，请您控制请求频率'}}... wait 15s
         [GLM-5 retry 3/4] RateLimitError: Error code: 429 - {'error': {'code': '1302', 'message': '您的账户已达到速率限制，请您控制请求频率'}}... wait 15s
         [GLM-5 retry 1/4] RateLimitError: Error code: 429 - {'error': {'code': '1302', 'message': '您的账户已达到速率限制，请您控制请求频率'}}... wait 5s
         [GLM-5 retry 1/4] RateLimitError: Error code: 429 - {'error': {'code': '1302', 'message': '您的账户已达到速率限制，请您控制请求频率'}}... wait 5s
         [GLM-5 retry 2/4] RateLimitError: Error code: 429 - {'error': {'code': '1302', 'message': '您的账户已达到速率限制，请您控制请求频率'}}... wait 10s
         [GLM-5 retry 2/4] RateLimitError: Error code: 429 - {'error': {'code': '1302', 'message': '您的账户已达到速率限制，请您控制请求频率'}}... wait 10s
      [完成] 第 3/3 次语义评分完成，得分: 8.0
         [GLM-5 retry 4/4] APITimeoutError: Request timed out.... wait 20s
         [GLM-5 retry 4/4] APITimeoutError: Request timed out.... wait 20s
         [GLM-5 retry 3/4] APITimeoutError: Request timed out.... wait 15s
         [GLM-5 retry 1/4] RateLimitError: Error code: 429 - {'error': {'code': '1302', 'message': '您的账户已达到速率限制，请您控制请求频率'}}... wait 5s
         [GLM-5 retry 1/4] RateLimitError: Error code: 429 - {'error': {'code': '1302', 'message': '您的账户已达到速率限制，请您控制请求频率'}}... wait 5s
         [GLM-5 retry 2/4] RateLimitError: Error code: 429 - {'error': {'code': '1302', 'message': '您的账户已达到速率限制，请您控制请求频率'}}... wait 10s
         [GLM-5 retry 4/4] APITimeoutError: Request timed out.... wait 20s
         [GLM-5 retry 2/4] APITimeoutError: Request timed out.... wait 10s
         [GLM-5 retry 1/4] RateLimitError: Error code: 429 - {'error': {'code': '1302', 'message': '您的账户已达到速率限制，请您控制请求频率'}}... wait 5s
         [GLM-5 retry 3/4] APITimeoutError: Request timed out.... wait 15s
      [完成] 第 1/3 次语义评分完成，得分: 16.0
      [完成] 第 2/3 次语义评分完成，得分: 17.0
         [GLM-5 retry 2/4] APITimeoutError: Request timed out.... wait 10s
         [GLM-5 retry 1/4] APITimeoutError: Request timed out.... wait 5s
      [完成] 第 1/3 次语义评分完成，得分: 6.0

  [探测指标] 均分=7.3, 标准差=0.9428, 留白率=0%, 感知失败率=0%, 低质量提取率=0%, 提取质量=high
      [extraction-risk] R_ext=0.00, structure_missing=0%, suspicious=0%
      [风险画像] P=0.00, U=4.71%, F=50.00%, H=False, L=True
      [通用校准] rules=['lenient_undercredit_review', 'stable_undercredit_review'], UM=0.00%, MF=0.00%, cap=20.00
      [A3WA可信度] R=0.167, mu=0.833, alpha=0.829, beta=0.286, route=BND | high_confidence_lenient_undercredit_review
      [路由 -> BND] 边界样本 | P=0.00, U=4.71%, F=50.00%, H=False, L=True
         [Agent仲裁] raise|reject_raise | 原始仲裁分: 9.3 | 限幅后最终分: 7.3 | 三份评分中两份给出8.0（对step_7_1和step_7_4各给1分部分分），一份给出6.0（全给0分）。学生在step_7_1正确识别了主程序→A的入口转移，在step_7_4正确识别了D→C和B→主程序两段返回关系，按宽严相济原则应各得1分。B/C/D级屏蔽字(step_3,4,6)数值性错误无部分分依据，step_7_2/7_3明确否定嵌套关系属核心概念错误。最终8.0分有充分证据支撑，相对基线7.3应上调。
✅ [批改完成] ANS_CO_558 | 路由: BND | 最终分: 7.3 | 风险: P0.00/U0.05/F0.50/H0/L1 | 提取质量: 🟢high | 留白率: 0% | 低质量率: 0%
2026-06-25 03:20:06 | INFO     | ✅ [批改完成] ANS_CO_558 | 路由: BND | 最终分: 7.3 | 风险: P0.00/U0.05/F0.50/H0/L1 | 提取质量: 🟢high | 留白率: 0% | 低质量率: 0%

🔍 [正在处理] ANS_CO_559 | 启动 3WD 流水线...
2026-06-25 03:20:06 | INFO     | 
🔍 [正在处理] ANS_CO_559 | 启动 3WD 流水线...
📢 [总进度] 25/84 份试卷已归档。
2026-06-25 03:20:06 | INFO     | 📢 [总进度] 25/84 份试卷已归档。

=============================================
Start grading student [ANS_CO_559]
=============================================
  [Stage 1] fact extraction backend=csbench_hybrid...
  [Stage 2] independent semantic grading probes...
      [完成] 第 2/3 次语义评分完成，得分: 3.0
      [完成] 第 1/3 次语义评分完成，得分: 3.5
      [完成] 第 3/3 次语义评分完成，得分: 3.0

  [探测指标] 均分=3.2, 标准差=0.2357, 留白率=0%, 感知失败率=0%, 低质量提取率=0%, 提取质量=high
      [extraction-risk] R_ext=0.07, structure_missing=50%, suspicious=50%
      [风险画像] P=0.15, U=1.18%, F=10.00%, H=False, L=True
      [通用校准] rules=['structure_missing_review', 'extraction_retry_review'], UM=0.00%, MF=0.00%, cap=20.00
      [A3WA可信度] R=0.208, mu=0.792, alpha=0.829, beta=0.286, route=BND | beta_lt_confidence_lt_alpha
      [路由 -> BND] 边界样本 | P=0.15, U=1.18%, F=10.00%, H=False, L=True
         [Agent仲裁] cautious_lower|keep_minor_change | 原始仲裁分: 2.7 | 限幅后最终分: 3.2 | step_1 的 2.0 与 step_7_1 的 1.0 在三次评分中均一致且合理；step_2~step_6 全为空白，0 分正确；step_7_2、step_7_3 学生明确表示未显示，0 分正确。step_7_4 学生的返回序列 C→E→B 与标准 D→C→B→主程序 在元素和顺序上均不匹配，属核心结果错误。Record 2 给出的 0.5 partial_match 不成立，应降为 0，使最终分数与两次评分共识 3.0 一致。
✅ [批改完成] ANS_CO_559 | 路由: BND | 最终分: 3.2 | 风险: P0.15/U0.01/F0.10/H0/L1 | 提取质量: 🟢high | 留白率: 0% | 低质量率: 0%
2026-06-25 03:23:24 | INFO     | ✅ [批改完成] ANS_CO_559 | 路由: BND | 最终分: 3.2 | 风险: P0.15/U0.01/F0.10/H0/L1 | 提取质量: 🟢high | 留白率: 0% | 低质量率: 0%

🔍 [正在处理] ANS_CO_560 | 启动 3WD 流水线...
2026-06-25 03:23:24 | INFO     | 
🔍 [正在处理] ANS_CO_560 | 启动 3WD 流水线...
📢 [总进度] 26/84 份试卷已归档。
2026-06-25 03:23:24 | INFO     | 📢 [总进度] 26/84 份试卷已归档。

=============================================
Start grading student [ANS_CO_560]
=============================================
  [Stage 1] fact extraction backend=csbench_hybrid...
         [GLM-5 retry 2/4] APITimeoutError: Request timed out.... wait 10s
  [Stage 2] independent semantic grading probes...
      [完成] 第 1/3 次语义评分完成，得分: 16.0
      [完成] 第 2/3 次语义评分完成，得分: 16.0
      [完成] 第 3/3 次语义评分完成，得分: 16.0

  [探测指标] 均分=16.0, 标准差=0.0000, 留白率=0%, 感知失败率=0%, 低质量提取率=0%, 提取质量=high
      [extraction-risk] R_ext=0.00, structure_missing=0%, suspicious=0%
      [风险画像] P=0.00, U=0.00%, F=20.00%, H=False, L=False
      [通用校准] rules=['high_score_safety_review'], UM=0.00%, MF=0.00%, cap=20.00
      [A3WA可信度] R=0.000, mu=1.000, alpha=0.829, beta=0.286, route=BND | high_confidence_high_score_safety_review
      [路由 -> BND] 边界样本 | P=0.00, U=0.00%, F=20.00%, H=False, L=False
         [Agent仲裁] keep|keep_minor_change | 原始仲裁分: 16.0 | 限幅后最终分: 16.0 | Steps 1-6 are exact matches for the priority sequence and five mask words, fully supported by student evidence. Step_7_1 (main→A→main) and step_7_3 (D nested within C) are also correctly described and consistent with the mask words (A=11111 blocks all; C=01101 leaves D unmasked). The two zero-score items (step_7_2 and step_7_4) are unambiguous: the student explicitly stated 'no nesting between B and C' and that every interrupt returns directly to the user program, both of which directly contradict the canonical nested execution (C interrupts B; return path D→C→B→main). The 16/20 score is well-supported with no missed lenient credit and no unsupported awarded points.
✅ [批改完成] ANS_CO_560 | 路由: BND | 最终分: 16.0 | 风险: P0.00/U0.00/F0.20/H0/L0 | 提取质量: 🟢high | 留白率: 0% | 低质量率: 0%
2026-06-25 03:27:55 | INFO     | ✅ [批改完成] ANS_CO_560 | 路由: BND | 最终分: 16.0 | 风险: P0.00/U0.00/F0.20/H0/L0 | 提取质量: 🟢high | 留白率: 0% | 低质量率: 0%

🔍 [正在处理] ANS_CO_561 | 启动 3WD 流水线...
2026-06-25 03:27:55 | INFO     | 
🔍 [正在处理] ANS_CO_561 | 启动 3WD 流水线...
📢 [总进度] 27/84 份试卷已归档。
2026-06-25 03:27:55 | INFO     | 📢 [总进度] 27/84 份试卷已归档。

=============================================
Start grading student [ANS_CO_561]
=============================================
  [Stage 1] fact extraction backend=csbench_hybrid...
  [Stage 2] independent semantic grading probes...
      [完成] 第 1/3 次语义评分完成，得分: 15.0
         [GLM-5 retry 3/4] APITimeoutError: Request timed out.... wait 15s
      [完成] 第 3/3 次语义评分完成，得分: 17.0
      [完成] 第 2/3 次语义评分完成，得分: 15.0

  [探测指标] 均分=15.7, 标准差=0.9428, 留白率=0%, 感知失败率=0%, 低质量提取率=0%, 提取质量=high
      [extraction-risk] R_ext=0.00, structure_missing=0%, suspicious=0%
      [风险画像] P=0.00, U=4.71%, F=10.00%, H=False, L=False
      [通用校准] rules=['high_score_safety_review'], UM=0.00%, MF=0.00%, cap=20.00
      [A3WA可信度] R=0.167, mu=0.833, alpha=0.829, beta=0.286, route=BND | high_confidence_high_score_safety_review
      [路由 -> BND] 边界样本 | P=0.00, U=4.71%, F=10.00%, H=False, L=False
         [Agent仲裁] cautious_lower|reject_lower | 原始仲裁分: 13.7 | 限幅后最终分: 15.7 | 三位评分者中两位给出15分（step_7_2/7_3/7_4各1分部分分），与提取事实一致——嵌套关系和返回顺序均未通过可见线条明确显示。step_4（C级屏蔽字01100 vs 01101末位错误）为确定性0分。step_1~3、5~6、7_1全部正确给满。calibrated_score从baseline 15.7微调至15.0，仅下调Grader 2在step_7_2和step_7_3上多给的各1分。
✅ [批改完成] ANS_CO_561 | 路由: BND | 最终分: 15.7 | 风险: P0.00/U0.05/F0.10/H0/L0 | 提取质量: 🟢high | 留白率: 0% | 低质量率: 0%
2026-06-25 03:35:06 | INFO     | ✅ [批改完成] ANS_CO_561 | 路由: BND | 最终分: 15.7 | 风险: P0.00/U0.05/F0.10/H0/L0 | 提取质量: 🟢high | 留白率: 0% | 低质量率: 0%

🔍 [正在处理] ANS_CO_562 | 启动 3WD 流水线...
2026-06-25 03:35:06 | INFO     | 
🔍 [正在处理] ANS_CO_562 | 启动 3WD 流水线...
📢 [总进度] 28/84 份试卷已归档。
2026-06-25 03:35:06 | INFO     | 📢 [总进度] 28/84 份试卷已归档。

=============================================
Start grading student [ANS_CO_562]
=============================================
  [Stage 1] fact extraction backend=csbench_hybrid...
  [Stage 2] independent semantic grading probes...
      [完成] 第 3/3 次语义评分完成，得分: 14.0

  [探测指标] 均分=15.7, 标准差=1.2472, 留白率=0%, 感知失败率=0%, 低质量提取率=0%, 提取质量=high
      [extraction-risk] R_ext=0.00, structure_missing=0%, suspicious=0%
      [风险画像] P=0.00, U=6.24%, F=0.00%, H=False, L=False
      [通用校准] rules=['high_score_safety_review'], UM=0.00%, MF=0.00%, cap=20.00
      [A3WA可信度] R=0.250, mu=0.750, alpha=0.829, beta=0.286, route=BND | beta_lt_confidence_lt_alpha
      [路由 -> BND] 边界样本 | P=0.00, U=6.24%, F=0.00%, H=False, L=False
         [Agent仲裁] keep|reject_lower | 原始仲裁分: 14.7 | 限幅后最终分: 15.7 | Steps 1-6 (12 points) all match standard mask words and priority sequence. For the CPU execution diagram (steps 7_1-7_4): step_7_3 correctly shows C→D nesting (2.0); step_7_1 shows only 主程序→A entry without independent return, partial credit 1.0 is defensible; step_7_4 shows B→用户程序 final return plus D→C in full path, partial credit 1.0 is defensible; step_7_2 must be 0 since student explicitly states the B/C nesting is not shown and the path has A→C not B→C. Most defensible total = 12+1+0+2+1 = 16, matching Record 1 and closest to baseline 15.7. Record 2's 1.0 on step_7_2 is unsupported over-credit; Record 3's zeros on 7_1/7_4 are slightly too strict given partial evidence exists.
✅ [批改完成] ANS_CO_555 | 路由: BND | 最终分: 15.7 | 风险: P0.00/U0.06/F0.00/H0/L0 | 提取质量: 🟢high | 留白率: 0% | 低质量率: 0%
2026-06-25 03:37:17 | INFO     | ✅ [批改完成] ANS_CO_555 | 路由: BND | 最终分: 15.7 | 风险: P0.00/U0.06/F0.00/H0/L0 | 提取质量: 🟢high | 留白率: 0% | 低质量率: 0%

🔍 [正在处理] ANS_CO_564 | 启动 3WD 流水线...
2026-06-25 03:37:17 | INFO     | 
🔍 [正在处理] ANS_CO_564 | 启动 3WD 流水线...
📢 [总进度] 29/84 份试卷已归档。
2026-06-25 03:37:17 | INFO     | 📢 [总进度] 29/84 份试卷已归档。

=============================================
Start grading student [ANS_CO_564]
=============================================
  [Stage 1] fact extraction backend=csbench_hybrid...
  [Stage 2] independent semantic grading probes...
      [完成] 第 2/3 次语义评分完成，得分: 10.0
      [完成] 第 3/3 次语义评分完成，得分: 10.0
      [完成] 第 1/3 次语义评分完成，得分: 10.0

  [探测指标] 均分=10.0, 标准差=0.0000, 留白率=0%, 感知失败率=0%, 低质量提取率=0%, 提取质量=high
      [extraction-risk] R_ext=0.07, structure_missing=50%, suspicious=50%
      [风险画像] P=0.15, U=0.00%, F=0.00%, H=False, L=True
      [通用校准] rules=['lenient_undercredit_review', 'stable_undercredit_review', 'result_anchored_undercredit_review', 'structure_missing_review'], UM=0.00%, MF=0.00%, cap=20.00
      [A3WA可信度] R=0.167, mu=0.833, alpha=0.829, beta=0.286, route=BND | high_confidence_lenient_undercredit_review
      [路由 -> BND] 边界样本 | P=0.15, U=0.00%, F=0.00%, H=False, L=True
         [GLM-5 retry 1/4] APITimeoutError: Request timed out.... wait 5s
         [GLM-5 retry 1/4] APITimeoutError: Request timed out.... wait 5s
         [Agent仲裁] keep|auto_small_raise | 原始仲裁分: 10.0 | 限幅后最终分: 11.4 | 三个评分记录在所有步骤上完全一致：step_1 (优先级序列) 完全正确；step_2-6 (屏蔽字) 因学生仅写'需要查看图像'且无可评估内容，正确判为空白0分；step_7_2 与 step_7_3 学生明确写出'C在B内部'与'D在C内部'，准确表达嵌套关系，判2分合理。step_7_1 与 step_7_4 虽学生路径表述为 用户程序→A→B→C→D→E→用户程序，与标准答案独立'A→主程序'拓扑略有差异，但其外层包含主程序↔A级关系，返回序列 E→D→C→B→A→用户程序 也完整包含标准所要求的 D→C→B→主程序 核心链。三类核心可识别要点（优先级、B/C 嵌套、C/D 嵌套、关键返回链）均已被正确识别并给分，未发现具体可量化的漏分或可疑的高分项。共识 10.0 维持。
✅ [批改完成] ANS_CO_564 | 路由: BND | 最终分: 11.4 | 风险: P0.15/U0.00/F0.00/H0/L1 | 提取质量: 🟢high | 留白率: 0% | 低质量率: 0%
2026-06-25 03:44:43 | INFO     | ✅ [批改完成] ANS_CO_564 | 路由: BND | 最终分: 11.4 | 风险: P0.15/U0.00/F0.00/H0/L1 | 提取质量: 🟢high | 留白率: 0% | 低质量率: 0%

🔍 [正在处理] ANS_CO_565 | 启动 3WD 流水线...
2026-06-25 03:44:43 | INFO     | 
🔍 [正在处理] ANS_CO_565 | 启动 3WD 流水线...
📢 [总进度] 30/84 份试卷已归档。
2026-06-25 03:44:43 | INFO     | 📢 [总进度] 30/84 份试卷已归档。

=============================================
Start grading student [ANS_CO_565]
=============================================
  [Stage 1] fact extraction backend=csbench_hybrid...
  [Stage 2] independent semantic grading probes...
      [完成] 第 2/3 次语义评分完成，得分: 8.0
         [GLM-5 retry 2/4] APITimeoutError: Request timed out.... wait 10s
      [完成] 第 2/3 次语义评分完成，得分: 18.0
         [GLM-5 retry 3/4] RateLimitError: Error code: 429 - {'error': {'code': '1302', 'message': '您的账户已达到速率限制，请您控制请求频率'}}... wait 15s
         [GLM-5 retry 1/4] RateLimitError: Error code: 429 - {'error': {'code': '1302', 'message': '您的账户已达到速率限制，请您控制请求频率'}}... wait 5s
         [GLM-5 retry 4/4] RateLimitError: Error code: 429 - {'error': {'code': '1302', 'message': '您的账户已达到速率限制，请您控制请求频率'}}... wait 20s
      [完成] 第 1/3 次语义评分完成，得分: 19.0
         [GLM-5 retry 1/4] APITimeoutError: Request timed out.... wait 5s
         [GLM-5 retry 1/4] RateLimitError: Error code: 429 - {'error': {'code': '1302', 'message': '您的账户已达到速率限制，请您控制请求频率'}}... wait 5s
         [GLM-5 retry 2/4] APITimeoutError: Request timed out.... wait 10s
         [GLM-5 retry 2/4] APITimeoutError: Request timed out.... wait 10s
      [完成] 第 1/3 次语义评分完成，得分: 9.0
         [GLM-5 retry 3/4] APITimeoutError: Request timed out.... wait 15s
         [GLM-5 retry 3/4] APITimeoutError: Request timed out.... wait 15s
         [GLM-5 retry 4/4] APITimeoutError: Request timed out.... wait 20s
         [GLM-5 retry 4/4] APITimeoutError: Request timed out.... wait 20s
         [GLM-5 retry 1/4] APITimeoutError: Request timed out.... wait 5s
         [GLM-5 retry 1/4] APITimeoutError: Request timed out.... wait 5s
         [GLM-5 retry 2/4] APITimeoutError: Request timed out.... wait 10s
         [GLM-5 retry 2/4] APITimeoutError: Request timed out.... wait 10s
         [GLM-5 retry 3/4] APITimeoutError: Request timed out.... wait 15s
      [完成] 第 3/3 次语义评分完成，得分: 6.0

  [探测指标] 均分=7.7, 标准差=1.2472, 留白率=0%, 感知失败率=0%, 低质量提取率=0%, 提取质量=high
      [extraction-risk] R_ext=0.00, structure_missing=0%, suspicious=0%
      [风险画像] P=0.00, U=6.24%, F=50.00%, H=False, L=True
      [通用校准] rules=['lenient_undercredit_review', 'stable_undercredit_review'], UM=0.00%, MF=0.00%, cap=20.00
      [A3WA可信度] R=0.250, mu=0.750, alpha=0.829, beta=0.286, route=BND | beta_lt_confidence_lt_alpha
      [路由 -> BND] 边界样本 | P=0.00, U=6.24%, F=50.00%, H=False, L=True
         [Agent仲裁] keep|reject_raise | 原始仲裁分: 8.7 | 限幅后最终分: 7.7 | 屏蔽字5项(step_2~6)为学生答案恰好与标准答案逐位取反，三份评分一致给0，属SEMANTIC_FATAL无争议。step_1全对(2.0)；step_7_1学生未体现A独立返回主程序，1.0合理；step_7_2、7_3学生用阶梯上升段正确表达了嵌套关系，应得满分(2.0+2.0)，record 3过严；step_7_4返回序列含核心D→C→B但加了多余的E、A，应给部分分1.0，record 2过宽。综合公平分=2+0+0+0+0+0+1+2+2+1=8.0，与record 1一致，故保持。
✅ [批改完成] ANS_CO_562 | 路由: BND | 最终分: 7.7 | 风险: P0.00/U0.06/F0.50/H0/L1 | 提取质量: 🟢high | 留白率: 0% | 低质量率: 0%
2026-06-25 04:29:24 | INFO     | ✅ [批改完成] ANS_CO_562 | 路由: BND | 最终分: 7.7 | 风险: P0.00/U0.06/F0.50/H0/L1 | 提取质量: 🟢high | 留白率: 0% | 低质量率: 0%

🔍 [正在处理] ANS_CO_567 | 启动 3WD 流水线...
2026-06-25 04:29:24 | INFO     | 
🔍 [正在处理] ANS_CO_567 | 启动 3WD 流水线...
📢 [总进度] 31/84 份试卷已归档。
2026-06-25 04:29:24 | INFO     | 📢 [总进度] 31/84 份试卷已归档。

=============================================
Start grading student [ANS_CO_567]
=============================================
  [Stage 1] fact extraction backend=csbench_hybrid...
  [Stage 2] independent semantic grading probes...
      [完成] 第 3/3 次语义评分完成，得分: 18.0

  [探测指标] 均分=18.3, 标准差=0.4714, 留白率=0%, 感知失败率=0%, 低质量提取率=0%, 提取质量=high
      [extraction-risk] R_ext=0.00, structure_missing=0%, suspicious=0%
      [风险画像] P=0.00, U=2.36%, F=0.00%, H=False, L=False
      [A3WA可信度] R=0.083, mu=0.917, alpha=0.829, beta=0.286, route=POS | confidence_ge_alpha
      [route -> POS] accept selected_baseline_score=18.3
✅ [批改完成] ANS_CO_565 | 路由: POS | 最终分: 18.3 | 风险: P0.00/U0.02/F0.00/H0/L0 | 提取质量: 🟢high | 留白率: 0% | 低质量率: 0%
2026-06-25 04:33:29 | INFO     | ✅ [批改完成] ANS_CO_565 | 路由: POS | 最终分: 18.3 | 风险: P0.00/U0.02/F0.00/H0/L0 | 提取质量: 🟢high | 留白率: 0% | 低质量率: 0%

🔍 [正在处理] ANS_CO_569 | 启动 3WD 流水线...
2026-06-25 04:33:29 | INFO     | 
🔍 [正在处理] ANS_CO_569 | 启动 3WD 流水线...
📢 [总进度] 32/84 份试卷已归档。
2026-06-25 04:33:29 | INFO     | 📢 [总进度] 32/84 份试卷已归档。

=============================================
Start grading student [ANS_CO_569]
=============================================
  [Stage 1] fact extraction backend=csbench_hybrid...
  [Stage 2] independent semantic grading probes...
      [完成] 第 1/3 次语义评分完成，得分: 18.0
         [GLM-5 retry 1/4] APITimeoutError: Request timed out.... wait 5s
         [GLM-5 retry 1/4] APITimeoutError: Request timed out.... wait 5s
      [完成] 第 2/3 次语义评分完成，得分: 18.0
      [完成] 第 3/3 次语义评分完成，得分: 18

  [探测指标] 均分=18.0, 标准差=0.0000, 留白率=10%, 感知失败率=0%, 低质量提取率=0%, 提取质量=high
      [extraction-risk] R_ext=0.04, structure_missing=0%, suspicious=10%
      [风险画像] P=0.08, U=0.00%, F=0.00%, H=False, L=False
      [A3WA可信度] R=0.067, mu=0.933, alpha=0.829, beta=0.286, route=BND | pos_safety_gate:unsupported_high_score
      [路由 -> BND] 边界样本 | P=0.08, U=0.00%, F=0.00%, H=False, L=False
         [Agent仲裁] keep|keep_minor_change | 原始仲裁分: 18.0 | 限幅后最终分: 18.0 | All three graders unanimously awarded 18/20. The only deduction is step_1 (priority sequence), which was genuinely left blank by the student. Steps 2-6 (mask words A-E) all match the standard_answer_text exactly when spaces are removed. Steps 7_1-7_4 (execution path diagram) show the correct nesting relationships (user→A, C interrupts B, D interrupts C, return from D) consistent with the rubric's expected conditions. The rubric does not require E to appear in the execution path, and no step asks for E's role in the diagram. No concrete missed credit or unsupported high-score credit identified.
✅ [批改完成] ANS_CO_569 | 路由: BND | 最终分: 18.0 | 风险: P0.08/U0.00/F0.00/H0/L0 | 提取质量: 🟢high | 留白率: 10% | 低质量率: 0%
2026-06-25 04:38:34 | INFO     | ✅ [批改完成] ANS_CO_569 | 路由: BND | 最终分: 18.0 | 风险: P0.08/U0.00/F0.00/H0/L0 | 提取质量: 🟢high | 留白率: 10% | 低质量率: 0%

🔍 [正在处理] ANS_CO_570 | 启动 3WD 流水线...
2026-06-25 04:38:34 | INFO     | 
🔍 [正在处理] ANS_CO_570 | 启动 3WD 流水线...
📢 [总进度] 33/84 份试卷已归档。
2026-06-25 04:38:34 | INFO     | 📢 [总进度] 33/84 份试卷已归档。

=============================================
Start grading student [ANS_CO_570]
=============================================
  [Stage 1] fact extraction backend=csbench_hybrid...
      [完成] 第 1/3 次语义评分完成，得分: 17
  [Stage 2] independent semantic grading probes...
      [完成] 第 2/3 次语义评分完成，得分: 18.0
      [完成] 第 1/3 次语义评分完成，得分: 7.0
      [完成] 第 3/3 次语义评分完成，得分: 7.0
      [完成] 第 3/3 次语义评分完成，得分: 19.0

  [探测指标] 均分=18.0, 标准差=0.8165, 留白率=0%, 感知失败率=0%, 低质量提取率=0%, 提取质量=high
      [extraction-risk] R_ext=0.00, structure_missing=0%, suspicious=0%
      [风险画像] P=0.00, U=4.08%, F=0.00%, H=False, L=False
      [通用校准] rules=['high_score_safety_review'], UM=0.00%, MF=0.00%, cap=20.00
      [A3WA可信度] R=0.167, mu=0.833, alpha=0.829, beta=0.286, route=BND | high_confidence_high_score_safety_review
      [路由 -> BND] 边界样本 | P=0.00, U=4.08%, F=0.00%, H=False, L=False
      [完成] 第 2/3 次语义评分完成，得分: 7.0

  [探测指标] 均分=7.0, 标准差=0.0000, 留白率=0%, 感知失败率=0%, 低质量提取率=0%, 提取质量=high
      [extraction-risk] R_ext=0.07, structure_missing=50%, suspicious=50%
      [风险画像] P=0.15, U=0.00%, F=0.00%, H=False, L=True
      [通用校准] rules=['lenient_undercredit_review', 'stable_undercredit_review', 'structure_missing_review'], UM=0.00%, MF=0.00%, cap=20.00
      [A3WA可信度] R=0.167, mu=0.833, alpha=0.829, beta=0.286, route=BND | high_confidence_lenient_undercredit_review
      [路由 -> BND] 边界样本 | P=0.15, U=0.00%, F=0.00%, H=False, L=True
         [Agent仲裁] keep|keep_minor_change | 原始仲裁分: 7.0 | 限幅后最终分: 7.0 | All three prior graders consistently awarded 7.0. Step_1 (priority sequence) is fully correct. Steps 2-6 (mask words) are entirely blank ('需要查看图像') with no extractable values—no credit possible. Step_7_1 (main→A→main) is supported by the student's path. Step_7_3 (D interrupts C) is correctly described. Step_7_2 (C interrupts B) cannot receive credit since B is absent from the entire diagram. Step_7_4 partial credit (1.0/2.0) is defensible: the student demonstrates correct nested-return concept (reverse-order descent) with D→C matching, but the sequence E→D→C→A→主程序 diverges substantially from expected D→C→B→主程序 (missing B, extraneous E and A). No concrete missed lenient credit identified; no unsupported high-score credit identified.
✅ [批改完成] ANS_CO_570 | 路由: BND | 最终分: 7.0 | 风险: P0.15/U0.00/F0.00/H0/L1 | 提取质量: 🟢high | 留白率: 0% | 低质量率: 0%
2026-06-25 04:46:23 | INFO     | ✅ [批改完成] ANS_CO_570 | 路由: BND | 最终分: 7.0 | 风险: P0.15/U0.00/F0.00/H0/L1 | 提取质量: 🟢high | 留白率: 0% | 低质量率: 0%

🔍 [正在处理] ANS_CO_571 | 启动 3WD 流水线...
2026-06-25 04:46:23 | INFO     | 
🔍 [正在处理] ANS_CO_571 | 启动 3WD 流水线...

=============================================
Start grading student [ANS_CO_571]
=============================================
  [Stage 1] fact extraction backend=csbench_hybrid...
📢 [总进度] 34/84 份试卷已归档。
2026-06-25 04:46:23 | INFO     | 📢 [总进度] 34/84 份试卷已归档。
  [Stage 2] independent semantic grading probes...
         [Agent仲裁] keep|reject_lower | 原始仲裁分: 17.0 | 限幅后最终分: 18.0 | Steps 1-6 and 7_1/7_3 are unanimously correct (16 pts). The key disputes are step_7_2 (0 vs 1) and step_7_4 (1 vs 2). For step_7_2, extracted fact explicitly states B-C are sequential not nested, making 1.0 partial credit borderline-defensible since labels exist. For step_7_4, fact only shows 'descending return to user program' without explicit D→C→B sequence; since B-C nesting (step_7_2) is unconfirmed, full 2.0 is unsupported. Baseline 18 (12+2+1+2+1) is the most defensible score.
✅ [批改完成] ANS_CO_567 | 路由: BND | 最终分: 18.0 | 风险: P0.00/U0.04/F0.00/H0/L0 | 提取质量: 🟢high | 留白率: 0% | 低质量率: 0%
2026-06-25 04:49:08 | INFO     | ✅ [批改完成] ANS_CO_567 | 路由: BND | 最终分: 18.0 | 风险: P0.00/U0.04/F0.00/H0/L0 | 提取质量: 🟢high | 留白率: 0% | 低质量率: 0%

🔍 [正在处理] ANS_CO_572 | 启动 3WD 流水线...
2026-06-25 04:49:08 | INFO     | 
🔍 [正在处理] ANS_CO_572 | 启动 3WD 流水线...
📢 [总进度] 35/84 份试卷已归档。
2026-06-25 04:49:08 | INFO     | 📢 [总进度] 35/84 份试卷已归档。

=============================================
Start grading student [ANS_CO_572]
=============================================
  [Stage 1] fact extraction backend=csbench_hybrid...
      [完成] 第 1/3 次语义评分完成，得分: 17.0
  [Stage 2] independent semantic grading probes...
      [完成] 第 2/3 次语义评分完成，得分: 17.0
      [完成] 第 2/3 次语义评分完成，得分: 18.0
      [完成] 第 3/3 次语义评分完成，得分: 17.0

  [探测指标] 均分=17.0, 标准差=0.0000, 留白率=0%, 感知失败率=0%, 低质量提取率=0%, 提取质量=high
      [extraction-risk] R_ext=0.07, structure_missing=50%, suspicious=50%
      [风险画像] P=0.15, U=0.00%, F=0.00%, H=False, L=False
      [通用校准] rules=['structure_missing_review'], UM=0.00%, MF=0.00%, cap=20.00
      [A3WA可信度] R=0.167, mu=0.833, alpha=0.829, beta=0.286, route=BND | pos_safety_gate:structure_missing
      [路由 -> BND] 边界样本 | P=0.15, U=0.00%, F=0.00%, H=False, L=False
      [完成] 第 1/3 次语义评分完成，得分: 18.0
         [Agent仲裁] keep|keep_minor_change | 原始仲裁分: 17.0 | 限幅后最终分: 17.0 | All three grading records are unanimous at 17.0. Steps 1–6 (priority sequence and five masking words) are correctly answered with semantically equivalent list-form masking sets, fully matching standard_answer_text bit vectors. Step 7_1 receives appropriate partial credit (1/2) for showing the forward path (main→A) but missing the explicit return to main. Step 7_2 and 7_3 correctly depict nested interrupt relationships (C interrupts B, D interrupts C). Step 7_4 correctly receives 0 as the student's own diagram extract confirms no return sequence is shown. No missed lenient credit or unsupported high-score credit identified.
✅ [批改完成] ANS_CO_571 | 路由: BND | 最终分: 17.0 | 风险: P0.15/U0.00/F0.00/H0/L0 | 提取质量: 🟢high | 留白率: 0% | 低质量率: 0%
2026-06-25 04:53:50 | INFO     | ✅ [批改完成] ANS_CO_571 | 路由: BND | 最终分: 17.0 | 风险: P0.15/U0.00/F0.00/H0/L0 | 提取质量: 🟢high | 留白率: 0% | 低质量率: 0%

🔍 [正在处理] ANS_CO_573 | 启动 3WD 流水线...
2026-06-25 04:53:50 | INFO     | 
🔍 [正在处理] ANS_CO_573 | 启动 3WD 流水线...
📢 [总进度] 36/84 份试卷已归档。
2026-06-25 04:53:50 | INFO     | 📢 [总进度] 36/84 份试卷已归档。

=============================================
Start grading student [ANS_CO_573]
=============================================
  [Stage 1] fact extraction backend=csbench_hybrid...
      [完成] 第 3/3 次语义评分完成，得分: 17.0

  [探测指标] 均分=17.7, 标准差=0.4714, 留白率=0%, 感知失败率=0%, 低质量提取率=0%, 提取质量=high
      [extraction-risk] R_ext=0.00, structure_missing=0%, suspicious=0%
      [风险画像] P=0.00, U=2.36%, F=0.00%, H=False, L=False
      [A3WA可信度] R=0.083, mu=0.917, alpha=0.829, beta=0.286, route=POS | confidence_ge_alpha
      [route -> POS] accept selected_baseline_score=17.7
✅ [批改完成] ANS_CO_572 | 路由: POS | 最终分: 17.7 | 风险: P0.00/U0.02/F0.00/H0/L0 | 提取质量: 🟢high | 留白率: 0% | 低质量率: 0%
2026-06-25 04:54:16 | INFO     | ✅ [批改完成] ANS_CO_572 | 路由: POS | 最终分: 17.7 | 风险: P0.00/U0.02/F0.00/H0/L0 | 提取质量: 🟢high | 留白率: 0% | 低质量率: 0%

🔍 [正在处理] ANS_CO_575 | 启动 3WD 流水线...
2026-06-25 04:54:16 | INFO     | 
🔍 [正在处理] ANS_CO_575 | 启动 3WD 流水线...
📢 [总进度] 37/84 份试卷已归档。
2026-06-25 04:54:16 | INFO     | 📢 [总进度] 37/84 份试卷已归档。

=============================================
Start grading student [ANS_CO_575]
=============================================
  [Stage 1] fact extraction backend=csbench_hybrid...
  [Stage 2] independent semantic grading probes...
  [Stage 2] independent semantic grading probes...
         [GLM-5 retry 1/4] RateLimitError: Error code: 429 - {'error': {'code': '1302', 'message': '您的账户已达到速率限制，请您控制请求频率'}}... wait 5s
         [GLM-5 retry 2/4] RateLimitError: Error code: 429 - {'error': {'code': '1302', 'message': '您的账户已达到速率限制，请您控制请求频率'}}... wait 10s
         [GLM-5 retry 3/4] RateLimitError: Error code: 429 - {'error': {'code': '1302', 'message': '您的账户已达到速率限制，请您控制请求频率'}}... wait 15s
         [GLM-5 retry 4/4] RateLimitError: Error code: 429 - {'error': {'code': '1302', 'message': '您的账户已达到速率限制，请您控制请求频率'}}... wait 20s
      [完成] 第 1/3 次语义评分完成，得分: 9.5
         [GLM-5 retry 1/4] APITimeoutError: Request timed out.... wait 5s
         [GLM-5 retry 1/4] APITimeoutError: Request timed out.... wait 5s
      [完成] 第 2/3 次语义评分完成，得分: 12.0
         [GLM-5 retry 1/4] APITimeoutError: Request timed out.... wait 5s
         [GLM-5 retry 1/4] APITimeoutError: Request timed out.... wait 5s
         [GLM-5 retry 2/4] APITimeoutError: Request timed out.... wait 10s
      [完成] 第 1/3 次语义评分完成，得分: 16.0
      [完成] 第 3/3 次语义评分完成，得分: 15
         [GLM-5 retry 2/4] APITimeoutError: Request timed out.... wait 10s
      [完成] 第 3/3 次语义评分完成，得分: 12.0

  [探测指标] 均分=11.2, 标准差=1.1785, 留白率=0%, 感知失败率=0%, 低质量提取率=0%, 提取质量=high
      [extraction-risk] R_ext=0.00, structure_missing=0%, suspicious=0%
      [风险画像] P=0.00, U=5.89%, F=20.00%, H=False, L=True
      [通用校准] rules=['lenient_undercredit_review', 'stable_undercredit_review', 'result_anchored_undercredit_review'], UM=0.00%, MF=0.00%, cap=20.00
      [A3WA可信度] R=0.208, mu=0.792, alpha=0.829, beta=0.286, route=BND | beta_lt_confidence_lt_alpha
      [路由 -> BND] 边界样本 | P=0.00, U=5.89%, F=20.00%, H=False, L=True
         [GLM-5 retry 3/4] APITimeoutError: Request timed out.... wait 15s
         [GLM-5 retry 1/4] APITimeoutError: Request timed out.... wait 5s
         [Agent仲裁] keep|small_raise | 原始仲裁分: 12.2 | 限幅后最终分: 12.2 | Step_3 和 step_6 按 canonicalization 应给满分（Grader 1 误判），但 step_7_2 学生路径与 'C 打断 B' 关系矛盾（Grader 1 过于宽松给满分），step_7_4 缺少 B→主程序 返回。综合各步：2+2+2+0+0+2+0+0+2+1=11，与 baseline model_avg (11.2) 基本吻合，维持 keep。
✅ [批改完成] ANS_CO_575 | 路由: BND | 最终分: 12.2 | 风险: P0.00/U0.06/F0.20/H0/L1 | 提取质量: 🟢high | 留白率: 0% | 低质量率: 0%
2026-06-25 05:19:25 | INFO     | ✅ [批改完成] ANS_CO_575 | 路由: BND | 最终分: 12.2 | 风险: P0.00/U0.06/F0.20/H0/L1 | 提取质量: 🟢high | 留白率: 0% | 低质量率: 0%

🔍 [正在处理] ANS_CO_578 | 启动 3WD 流水线...
2026-06-25 05:19:25 | INFO     | 
🔍 [正在处理] ANS_CO_578 | 启动 3WD 流水线...
📢 [总进度] 38/84 份试卷已归档。
2026-06-25 05:19:25 | INFO     | 📢 [总进度] 38/84 份试卷已归档。

=============================================
Start grading student [ANS_CO_578]
=============================================
  [Stage 1] fact extraction backend=csbench_hybrid...
  [Stage 2] independent semantic grading probes...
         [GLM-5 retry 4/4] APITimeoutError: Request timed out.... wait 20s
         [GLM-5 retry 1/4] APITimeoutError: Request timed out.... wait 5s
         [GLM-5 retry 1/4] APITimeoutError: Request timed out.... wait 5s
         [GLM-5 retry 1/4] APITimeoutError: Request timed out.... wait 5s
         [GLM-5 retry 2/4] APITimeoutError: Request timed out.... wait 10s
         [GLM-5 retry 2/4] APITimeoutError: Request timed out.... wait 10s
         [GLM-5 retry 2/4] APITimeoutError: Request timed out.... wait 10s
      [完成] 第 2/3 次语义评分完成，得分: 3.0
         [GLM-5 retry 3/4] APITimeoutError: Request timed out.... wait 15s
         [GLM-5 retry 3/4] APITimeoutError: Request timed out.... wait 15s
         [GLM-5 retry 1/4] APITimeoutError: Request timed out.... wait 5s
         [GLM-5 retry 4/4] APITimeoutError: Request timed out.... wait 20s
         [GLM-5 retry 4/4] APITimeoutError: Request timed out.... wait 20s

  [探测指标] 均分=15.5, 标准差=0.5000, 留白率=10%, 感知失败率=0%, 低质量提取率=0%, 提取质量=high
      [extraction-risk] R_ext=0.04, structure_missing=0%, suspicious=10%
      [风险画像] P=0.08, U=2.50%, F=0.00%, H=False, L=False
      [A3WA可信度] R=0.150, mu=0.850, alpha=0.829, beta=0.286, route=BND | pos_safety_gate:possible_undercredit
      [路由 -> BND] 边界样本 | P=0.08, U=2.50%, F=0.00%, H=False, L=False
         [GLM-5 retry 2/4] APITimeoutError: Request timed out.... wait 10s
         [GLM-5 retry 1/4] APITimeoutError: Request timed out.... wait 5s
         [GLM-5 retry 1/4] APITimeoutError: Request timed out.... wait 5s
         [GLM-5 retry 3/4] APITimeoutError: Request timed out.... wait 15s
         [GLM-5 retry 2/4] APITimeoutError: Request timed out.... wait 10s
         [Agent仲裁] cautious_lower|reject_lower | 原始仲裁分: 14.5 | 限幅后最终分: 15.5 | 屏蔽字step_2~step_6全部正确(10分)，优先级step_1未书写(0分)，嵌套关系step_7_2/7_3正确(4分)，step_7_1部分正确(1分)。唯一争议在step_7_4：学生返回路径E→主程序与标准D→C→B→主程序完全不符，属概念性错误应得0分。Record 2的15.0更合理，从baseline 15.5微调至15.0。
✅ [批改完成] ANS_CO_573 | 路由: BND | 最终分: 15.5 | 风险: P0.08/U0.03/F0.00/H0/L0 | 提取质量: 🟢high | 留白率: 10% | 低质量率: 0%
2026-06-25 06:01:45 | INFO     | ✅ [批改完成] ANS_CO_573 | 路由: BND | 最终分: 15.5 | 风险: P0.08/U0.03/F0.00/H0/L0 | 提取质量: 🟢high | 留白率: 10% | 低质量率: 0%

🔍 [正在处理] ANS_CO_579 | 启动 3WD 流水线...
2026-06-25 06:01:45 | INFO     | 
🔍 [正在处理] ANS_CO_579 | 启动 3WD 流水线...
📢 [总进度] 39/84 份试卷已归档。
2026-06-25 06:01:45 | INFO     | 📢 [总进度] 39/84 份试卷已归档。

=============================================
Start grading student [ANS_CO_579]
=============================================
  [Stage 1] fact extraction backend=csbench_hybrid...
  [Stage 2] independent semantic grading probes...
         [GLM-5 retry 4/4] APITimeoutError: Request timed out.... wait 20s
         [GLM-5 retry 3/4] APITimeoutError: Request timed out.... wait 15s
         [GLM-5 retry 4/4] RateLimitError: Error code: 429 - {'error': {'code': '1302', 'message': '您的账户已达到速率限制，请您控制请求频率'}}... wait 20s
         [GLM-5 retry 1/4] RateLimitError: Error code: 429 - {'error': {'code': '1302', 'message': '您的账户已达到速率限制，请您控制请求频率'}}... wait 5s
         [GLM-5 retry 1/4] RateLimitError: Error code: 429 - {'error': {'code': '1302', 'message': '您的账户已达到速率限制，请您控制请求频率'}}... wait 5s
         [GLM-5 retry 2/4] RateLimitError: Error code: 429 - {'error': {'code': '1302', 'message': '您的账户已达到速率限制，请您控制请求频率'}}... wait 10s
         [GLM-5 retry 2/4] RateLimitError: Error code: 429 - {'error': {'code': '1302', 'message': '您的账户已达到速率限制，请您控制请求频率'}}... wait 10s
      [完成] 第 2/3 次语义评分完成，得分: 16.0
         [GLM-5 retry 1/4] APITimeoutError: Request timed out.... wait 5s
         [GLM-5 retry 2/4] RateLimitError: Error code: 429 - {'error': {'code': '1302', 'message': '您的账户已达到速率限制，请您控制请求频率'}}... wait 10s
      [完成] 第 3/3 次语义评分完成，得分: 15.0
         [GLM-5 retry 1/4] APITimeoutError: Request timed out.... wait 5s
         [GLM-5 retry 3/4] APITimeoutError: Request timed out.... wait 15s
         [GLM-5 retry 3/4] APITimeoutError: Request timed out.... wait 15s
         [GLM-5 retry 2/4] APITimeoutError: Request timed out.... wait 10s
         [GLM-5 retry 4/4] APITimeoutError: Request timed out.... wait 20s
         [GLM-5 retry 4/4] APITimeoutError: Request timed out.... wait 20s
         [GLM-5 retry 3/4] APITimeoutError: Request timed out.... wait 15s
      [完成] 第 1/3 次语义评分完成，得分: 15.0

  [探测指标] 均分=15.3, 标准差=0.4714, 留白率=0%, 感知失败率=0%, 低质量提取率=0%, 提取质量=high
      [extraction-risk] R_ext=0.00, structure_missing=0%, suspicious=0%
      [风险画像] P=0.00, U=2.36%, F=0.00%, H=False, L=False
      [通用校准] rules=['lenient_undercredit_review', 'high_score_safety_review'], UM=0.00%, MF=0.00%, cap=20.00
      [A3WA可信度] R=0.083, mu=0.917, alpha=0.829, beta=0.286, route=BND | high_confidence_lenient_undercredit_review
      [路由 -> BND] 边界样本 | P=0.00, U=2.36%, F=0.00%, H=False, L=False
      [完成] 第 3/3 次语义评分完成，得分: 19.0
         [Agent仲裁] raise|auto_small_raise | 原始仲裁分: 15.8 | 限幅后最终分: 16.7 | step_1 至 step_6 全对共 12 分无争议；step_7 系列学生以线性完成序列而非图形嵌套表达，step_7_1/7_3/7_4 维持 1.0 部分分合理；step_7_2 在宽松阅卷下应承认完成顺序隐含的 C-in-B 嵌套关系，调至 1.0，总分 16，与 Record 1 的宽松判法一致。
✅ [批改完成] ANS_CO_579 | 路由: BND | 最终分: 16.7 | 风险: P0.00/U0.02/F0.00/H0/L0 | 提取质量: 🟢high | 留白率: 0% | 低质量率: 0%
2026-06-25 06:27:00 | INFO     | ✅ [批改完成] ANS_CO_579 | 路由: BND | 最终分: 16.7 | 风险: P0.00/U0.02/F0.00/H0/L0 | 提取质量: 🟢high | 留白率: 0% | 低质量率: 0%

🔍 [正在处理] ANS_CO_580 | 启动 3WD 流水线...
2026-06-25 06:27:00 | INFO     | 
🔍 [正在处理] ANS_CO_580 | 启动 3WD 流水线...
📢 [总进度] 40/84 份试卷已归档。
2026-06-25 06:27:00 | INFO     | 📢 [总进度] 40/84 份试卷已归档。

=============================================
Start grading student [ANS_CO_580]
=============================================
  [Stage 1] fact extraction backend=csbench_hybrid...
  [Stage 2] independent semantic grading probes...
      [完成] 第 1/3 次语义评分完成，得分: 9.0
         [GLM-5 retry 4/4] APITimeoutError: Request timed out.... wait 20s
      [完成] 第 2/3 次语义评分完成，得分: 9.0
      [完成] 第 3/3 次语义评分完成，得分: 8.0

  [探测指标] 均分=8.7, 标准差=0.4714, 留白率=0%, 感知失败率=0%, 低质量提取率=0%, 提取质量=high
      [extraction-risk] R_ext=0.07, structure_missing=50%, suspicious=50%
      [风险画像] P=0.15, U=2.36%, F=0.00%, H=False, L=True
      [通用校准] rules=['lenient_undercredit_review', 'stable_undercredit_review', 'structure_missing_review'], UM=0.00%, MF=0.00%, cap=20.00
      [A3WA可信度] R=0.250, mu=0.750, alpha=0.829, beta=0.286, route=BND | beta_lt_confidence_lt_alpha
      [路由 -> BND] 边界样本 | P=0.15, U=2.36%, F=0.00%, H=False, L=True

  [探测指标] 均分=11.0, 标准差=8.0000, 留白率=0%, 感知失败率=0%, 低质量提取率=0%, 提取质量=high
      [extraction-risk] R_ext=0.07, structure_missing=50%, suspicious=50%
      [风险画像] P=0.15, U=40.00%, F=80.00%, H=False, L=True
      [通用校准] rules=['structure_missing_review'], UM=0.00%, MF=0.00%, cap=20.00
      [A3WA可信度] R=0.500, mu=0.500, alpha=0.829, beta=0.286, route=NEG | hard_neg:large_score_spread,semantic_risk_too_high
      [路由 -> NEG] 高风险拒判 | P=0.15, U=40.00%, F=80.00%, H=False
         [复核提示] A3WA hard_neg: large_score_spread,semantic_risk_too_high
✅ [批改完成] ANS_CO_578 | 路由: NEG | 最终分: 11.0 | 风险: P0.15/U0.40/F0.80/H0/L1 | 提取质量: 🟢high | 留白率: 0% | 低质量率: 0%
2026-06-25 06:29:07 | INFO     | ✅ [批改完成] ANS_CO_578 | 路由: NEG | 最终分: 11.0 | 风险: P0.15/U0.40/F0.80/H0/L1 | 提取质量: 🟢high | 留白率: 0% | 低质量率: 0%

🔍 [正在处理] ANS_CO_582 | 启动 3WD 流水线...
2026-06-25 06:29:07 | INFO     | 
🔍 [正在处理] ANS_CO_582 | 启动 3WD 流水线...
📢 [总进度] 41/84 份试卷已归档 [NEG-拒绝]。
2026-06-25 06:29:07 | INFO     | 📢 [总进度] 41/84 份试卷已归档 [NEG-拒绝]。

=============================================
Start grading student [ANS_CO_582]
=============================================
  [Stage 1] fact extraction backend=csbench_hybrid...
  [Stage 2] independent semantic grading probes...
      [完成] 第 2/3 次语义评分完成，得分: 16.0
      [完成] 第 3/3 次语义评分完成，得分: 15.0
         [GLM-5 retry 1/4] APITimeoutError: Request timed out.... wait 5s
      [完成] 第 1/3 次语义评分完成，得分: 16.0

  [探测指标] 均分=15.7, 标准差=0.4714, 留白率=0%, 感知失败率=0%, 低质量提取率=0%, 提取质量=high
      [extraction-risk] R_ext=0.00, structure_missing=0%, suspicious=0%
      [风险画像] P=0.00, U=2.36%, F=20.00%, H=False, L=False
      [通用校准] rules=['high_score_safety_review'], UM=0.00%, MF=0.00%, cap=20.00
      [A3WA可信度] R=0.083, mu=0.917, alpha=0.829, beta=0.286, route=BND | high_confidence_high_score_safety_review
      [路由 -> BND] 边界样本 | P=0.00, U=2.36%, F=20.00%, H=False, L=False
         [Agent仲裁] keep|keep_minor_change | 原始仲裁分: 15.7 | 限幅后最终分: 15.7 | Steps 1–6 (mask words and priority) are all correct and fully supported. Step 7_1 is supported via combined evidence (entry in 7_1, return in 7_4). Step 7_3 is supported by the student's correct text description that D enters during C processing, validated by C's mask word 01101. Steps 7_2 and 7_4 are correctly penalized at 0: the student describes E nesting in C (contradicting C's mask word which masks E) and gives a wrong return sequence. Two of three graders converged at 16.0; no concrete missed credit or unsupported credit found.
✅ [批改完成] ANS_CO_582 | 路由: BND | 最终分: 15.7 | 风险: P0.00/U0.02/F0.20/H0/L0 | 提取质量: 🟢high | 留白率: 0% | 低质量率: 0%
2026-06-25 06:36:32 | INFO     | ✅ [批改完成] ANS_CO_582 | 路由: BND | 最终分: 15.7 | 风险: P0.00/U0.02/F0.20/H0/L0 | 提取质量: 🟢high | 留白率: 0% | 低质量率: 0%

🔍 [正在处理] ANS_CO_583 | 启动 3WD 流水线...
2026-06-25 06:36:32 | INFO     | 
🔍 [正在处理] ANS_CO_583 | 启动 3WD 流水线...
📢 [总进度] 42/84 份试卷已归档。
2026-06-25 06:36:32 | INFO     | 📢 [总进度] 42/84 份试卷已归档。

=============================================
Start grading student [ANS_CO_583]
=============================================
  [Stage 1] fact extraction backend=csbench_hybrid...
         [Agent仲裁] cautious_lower|reject_lower | 原始仲裁分: 6.699999999999999 | 限幅后最终分: 8.7 | Two of three grading records (Records 1 and 2) each over-credit one disputed diagram item by awarding full 2.0. step_7_1 lacks the critical A-return-to-main independent segment (student path goes A→B directly). step_7_4 includes extraneous E and A in the return sequence beyond the required D→C→B→main. Record 3 correctly identifies both as partial at 1.0 each, yielding the most defensible total of 8.0. No missed lenient credit exists: steps 2–6 are genuinely blank, and the diagram descriptions are only partially correct.
✅ [批改完成] ANS_CO_580 | 路由: BND | 最终分: 8.7 | 风险: P0.15/U0.02/F0.00/H0/L1 | 提取质量: 🟢high | 留白率: 0% | 低质量率: 0%
2026-06-25 06:36:43 | INFO     | ✅ [批改完成] ANS_CO_580 | 路由: BND | 最终分: 8.7 | 风险: P0.15/U0.02/F0.00/H0/L1 | 提取质量: 🟢high | 留白率: 0% | 低质量率: 0%

🔍 [正在处理] ANS_CO_584 | 启动 3WD 流水线...
2026-06-25 06:36:43 | INFO     | 
🔍 [正在处理] ANS_CO_584 | 启动 3WD 流水线...
📢 [总进度] 43/84 份试卷已归档。
2026-06-25 06:36:43 | INFO     | 📢 [总进度] 43/84 份试卷已归档。

=============================================
Start grading student [ANS_CO_584]
=============================================
  [Stage 1] fact extraction backend=csbench_hybrid...
  [Stage 2] independent semantic grading probes...
  [Stage 2] independent semantic grading probes...
         [GLM-5 retry 1/4] RateLimitError: Error code: 429 - {'error': {'code': '1302', 'message': '您的账户已达到速率限制，请您控制请求频率'}}... wait 5s
         [GLM-5 retry 2/4] RateLimitError: Error code: 429 - {'error': {'code': '1302', 'message': '您的账户已达到速率限制，请您控制请求频率'}}... wait 10s
         [GLM-5 retry 1/4] RateLimitError: Error code: 429 - {'error': {'code': '1302', 'message': '您的账户已达到速率限制，请您控制请求频率'}}... wait 5s
         [GLM-5 retry 2/4] RateLimitError: Error code: 429 - {'error': {'code': '1302', 'message': '您的账户已达到速率限制，请您控制请求频率'}}... wait 10s
      [完成] 第 1/3 次语义评分完成，得分: 5.0
         [GLM-5 retry 1/4] APITimeoutError: Request timed out.... wait 5s
         [GLM-5 retry 1/4] APITimeoutError: Request timed out.... wait 5s
      [完成] 第 3/3 次语义评分完成，得分: 8.0
      [完成] 第 2/3 次语义评分完成，得分: 20.0
         [GLM-5 retry 3/4] APITimeoutError: Request timed out.... wait 15s
      [完成] 第 1/3 次语义评分完成，得分: 18.0
      [完成] 第 2/3 次语义评分完成，得分: 7.0

  [探测指标] 均分=6.7, 标准差=1.2472, 留白率=0%, 感知失败率=0%, 低质量提取率=0%, 提取质量=high
      [extraction-risk] R_ext=0.07, structure_missing=50%, suspicious=50%
      [风险画像] P=0.15, U=6.24%, F=0.00%, H=False, L=True
      [通用校准] rules=['lenient_undercredit_review', 'stable_undercredit_review', 'structure_missing_review'], UM=0.00%, MF=0.00%, cap=20.00
      [A3WA可信度] R=0.417, mu=0.583, alpha=0.829, beta=0.286, route=BND | beta_lt_confidence_lt_alpha
      [路由 -> BND] 边界样本 | P=0.15, U=6.24%, F=0.00%, H=False, L=True
         [GLM-5 retry 1/4] APITimeoutError: Request timed out.... wait 5s
         [Agent仲裁] keep|reject_raise | 原始仲裁分: 7.699999999999999 | 限幅后最终分: 6.7 | 三项评分分别为5.0/8.0/7.0，分歧集中在step_7_1（1.0 vs 2.0）、step_7_2（0.0/1.0/0.0）和step_7_4（0.0/1.0/1.0）。综合分析：step_7_1学生跨步骤覆盖了完整的用户程序→A→用户程序往返，应得2.0；step_7_2学生明确表示图中未显示B-C嵌套关系，应得0.0；step_7_4学生给出了D→C和B→用户程序正确但C→A错误，部分分1.0合理。正确总分=2+0×5+2+0+2+1=7.0，与中位数一致。
✅ [批改完成] ANS_CO_583 | 路由: BND | 最终分: 6.7 | 风险: P0.15/U0.06/F0.00/H0/L1 | 提取质量: 🟢high | 留白率: 0% | 低质量率: 0%
2026-06-25 06:51:08 | INFO     | ✅ [批改完成] ANS_CO_583 | 路由: BND | 最终分: 6.7 | 风险: P0.15/U0.06/F0.00/H0/L1 | 提取质量: 🟢high | 留白率: 0% | 低质量率: 0%

🔍 [正在处理] ANS_CO_585 | 启动 3WD 流水线...
2026-06-25 06:51:08 | INFO     | 
🔍 [正在处理] ANS_CO_585 | 启动 3WD 流水线...
📢 [总进度] 44/84 份试卷已归档。
2026-06-25 06:51:08 | INFO     | 📢 [总进度] 44/84 份试卷已归档。

=============================================
Start grading student [ANS_CO_585]
=============================================
  [Stage 1] fact extraction backend=csbench_hybrid...
  [Stage 2] independent semantic grading probes...
      [完成] 第 2/3 次语义评分完成，得分: 8.0
         [GLM-5 retry 2/4] APITimeoutError: Request timed out.... wait 10s
         [GLM-5 retry 1/4] APITimeoutError: Request timed out.... wait 5s
      [完成] 第 1/3 次语义评分完成，得分: 2.0
         [GLM-5 retry 1/4] APITimeoutError: Request timed out.... wait 5s
      [完成] 第 3/3 次语义评分完成，得分: 20.0

  [探测指标] 均分=19.3, 标准差=0.9428, 留白率=0%, 感知失败率=0%, 低质量提取率=0%, 提取质量=high
      [extraction-risk] R_ext=0.00, structure_missing=0%, suspicious=0%
      [风险画像] P=0.00, U=4.71%, F=0.00%, H=False, L=False
      [通用校准] rules=['high_score_safety_review'], UM=0.00%, MF=0.00%, cap=20.00
      [A3WA可信度] R=0.167, mu=0.833, alpha=0.829, beta=0.286, route=BND | high_confidence_high_score_safety_review
      [路由 -> BND] 边界样本 | P=0.00, U=4.71%, F=0.00%, H=False, L=False
         [Agent仲裁] raise|reject_raise | 原始仲裁分: 20.0 | 限幅后最终分: 19.3 | 优先级序列A>D>C>E>B完全正确；B-E级屏蔽字全部正确且均为5位；A级屏蔽字为全1仅缺少一位，属于格式小瑕疵。中断执行顺序图描述了主程序→A级、B/C/D嵌套关系及逐级返回顺序，与三位评分者中两位给出的满分一致。严苛评分者对step_2扣全分过于严格，应恢复。
✅ [批改完成] ANS_CO_584 | 路由: BND | 最终分: 19.3 | 风险: P0.00/U0.05/F0.00/H0/L0 | 提取质量: 🟢high | 留白率: 0% | 低质量率: 0%
2026-06-25 07:04:12 | INFO     | ✅ [批改完成] ANS_CO_584 | 路由: BND | 最终分: 19.3 | 风险: P0.00/U0.05/F0.00/H0/L0 | 提取质量: 🟢high | 留白率: 0% | 低质量率: 0%

🔍 [正在处理] ANS_CO_586 | 启动 3WD 流水线...
2026-06-25 07:04:12 | INFO     | 
🔍 [正在处理] ANS_CO_586 | 启动 3WD 流水线...
📢 [总进度] 45/84 份试卷已归档。
2026-06-25 07:04:12 | INFO     | 📢 [总进度] 45/84 份试卷已归档。

=============================================
Start grading student [ANS_CO_586]
=============================================
  [Stage 1] fact extraction backend=csbench_hybrid...
      [完成] 第 3/3 次语义评分完成，得分: 8.0

  [探测指标] 均分=6.0, 标准差=2.8284, 留白率=0%, 感知失败率=0%, 低质量提取率=0%, 提取质量=high
      [extraction-risk] R_ext=0.07, structure_missing=50%, suspicious=50%
      [风险画像] P=0.15, U=14.14%, F=60.00%, H=False, L=True
      [通用校准] rules=['lenient_undercredit_review', 'stable_undercredit_review', 'structure_missing_review'], UM=0.00%, MF=0.00%, cap=20.00
      [A3WA可信度] R=0.500, mu=0.500, alpha=0.829, beta=0.286, route=BND | beta_lt_confidence_lt_alpha
      [路由 -> BND] 边界样本 | P=0.15, U=14.14%, F=60.00%, H=False, L=True
  [Stage 2] independent semantic grading probes...
         [Agent仲裁] raise|reject_raise | 原始仲裁分: 12.0 | 限幅后最终分: 6.0 | 步骤2-6的屏蔽字答案完全错误（字母序列而非二进制码），0分合理。步骤1正确得2分。步骤7_2和7_3正确描述了中断嵌套关系应各得2分。步骤7_1和7_4有部分正确内容应各得1分。合计8.0分，与3名评分者中2人给出的一致；Grader 2的2.0分对图表描述步骤过于苛刻。基线6.0被拉低，应上调至8.0。
✅ [批改完成] ANS_CO_585 | 路由: BND | 最终分: 6.0 | 风险: P0.15/U0.14/F0.60/H0/L1 | 提取质量: 🟢high | 留白率: 0% | 低质量率: 0%
2026-06-25 07:08:22 | INFO     | ✅ [批改完成] ANS_CO_585 | 路由: BND | 最终分: 6.0 | 风险: P0.15/U0.14/F0.60/H0/L1 | 提取质量: 🟢high | 留白率: 0% | 低质量率: 0%

🔍 [正在处理] ANS_CO_589 | 启动 3WD 流水线...
2026-06-25 07:08:22 | INFO     | 
🔍 [正在处理] ANS_CO_589 | 启动 3WD 流水线...
📢 [总进度] 46/84 份试卷已归档。
2026-06-25 07:08:22 | INFO     | 📢 [总进度] 46/84 份试卷已归档。

=============================================
Start grading student [ANS_CO_589]
=============================================
  [Stage 1] fact extraction backend=csbench_hybrid...
  [Stage 2] independent semantic grading probes...
         [GLM-5 retry 1/4] APITimeoutError: Request timed out.... wait 5s
         [GLM-5 retry 1/4] APITimeoutError: Request timed out.... wait 5s
      [完成] 第 2/3 次语义评分完成，得分: 6.0
      [完成] 第 1/3 次语义评分完成，得分: 6.0
      [完成] 第 2/3 次语义评分完成，得分: 16.0
      [完成] 第 1/3 次语义评分完成，得分: 14.4
      [完成] 第 3/3 次语义评分完成，得分: 5.0

  [探测指标] 均分=5.7, 标准差=0.4714, 留白率=50%, 感知失败率=0%, 低质量提取率=0%, 提取质量=low
      [extraction-risk] R_ext=0.20, structure_missing=0%, suspicious=50%
      [风险画像] P=0.40, U=2.36%, F=0.00%, H=False, L=False
      [通用校准] rules=['visual_blank_review', 'lenient_undercredit_review', 'stable_undercredit_review', 'structure_missing_review', 'extraction_retry_review'], UM=0.00%, MF=0.00%, cap=20.00
      [A3WA可信度] R=0.417, mu=0.583, alpha=0.829, beta=0.286, route=BND | beta_lt_confidence_lt_alpha
      [路由 -> BND] 边界样本 | P=0.40, U=2.36%, F=0.00%, H=False, L=False
         [Agent仲裁] raise|reject_raise | 原始仲裁分: 6.7 | 限幅后最终分: 5.7 | 三位评分者在step_1（2.0）、step_2-6（0，空白）、step_7_1（1.0，部分）、step_7_2（0，B缺失）、step_7_4（1.0，缺B返回）上完全一致。唯一分歧在step_7_3：两位给2.0，一位给1.0。学生的文字描述'C中断处理→上升至D'准确表达了D打断C的嵌套关系，第三位评分者对路径简写的过度解读导致少给1分。建议从基线5.7上调至6.0，与多数评分者一致。
✅ [批改完成] ANS_CO_589 | 路由: BND | 最终分: 5.7 | 风险: P0.40/U0.02/F0.00/H0/L0 | 提取质量: 🟡low | 留白率: 50% | 低质量率: 0%
2026-06-25 07:17:20 | INFO     | ✅ [批改完成] ANS_CO_589 | 路由: BND | 最终分: 5.7 | 风险: P0.40/U0.02/F0.00/H0/L0 | 提取质量: 🟡low | 留白率: 50% | 低质量率: 0%

🔍 [正在处理] ANS_CO_590 | 启动 3WD 流水线...
2026-06-25 07:17:20 | INFO     | 
🔍 [正在处理] ANS_CO_590 | 启动 3WD 流水线...
📢 [总进度] 47/84 份试卷已归档。
2026-06-25 07:17:20 | INFO     | 📢 [总进度] 47/84 份试卷已归档。

=============================================
Start grading student [ANS_CO_590]
=============================================
  [Stage 1] fact extraction backend=csbench_hybrid...
  [Stage 2] independent semantic grading probes...
         [GLM-5 retry 1/4] APITimeoutError: Request timed out.... wait 5s
         [GLM-5 retry 1/4] APITimeoutError: Request timed out.... wait 5s
         [GLM-5 retry 1/4] APITimeoutError: Request timed out.... wait 5s
         [GLM-5 retry 2/4] RateLimitError: Error code: 429 - {'error': {'code': '1302', 'message': '您的账户已达到速率限制，请您控制请求频率'}}... wait 10s
         [GLM-5 retry 3/4] RateLimitError: Error code: 429 - {'error': {'code': '1302', 'message': '您的账户已达到速率限制，请您控制请求频率'}}... wait 15s
         [GLM-5 retry 2/4] APITimeoutError: Request timed out.... wait 10s
      [完成] 第 3/3 次语义评分完成，得分: 14.0

  [探测指标] 均分=14.8, 标准差=0.8641, 留白率=10%, 感知失败率=0%, 低质量提取率=0%, 提取质量=high
      [extraction-risk] R_ext=0.04, structure_missing=0%, suspicious=10%
      [风险画像] P=0.08, U=4.32%, F=0.00%, H=False, L=False
      [通用校准] rules=['lenient_undercredit_review'], UM=0.00%, MF=0.00%, cap=20.00
      [A3WA可信度] R=0.233, mu=0.767, alpha=0.829, beta=0.286, route=BND | beta_lt_confidence_lt_alpha
      [路由 -> BND] 边界样本 | P=0.08, U=4.32%, F=0.00%, H=False, L=False
      [完成] 第 1/3 次语义评分完成，得分: 9.0
         [GLM-5 retry 2/4] APITimeoutError: Request timed out.... wait 10s
         [Agent仲裁] raise|small_raise | 原始仲裁分: 16.8 | 限幅后最终分: 16.2 | 核心漏分在step_5：学生在答题中明确写了 D:01111（被提取到step_3中），与标准答案D级屏蔽字01111完全一致，但三位评分者均因step_5独立提取标注'未书写'而判0分，遗漏2.0分。其余步骤评分在合理范围内（step_6的'D1001'给部分分合理，step_7系列基于完整执行路径A→C→D→E→D→C→B→A的嵌套关系判断也可接受）。基准14.8+漏分2.0=16.8。
✅ [批改完成] ANS_CO_586 | 路由: BND | 最终分: 16.2 | 风险: P0.08/U0.04/F0.00/H0/L0 | 提取质量: 🟢high | 留白率: 10% | 低质量率: 0%
2026-06-25 07:32:55 | INFO     | ✅ [批改完成] ANS_CO_586 | 路由: BND | 最终分: 16.2 | 风险: P0.08/U0.04/F0.00/H0/L0 | 提取质量: 🟢high | 留白率: 10% | 低质量率: 0%

🔍 [正在处理] ANS_CO_592 | 启动 3WD 流水线...
2026-06-25 07:32:55 | INFO     | 
🔍 [正在处理] ANS_CO_592 | 启动 3WD 流水线...
📢 [总进度] 48/84 份试卷已归档。
2026-06-25 07:32:55 | INFO     | 📢 [总进度] 48/84 份试卷已归档。

=============================================
Start grading student [ANS_CO_592]
=============================================
  [Stage 1] fact extraction backend=csbench_hybrid...
  [Stage 2] independent semantic grading probes...
      [完成] 第 1/3 次语义评分完成，得分: 13.0
      [完成] 第 3/3 次语义评分完成，得分: 18.0
         [GLM-5 retry 3/4] APITimeoutError: Request timed out.... wait 15s
      [完成] 第 2/3 次语义评分完成，得分: 3.0
         [GLM-5 retry 1/4] APITimeoutError: Request timed out.... wait 5s
      [完成] 第 3/3 次语义评分完成，得分: 13.0

  [探测指标] 均分=9.7, 标准差=4.7140, 留白率=0%, 感知失败率=0%, 低质量提取率=0%, 提取质量=high
      [extraction-risk] R_ext=0.07, structure_missing=50%, suspicious=50%
      [风险画像] P=0.15, U=23.57%, F=0.00%, H=False, L=True
      [通用校准] rules=['lenient_undercredit_review', 'stable_undercredit_review', 'result_anchored_undercredit_review', 'structure_missing_review'], UM=0.00%, MF=0.00%, cap=20.00
      [A3WA可信度] R=0.500, mu=0.500, alpha=0.829, beta=0.286, route=NEG | hard_neg:large_score_spread
      [路由 -> NEG] 高风险拒判 | P=0.15, U=23.57%, F=0.00%, H=False
         [复核提示] A3WA hard_neg: large_score_spread
✅ [批改完成] ANS_CO_592 | 路由: NEG | 最终分: 9.7 | 风险: P0.15/U0.24/F0.00/H0/L1 | 提取质量: 🟢high | 留白率: 0% | 低质量率: 0%
2026-06-25 07:42:46 | INFO     | ✅ [批改完成] ANS_CO_592 | 路由: NEG | 最终分: 9.7 | 风险: P0.15/U0.24/F0.00/H0/L1 | 提取质量: 🟢high | 留白率: 0% | 低质量率: 0%

🔍 [正在处理] ANS_CO_594 | 启动 3WD 流水线...
2026-06-25 07:42:46 | INFO     | 
🔍 [正在处理] ANS_CO_594 | 启动 3WD 流水线...
📢 [总进度] 49/84 份试卷已归档 [NEG-拒绝]。
2026-06-25 07:42:46 | INFO     | 📢 [总进度] 49/84 份试卷已归档 [NEG-拒绝]。

=============================================
Start grading student [ANS_CO_594]
=============================================
  [Stage 1] fact extraction backend=csbench_hybrid...
         [GLM-5 retry 4/4] APITimeoutError: Request timed out.... wait 20s
  [Stage 2] independent semantic grading probes...
      [完成] 第 1/3 次语义评分完成，得分: 10.0
      [完成] 第 2/3 次语义评分完成，得分: 10.0
         [GLM-5 retry 1/4] APITimeoutError: Request timed out.... wait 5s
         [GLM-5 retry 1/4] APITimeoutError: Request timed out.... wait 5s
      [完成] 第 3/3 次语义评分完成，得分: 10

  [探测指标] 均分=10.0, 标准差=0.0000, 留白率=0%, 感知失败率=0%, 低质量提取率=0%, 提取质量=high
      [extraction-risk] R_ext=0.07, structure_missing=50%, suspicious=50%
      [风险画像] P=0.15, U=0.00%, F=0.00%, H=False, L=True
      [通用校准] rules=['lenient_undercredit_review', 'stable_undercredit_review', 'result_anchored_undercredit_review', 'structure_missing_review'], UM=0.00%, MF=0.00%, cap=20.00
      [A3WA可信度] R=0.167, mu=0.833, alpha=0.829, beta=0.286, route=BND | high_confidence_lenient_undercredit_review
      [路由 -> BND] 边界样本 | P=0.15, U=0.00%, F=0.00%, H=False, L=True
         [Agent仲裁] keep|auto_small_raise | 原始仲裁分: 10.0 | 限幅后最终分: 11.4 | All three graders unanimously awarded 10/20. Steps 2-6 (mask words) correctly received 0 because the student wrote only '需要查看图像' with no numerical values—no lenient credit is possible. Step 1 (priority sequence A>D>C>E>B) is fully correct. Steps 7_1-7_4 each have concrete extracted evidence supporting the required relationships (main↔A, C interrupts B, D interrupts C, return path D→C→B), so the awarded points are supported. No missed credit and no unsupported high-score credit identified.
✅ [批改完成] ANS_CO_594 | 路由: BND | 最终分: 11.4 | 风险: P0.15/U0.00/F0.00/H0/L1 | 提取质量: 🟢high | 留白率: 0% | 低质量率: 0%
2026-06-25 07:54:25 | INFO     | ✅ [批改完成] ANS_CO_594 | 路由: BND | 最终分: 11.4 | 风险: P0.15/U0.00/F0.00/H0/L1 | 提取质量: 🟢high | 留白率: 0% | 低质量率: 0%

🔍 [正在处理] ANS_CO_595 | 启动 3WD 流水线...
2026-06-25 07:54:25 | INFO     | 
🔍 [正在处理] ANS_CO_595 | 启动 3WD 流水线...
📢 [总进度] 50/84 份试卷已归档。
2026-06-25 07:54:25 | INFO     | 📢 [总进度] 50/84 份试卷已归档。

=============================================
Start grading student [ANS_CO_595]
=============================================
  [Stage 1] fact extraction backend=csbench_hybrid...
         [GLM-5 retry 2/4] APITimeoutError: Request timed out.... wait 10s
  [Stage 2] independent semantic grading probes...
         [GLM-5 retry 1/4] APITimeoutError: Request timed out.... wait 5s
         [GLM-5 retry 1/4] APITimeoutError: Request timed out.... wait 5s
         [GLM-5 retry 3/4] APITimeoutError: Request timed out.... wait 15s
         [GLM-5 retry 4/4] RateLimitError: Error code: 429 - {'error': {'code': '1302', 'message': '您的账户已达到速率限制，请您控制请求频率'}}... wait 20s
      [完成] 第 1/3 次语义评分完成，得分: 13.5
         [GLM-5 retry 2/4] APITimeoutError: Request timed out.... wait 10s
      [完成] 第 2/3 次语义评分完成，得分: 17.0
      [完成] 第 3/3 次语义评分完成，得分: 10.0

  [探测指标] 均分=13.5, 标准差=2.8577, 留白率=0%, 感知失败率=0%, 低质量提取率=0%, 提取质量=high
      [extraction-risk] R_ext=0.00, structure_missing=0%, suspicious=0%
      [风险画像] P=0.00, U=14.29%, F=10.00%, H=False, L=False
      [通用校准] rules=['lenient_undercredit_review'], UM=0.00%, MF=0.00%, cap=20.00
      [A3WA可信度] R=0.333, mu=0.667, alpha=0.829, beta=0.286, route=NEG | hard_neg:large_score_spread
      [路由 -> NEG] 高风险拒判 | P=0.00, U=14.29%, F=10.00%, H=False
         [复核提示] A3WA hard_neg: large_score_spread
✅ [批改完成] ANS_CO_595 | 路由: NEG | 最终分: 13.5 | 风险: P0.00/U0.14/F0.10/H0/L0 | 提取质量: 🟢high | 留白率: 0% | 低质量率: 0%
2026-06-25 08:09:45 | INFO     | ✅ [批改完成] ANS_CO_595 | 路由: NEG | 最终分: 13.5 | 风险: P0.00/U0.14/F0.10/H0/L0 | 提取质量: 🟢high | 留白率: 0% | 低质量率: 0%

🔍 [正在处理] ANS_CO_596 | 启动 3WD 流水线...
2026-06-25 08:09:45 | INFO     | 
🔍 [正在处理] ANS_CO_596 | 启动 3WD 流水线...
📢 [总进度] 51/84 份试卷已归档 [NEG-拒绝]。
2026-06-25 08:09:45 | INFO     | 📢 [总进度] 51/84 份试卷已归档 [NEG-拒绝]。

=============================================
Start grading student [ANS_CO_596]
=============================================
  [Stage 1] fact extraction backend=csbench_hybrid...
  [Stage 2] independent semantic grading probes...
         [GLM-5 retry 1/4] APITimeoutError: Request timed out.... wait 5s
         [GLM-5 retry 1/4] RateLimitError: Error code: 429 - {'error': {'code': '1302', 'message': '您的账户已达到速率限制，请您控制请求频率'}}... wait 5s
      [完成] 第 1/3 次语义评分完成，得分: 8.0
         [GLM-5 retry 1/4] APITimeoutError: Request timed out.... wait 5s
         [GLM-5 retry 2/4] APITimeoutError: Request timed out.... wait 10s
         [GLM-5 retry 1/4] APITimeoutError: Request timed out.... wait 5s
         [GLM-5 retry 2/4] APITimeoutError: Request timed out.... wait 10s
         [GLM-5 retry 3/4] APITimeoutError: Request timed out.... wait 15s
      [完成] 第 2/3 次语义评分完成，得分: 8.0
         [GLM-5 retry 2/4] APITimeoutError: Request timed out.... wait 10s
         [GLM-5 retry 4/4] APITimeoutError: Request timed out.... wait 20s

  [探测指标] 均分=13.5, 标准差=4.5000, 留白率=0%, 感知失败率=0%, 低质量提取率=0%, 提取质量=high
      [extraction-risk] R_ext=0.07, structure_missing=50%, suspicious=50%
      [风险画像] P=0.15, U=22.50%, F=50.00%, H=False, L=False
      [通用校准] rules=['structure_missing_review'], UM=0.00%, MF=0.00%, cap=20.00
      [A3WA可信度] R=0.500, mu=0.500, alpha=0.829, beta=0.286, route=NEG | hard_neg:large_score_spread
      [路由 -> NEG] 高风险拒判 | P=0.15, U=22.50%, F=50.00%, H=False
         [复核提示] A3WA hard_neg: large_score_spread
✅ [批改完成] ANS_CO_590 | 路由: NEG | 最终分: 13.5 | 风险: P0.15/U0.23/F0.50/H0/L0 | 提取质量: 🟢high | 留白率: 0% | 低质量率: 0%
2026-06-25 08:31:17 | INFO     | ✅ [批改完成] ANS_CO_590 | 路由: NEG | 最终分: 13.5 | 风险: P0.15/U0.23/F0.50/H0/L0 | 提取质量: 🟢high | 留白率: 0% | 低质量率: 0%

🔍 [正在处理] ANS_CO_598 | 启动 3WD 流水线...
2026-06-25 08:31:17 | INFO     | 
🔍 [正在处理] ANS_CO_598 | 启动 3WD 流水线...
📢 [总进度] 52/84 份试卷已归档 [NEG-拒绝]。
2026-06-25 08:31:17 | INFO     | 📢 [总进度] 52/84 份试卷已归档 [NEG-拒绝]。

=============================================
Start grading student [ANS_CO_598]
=============================================
  [Stage 1] fact extraction backend=csbench_hybrid...
  [Stage 2] independent semantic grading probes...
      [完成] 第 3/3 次语义评分完成，得分: 7.0

  [探测指标] 均分=7.7, 标准差=0.4714, 留白率=0%, 感知失败率=0%, 低质量提取率=0%, 提取质量=high
      [extraction-risk] R_ext=0.00, structure_missing=0%, suspicious=0%
      [风险画像] P=0.00, U=2.36%, F=50.00%, H=False, L=True
      [通用校准] rules=['stable_undercredit_review'], UM=0.00%, MF=0.00%, cap=20.00
      [A3WA可信度] R=0.083, mu=0.917, alpha=0.829, beta=0.286, route=BND | high_confidence_stable_undercredit_review
      [路由 -> BND] 边界样本 | P=0.00, U=2.36%, F=50.00%, H=False, L=True
         [GLM-5 retry 1/4] APITimeoutError: Request timed out.... wait 5s
         [GLM-5 retry 1/4] APITimeoutError: Request timed out.... wait 5s
         [Agent仲裁] cautious_lower|reject_lower | 原始仲裁分: 5.7 | 限幅后最终分: 7.7 | All three graders agree on steps 1–6 (total 8 points from correct items: 2+2+0+0+2+0=6, plus step 7_1=1). The disagreement is on steps 7_3 and 7_4: two of three graders correctly gave 0 for both, recognizing reversed nesting direction (7_3) and fundamentally wrong return sequence (7_4). The model-average baseline of 7.7 is inflated by one grader each giving unsupported 1.0 partial credit. The majority consensus supports 7.0.
✅ [批改完成] ANS_CO_596 | 路由: BND | 最终分: 7.7 | 风险: P0.00/U0.02/F0.50/H0/L1 | 提取质量: 🟢high | 留白率: 0% | 低质量率: 0%
2026-06-25 08:40:10 | INFO     | ✅ [批改完成] ANS_CO_596 | 路由: BND | 最终分: 7.7 | 风险: P0.00/U0.02/F0.50/H0/L1 | 提取质量: 🟢high | 留白率: 0% | 低质量率: 0%

🔍 [正在处理] ANS_CO_599 | 启动 3WD 流水线...
2026-06-25 08:40:10 | INFO     | 
🔍 [正在处理] ANS_CO_599 | 启动 3WD 流水线...
📢 [总进度] 53/84 份试卷已归档。
2026-06-25 08:40:10 | INFO     | 📢 [总进度] 53/84 份试卷已归档。

=============================================
Start grading student [ANS_CO_599]
=============================================
  [Stage 1] fact extraction backend=csbench_hybrid...
  [Stage 2] independent semantic grading probes...
      [完成] 第 1/3 次语义评分完成，得分: 7.4
         [GLM-5 retry 2/4] APITimeoutError: Request timed out.... wait 10s
         [GLM-5 retry 3/4] RateLimitError: Error code: 429 - {'error': {'code': '1302', 'message': '您的账户已达到速率限制，请您控制请求频率'}}... wait 15s
         [GLM-5 retry 1/4] RateLimitError: Error code: 429 - {'error': {'code': '1302', 'message': '您的账户已达到速率限制，请您控制请求频率'}}... wait 5s
         [GLM-5 retry 1/4] RateLimitError: Error code: 429 - {'error': {'code': '1302', 'message': '您的账户已达到速率限制，请您控制请求频率'}}... wait 5s
         [GLM-5 retry 4/4] RateLimitError: Error code: 429 - {'error': {'code': '1302', 'message': '您的账户已达到速率限制，请您控制请求频率'}}... wait 20s
         [GLM-5 retry 2/4] RateLimitError: Error code: 429 - {'error': {'code': '1302', 'message': '您的账户已达到速率限制，请您控制请求频率'}}... wait 10s
         [GLM-5 retry 2/4] RateLimitError: Error code: 429 - {'error': {'code': '1302', 'message': '您的账户已达到速率限制，请您控制请求频率'}}... wait 10s
         [GLM-5 retry 3/4] RateLimitError: Error code: 429 - {'error': {'code': '1302', 'message': '您的账户已达到速率限制，请您控制请求频率'}}... wait 15s
         [GLM-5 retry 3/4] RateLimitError: Error code: 429 - {'error': {'code': '1302', 'message': '您的账户已达到速率限制，请您控制请求频率'}}... wait 15s
         [GLM-5 retry 1/4] RateLimitError: Error code: 429 - {'error': {'code': '1302', 'message': '您的账户已达到速率限制，请您控制请求频率'}}... wait 5s
         [GLM-5 retry 4/4] RateLimitError: Error code: 429 - {'error': {'code': '1302', 'message': '您的账户已达到速率限制，请您控制请求频率'}}... wait 20s
         [GLM-5 retry 4/4] RateLimitError: Error code: 429 - {'error': {'code': '1302', 'message': '您的账户已达到速率限制，请您控制请求频率'}}... wait 20s
         [GLM-5 retry 2/4] RateLimitError: Error code: 429 - {'error': {'code': '1302', 'message': '您的账户已达到速率限制，请您控制请求频率'}}... wait 10s
         [GLM-5 retry 3/4] RateLimitError: Error code: 429 - {'error': {'code': '1302', 'message': '您的账户已达到速率限制，请您控制请求频率'}}... wait 15s
         [GLM-5 retry 1/4] RateLimitError: Error code: 429 - {'error': {'code': '1302', 'message': '您的账户已达到速率限制，请您控制请求频率'}}... wait 5s
         [GLM-5 retry 2/4] RateLimitError: Error code: 429 - {'error': {'code': '1302', 'message': '您的账户已达到速率限制，请您控制请求频率'}}... wait 10s
         [GLM-5 retry 1/4] RateLimitError: Error code: 429 - {'error': {'code': '1302', 'message': '您的账户已达到速率限制，请您控制请求频率'}}... wait 5s
         [GLM-5 retry 3/4] RateLimitError: Error code: 429 - {'error': {'code': '1302', 'message': '您的账户已达到速率限制，请您控制请求频率'}}... wait 15s
         [GLM-5 retry 2/4] RateLimitError: Error code: 429 - {'error': {'code': '1302', 'message': '您的账户已达到速率限制，请您控制请求频率'}}... wait 10s
         [GLM-5 retry 3/4] RateLimitError: Error code: 429 - {'error': {'code': '1302', 'message': '您的账户已达到速率限制，请您控制请求频率'}}... wait 15s
         [GLM-5 retry 4/4] RateLimitError: Error code: 429 - {'error': {'code': '1302', 'message': '您的账户已达到速率限制，请您控制请求频率'}}... wait 20s
         [GLM-5 retry 4/4] RateLimitError: Error code: 429 - {'error': {'code': '1302', 'message': '您的账户已达到速率限制，请您控制请求频率'}}... wait 20s
         [GLM-5 retry 4/4] RateLimitError: Error code: 429 - {'error': {'code': '1302', 'message': '您的账户已达到速率限制，请您控制请求频率'}}... wait 20s
      [完成] 第 3/3 次语义评分完成，得分: 9.0
         [GLM-5 retry 1/4] APITimeoutError: Request timed out.... wait 5s
         [GLM-5 retry 1/4] APITimeoutError: Request timed out.... wait 5s
         [GLM-5 retry 1/4] APITimeoutError: Request timed out.... wait 5s
         [GLM-5 retry 2/4] RateLimitError: Error code: 429 - {'error': {'code': '1302', 'message': '您的账户已达到速率限制，请您控制请求频率'}}... wait 10s
         [GLM-5 retry 2/4] APITimeoutError: Request timed out.... wait 10s
      [完成] 第 2/3 次语义评分完成，得分: 12.0
         [GLM-5 retry 2/4] APITimeoutError: Request timed out.... wait 10s
         [GLM-5 retry 1/4] RateLimitError: Error code: 429 - {'error': {'code': '1302', 'message': '您的账户已达到速率限制，请您控制请求频率'}}... wait 5s
         [GLM-5 retry 3/4] APITimeoutError: Request timed out.... wait 15s
         [GLM-5 retry 2/4] APITimeoutError: Request timed out.... wait 10s
         [GLM-5 retry 3/4] APITimeoutError: Request timed out.... wait 15s
         [GLM-5 retry 4/4] RateLimitError: Error code: 429 - {'error': {'code': '1302', 'message': '您的账户已达到速率限制，请您控制请求频率'}}... wait 20s
         [GLM-5 retry 3/4] RateLimitError: Error code: 429 - {'error': {'code': '1302', 'message': '您的账户已达到速率限制，请您控制请求频率'}}... wait 15s

  [探测指标] 均分=8.2, 标准差=0.8000, 留白率=0%, 感知失败率=0%, 低质量提取率=0%, 提取质量=high
      [extraction-risk] R_ext=0.00, structure_missing=0%, suspicious=0%
      [风险画像] P=0.00, U=4.00%, F=40.00%, H=False, L=True
      [通用校准] rules=['lenient_undercredit_review', 'stable_undercredit_review'], UM=0.00%, MF=0.00%, cap=20.00
      [A3WA可信度] R=0.150, mu=0.850, alpha=0.829, beta=0.286, route=BND | high_confidence_lenient_undercredit_review
      [路由 -> BND] 边界样本 | P=0.00, U=4.00%, F=40.00%, H=False, L=True
         [GLM-5 retry 1/4] RateLimitError: Error code: 429 - {'error': {'code': '1302', 'message': '您的账户已达到速率限制，请您控制请求频率'}}... wait 5s
         [GLM-5 retry 2/4] RateLimitError: Error code: 429 - {'error': {'code': '1302', 'message': '您的账户已达到速率限制，请您控制请求频率'}}... wait 10s
         [GLM-5 retry 3/4] RateLimitError: Error code: 429 - {'error': {'code': '1302', 'message': '您的账户已达到速率限制，请您控制请求频率'}}... wait 15s
         [GLM-5 retry 4/4] RateLimitError: Error code: 429 - {'error': {'code': '1302', 'message': '您的账户已达到速率限制，请您控制请求频率'}}... wait 20s
         [GLM-5 retry 1/4] RateLimitError: Error code: 429 - {'error': {'code': '1302', 'message': '您的账户已达到速率限制，请您控制请求频率'}}... wait 5s
         [GLM-5 retry 4/4] RateLimitError: Error code: 429 - {'error': {'code': '1302', 'message': '您的账户已达到速率限制，请您控制请求频率'}}... wait 20s
         [GLM-5 retry 2/4] RateLimitError: Error code: 429 - {'error': {'code': '1302', 'message': '您的账户已达到速率限制，请您控制请求频率'}}... wait 10s
         [GLM-5 retry 1/4] RateLimitError: Error code: 429 - {'error': {'code': '1302', 'message': '您的账户已达到速率限制，请您控制请求频率'}}... wait 5s
         [GLM-5 retry 2/4] RateLimitError: Error code: 429 - {'error': {'code': '1302', 'message': '您的账户已达到速率限制，请您控制请求频率'}}... wait 10s
         [GLM-5 retry 4/4] RateLimitError: Error code: 429 - {'error': {'code': '1302', 'message': '您的账户已达到速率限制，请您控制请求频率'}}... wait 20s
         [GLM-5 retry 1/4] RateLimitError: Error code: 429 - {'error': {'code': '1302', 'message': '您的账户已达到速率限制，请您控制请求频率'}}... wait 5s
         [GLM-5 retry 2/4] RateLimitError: Error code: 429 - {'error': {'code': '1302', 'message': '您的账户已达到速率限制，请您控制请求频率'}}... wait 10s
         [GLM-5 retry 3/4] RateLimitError: Error code: 429 - {'error': {'code': '1302', 'message': '您的账户已达到速率限制，请您控制请求频率'}}... wait 15s
         [GLM-5 retry 4/4] RateLimitError: Error code: 429 - {'error': {'code': '1302', 'message': '您的账户已达到速率限制，请您控制请求频率'}}... wait 20s
         [GLM-5 retry 3/4] RateLimitError: Error code: 429 - {'error': {'code': '1302', 'message': '您的账户已达到速率限制，请您控制请求频率'}}... wait 15s
         [GLM-5 retry 4/4] RateLimitError: Error code: 429 - {'error': {'code': '1302', 'message': '您的账户已达到速率限制，请您控制请求频率'}}... wait 20s
         [GLM-5 retry 1/4] RateLimitError: Error code: 429 - {'error': {'code': '1302', 'message': '您的账户已达到速率限制，请您控制请求频率'}}... wait 5s
         [GLM-5 retry 2/4] RateLimitError: Error code: 429 - {'error': {'code': '1302', 'message': '您的账户已达到速率限制，请您控制请求频率'}}... wait 10s
         [GLM-5 retry 3/4] RateLimitError: Error code: 429 - {'error': {'code': '1302', 'message': '您的账户已达到速率限制，请您控制请求频率'}}... wait 15s
         [GLM-5 retry 1/4] RateLimitError: Error code: 429 - {'error': {'code': '1302', 'message': '您的账户已达到速率限制，请您控制请求频率'}}... wait 5s
         [GLM-5 retry 4/4] RateLimitError: Error code: 429 - {'error': {'code': '1302', 'message': '您的账户已达到速率限制，请您控制请求频率'}}... wait 20s
         [GLM-5 retry 2/4] RateLimitError: Error code: 429 - {'error': {'code': '1302', 'message': '您的账户已达到速率限制，请您控制请求频率'}}... wait 10s
         [GLM-5 retry 3/4] RateLimitError: Error code: 429 - {'error': {'code': '1302', 'message': '您的账户已达到速率限制，请您控制请求频率'}}... wait 15s
         [GLM-5 retry 3/4] APITimeoutError: Request timed out.... wait 15s
         [Agent仲裁] raise|reject_raise | 原始仲裁分: 9.799999999999999 | 限幅后最终分: 8.2 | Rubric 的 standard_answer_text 与 canonicalization 内部存在不一致，按 canonicalization（正式评分规则）判定：step_2 (1111=0FH=01111) 应满分；step_3 (00000) 直接匹配应满分；step_6 (01000) 直接匹配应满分；step_4 (01010 vs 01001)、step_5 (01111 vs 01101) 均错误应为 0。因此正确 lenient 总分为 9.0，与 Record 2 一致。Record 1 因混用 standard_answer_text 与 canonicalization 而同时出现漏给 (step_3, step_6, step_2) 与多给 (step_5)，应以上限 9.0 校准。
✅ [批改完成] ANS_CO_598 | 路由: BND | 最终分: 8.2 | 风险: P0.00/U0.04/F0.40/H0/L1 | 提取质量: 🟢high | 留白率: 0% | 低质量率: 0%
2026-06-25 09:15:45 | INFO     | ✅ [批改完成] ANS_CO_598 | 路由: BND | 最终分: 8.2 | 风险: P0.00/U0.04/F0.40/H0/L1 | 提取质量: 🟢high | 留白率: 0% | 低质量率: 0%

🔍 [正在处理] ANS_CO_601 | 启动 3WD 流水线...
2026-06-25 09:15:45 | INFO     | 
🔍 [正在处理] ANS_CO_601 | 启动 3WD 流水线...
📢 [总进度] 54/84 份试卷已归档。
2026-06-25 09:15:45 | INFO     | 📢 [总进度] 54/84 份试卷已归档。

=============================================
Start grading student [ANS_CO_601]
=============================================
  [Stage 1] fact extraction backend=csbench_hybrid...
  [Stage 2] independent semantic grading probes...
      [完成] 第 1/3 次语义评分完成，得分: 2.0
      [完成] 第 2/3 次语义评分完成，得分: 7.6
         [GLM-5 retry 4/4] APITimeoutError: Request timed out.... wait 20s

  [探测指标] 均分=12.0, 标准差=0.0000, 留白率=0%, 感知失败率=0%, 低质量提取率=0%, 提取质量=high
      [extraction-risk] R_ext=0.00, structure_missing=0%, suspicious=0%
      [风险画像] P=0.00, U=0.00%, F=20.00%, H=False, L=True
      [通用校准] rules=['lenient_undercredit_review', 'stable_undercredit_review', 'result_anchored_undercredit_review'], UM=0.00%, MF=0.00%, cap=20.00
      [A3WA可信度] R=0.000, mu=1.000, alpha=0.829, beta=0.286, route=BND | high_confidence_lenient_undercredit_review
      [路由 -> BND] 边界样本 | P=0.00, U=0.00%, F=20.00%, H=False, L=True
         [GLM-5 retry 1/4] APITimeoutError: Request timed out.... wait 5s
         [Agent仲裁] keep|auto_small_raise | 原始仲裁分: 12.0 | 限幅后最终分: 13.4 | Reviewing all 10 items against extracted facts and rubric: Steps 1,2,4,5 correctly awarded full credit (8 pts). Steps 3 and 6 mask words are genuinely wrong values (00001≠01000, 01010≠01001) with no propagated error or alternative interpretation. Step 7_1 partial (1/2) is fair—student shows main→A entry but lacks independent A→main return. Step 7_2 (0/2) is correct—student explicitly states relationship not shown and path omits C-interrupts-B nesting. Step 7_3 (2/2) correctly identifies D interrupting C. Step 7_4 (1/2) fair—2 of 3 return segments correct, missing C→B. No concrete missed credit or unsupported high-score items found.
✅ [批改完成] ANS_CO_599 | 路由: BND | 最终分: 13.4 | 风险: P0.00/U0.00/F0.20/H0/L1 | 提取质量: 🟢high | 留白率: 0% | 低质量率: 0%
2026-06-25 09:23:54 | INFO     | ✅ [批改完成] ANS_CO_599 | 路由: BND | 最终分: 13.4 | 风险: P0.00/U0.00/F0.20/H0/L1 | 提取质量: 🟢high | 留白率: 0% | 低质量率: 0%

🔍 [正在处理] ANS_CO_602 | 启动 3WD 流水线...
2026-06-25 09:23:54 | INFO     | 
🔍 [正在处理] ANS_CO_602 | 启动 3WD 流水线...
📢 [总进度] 55/84 份试卷已归档。
2026-06-25 09:23:54 | INFO     | 📢 [总进度] 55/84 份试卷已归档。

=============================================
Start grading student [ANS_CO_602]
=============================================
  [Stage 1] fact extraction backend=csbench_hybrid...
      [完成] 第 3/3 次语义评分完成，得分: 2.0

  [探测指标] 均分=3.9, 标准差=2.6399, 留白率=40%, 感知失败率=0%, 低质量提取率=0%, 提取质量=low
      [extraction-risk] R_ext=0.25, structure_missing=60%, suspicious=100%
      [风险画像] P=0.50, U=13.20%, F=40.00%, H=False, L=False
      [通用校准] rules=['visual_blank_review', 'structure_missing_review', 'extraction_retry_review'], UM=0.00%, MF=0.00%, cap=20.00
      [A3WA可信度] R=0.800, mu=0.200, alpha=0.829, beta=0.286, route=BND | low_confidence_extraction_retry_review
      [路由 -> BND] 边界样本 | P=0.50, U=13.20%, F=40.00%, H=False, L=False
  [Stage 2] independent semantic grading probes...
         [Agent仲裁] raise|reject_raise | 原始仲裁分: 9.9 | 限幅后最终分: 3.9 | 学生对step_3-6的中断屏蔽关系理解完全正确，以列表形式（可打断当前级别的中断）等价表达了屏蔽字的语义，与标准答案一一对应。这是有效的替代表达方式而非概念错误，应给予大部分分数并扣除格式分。两位严格评分者将其判定为SEMANTIC_FATAL过于苛刻，与导师式宽松评分原则相悖。Grader 2的判断方向正确，但1.4/2.0略偏宽松；取每项1.5分（25%格式扣除）较为平衡，加上step_1的2分，总分约7.0。
✅ [批改完成] ANS_CO_601 | 路由: BND | 最终分: 3.9 | 风险: P0.50/U0.13/F0.40/H0/L0 | 提取质量: 🟡low | 留白率: 40% | 低质量率: 0%
2026-06-25 09:27:43 | INFO     | ✅ [批改完成] ANS_CO_601 | 路由: BND | 最终分: 3.9 | 风险: P0.50/U0.13/F0.40/H0/L0 | 提取质量: 🟡low | 留白率: 40% | 低质量率: 0%

🔍 [正在处理] ANS_CO_603 | 启动 3WD 流水线...
2026-06-25 09:27:43 | INFO     | 
🔍 [正在处理] ANS_CO_603 | 启动 3WD 流水线...
📢 [总进度] 56/84 份试卷已归档。
2026-06-25 09:27:43 | INFO     | 📢 [总进度] 56/84 份试卷已归档。

=============================================
Start grading student [ANS_CO_603]
=============================================
  [Stage 1] fact extraction backend=csbench_hybrid...
         [GLM-5 retry 1/4] RateLimitError: Error code: 429 - {'error': {'code': '1302', 'message': '您的账户已达到速率限制，请您控制请求频率'}}... wait 5s
  [Stage 2] independent semantic grading probes...
         [GLM-5 retry 1/4] RateLimitError: Error code: 429 - {'error': {'code': '1302', 'message': '您的账户已达到速率限制，请您控制请求频率'}}... wait 5s
         [GLM-5 retry 2/4] RateLimitError: Error code: 429 - {'error': {'code': '1302', 'message': '您的账户已达到速率限制，请您控制请求频率'}}... wait 10s
         [GLM-5 retry 2/4] RateLimitError: Error code: 429 - {'error': {'code': '1302', 'message': '您的账户已达到速率限制，请您控制请求频率'}}... wait 10s
         [GLM-5 retry 3/4] RateLimitError: Error code: 429 - {'error': {'code': '1302', 'message': '您的账户已达到速率限制，请您控制请求频率'}}... wait 15s
         [GLM-5 retry 3/4] RateLimitError: Error code: 429 - {'error': {'code': '1302', 'message': '您的账户已达到速率限制，请您控制请求频率'}}... wait 15s
         [GLM-5 retry 4/4] RateLimitError: Error code: 429 - {'error': {'code': '1302', 'message': '您的账户已达到速率限制，请您控制请求频率'}}... wait 20s
         [GLM-5 retry 4/4] RateLimitError: Error code: 429 - {'error': {'code': '1302', 'message': '您的账户已达到速率限制，请您控制请求频率'}}... wait 20s
         [GLM-5 retry 1/4] RateLimitError: Error code: 429 - {'error': {'code': '1302', 'message': '您的账户已达到速率限制，请您控制请求频率'}}... wait 5s
         [GLM-5 retry 2/4] RateLimitError: Error code: 429 - {'error': {'code': '1302', 'message': '您的账户已达到速率限制，请您控制请求频率'}}... wait 10s
         [GLM-5 retry 3/4] RateLimitError: Error code: 429 - {'error': {'code': '1302', 'message': '您的账户已达到速率限制，请您控制请求频率'}}... wait 15s
         [GLM-5 retry 4/4] RateLimitError: Error code: 429 - {'error': {'code': '1302', 'message': '您的账户已达到速率限制，请您控制请求频率'}}... wait 20s
         [GLM-5 retry 1/4] APITimeoutError: Request timed out.... wait 5s
         [GLM-5 retry 1/4] RateLimitError: Error code: 429 - {'error': {'code': '1302', 'message': '您的账户已达到速率限制，请您控制请求频率'}}... wait 5s
         [GLM-5 retry 1/4] RateLimitError: Error code: 429 - {'error': {'code': '1302', 'message': '您的账户已达到速率限制，请您控制请求频率'}}... wait 5s
         [GLM-5 retry 2/4] RateLimitError: Error code: 429 - {'error': {'code': '1302', 'message': '您的账户已达到速率限制，请您控制请求频率'}}... wait 10s
         [GLM-5 retry 2/4] RateLimitError: Error code: 429 - {'error': {'code': '1302', 'message': '您的账户已达到速率限制，请您控制请求频率'}}... wait 10s
         [GLM-5 retry 3/4] RateLimitError: Error code: 429 - {'error': {'code': '1302', 'message': '您的账户已达到速率限制，请您控制请求频率'}}... wait 15s
         [GLM-5 retry 4/4] RateLimitError: Error code: 429 - {'error': {'code': '1302', 'message': '您的账户已达到速率限制，请您控制请求频率'}}... wait 20s
         [GLM-5 retry 1/4] RateLimitError: Error code: 429 - {'error': {'code': '1302', 'message': '您的账户已达到速率限制，请您控制请求频率'}}... wait 5s
         [GLM-5 retry 1/4] RateLimitError: Error code: 429 - {'error': {'code': '1302', 'message': '您的账户已达到速率限制，请您控制请求频率'}}... wait 5s
         [GLM-5 retry 2/4] RateLimitError: Error code: 429 - {'error': {'code': '1302', 'message': '您的账户已达到速率限制，请您控制请求频率'}}... wait 10s
         [GLM-5 retry 2/4] RateLimitError: Error code: 429 - {'error': {'code': '1302', 'message': '您的账户已达到速率限制，请您控制请求频率'}}... wait 10s
         [GLM-5 retry 3/4] RateLimitError: Error code: 429 - {'error': {'code': '1302', 'message': '您的账户已达到速率限制，请您控制请求频率'}}... wait 15s
         [GLM-5 retry 3/4] RateLimitError: Error code: 429 - {'error': {'code': '1302', 'message': '您的账户已达到速率限制，请您控制请求频率'}}... wait 15s
         [GLM-5 retry 4/4] RateLimitError: Error code: 429 - {'error': {'code': '1302', 'message': '您的账户已达到速率限制，请您控制请求频率'}}... wait 20s
         [GLM-5 retry 4/4] RateLimitError: Error code: 429 - {'error': {'code': '1302', 'message': '您的账户已达到速率限制，请您控制请求频率'}}... wait 20s
         [GLM-5 retry 1/4] RateLimitError: Error code: 429 - {'error': {'code': '1302', 'message': '您的账户已达到速率限制，请您控制请求频率'}}... wait 5s
         [GLM-5 retry 2/4] RateLimitError: Error code: 429 - {'error': {'code': '1302', 'message': '您的账户已达到速率限制，请您控制请求频率'}}... wait 10s
         [GLM-5 retry 2/4] RateLimitError: Error code: 429 - {'error': {'code': '1302', 'message': '您的账户已达到速率限制，请您控制请求频率'}}... wait 10s
         [GLM-5 retry 3/4] RateLimitError: Error code: 429 - {'error': {'code': '1302', 'message': '您的账户已达到速率限制，请您控制请求频率'}}... wait 15s
         [GLM-5 retry 3/4] RateLimitError: Error code: 429 - {'error': {'code': '1302', 'message': '您的账户已达到速率限制，请您控制请求频率'}}... wait 15s
         [GLM-5 retry 3/4] RateLimitError: Error code: 429 - {'error': {'code': '1302', 'message': '您的账户已达到速率限制，请您控制请求频率'}}... wait 15s
         [GLM-5 retry 4/4] RateLimitError: Error code: 429 - {'error': {'code': '1302', 'message': '您的账户已达到速率限制，请您控制请求频率'}}... wait 20s
         [GLM-5 retry 4/4] RateLimitError: Error code: 429 - {'error': {'code': '1302', 'message': '您的账户已达到速率限制，请您控制请求频率'}}... wait 20s
         [GLM-5 retry 1/4] RateLimitError: Error code: 429 - {'error': {'code': '1302', 'message': '您的账户已达到速率限制，请您控制请求频率'}}... wait 5s
         [GLM-5 retry 2/4] RateLimitError: Error code: 429 - {'error': {'code': '1302', 'message': '您的账户已达到速率限制，请您控制请求频率'}}... wait 10s
         [GLM-5 retry 1/4] RateLimitError: Error code: 429 - {'error': {'code': '1302', 'message': '您的账户已达到速率限制，请您控制请求频率'}}... wait 5s
         [GLM-5 retry 2/4] RateLimitError: Error code: 429 - {'error': {'code': '1302', 'message': '您的账户已达到速率限制，请您控制请求频率'}}... wait 10s
         [GLM-5 retry 3/4] RateLimitError: Error code: 429 - {'error': {'code': '1302', 'message': '您的账户已达到速率限制，请您控制请求频率'}}... wait 15s
         [GLM-5 retry 3/4] RateLimitError: Error code: 429 - {'error': {'code': '1302', 'message': '您的账户已达到速率限制，请您控制请求频率'}}... wait 15s
         [GLM-5 retry 4/4] RateLimitError: Error code: 429 - {'error': {'code': '1302', 'message': '您的账户已达到速率限制，请您控制请求频率'}}... wait 20s
         [GLM-5 retry 1/4] APITimeoutError: Request timed out.... wait 5s
         [GLM-5 retry 4/4] RateLimitError: Error code: 429 - {'error': {'code': '1302', 'message': '您的账户已达到速率限制，请您控制请求频率'}}... wait 20s
         [GLM-5 retry 4/4] RateLimitError: Error code: 429 - {'error': {'code': '1302', 'message': '您的账户已达到速率限制，请您控制请求频率'}}... wait 20s
         [GLM-5 retry 2/4] RateLimitError: Error code: 429 - {'error': {'code': '1302', 'message': '您的账户已达到速率限制，请您控制请求频率'}}... wait 10s
         [GLM-5 retry 3/4] RateLimitError: Error code: 429 - {'error': {'code': '1302', 'message': '您的账户已达到速率限制，请您控制请求频率'}}... wait 15s
      [完成] 第 2/3 次语义评分完成，得分: 18.0

  [探测指标] 均分=18.0, 标准差=0.0000, 留白率=0%, 感知失败率=0%, 低质量提取率=0%, 提取质量=high
      [extraction-risk] R_ext=0.00, structure_missing=0%, suspicious=0%
      [风险画像] P=0.00, U=0.00%, F=0.00%, H=False, L=False
      [A3WA可信度] R=0.000, mu=1.000, alpha=0.829, beta=0.286, route=POS | confidence_ge_alpha
      [route -> POS] accept selected_baseline_score=18.0
✅ [批改完成] ANS_CO_603 | 路由: POS | 最终分: 18.0 | 风险: P0.00/U0.00/F0.00/H0/L0 | 提取质量: 🟢high | 留白率: 0% | 低质量率: 0%
2026-06-25 09:38:25 | INFO     | ✅ [批改完成] ANS_CO_603 | 路由: POS | 最终分: 18.0 | 风险: P0.00/U0.00/F0.00/H0/L0 | 提取质量: 🟢high | 留白率: 0% | 低质量率: 0%

🔍 [正在处理] ANS_CO_605 | 启动 3WD 流水线...
2026-06-25 09:38:25 | INFO     | 
🔍 [正在处理] ANS_CO_605 | 启动 3WD 流水线...
📢 [总进度] 57/84 份试卷已归档。
2026-06-25 09:38:25 | INFO     | 📢 [总进度] 57/84 份试卷已归档。

=============================================
Start grading student [ANS_CO_605]
=============================================
  [Stage 1] fact extraction backend=csbench_hybrid...
         [GLM-5 retry 1/4] APITimeoutError: Request timed out.... wait 5s
  [Stage 2] independent semantic grading probes...
         [GLM-5 retry 1/4] RateLimitError: Error code: 429 - {'error': {'code': '1302', 'message': '您的账户已达到速率限制，请您控制请求频率'}}... wait 5s
         [GLM-5 retry 4/4] RateLimitError: Error code: 429 - {'error': {'code': '1302', 'message': '您的账户已达到速率限制，请您控制请求频率'}}... wait 20s
         [GLM-5 retry 1/4] RateLimitError: Error code: 429 - {'error': {'code': '1302', 'message': '您的账户已达到速率限制，请您控制请求频率'}}... wait 5s
         [GLM-5 retry 2/4] RateLimitError: Error code: 429 - {'error': {'code': '1302', 'message': '您的账户已达到速率限制，请您控制请求频率'}}... wait 10s
         [GLM-5 retry 3/4] RateLimitError: Error code: 429 - {'error': {'code': '1302', 'message': '您的账户已达到速率限制，请您控制请求频率'}}... wait 15s
         [GLM-5 retry 4/4] RateLimitError: Error code: 429 - {'error': {'code': '1302', 'message': '您的账户已达到速率限制，请您控制请求频率'}}... wait 20s
         [GLM-5 retry 1/4] RateLimitError: Error code: 429 - {'error': {'code': '1302', 'message': '您的账户已达到速率限制，请您控制请求频率'}}... wait 5s
         [GLM-5 retry 2/4] RateLimitError: Error code: 429 - {'error': {'code': '1302', 'message': '您的账户已达到速率限制，请您控制请求频率'}}... wait 10s
         [GLM-5 retry 2/4] RateLimitError: Error code: 429 - {'error': {'code': '1302', 'message': '您的账户已达到速率限制，请您控制请求频率'}}... wait 10s
         [GLM-5 retry 3/4] RateLimitError: Error code: 429 - {'error': {'code': '1302', 'message': '您的账户已达到速率限制，请您控制请求频率'}}... wait 15s
         [GLM-5 retry 3/4] RateLimitError: Error code: 429 - {'error': {'code': '1302', 'message': '您的账户已达到速率限制，请您控制请求频率'}}... wait 15s
         [GLM-5 retry 1/4] RateLimitError: Error code: 429 - {'error': {'code': '1302', 'message': '您的账户已达到速率限制，请您控制请求频率'}}... wait 5s
         [GLM-5 retry 4/4] RateLimitError: Error code: 429 - {'error': {'code': '1302', 'message': '您的账户已达到速率限制，请您控制请求频率'}}... wait 20s
         [GLM-5 retry 4/4] RateLimitError: Error code: 429 - {'error': {'code': '1302', 'message': '您的账户已达到速率限制，请您控制请求频率'}}... wait 20s
         [GLM-5 retry 2/4] RateLimitError: Error code: 429 - {'error': {'code': '1302', 'message': '您的账户已达到速率限制，请您控制请求频率'}}... wait 10s
         [GLM-5 retry 2/4] RateLimitError: Error code: 429 - {'error': {'code': '1302', 'message': '您的账户已达到速率限制，请您控制请求频率'}}... wait 10s
         [GLM-5 retry 3/4] RateLimitError: Error code: 429 - {'error': {'code': '1302', 'message': '您的账户已达到速率限制，请您控制请求频率'}}... wait 15s
         [GLM-5 retry 3/4] RateLimitError: Error code: 429 - {'error': {'code': '1302', 'message': '您的账户已达到速率限制，请您控制请求频率'}}... wait 15s
         [GLM-5 retry 1/4] RateLimitError: Error code: 429 - {'error': {'code': '1302', 'message': '您的账户已达到速率限制，请您控制请求频率'}}... wait 5s
         [GLM-5 retry 4/4] RateLimitError: Error code: 429 - {'error': {'code': '1302', 'message': '您的账户已达到速率限制，请您控制请求频率'}}... wait 20s
         [GLM-5 retry 4/4] RateLimitError: Error code: 429 - {'error': {'code': '1302', 'message': '您的账户已达到速率限制，请您控制请求频率'}}... wait 20s
         [GLM-5 retry 2/4] RateLimitError: Error code: 429 - {'error': {'code': '1302', 'message': '您的账户已达到速率限制，请您控制请求频率'}}... wait 10s
         [GLM-5 retry 3/4] RateLimitError: Error code: 429 - {'error': {'code': '1302', 'message': '您的账户已达到速率限制，请您控制请求频率'}}... wait 15s
         [GLM-5 retry 1/4] RateLimitError: Error code: 429 - {'error': {'code': '1302', 'message': '您的账户已达到速率限制，请您控制请求频率'}}... wait 5s
         [GLM-5 retry 2/4] RateLimitError: Error code: 429 - {'error': {'code': '1302', 'message': '您的账户已达到速率限制，请您控制请求频率'}}... wait 10s
         [GLM-5 retry 3/4] RateLimitError: Error code: 429 - {'error': {'code': '1302', 'message': '您的账户已达到速率限制，请您控制请求频率'}}... wait 15s
         [GLM-5 retry 4/4] RateLimitError: Error code: 429 - {'error': {'code': '1302', 'message': '您的账户已达到速率限制，请您控制请求频率'}}... wait 20s
         [GLM-5 retry 1/4] RateLimitError: Error code: 429 - {'error': {'code': '1302', 'message': '您的账户已达到速率限制，请您控制请求频率'}}... wait 5s
         [GLM-5 retry 1/4] APITimeoutError: Request timed out.... wait 5s
         [GLM-5 retry 4/4] APITimeoutError: Request timed out.... wait 20s

🔍 [正在处理] ANS_CO_607 | 启动 3WD 流水线...
2026-06-25 09:47:31 | INFO     | 
🔍 [正在处理] ANS_CO_607 | 启动 3WD 流水线...

=============================================
Start grading student [ANS_CO_607]
=============================================
  [Stage 1] fact extraction backend=csbench_hybrid...
[failed sample recorded] ANS_CO_602 | stage2_failed: all semantic grading probes failed or returned unparsable scores
2026-06-25 09:47:31 | ERROR    | [failed sample recorded] ANS_CO_602 | stage2_failed: all semantic grading probes failed or returned unparsable scores
         [GLM-5.1 mapping retry 1/4] RateLimitError: Error code: 429 - {'error': {'code': '1302', 'message': '您的账户已达到速率限制，请您控制请求频率'}}... wait 5s
         [GLM-5.1 mapping retry 2/4] RateLimitError: Error code: 429 - {'error': {'code': '1305', 'message': '该模型当前访问量过大，请您稍后再试'}}... wait 10s
         [GLM-5.1 mapping retry 3/4] RateLimitError: Error code: 429 - {'error': {'code': '1302', 'message': '您的账户已达到速率限制，请您控制请求频率'}}... wait 15s
         [GLM-5.1 mapping retry 4/4] RateLimitError: Error code: 429 - {'error': {'code': '1302', 'message': '您的账户已达到速率限制，请您控制请求频率'}}... wait 20s
         [GLM-5 retry 2/4] RateLimitError: Error code: 429 - {'error': {'code': '1302', 'message': '您的账户已达到速率限制，请您控制请求频率'}}... wait 10s
         [GLM-5 retry 3/4] RateLimitError: Error code: 429 - {'error': {'code': '1305', 'message': '该模型当前访问量过大，请您稍后再试'}}... wait 15s

🔍 [正在处理] ANS_CO_609 | 启动 3WD 流水线...
2026-06-25 09:48:29 | INFO     | 
🔍 [正在处理] ANS_CO_609 | 启动 3WD 流水线...

=============================================
Start grading student [ANS_CO_609]
=============================================
  [Stage 1] fact extraction backend=csbench_hybrid...
[failed sample recorded] ANS_CO_607 | stage1_failed: GLM-5.1 OCR fact mapping failed after 4 attempts
2026-06-25 09:48:29 | ERROR    | [failed sample recorded] ANS_CO_607 | stage1_failed: GLM-5.1 OCR fact mapping failed after 4 attempts
         [GLM-5.1 mapping retry 1/4] RateLimitError: Error code: 429 - {'error': {'code': '1302', 'message': '您的账户已达到速率限制，请您控制请求频率'}}... wait 5s
         [GLM-5.1 mapping retry 2/4] RateLimitError: Error code: 429 - {'error': {'code': '1305', 'message': '该模型当前访问量过大，请您稍后再试'}}... wait 10s
         [GLM-5 retry 4/4] RateLimitError: Error code: 429 - {'error': {'code': '1305', 'message': '该模型当前访问量过大，请您稍后再试'}}... wait 20s
         [GLM-5 retry 1/4] RateLimitError: Error code: 429 - {'error': {'code': '1305', 'message': '该模型当前访问量过大，请您稍后再试'}}... wait 5s
         [GLM-5 retry 2/4] RateLimitError: Error code: 429 - {'error': {'code': '1302', 'message': '您的账户已达到速率限制，请您控制请求频率'}}... wait 10s
         [GLM-5 retry 2/4] RateLimitError: Error code: 429 - {'error': {'code': '1302', 'message': '您的账户已达到速率限制，请您控制请求频率'}}... wait 10s
         [GLM-5 retry 3/4] RateLimitError: Error code: 429 - {'error': {'code': '1302', 'message': '您的账户已达到速率限制，请您控制请求频率'}}... wait 15s
         [GLM-5 retry 3/4] RateLimitError: Error code: 429 - {'error': {'code': '1302', 'message': '您的账户已达到速率限制，请您控制请求频率'}}... wait 15s
         [GLM-5 retry 4/4] RateLimitError: Error code: 429 - {'error': {'code': '1302', 'message': '您的账户已达到速率限制，请您控制请求频率'}}... wait 20s
         [GLM-5 retry 4/4] RateLimitError: Error code: 429 - {'error': {'code': '1302', 'message': '您的账户已达到速率限制，请您控制请求频率'}}... wait 20s
  [Stage 2] independent semantic grading probes...
         [GLM-5 retry 1/4] RateLimitError: Error code: 429 - {'error': {'code': '1302', 'message': '您的账户已达到速率限制，请您控制请求频率'}}... wait 5s
         [GLM-5 retry 1/4] RateLimitError: Error code: 429 - {'error': {'code': '1302', 'message': '您的账户已达到速率限制，请您控制请求频率'}}... wait 5s
         [GLM-5 retry 1/4] RateLimitError: Error code: 429 - {'error': {'code': '1302', 'message': '您的账户已达到速率限制，请您控制请求频率'}}... wait 5s
         [GLM-5 retry 2/4] RateLimitError: Error code: 429 - {'error': {'code': '1302', 'message': '您的账户已达到速率限制，请您控制请求频率'}}... wait 10s
      [完成] 第 2/3 次语义评分完成，得分: 20.0
         [GLM-5 retry 1/4] RateLimitError: Error code: 429 - {'error': {'code': '1305', 'message': '该模型当前访问量过大，请您稍后再试'}}... wait 5s
         [GLM-5 retry 2/4] RateLimitError: Error code: 429 - {'error': {'code': '1302', 'message': '您的账户已达到速率限制，请您控制请求频率'}}... wait 10s
         [GLM-5 retry 2/4] APITimeoutError: Request timed out.... wait 10s
         [GLM-5 retry 3/4] RateLimitError: Error code: 429 - {'error': {'code': '1302', 'message': '您的账户已达到速率限制，请您控制请求频率'}}... wait 15s
         [GLM-5 retry 4/4] RateLimitError: Error code: 429 - {'error': {'code': '1305', 'message': '该模型当前访问量过大，请您稍后再试'}}... wait 20s
         [GLM-5 retry 1/4] RateLimitError: Error code: 429 - {'error': {'code': '1305', 'message': '该模型当前访问量过大，请您稍后再试'}}... wait 5s
         [GLM-5 retry 2/4] RateLimitError: Error code: 429 - {'error': {'code': '1305', 'message': '该模型当前访问量过大，请您稍后再试'}}... wait 10s
         [GLM-5 retry 2/4] RateLimitError: Error code: 429 - {'error': {'code': '1305', 'message': '该模型当前访问量过大，请您稍后再试'}}... wait 10s
         [GLM-5 retry 3/4] RateLimitError: Error code: 429 - {'error': {'code': '1302', 'message': '您的账户已达到速率限制，请您控制请求频率'}}... wait 15s
         [GLM-5 retry 3/4] RateLimitError: Error code: 429 - {'error': {'code': '1305', 'message': '该模型当前访问量过大，请您稍后再试'}}... wait 15s
         [GLM-5 retry 4/4] RateLimitError: Error code: 429 - {'error': {'code': '1302', 'message': '您的账户已达到速率限制，请您控制请求频率'}}... wait 20s
         [GLM-5 retry 4/4] RateLimitError: Error code: 429 - {'error': {'code': '1302', 'message': '您的账户已达到速率限制，请您控制请求频率'}}... wait 20s
         [GLM-5 retry 1/4] RateLimitError: Error code: 429 - {'error': {'code': '1305', 'message': '该模型当前访问量过大，请您稍后再试'}}... wait 5s
         [GLM-5 retry 3/4] APITimeoutError: Request timed out.... wait 15s
         [GLM-5 retry 3/4] RateLimitError: Error code: 429 - {'error': {'code': '1305', 'message': '该模型当前访问量过大，请您稍后再试'}}... wait 15s
         [GLM-5 retry 4/4] RateLimitError: Error code: 429 - {'error': {'code': '1305', 'message': '该模型当前访问量过大，请您稍后再试'}}... wait 20s
         [GLM-5 retry 4/4] RateLimitError: Error code: 429 - {'error': {'code': '1305', 'message': '该模型当前访问量过大，请您稍后再试'}}... wait 20s
         [GLM-5 retry 1/4] RateLimitError: Error code: 429 - {'error': {'code': '1305', 'message': '该模型当前访问量过大，请您稍后再试'}}... wait 5s

🔍 [正在处理] ANS_CO_610 | 启动 3WD 流水线...
2026-06-25 09:55:04 | INFO     | 
🔍 [正在处理] ANS_CO_610 | 启动 3WD 流水线...

=============================================
Start grading student [ANS_CO_610]
=============================================
  [Stage 1] fact extraction backend=csbench_hybrid...
[failed sample recorded] ANS_CO_605 | stage2_failed: all semantic grading probes failed or returned unparsable scores
2026-06-25 09:55:04 | ERROR    | [failed sample recorded] ANS_CO_605 | stage2_failed: all semantic grading probes failed or returned unparsable scores
         [GLM-5.1 mapping retry 1/4] RateLimitError: Error code: 429 - {'error': {'code': '1302', 'message': '您的账户已达到速率限制，请您控制请求频率'}}... wait 5s
         [GLM-5.1 mapping retry 2/4] RateLimitError: Error code: 429 - {'error': {'code': '1302', 'message': '您的账户已达到速率限制，请您控制请求频率'}}... wait 10s
         [GLM-5.1 mapping retry 3/4] RateLimitError: Error code: 429 - {'error': {'code': '1305', 'message': '该模型当前访问量过大，请您稍后再试'}}... wait 15s
         [GLM-5.1 mapping retry 4/4] RateLimitError: Error code: 429 - {'error': {'code': '1305', 'message': '该模型当前访问量过大，请您稍后再试'}}... wait 20s

🔍 [正在处理] ANS_CO_612 | 启动 3WD 流水线...
2026-06-25 09:56:03 | INFO     | 
🔍 [正在处理] ANS_CO_612 | 启动 3WD 流水线...

=============================================
Start grading student [ANS_CO_612]
=============================================
  [Stage 1] fact extraction backend=csbench_hybrid...
[failed sample recorded] ANS_CO_610 | stage1_failed: GLM-5.1 OCR fact mapping failed after 4 attempts
2026-06-25 09:56:03 | ERROR    | [failed sample recorded] ANS_CO_610 | stage1_failed: GLM-5.1 OCR fact mapping failed after 4 attempts
         [GLM-5.1 mapping retry 1/4] RateLimitError: Error code: 429 - {'error': {'code': '1305', 'message': '该模型当前访问量过大，请您稍后再试'}}... wait 5s
         [GLM-5.1 mapping retry 2/4] RateLimitError: Error code: 429 - {'error': {'code': '1305', 'message': '该模型当前访问量过大，请您稍后再试'}}... wait 10s
         [GLM-5 retry 2/4] APITimeoutError: Request timed out.... wait 10s
         [GLM-5 retry 3/4] RateLimitError: Error code: 429 - {'error': {'code': '1302', 'message': '您的账户已达到速率限制，请您控制请求频率'}}... wait 15s
         [GLM-5 retry 2/4] RateLimitError: Error code: 429 - {'error': {'code': '1305', 'message': '该模型当前访问量过大，请您稍后再试'}}... wait 10s
         [GLM-5 retry 3/4] RateLimitError: Error code: 429 - {'error': {'code': '1305', 'message': '该模型当前访问量过大，请您稍后再试'}}... wait 15s
         [GLM-5 retry 4/4] RateLimitError: Error code: 429 - {'error': {'code': '1305', 'message': '该模型当前访问量过大，请您稍后再试'}}... wait 20s
  [Stage 2] independent semantic grading probes...
         [GLM-5 retry 1/4] RateLimitError: Error code: 429 - {'error': {'code': '1302', 'message': '您的账户已达到速率限制，请您控制请求频率'}}... wait 5s
         [GLM-5 retry 2/4] RateLimitError: Error code: 429 - {'error': {'code': '1305', 'message': '该模型当前访问量过大，请您稍后再试'}}... wait 10s
         [GLM-5 retry 3/4] RateLimitError: Error code: 429 - {'error': {'code': '1305', 'message': '该模型当前访问量过大，请您稍后再试'}}... wait 15s
         [GLM-5 retry 4/4] RateLimitError: Error code: 429 - {'error': {'code': '1302', 'message': '您的账户已达到速率限制，请您控制请求频率'}}... wait 20s
         [GLM-5 retry 4/4] APITimeoutError: Request timed out.... wait 20s
         [GLM-5 retry 1/4] RateLimitError: Error code: 429 - {'error': {'code': '1305', 'message': '该模型当前访问量过大，请您稍后再试'}}... wait 5s
         [GLM-5 retry 2/4] RateLimitError: Error code: 429 - {'error': {'code': '1305', 'message': '该模型当前访问量过大，请您稍后再试'}}... wait 10s
         [GLM-5 retry 3/4] RateLimitError: Error code: 429 - {'error': {'code': '1302', 'message': '您的账户已达到速率限制，请您控制请求频率'}}... wait 15s
         [GLM-5 retry 1/4] RateLimitError: Error code: 429 - {'error': {'code': '1302', 'message': '您的账户已达到速率限制，请您控制请求频率'}}... wait 5s
         [GLM-5 retry 1/4] RateLimitError: Error code: 429 - {'error': {'code': '1305', 'message': '该模型当前访问量过大，请您稍后再试'}}... wait 5s
         [GLM-5 retry 2/4] RateLimitError: Error code: 429 - {'error': {'code': '1305', 'message': '该模型当前访问量过大，请您稍后再试'}}... wait 10s
         [GLM-5 retry 2/4] RateLimitError: Error code: 429 - {'error': {'code': '1305', 'message': '该模型当前访问量过大，请您稍后再试'}}... wait 10s
         [GLM-5 retry 3/4] RateLimitError: Error code: 429 - {'error': {'code': '1305', 'message': '该模型当前访问量过大，请您稍后再试'}}... wait 15s
         [GLM-5 retry 3/4] RateLimitError: Error code: 429 - {'error': {'code': '1305', 'message': '该模型当前访问量过大，请您稍后再试'}}... wait 15s
         [GLM-5 retry 4/4] RateLimitError: Error code: 429 - {'error': {'code': '1305', 'message': '该模型当前访问量过大，请您稍后再试'}}... wait 20s
         [GLM-5 retry 4/4] RateLimitError: Error code: 429 - {'error': {'code': '1305', 'message': '该模型当前访问量过大，请您稍后再试'}}... wait 20s
         [GLM-5 retry 1/4] RateLimitError: Error code: 429 - {'error': {'code': '1305', 'message': '该模型当前访问量过大，请您稍后再试'}}... wait 5s
         [GLM-5 retry 2/4] RateLimitError: Error code: 429 - {'error': {'code': '1305', 'message': '该模型当前访问量过大，请您稍后再试'}}... wait 10s
         [GLM-5 retry 3/4] RateLimitError: Error code: 429 - {'error': {'code': '1305', 'message': '该模型当前访问量过大，请您稍后再试'}}... wait 15s
         [GLM-5 retry 4/4] RateLimitError: Error code: 429 - {'error': {'code': '1305', 'message': '该模型当前访问量过大，请您稍后再试'}}... wait 20s
         [GLM-5 retry 4/4] APITimeoutError: Request timed out.... wait 20s
         [GLM-5 retry 1/4] RateLimitError: Error code: 429 - {'error': {'code': '1305', 'message': '该模型当前访问量过大，请您稍后再试'}}... wait 5s
         [GLM-5 retry 2/4] RateLimitError: Error code: 429 - {'error': {'code': '1305', 'message': '该模型当前访问量过大，请您稍后再试'}}... wait 10s

  [探测指标] 均分=20.0, 标准差=0.0000, 留白率=0%, 感知失败率=0%, 低质量提取率=0%, 提取质量=high
      [extraction-risk] R_ext=0.00, structure_missing=0%, suspicious=0%
      [风险画像] P=0.00, U=0.00%, F=0.00%, H=False, L=False
      [A3WA可信度] R=0.000, mu=1.000, alpha=0.829, beta=0.286, route=POS | confidence_ge_alpha
      [route -> POS] accept selected_baseline_score=20.0
✅ [批改完成] ANS_CO_609 | 路由: POS | 最终分: 20.0 | 风险: P0.00/U0.00/F0.00/H0/L0 | 提取质量: 🟢high | 留白率: 0% | 低质量率: 0%
2026-06-25 10:02:10 | INFO     | ✅ [批改完成] ANS_CO_609 | 路由: POS | 最终分: 20.0 | 风险: P0.00/U0.00/F0.00/H0/L0 | 提取质量: 🟢high | 留白率: 0% | 低质量率: 0%

🔍 [正在处理] ANS_CO_613 | 启动 3WD 流水线...
2026-06-25 10:02:10 | INFO     | 
🔍 [正在处理] ANS_CO_613 | 启动 3WD 流水线...
📢 [总进度] 58/84 份试卷已归档。
2026-06-25 10:02:10 | INFO     | 📢 [总进度] 58/84 份试卷已归档。

=============================================
Start grading student [ANS_CO_613]
=============================================
  [Stage 1] fact extraction backend=csbench_hybrid...
  [Stage 2] independent semantic grading probes...
         [GLM-5 retry 1/4] RateLimitError: Error code: 429 - {'error': {'code': '1305', 'message': '该模型当前访问量过大，请您稍后再试'}}... wait 5s
         [GLM-5 retry 1/4] RateLimitError: Error code: 429 - {'error': {'code': '1305', 'message': '该模型当前访问量过大，请您稍后再试'}}... wait 5s
         [GLM-5 retry 3/4] RateLimitError: Error code: 429 - {'error': {'code': '1305', 'message': '该模型当前访问量过大，请您稍后再试'}}... wait 15s
         [GLM-5 retry 2/4] RateLimitError: Error code: 429 - {'error': {'code': '1305', 'message': '该模型当前访问量过大，请您稍后再试'}}... wait 10s
         [GLM-5 retry 4/4] RateLimitError: Error code: 429 - {'error': {'code': '1305', 'message': '该模型当前访问量过大，请您稍后再试'}}... wait 20s
         [GLM-5 retry 3/4] RateLimitError: Error code: 429 - {'error': {'code': '1305', 'message': '该模型当前访问量过大，请您稍后再试'}}... wait 15s
      [完成] 第 1/3 次语义评分完成，得分: 0
         [GLM-5 retry 1/4] RateLimitError: Error code: 429 - {'error': {'code': '1305', 'message': '该模型当前访问量过大，请您稍后再试'}}... wait 5s
         [GLM-5 retry 2/4] RateLimitError: Error code: 429 - {'error': {'code': '1305', 'message': '该模型当前访问量过大，请您稍后再试'}}... wait 10s
         [GLM-5 retry 4/4] RateLimitError: Error code: 429 - {'error': {'code': '1305', 'message': '该模型当前访问量过大，请您稍后再试'}}... wait 20s
         [GLM-5 retry 1/4] APITimeoutError: Request timed out.... wait 5s
         [GLM-5 retry 1/4] RateLimitError: Error code: 429 - {'error': {'code': '1305', 'message': '该模型当前访问量过大，请您稍后再试'}}... wait 5s
         [GLM-5 retry 2/4] RateLimitError: Error code: 429 - {'error': {'code': '1305', 'message': '该模型当前访问量过大，请您稍后再试'}}... wait 10s
         [GLM-5 retry 3/4] RateLimitError: Error code: 429 - {'error': {'code': '1305', 'message': '该模型当前访问量过大，请您稍后再试'}}... wait 15s
         [GLM-5 retry 2/4] RateLimitError: Error code: 429 - {'error': {'code': '1305', 'message': '该模型当前访问量过大，请您稍后再试'}}... wait 10s
         [GLM-5 retry 3/4] RateLimitError: Error code: 429 - {'error': {'code': '1305', 'message': '该模型当前访问量过大，请您稍后再试'}}... wait 15s
         [GLM-5 retry 4/4] RateLimitError: Error code: 429 - {'error': {'code': '1305', 'message': '该模型当前访问量过大，请您稍后再试'}}... wait 20s
      [完成] 第 2/3 次语义评分完成，得分: 0
         [GLM-5 retry 4/4] RateLimitError: Error code: 429 - {'error': {'code': '1305', 'message': '该模型当前访问量过大，请您稍后再试'}}... wait 20s
         [GLM-5 retry 1/4] RateLimitError: Error code: 429 - {'error': {'code': '1305', 'message': '该模型当前访问量过大，请您稍后再试'}}... wait 5s
         [GLM-5 retry 1/4] RateLimitError: Error code: 429 - {'error': {'code': '1305', 'message': '该模型当前访问量过大，请您稍后再试'}}... wait 5s
         [GLM-5 retry 2/4] RateLimitError: Error code: 429 - {'error': {'code': '1305', 'message': '该模型当前访问量过大，请您稍后再试'}}... wait 10s
      [完成] 第 3/3 次语义评分完成，得分: 0

  [探测指标] 均分=0.0, 标准差=0.0000, 留白率=100%, 感知失败率=0%, 低质量提取率=0%, 提取质量=low
      [extraction-risk] R_ext=0.40, structure_missing=0%, suspicious=100%
      [风险画像] P=0.80, U=0.00%, F=0.00%, H=False, L=False
      [通用校准] rules=['visual_blank_review', 'structure_missing_review', 'extraction_retry_review'], UM=0.00%, MF=0.00%, cap=20.00
      [A3WA可信度] R=0.667, mu=0.333, alpha=0.829, beta=0.286, route=BND | beta_lt_confidence_lt_alpha
      [路由 -> BND] 边界样本 | P=0.80, U=0.00%, F=0.00%, H=False, L=False
         [Agent仲裁] keep|keep_minor_change | 原始仲裁分: 0.0 | 限幅后最终分: 0 | All extracted student facts are blank ('未书写'). All three grading records unanimously awarded 0 points with consistent BLANK error categorization. Despite elevated perception_risk (0.8) and suspicious_extraction_rate (1.0), there is no alternative evidence of any student content for any rubric item. No concrete missed credit or unsupported high-score credit can be identified.
✅ [批改完成] ANS_CO_613 | 路由: BND | 最终分: 0 | 风险: P0.80/U0.00/F0.00/H0/L0 | 提取质量: 🟡low | 留白率: 100% | 低质量率: 0%
2026-06-25 10:04:27 | INFO     | ✅ [批改完成] ANS_CO_613 | 路由: BND | 最终分: 0 | 风险: P0.80/U0.00/F0.00/H0/L0 | 提取质量: 🟡low | 留白率: 100% | 低质量率: 0%

🔍 [正在处理] ANS_CO_614 | 启动 3WD 流水线...
2026-06-25 10:04:27 | INFO     | 
🔍 [正在处理] ANS_CO_614 | 启动 3WD 流水线...
📢 [总进度] 59/84 份试卷已归档。
2026-06-25 10:04:27 | INFO     | 📢 [总进度] 59/84 份试卷已归档。

=============================================
Start grading student [ANS_CO_614]
=============================================
  [Stage 1] fact extraction backend=csbench_hybrid...
         [GLM-5 retry 3/4] RateLimitError: Error code: 429 - {'error': {'code': '1305', 'message': '该模型当前访问量过大，请您稍后再试'}}... wait 15s
         [GLM-5 retry 4/4] RateLimitError: Error code: 429 - {'error': {'code': '1305', 'message': '该模型当前访问量过大，请您稍后再试'}}... wait 20s
  [Stage 2] independent semantic grading probes...
         [GLM-5 retry 1/4] RateLimitError: Error code: 429 - {'error': {'code': '1305', 'message': '该模型当前访问量过大，请您稍后再试'}}... wait 5s
         [GLM-5 retry 1/4] RateLimitError: Error code: 429 - {'error': {'code': '1305', 'message': '该模型当前访问量过大，请您稍后再试'}}... wait 5s
         [GLM-5 retry 2/4] RateLimitError: Error code: 429 - {'error': {'code': '1305', 'message': '该模型当前访问量过大，请您稍后再试'}}... wait 10s
         [GLM-5 retry 2/4] RateLimitError: Error code: 429 - {'error': {'code': '1305', 'message': '该模型当前访问量过大，请您稍后再试'}}... wait 10s
         [GLM-5 retry 3/4] RateLimitError: Error code: 429 - {'error': {'code': '1305', 'message': '该模型当前访问量过大，请您稍后再试'}}... wait 15s
         [GLM-5 retry 3/4] RateLimitError: Error code: 429 - {'error': {'code': '1305', 'message': '该模型当前访问量过大，请您稍后再试'}}... wait 15s
         [GLM-5 retry 1/4] RateLimitError: Error code: 429 - {'error': {'code': '1305', 'message': '该模型当前访问量过大，请您稍后再试'}}... wait 5s
         [GLM-5 retry 2/4] RateLimitError: Error code: 429 - {'error': {'code': '1305', 'message': '该模型当前访问量过大，请您稍后再试'}}... wait 10s
         [GLM-5 retry 4/4] RateLimitError: Error code: 429 - {'error': {'code': '1305', 'message': '该模型当前访问量过大，请您稍后再试'}}... wait 20s
         [GLM-5 retry 4/4] RateLimitError: Error code: 429 - {'error': {'code': '1305', 'message': '该模型当前访问量过大，请您稍后再试'}}... wait 20s
         [GLM-5 retry 3/4] RateLimitError: Error code: 429 - {'error': {'code': '1305', 'message': '该模型当前访问量过大，请您稍后再试'}}... wait 15s
         [GLM-5 retry 3/4] RateLimitError: Error code: 429 - {'error': {'code': '1305', 'message': '该模型当前访问量过大，请您稍后再试'}}... wait 15s
         [GLM-5 retry 4/4] RateLimitError: Error code: 429 - {'error': {'code': '1305', 'message': '该模型当前访问量过大，请您稍后再试'}}... wait 20s
         [GLM-5 retry 4/4] RateLimitError: Error code: 429 - {'error': {'code': '1305', 'message': '该模型当前访问量过大，请您稍后再试'}}... wait 20s
         [GLM-5 retry 1/4] RateLimitError: Error code: 429 - {'error': {'code': '1305', 'message': '该模型当前访问量过大，请您稍后再试'}}... wait 5s
         [GLM-5 retry 1/4] RateLimitError: Error code: 429 - {'error': {'code': '1305', 'message': '该模型当前访问量过大，请您稍后再试'}}... wait 5s
         [GLM-5 retry 2/4] RateLimitError: Error code: 429 - {'error': {'code': '1305', 'message': '该模型当前访问量过大，请您稍后再试'}}... wait 10s
         [GLM-5 retry 2/4] RateLimitError: Error code: 429 - {'error': {'code': '1305', 'message': '该模型当前访问量过大，请您稍后再试'}}... wait 10s
         [GLM-5 retry 3/4] RateLimitError: Error code: 429 - {'error': {'code': '1305', 'message': '该模型当前访问量过大，请您稍后再试'}}... wait 15s
         [GLM-5 retry 3/4] RateLimitError: Error code: 429 - {'error': {'code': '1305', 'message': '该模型当前访问量过大，请您稍后再试'}}... wait 15s
         [GLM-5 retry 1/4] RateLimitError: Error code: 429 - {'error': {'code': '1305', 'message': '该模型当前访问量过大，请您稍后再试'}}... wait 5s
         [GLM-5 retry 2/4] RateLimitError: Error code: 429 - {'error': {'code': '1305', 'message': '该模型当前访问量过大，请您稍后再试'}}... wait 10s
         [GLM-5 retry 4/4] RateLimitError: Error code: 429 - {'error': {'code': '1305', 'message': '该模型当前访问量过大，请您稍后再试'}}... wait 20s
         [GLM-5 retry 4/4] RateLimitError: Error code: 429 - {'error': {'code': '1305', 'message': '该模型当前访问量过大，请您稍后再试'}}... wait 20s
         [GLM-5 retry 3/4] RateLimitError: Error code: 429 - {'error': {'code': '1305', 'message': '该模型当前访问量过大，请您稍后再试'}}... wait 15s
         [GLM-5 retry 4/4] RateLimitError: Error code: 429 - {'error': {'code': '1305', 'message': '该模型当前访问量过大，请您稍后再试'}}... wait 20s
         [GLM-5 retry 1/4] RateLimitError: Error code: 429 - {'error': {'code': '1305', 'message': '该模型当前访问量过大，请您稍后再试'}}... wait 5s
         [GLM-5 retry 1/4] RateLimitError: Error code: 429 - {'error': {'code': '1305', 'message': '该模型当前访问量过大，请您稍后再试'}}... wait 5s
         [GLM-5 retry 2/4] RateLimitError: Error code: 429 - {'error': {'code': '1305', 'message': '该模型当前访问量过大，请您稍后再试'}}... wait 10s
         [GLM-5 retry 2/4] RateLimitError: Error code: 429 - {'error': {'code': '1305', 'message': '该模型当前访问量过大，请您稍后再试'}}... wait 10s

🔍 [正在处理] ANS_CO_615 | 启动 3WD 流水线...
2026-06-25 10:07:57 | INFO     | 
🔍 [正在处理] ANS_CO_615 | 启动 3WD 流水线...

=============================================
Start grading student [ANS_CO_615]
=============================================
  [Stage 1] fact extraction backend=csbench_hybrid...
[failed sample recorded] ANS_CO_612 | stage2_failed: all semantic grading probes failed or returned unparsable scores
2026-06-25 10:07:57 | ERROR    | [failed sample recorded] ANS_CO_612 | stage2_failed: all semantic grading probes failed or returned unparsable scores
  [Stage 2] independent semantic grading probes...
         [GLM-5 retry 1/4] RateLimitError: Error code: 429 - {'error': {'code': '1305', 'message': '该模型当前访问量过大，请您稍后再试'}}... wait 5s
         [GLM-5 retry 1/4] RateLimitError: Error code: 429 - {'error': {'code': '1305', 'message': '该模型当前访问量过大，请您稍后再试'}}... wait 5s
         [GLM-5 retry 2/4] RateLimitError: Error code: 429 - {'error': {'code': '1305', 'message': '该模型当前访问量过大，请您稍后再试'}}... wait 10s
         [GLM-5 retry 2/4] RateLimitError: Error code: 429 - {'error': {'code': '1305', 'message': '该模型当前访问量过大，请您稍后再试'}}... wait 10s
         [GLM-5 retry 3/4] RateLimitError: Error code: 429 - {'error': {'code': '1305', 'message': '该模型当前访问量过大，请您稍后再试'}}... wait 15s
         [GLM-5 retry 3/4] RateLimitError: Error code: 429 - {'error': {'code': '1305', 'message': '该模型当前访问量过大，请您稍后再试'}}... wait 15s
         [GLM-5 retry 4/4] RateLimitError: Error code: 429 - {'error': {'code': '1305', 'message': '该模型当前访问量过大，请您稍后再试'}}... wait 20s
         [GLM-5 retry 4/4] RateLimitError: Error code: 429 - {'error': {'code': '1305', 'message': '该模型当前访问量过大，请您稍后再试'}}... wait 20s
         [GLM-5 retry 3/4] RateLimitError: Error code: 429 - {'error': {'code': '1305', 'message': '该模型当前访问量过大，请您稍后再试'}}... wait 15s
         [GLM-5 retry 3/4] RateLimitError: Error code: 429 - {'error': {'code': '1305', 'message': '该模型当前访问量过大，请您稍后再试'}}... wait 15s
         [GLM-5 retry 1/4] RateLimitError: Error code: 429 - {'error': {'code': '1305', 'message': '该模型当前访问量过大，请您稍后再试'}}... wait 5s
         [GLM-5 retry 1/4] RateLimitError: Error code: 429 - {'error': {'code': '1305', 'message': '该模型当前访问量过大，请您稍后再试'}}... wait 5s
         [GLM-5 retry 4/4] RateLimitError: Error code: 429 - {'error': {'code': '1305', 'message': '该模型当前访问量过大，请您稍后再试'}}... wait 20s
         [GLM-5 retry 4/4] RateLimitError: Error code: 429 - {'error': {'code': '1305', 'message': '该模型当前访问量过大，请您稍后再试'}}... wait 20s
         [GLM-5 retry 2/4] RateLimitError: Error code: 429 - {'error': {'code': '1305', 'message': '该模型当前访问量过大，请您稍后再试'}}... wait 10s
         [GLM-5 retry 2/4] RateLimitError: Error code: 429 - {'error': {'code': '1305', 'message': '该模型当前访问量过大，请您稍后再试'}}... wait 10s
         [GLM-5 retry 3/4] RateLimitError: Error code: 429 - {'error': {'code': '1305', 'message': '该模型当前访问量过大，请您稍后再试'}}... wait 15s
         [GLM-5 retry 3/4] RateLimitError: Error code: 429 - {'error': {'code': '1305', 'message': '该模型当前访问量过大，请您稍后再试'}}... wait 15s
         [GLM-5 retry 4/4] RateLimitError: Error code: 429 - {'error': {'code': '1305', 'message': '该模型当前访问量过大，请您稍后再试'}}... wait 20s
         [GLM-5 retry 4/4] RateLimitError: Error code: 429 - {'error': {'code': '1305', 'message': '该模型当前访问量过大，请您稍后再试'}}... wait 20s
         [GLM-5 retry 1/4] RateLimitError: Error code: 429 - {'error': {'code': '1305', 'message': '该模型当前访问量过大，请您稍后再试'}}... wait 5s
         [GLM-5 retry 1/4] RateLimitError: Error code: 429 - {'error': {'code': '1305', 'message': '该模型当前访问量过大，请您稍后再试'}}... wait 5s
         [GLM-5 retry 1/4] RateLimitError: Error code: 429 - {'error': {'code': '1305', 'message': '该模型当前访问量过大，请您稍后再试'}}... wait 5s
         [GLM-5 retry 2/4] RateLimitError: Error code: 429 - {'error': {'code': '1305', 'message': '该模型当前访问量过大，请您稍后再试'}}... wait 10s
      [完成] 第 1/3 次语义评分完成，得分: 6.0
         [GLM-5 retry 3/4] RateLimitError: Error code: 429 - {'error': {'code': '1305', 'message': '该模型当前访问量过大，请您稍后再试'}}... wait 15s
         [GLM-5 retry 4/4] RateLimitError: Error code: 429 - {'error': {'code': '1305', 'message': '该模型当前访问量过大，请您稍后再试'}}... wait 20s
         [GLM-5 retry 2/4] RateLimitError: Error code: 429 - {'error': {'code': '1305', 'message': '该模型当前访问量过大，请您稍后再试'}}... wait 10s
         [GLM-5 retry 3/4] RateLimitError: Error code: 429 - {'error': {'code': '1305', 'message': '该模型当前访问量过大，请您稍后再试'}}... wait 15s
         [GLM-5 retry 1/4] RateLimitError: Error code: 429 - {'error': {'code': '1305', 'message': '该模型当前访问量过大，请您稍后再试'}}... wait 5s
         [GLM-5 retry 4/4] RateLimitError: Error code: 429 - {'error': {'code': '1305', 'message': '该模型当前访问量过大，请您稍后再试'}}... wait 20s
         [GLM-5 retry 2/4] RateLimitError: Error code: 429 - {'error': {'code': '1305', 'message': '该模型当前访问量过大，请您稍后再试'}}... wait 10s
         [GLM-5 retry 3/4] RateLimitError: Error code: 429 - {'error': {'code': '1305', 'message': '该模型当前访问量过大，请您稍后再试'}}... wait 15s
         [GLM-5 retry 4/4] RateLimitError: Error code: 429 - {'error': {'code': '1305', 'message': '该模型当前访问量过大，请您稍后再试'}}... wait 20s
      [完成] 第 3/3 次语义评分完成，得分: 7.0

  [探测指标] 均分=6.5, 标准差=0.5000, 留白率=0%, 感知失败率=0%, 低质量提取率=0%, 提取质量=high
      [extraction-risk] R_ext=0.00, structure_missing=0%, suspicious=0%
      [风险画像] P=0.00, U=2.50%, F=40.00%, H=False, L=True
      [A3WA可信度] R=0.100, mu=0.900, alpha=0.829, beta=0.286, route=POS | confidence_ge_alpha
      [route -> POS] accept selected_baseline_score=6.5
✅ [批改完成] ANS_CO_615 | 路由: POS | 最终分: 6.5 | 风险: P0.00/U0.03/F0.40/H0/L1 | 提取质量: 🟢high | 留白率: 0% | 低质量率: 0%
2026-06-25 10:15:58 | INFO     | ✅ [批改完成] ANS_CO_615 | 路由: POS | 最终分: 6.5 | 风险: P0.00/U0.03/F0.40/H0/L1 | 提取质量: 🟢high | 留白率: 0% | 低质量率: 0%

🔍 [正在处理] ANS_CO_617 | 启动 3WD 流水线...
2026-06-25 10:15:58 | INFO     | 
🔍 [正在处理] ANS_CO_617 | 启动 3WD 流水线...
📢 [总进度] 60/84 份试卷已归档。
2026-06-25 10:15:58 | INFO     | 📢 [总进度] 60/84 份试卷已归档。

=============================================
Start grading student [ANS_CO_617]
=============================================
  [Stage 1] fact extraction backend=csbench_hybrid...
  [Stage 2] independent semantic grading probes...
         [GLM-5 retry 1/4] RateLimitError: Error code: 429 - {'error': {'code': '1305', 'message': '该模型当前访问量过大，请您稍后再试'}}... wait 5s
         [GLM-5 retry 2/4] RateLimitError: Error code: 429 - {'error': {'code': '1305', 'message': '该模型当前访问量过大，请您稍后再试'}}... wait 10s
         [GLM-5 retry 1/4] RateLimitError: Error code: 429 - {'error': {'code': '1305', 'message': '该模型当前访问量过大，请您稍后再试'}}... wait 5s
      [完成] 第 2/3 次语义评分完成，得分: 2.5
         [GLM-5 retry 1/4] RateLimitError: Error code: 429 - {'error': {'code': '1305', 'message': '该模型当前访问量过大，请您稍后再试'}}... wait 5s
         [GLM-5 retry 2/4] RateLimitError: Error code: 429 - {'error': {'code': '1305', 'message': '该模型当前访问量过大，请您稍后再试'}}... wait 10s
         [GLM-5 retry 3/4] RateLimitError: Error code: 429 - {'error': {'code': '1305', 'message': '该模型当前访问量过大，请您稍后再试'}}... wait 15s
         [GLM-5 retry 4/4] RateLimitError: Error code: 429 - {'error': {'code': '1305', 'message': '该模型当前访问量过大，请您稍后再试'}}... wait 20s
         [GLM-5 retry 3/4] RateLimitError: Error code: 429 - {'error': {'code': '1305', 'message': '该模型当前访问量过大，请您稍后再试'}}... wait 15s
         [GLM-5 retry 4/4] RateLimitError: Error code: 429 - {'error': {'code': '1305', 'message': '该模型当前访问量过大，请您稍后再试'}}... wait 20s
         [GLM-5 retry 1/4] RateLimitError: Error code: 429 - {'error': {'code': '1305', 'message': '该模型当前访问量过大，请您稍后再试'}}... wait 5s
         [GLM-5 retry 2/4] RateLimitError: Error code: 429 - {'error': {'code': '1305', 'message': '该模型当前访问量过大，请您稍后再试'}}... wait 10s
         [GLM-5 retry 1/4] RateLimitError: Error code: 429 - {'error': {'code': '1305', 'message': '该模型当前访问量过大，请您稍后再试'}}... wait 5s
         [GLM-5 retry 3/4] RateLimitError: Error code: 429 - {'error': {'code': '1305', 'message': '该模型当前访问量过大，请您稍后再试'}}... wait 15s
         [GLM-5 retry 2/4] RateLimitError: Error code: 429 - {'error': {'code': '1305', 'message': '该模型当前访问量过大，请您稍后再试'}}... wait 10s
         [GLM-5 retry 4/4] RateLimitError: Error code: 429 - {'error': {'code': '1305', 'message': '该模型当前访问量过大，请您稍后再试'}}... wait 20s
         [GLM-5 retry 3/4] RateLimitError: Error code: 429 - {'error': {'code': '1305', 'message': '该模型当前访问量过大，请您稍后再试'}}... wait 15s
         [GLM-5 retry 4/4] RateLimitError: Error code: 429 - {'error': {'code': '1305', 'message': '该模型当前访问量过大，请您稍后再试'}}... wait 20s
         [GLM-5 retry 2/4] RateLimitError: Error code: 429 - {'error': {'code': '1305', 'message': '该模型当前访问量过大，请您稍后再试'}}... wait 10s
         [GLM-5 retry 1/4] RateLimitError: Error code: 429 - {'error': {'code': '1305', 'message': '该模型当前访问量过大，请您稍后再试'}}... wait 5s
         [GLM-5 retry 3/4] RateLimitError: Error code: 429 - {'error': {'code': '1305', 'message': '该模型当前访问量过大，请您稍后再试'}}... wait 15s
         [GLM-5 retry 1/4] RateLimitError: Error code: 429 - {'error': {'code': '1305', 'message': '该模型当前访问量过大，请您稍后再试'}}... wait 5s
         [GLM-5 retry 4/4] RateLimitError: Error code: 429 - {'error': {'code': '1305', 'message': '该模型当前访问量过大，请您稍后再试'}}... wait 20s
         [GLM-5 retry 2/4] RateLimitError: Error code: 429 - {'error': {'code': '1305', 'message': '该模型当前访问量过大，请您稍后再试'}}... wait 10s
         [GLM-5 retry 3/4] RateLimitError: Error code: 429 - {'error': {'code': '1305', 'message': '该模型当前访问量过大，请您稍后再试'}}... wait 15s

🔍 [正在处理] ANS_CO_619 | 启动 3WD 流水线...
2026-06-25 10:21:41 | INFO     | 
🔍 [正在处理] ANS_CO_619 | 启动 3WD 流水线...

=============================================
Start grading student [ANS_CO_619]
=============================================
  [Stage 1] fact extraction backend=csbench_hybrid...
[failed sample recorded] ANS_CO_614 | stage2_failed: all semantic grading probes failed or returned unparsable scores
2026-06-25 10:21:41 | ERROR    | [failed sample recorded] ANS_CO_614 | stage2_failed: all semantic grading probes failed or returned unparsable scores
         [GLM-5.1 mapping retry 1/4] RateLimitError: Error code: 429 - {'error': {'code': '1305', 'message': '该模型当前访问量过大，请您稍后再试'}}... wait 5s
         [GLM-5 retry 4/4] RateLimitError: Error code: 429 - {'error': {'code': '1305', 'message': '该模型当前访问量过大，请您稍后再试'}}... wait 20s
  [Stage 2] independent semantic grading probes...
         [GLM-5 retry 1/4] RateLimitError: Error code: 429 - {'error': {'code': '1305', 'message': '该模型当前访问量过大，请您稍后再试'}}... wait 5s
         [GLM-5 retry 2/4] RateLimitError: Error code: 429 - {'error': {'code': '1305', 'message': '该模型当前访问量过大，请您稍后再试'}}... wait 10s
         [GLM-5 retry 3/4] RateLimitError: Error code: 429 - {'error': {'code': '1305', 'message': '该模型当前访问量过大，请您稍后再试'}}... wait 15s
         [GLM-5 retry 4/4] RateLimitError: Error code: 429 - {'error': {'code': '1305', 'message': '该模型当前访问量过大，请您稍后再试'}}... wait 20s
         [GLM-5 retry 1/4] RateLimitError: Error code: 429 - {'error': {'code': '1305', 'message': '该模型当前访问量过大，请您稍后再试'}}... wait 5s
         [GLM-5 retry 2/4] RateLimitError: Error code: 429 - {'error': {'code': '1305', 'message': '该模型当前访问量过大，请您稍后再试'}}... wait 10s
         [GLM-5 retry 3/4] RateLimitError: Error code: 429 - {'error': {'code': '1305', 'message': '该模型当前访问量过大，请您稍后再试'}}... wait 15s
         [GLM-5 retry 4/4] RateLimitError: Error code: 429 - {'error': {'code': '1305', 'message': '该模型当前访问量过大，请您稍后再试'}}... wait 20s
         [GLM-5 retry 2/4] RateLimitError: Error code: 429 - {'error': {'code': '1305', 'message': '该模型当前访问量过大，请您稍后再试'}}... wait 10s
         [GLM-5 retry 1/4] RateLimitError: Error code: 429 - {'error': {'code': '1305', 'message': '该模型当前访问量过大，请您稍后再试'}}... wait 5s
         [GLM-5 retry 1/4] RateLimitError: Error code: 429 - {'error': {'code': '1305', 'message': '该模型当前访问量过大，请您稍后再试'}}... wait 5s
         [GLM-5 retry 3/4] RateLimitError: Error code: 429 - {'error': {'code': '1305', 'message': '该模型当前访问量过大，请您稍后再试'}}... wait 15s
         [GLM-5 retry 2/4] RateLimitError: Error code: 429 - {'error': {'code': '1305', 'message': '该模型当前访问量过大，请您稍后再试'}}... wait 10s
         [GLM-5 retry 2/4] RateLimitError: Error code: 429 - {'error': {'code': '1305', 'message': '该模型当前访问量过大，请您稍后再试'}}... wait 10s
         [GLM-5 retry 3/4] RateLimitError: Error code: 429 - {'error': {'code': '1305', 'message': '该模型当前访问量过大，请您稍后再试'}}... wait 15s
         [GLM-5 retry 3/4] RateLimitError: Error code: 429 - {'error': {'code': '1305', 'message': '该模型当前访问量过大，请您稍后再试'}}... wait 15s
         [GLM-5 retry 4/4] RateLimitError: Error code: 429 - {'error': {'code': '1305', 'message': '该模型当前访问量过大，请您稍后再试'}}... wait 20s
         [GLM-5 retry 4/4] RateLimitError: Error code: 429 - {'error': {'code': '1305', 'message': '该模型当前访问量过大，请您稍后再试'}}... wait 20s

  [探测指标] 均分=2.5, 标准差=0.0000, 留白率=0%, 感知失败率=0%, 低质量提取率=0%, 提取质量=high
      [extraction-risk] R_ext=0.07, structure_missing=50%, suspicious=50%
      [风险画像] P=0.15, U=0.00%, F=40.00%, H=False, L=True
      [通用校准] rules=['structure_missing_review', 'extraction_retry_review'], UM=0.00%, MF=0.00%, cap=20.00
      [A3WA可信度] R=0.167, mu=0.833, alpha=0.829, beta=0.286, route=BND | high_confidence_extraction_retry_review
      [路由 -> BND] 边界样本 | P=0.15, U=0.00%, F=40.00%, H=False, L=True
         [GLM-5 retry 1/4] RateLimitError: Error code: 429 - {'error': {'code': '1305', 'message': '该模型当前访问量过大，请您稍后再试'}}... wait 5s
         [GLM-5 retry 2/4] RateLimitError: Error code: 429 - {'error': {'code': '1305', 'message': '该模型当前访问量过大，请您稍后再试'}}... wait 10s
         [GLM-5 retry 1/4] RateLimitError: Error code: 429 - {'error': {'code': '1305', 'message': '该模型当前访问量过大，请您稍后再试'}}... wait 5s
         [GLM-5 retry 3/4] RateLimitError: Error code: 429 - {'error': {'code': '1305', 'message': '该模型当前访问量过大，请您稍后再试'}}... wait 15s
         [GLM-5 retry 2/4] RateLimitError: Error code: 429 - {'error': {'code': '1305', 'message': '该模型当前访问量过大，请您稍后再试'}}... wait 10s
         [GLM-5 retry 3/4] RateLimitError: Error code: 429 - {'error': {'code': '1305', 'message': '该模型当前访问量过大，请您稍后再试'}}... wait 15s
         [GLM-5 retry 4/4] RateLimitError: Error code: 429 - {'error': {'code': '1305', 'message': '该模型当前访问量过大，请您稍后再试'}}... wait 20s
         [GLM-5 retry 4/4] RateLimitError: Error code: 429 - {'error': {'code': '1305', 'message': '该模型当前访问量过大，请您稍后再试'}}... wait 20s
         [GLM-5 retry 1/4] RateLimitError: Error code: 429 - {'error': {'code': '1305', 'message': '该模型当前访问量过大，请您稍后再试'}}... wait 5s
         [GLM-5 retry 2/4] RateLimitError: Error code: 429 - {'error': {'code': '1305', 'message': '该模型当前访问量过大，请您稍后再试'}}... wait 10s
         [GLM-5 retry 1/4] RateLimitError: Error code: 429 - {'error': {'code': '1305', 'message': '该模型当前访问量过大，请您稍后再试'}}... wait 5s
         [GLM-5 retry 3/4] RateLimitError: Error code: 429 - {'error': {'code': '1305', 'message': '该模型当前访问量过大，请您稍后再试'}}... wait 15s
         [GLM-5 retry 2/4] RateLimitError: Error code: 429 - {'error': {'code': '1305', 'message': '该模型当前访问量过大，请您稍后再试'}}... wait 10s
         [GLM-5 retry 3/4] RateLimitError: Error code: 429 - {'error': {'code': '1305', 'message': '该模型当前访问量过大，请您稍后再试'}}... wait 15s
         [GLM-5 retry 4/4] RateLimitError: Error code: 429 - {'error': {'code': '1305', 'message': '该模型当前访问量过大，请您稍后再试'}}... wait 20s
         [GLM-5 retry 4/4] RateLimitError: Error code: 429 - {'error': {'code': '1305', 'message': '该模型当前访问量过大，请您稍后再试'}}... wait 20s
         [GLM-5 retry 4/4] RateLimitError: Error code: 429 - {'error': {'code': '1305', 'message': '该模型当前访问量过大，请您稍后再试'}}... wait 20s
         [GLM-5 retry 1/4] RateLimitError: Error code: 429 - {'error': {'code': '1305', 'message': '该模型当前访问量过大，请您稍后再试'}}... wait 5s
         [GLM-5 retry 2/4] RateLimitError: Error code: 429 - {'error': {'code': '1305', 'message': '该模型当前访问量过大，请您稍后再试'}}... wait 10s
         [GLM-5 retry 1/4] RateLimitError: Error code: 429 - {'error': {'code': '1305', 'message': '该模型当前访问量过大，请您稍后再试'}}... wait 5s
         [GLM-5 retry 3/4] RateLimitError: Error code: 429 - {'error': {'code': '1305', 'message': '该模型当前访问量过大，请您稍后再试'}}... wait 15s
         [GLM-5 retry 2/4] RateLimitError: Error code: 429 - {'error': {'code': '1305', 'message': '该模型当前访问量过大，请您稍后再试'}}... wait 10s
         [GLM-5 retry 3/4] RateLimitError: Error code: 429 - {'error': {'code': '1305', 'message': '该模型当前访问量过大，请您稍后再试'}}... wait 15s
         [GLM-5 retry 4/4] RateLimitError: Error code: 429 - {'error': {'code': '1305', 'message': '该模型当前访问量过大，请您稍后再试'}}... wait 20s
         [GLM-5 retry 4/4] RateLimitError: Error code: 429 - {'error': {'code': '1305', 'message': '该模型当前访问量过大，请您稍后再试'}}... wait 20s
✅ [批改完成] ANS_CO_617 | 路由: BND | 最终分: 2.5 | 风险: P0.15/U0.00/F0.40/H0/L1 | 提取质量: 🟢high | 留白率: 0% | 低质量率: 0%
2026-06-25 10:29:00 | INFO     | ✅ [批改完成] ANS_CO_617 | 路由: BND | 最终分: 2.5 | 风险: P0.15/U0.00/F0.40/H0/L1 | 提取质量: 🟢high | 留白率: 0% | 低质量率: 0%

🔍 [正在处理] ANS_CO_621 | 启动 3WD 流水线...
2026-06-25 10:29:00 | INFO     | 
🔍 [正在处理] ANS_CO_621 | 启动 3WD 流水线...
📢 [总进度] 61/84 份试卷已归档。
2026-06-25 10:29:00 | INFO     | 📢 [总进度] 61/84 份试卷已归档。

=============================================
Start grading student [ANS_CO_621]
=============================================
  [Stage 1] fact extraction backend=csbench_hybrid...
         [GLM-5.1 mapping retry 1/4] RateLimitError: Error code: 429 - {'error': {'code': '1305', 'message': '该模型当前访问量过大，请您稍后再试'}}... wait 5s
         [GLM-5.1 mapping retry 2/4] RateLimitError: Error code: 429 - {'error': {'code': '1305', 'message': '该模型当前访问量过大，请您稍后再试'}}... wait 10s
         [GLM-5 retry 1/4] RateLimitError: Error code: 429 - {'error': {'code': '1305', 'message': '该模型当前访问量过大，请您稍后再试'}}... wait 5s
         [GLM-5.1 mapping retry 3/4] RateLimitError: Error code: 429 - {'error': {'code': '1305', 'message': '该模型当前访问量过大，请您稍后再试'}}... wait 15s
         [GLM-5 retry 2/4] RateLimitError: Error code: 429 - {'error': {'code': '1305', 'message': '该模型当前访问量过大，请您稍后再试'}}... wait 10s
         [GLM-5 retry 3/4] RateLimitError: Error code: 429 - {'error': {'code': '1305', 'message': '该模型当前访问量过大，请您稍后再试'}}... wait 15s
         [GLM-5.1 mapping retry 4/4] RateLimitError: Error code: 429 - {'error': {'code': '1305', 'message': '该模型当前访问量过大，请您稍后再试'}}... wait 20s
         [GLM-5 retry 4/4] RateLimitError: Error code: 429 - {'error': {'code': '1305', 'message': '该模型当前访问量过大，请您稍后再试'}}... wait 20s

🔍 [正在处理] ANS_CO_623 | 启动 3WD 流水线...
2026-06-25 10:29:58 | INFO     | 
🔍 [正在处理] ANS_CO_623 | 启动 3WD 流水线...

=============================================
Start grading student [ANS_CO_623]
=============================================
  [Stage 1] fact extraction backend=csbench_hybrid...
[failed sample recorded] ANS_CO_621 | stage1_failed: GLM-5.1 OCR fact mapping failed after 4 attempts
2026-06-25 10:29:58 | ERROR    | [failed sample recorded] ANS_CO_621 | stage1_failed: GLM-5.1 OCR fact mapping failed after 4 attempts
         [GLM-5.1 mapping retry 1/4] RateLimitError: Error code: 429 - {'error': {'code': '1305', 'message': '该模型当前访问量过大，请您稍后再试'}}... wait 5s
         [GLM-5 retry 1/4] RateLimitError: Error code: 429 - {'error': {'code': '1305', 'message': '该模型当前访问量过大，请您稍后再试'}}... wait 5s
         [GLM-5 retry 2/4] RateLimitError: Error code: 429 - {'error': {'code': '1305', 'message': '该模型当前访问量过大，请您稍后再试'}}... wait 10s
         [GLM-5 retry 3/4] RateLimitError: Error code: 429 - {'error': {'code': '1305', 'message': '该模型当前访问量过大，请您稍后再试'}}... wait 15s
         [GLM-5 retry 4/4] RateLimitError: Error code: 429 - {'error': {'code': '1305', 'message': '该模型当前访问量过大，请您稍后再试'}}... wait 20s

🔍 [正在处理] ANS_CO_626 | 启动 3WD 流水线...
2026-06-25 10:31:13 | INFO     | 
🔍 [正在处理] ANS_CO_626 | 启动 3WD 流水线...

=============================================
Start grading student [ANS_CO_626]
=============================================
  [Stage 1] fact extraction backend=csbench_hybrid...
[failed sample recorded] ANS_CO_619 | stage2_failed: all semantic grading probes failed or returned unparsable scores
2026-06-25 10:31:13 | ERROR    | [failed sample recorded] ANS_CO_619 | stage2_failed: all semantic grading probes failed or returned unparsable scores
  [Stage 2] independent semantic grading probes...
         [GLM-5 retry 1/4] RateLimitError: Error code: 429 - {'error': {'code': '1305', 'message': '该模型当前访问量过大，请您稍后再试'}}... wait 5s
         [GLM-5 retry 2/4] RateLimitError: Error code: 429 - {'error': {'code': '1305', 'message': '该模型当前访问量过大，请您稍后再试'}}... wait 10s
  [Stage 2] independent semantic grading probes...
         [GLM-5 retry 3/4] RateLimitError: Error code: 429 - {'error': {'code': '1305', 'message': '该模型当前访问量过大，请您稍后再试'}}... wait 15s
         [GLM-5 retry 1/4] RateLimitError: Error code: 429 - {'error': {'code': '1305', 'message': '该模型当前访问量过大，请您稍后再试'}}... wait 5s
         [GLM-5 retry 1/4] RateLimitError: Error code: 429 - {'error': {'code': '1305', 'message': '该模型当前访问量过大，请您稍后再试'}}... wait 5s
         [GLM-5 retry 2/4] RateLimitError: Error code: 429 - {'error': {'code': '1305', 'message': '该模型当前访问量过大，请您稍后再试'}}... wait 10s
         [GLM-5 retry 2/4] RateLimitError: Error code: 429 - {'error': {'code': '1305', 'message': '该模型当前访问量过大，请您稍后再试'}}... wait 10s
         [GLM-5 retry 4/4] RateLimitError: Error code: 429 - {'error': {'code': '1305', 'message': '该模型当前访问量过大，请您稍后再试'}}... wait 20s
         [GLM-5 retry 3/4] RateLimitError: Error code: 429 - {'error': {'code': '1305', 'message': '该模型当前访问量过大，请您稍后再试'}}... wait 15s
         [GLM-5 retry 3/4] RateLimitError: Error code: 429 - {'error': {'code': '1305', 'message': '该模型当前访问量过大，请您稍后再试'}}... wait 15s
         [GLM-5 retry 4/4] RateLimitError: Error code: 429 - {'error': {'code': '1305', 'message': '该模型当前访问量过大，请您稍后再试'}}... wait 20s
         [GLM-5 retry 1/4] RateLimitError: Error code: 429 - {'error': {'code': '1305', 'message': '该模型当前访问量过大，请您稍后再试'}}... wait 5s
         [GLM-5 retry 2/4] RateLimitError: Error code: 429 - {'error': {'code': '1305', 'message': '该模型当前访问量过大，请您稍后再试'}}... wait 10s
         [GLM-5 retry 3/4] RateLimitError: Error code: 429 - {'error': {'code': '1305', 'message': '该模型当前访问量过大，请您稍后再试'}}... wait 15s
         [GLM-5 retry 1/4] RateLimitError: Error code: 429 - {'error': {'code': '1305', 'message': '该模型当前访问量过大，请您稍后再试'}}... wait 5s
         [GLM-5 retry 2/4] RateLimitError: Error code: 429 - {'error': {'code': '1305', 'message': '该模型当前访问量过大，请您稍后再试'}}... wait 10s
         [GLM-5 retry 4/4] RateLimitError: Error code: 429 - {'error': {'code': '1305', 'message': '该模型当前访问量过大，请您稍后再试'}}... wait 20s
         [GLM-5 retry 3/4] RateLimitError: Error code: 429 - {'error': {'code': '1305', 'message': '该模型当前访问量过大，请您稍后再试'}}... wait 15s
      [完成] 第 2/3 次语义评分完成，得分: 4.5
         [GLM-5 retry 4/4] RateLimitError: Error code: 429 - {'error': {'code': '1305', 'message': '该模型当前访问量过大，请您稍后再试'}}... wait 20s
         [GLM-5 retry 1/4] RateLimitError: Error code: 429 - {'error': {'code': '1305', 'message': '该模型当前访问量过大，请您稍后再试'}}... wait 5s
         [GLM-5 retry 2/4] RateLimitError: Error code: 429 - {'error': {'code': '1305', 'message': '该模型当前访问量过大，请您稍后再试'}}... wait 10s
         [GLM-5 retry 3/4] RateLimitError: Error code: 429 - {'error': {'code': '1305', 'message': '该模型当前访问量过大，请您稍后再试'}}... wait 15s
         [GLM-5 retry 1/4] RateLimitError: Error code: 429 - {'error': {'code': '1305', 'message': '该模型当前访问量过大，请您稍后再试'}}... wait 5s
         [GLM-5 retry 2/4] RateLimitError: Error code: 429 - {'error': {'code': '1305', 'message': '该模型当前访问量过大，请您稍后再试'}}... wait 10s
         [GLM-5 retry 4/4] RateLimitError: Error code: 429 - {'error': {'code': '1305', 'message': '该模型当前访问量过大，请您稍后再试'}}... wait 20s
         [GLM-5 retry 3/4] RateLimitError: Error code: 429 - {'error': {'code': '1305', 'message': '该模型当前访问量过大，请您稍后再试'}}... wait 15s
         [GLM-5 retry 4/4] RateLimitError: Error code: 429 - {'error': {'code': '1305', 'message': '该模型当前访问量过大，请您稍后再试'}}... wait 20s
         [GLM-5 retry 4/4] RateLimitError: Error code: 429 - {'error': {'code': '1305', 'message': '该模型当前访问量过大，请您稍后再试'}}... wait 20s
         [GLM-5 retry 1/4] RateLimitError: Error code: 429 - {'error': {'code': '1305', 'message': '该模型当前访问量过大，请您稍后再试'}}... wait 5s
         [GLM-5 retry 1/4] RateLimitError: Error code: 429 - {'error': {'code': '1305', 'message': '该模型当前访问量过大，请您稍后再试'}}... wait 5s
         [GLM-5 retry 2/4] RateLimitError: Error code: 429 - {'error': {'code': '1305', 'message': '该模型当前访问量过大，请您稍后再试'}}... wait 10s
         [GLM-5 retry 3/4] RateLimitError: Error code: 429 - {'error': {'code': '1305', 'message': '该模型当前访问量过大，请您稍后再试'}}... wait 15s
         [GLM-5 retry 1/4] RateLimitError: Error code: 429 - {'error': {'code': '1305', 'message': '该模型当前访问量过大，请您稍后再试'}}... wait 5s
         [GLM-5 retry 2/4] RateLimitError: Error code: 429 - {'error': {'code': '1305', 'message': '该模型当前访问量过大，请您稍后再试'}}... wait 10s
         [GLM-5 retry 4/4] RateLimitError: Error code: 429 - {'error': {'code': '1305', 'message': '该模型当前访问量过大，请您稍后再试'}}... wait 20s
         [GLM-5 retry 3/4] RateLimitError: Error code: 429 - {'error': {'code': '1305', 'message': '该模型当前访问量过大，请您稍后再试'}}... wait 15s
         [GLM-5 retry 1/4] RateLimitError: Error code: 429 - {'error': {'code': '1305', 'message': '该模型当前访问量过大，请您稍后再试'}}... wait 5s
         [GLM-5 retry 2/4] RateLimitError: Error code: 429 - {'error': {'code': '1305', 'message': '该模型当前访问量过大，请您稍后再试'}}... wait 10s
         [GLM-5 retry 3/4] RateLimitError: Error code: 429 - {'error': {'code': '1305', 'message': '该模型当前访问量过大，请您稍后再试'}}... wait 15s
         [GLM-5 retry 4/4] RateLimitError: Error code: 429 - {'error': {'code': '1305', 'message': '该模型当前访问量过大，请您稍后再试'}}... wait 20s
         [GLM-5 retry 1/4] RateLimitError: Error code: 429 - {'error': {'code': '1305', 'message': '该模型当前访问量过大，请您稍后再试'}}... wait 5s
         [GLM-5 retry 2/4] RateLimitError: Error code: 429 - {'error': {'code': '1305', 'message': '该模型当前访问量过大，请您稍后再试'}}... wait 10s
         [GLM-5 retry 2/4] RateLimitError: Error code: 429 - {'error': {'code': '1305', 'message': '该模型当前访问量过大，请您稍后再试'}}... wait 10s
         [GLM-5 retry 3/4] RateLimitError: Error code: 429 - {'error': {'code': '1305', 'message': '该模型当前访问量过大，请您稍后再试'}}... wait 15s
         [GLM-5 retry 3/4] RateLimitError: Error code: 429 - {'error': {'code': '1305', 'message': '该模型当前访问量过大，请您稍后再试'}}... wait 15s
         [GLM-5 retry 4/4] RateLimitError: Error code: 429 - {'error': {'code': '1305', 'message': '该模型当前访问量过大，请您稍后再试'}}... wait 20s
      [完成] 第 3/3 次语义评分完成，得分: 2.0

  [探测指标] 均分=3.2, 标准差=1.2500, 留白率=0%, 感知失败率=0%, 低质量提取率=0%, 提取质量=high
      [extraction-risk] R_ext=0.07, structure_missing=50%, suspicious=50%
      [风险画像] P=0.15, U=6.25%, F=40.00%, H=False, L=True
      [通用校准] rules=['lenient_undercredit_review', 'stable_undercredit_review', 'structure_missing_review'], UM=0.00%, MF=0.00%, cap=20.00
      [A3WA可信度] R=0.375, mu=0.625, alpha=0.829, beta=0.286, route=BND | beta_lt_confidence_lt_alpha
      [路由 -> BND] 边界样本 | P=0.15, U=6.25%, F=40.00%, H=False, L=True
         [GLM-5 retry 4/4] RateLimitError: Error code: 429 - {'error': {'code': '1305', 'message': '该模型当前访问量过大，请您稍后再试'}}... wait 20s
         [GLM-5 retry 1/4] RateLimitError: Error code: 429 - {'error': {'code': '1305', 'message': '该模型当前访问量过大，请您稍后再试'}}... wait 5s
         [GLM-5 retry 2/4] RateLimitError: Error code: 429 - {'error': {'code': '1305', 'message': '该模型当前访问量过大，请您稍后再试'}}... wait 10s
         [GLM-5 retry 3/4] RateLimitError: Error code: 429 - {'error': {'code': '1305', 'message': '该模型当前访问量过大，请您稍后再试'}}... wait 15s
         [GLM-5 retry 1/4] RateLimitError: Error code: 429 - {'error': {'code': '1305', 'message': '该模型当前访问量过大，请您稍后再试'}}... wait 5s
         [GLM-5 retry 2/4] RateLimitError: Error code: 429 - {'error': {'code': '1305', 'message': '该模型当前访问量过大，请您稍后再试'}}... wait 10s
         [GLM-5 retry 3/4] RateLimitError: Error code: 429 - {'error': {'code': '1305', 'message': '该模型当前访问量过大，请您稍后再试'}}... wait 15s
         [GLM-5 retry 4/4] RateLimitError: Error code: 429 - {'error': {'code': '1305', 'message': '该模型当前访问量过大，请您稍后再试'}}... wait 20s
         [GLM-5 retry 4/4] RateLimitError: Error code: 429 - {'error': {'code': '1305', 'message': '该模型当前访问量过大，请您稍后再试'}}... wait 20s
         [GLM-5 retry 1/4] RateLimitError: Error code: 429 - {'error': {'code': '1305', 'message': '该模型当前访问量过大，请您稍后再试'}}... wait 5s
         [GLM-5 retry 2/4] RateLimitError: Error code: 429 - {'error': {'code': '1305', 'message': '该模型当前访问量过大，请您稍后再试'}}... wait 10s

🔍 [正在处理] ANS_CO_627 | 启动 3WD 流水线...
2026-06-25 10:41:15 | INFO     | 
🔍 [正在处理] ANS_CO_627 | 启动 3WD 流水线...

=============================================
Start grading student [ANS_CO_627]
=============================================
  [Stage 1] fact extraction backend=csbench_hybrid...
[failed sample recorded] ANS_CO_626 | stage2_failed: all semantic grading probes failed or returned unparsable scores
2026-06-25 10:41:15 | ERROR    | [failed sample recorded] ANS_CO_626 | stage2_failed: all semantic grading probes failed or returned unparsable scores
         [GLM-5.1 mapping retry 1/4] RateLimitError: Error code: 429 - {'error': {'code': '1305', 'message': '该模型当前访问量过大，请您稍后再试'}}... wait 5s
         [GLM-5 retry 3/4] RateLimitError: Error code: 429 - {'error': {'code': '1305', 'message': '该模型当前访问量过大，请您稍后再试'}}... wait 15s
         [GLM-5.1 mapping retry 2/4] RateLimitError: Error code: 429 - {'error': {'code': '1305', 'message': '该模型当前访问量过大，请您稍后再试'}}... wait 10s
         [GLM-5 retry 4/4] RateLimitError: Error code: 429 - {'error': {'code': '1305', 'message': '该模型当前访问量过大，请您稍后再试'}}... wait 20s
         [GLM-5.1 mapping retry 3/4] RateLimitError: Error code: 429 - {'error': {'code': '1305', 'message': '该模型当前访问量过大，请您稍后再试'}}... wait 15s
         [GLM-5.1 mapping retry 4/4] RateLimitError: Error code: 429 - {'error': {'code': '1305', 'message': '该模型当前访问量过大，请您稍后再试'}}... wait 20s
         [GLM-5 retry 1/4] RateLimitError: Error code: 429 - {'error': {'code': '1305', 'message': '该模型当前访问量过大，请您稍后再试'}}... wait 5s
         [GLM-5 retry 2/4] RateLimitError: Error code: 429 - {'error': {'code': '1305', 'message': '该模型当前访问量过大，请您稍后再试'}}... wait 10s

🔍 [正在处理] ANS_CO_628 | 启动 3WD 流水线...
2026-06-25 10:42:13 | INFO     | 
🔍 [正在处理] ANS_CO_628 | 启动 3WD 流水线...

=============================================
Start grading student [ANS_CO_628]
=============================================
  [Stage 1] fact extraction backend=csbench_hybrid...
[failed sample recorded] ANS_CO_627 | stage1_failed: GLM-5.1 OCR fact mapping failed after 4 attempts
2026-06-25 10:42:13 | ERROR    | [failed sample recorded] ANS_CO_627 | stage1_failed: GLM-5.1 OCR fact mapping failed after 4 attempts
         [GLM-5.1 mapping retry 1/4] RateLimitError: Error code: 429 - {'error': {'code': '1305', 'message': '该模型当前访问量过大，请您稍后再试'}}... wait 5s
         [GLM-5 retry 3/4] RateLimitError: Error code: 429 - {'error': {'code': '1305', 'message': '该模型当前访问量过大，请您稍后再试'}}... wait 15s
         [GLM-5.1 mapping retry 2/4] RateLimitError: Error code: 429 - {'error': {'code': '1305', 'message': '该模型当前访问量过大，请您稍后再试'}}... wait 10s
         [GLM-5.1 mapping retry 3/4] RateLimitError: Error code: 429 - {'error': {'code': '1305', 'message': '该模型当前访问量过大，请您稍后再试'}}... wait 15s
         [GLM-5 retry 4/4] RateLimitError: Error code: 429 - {'error': {'code': '1305', 'message': '该模型当前访问量过大，请您稍后再试'}}... wait 20s
✅ [批改完成] ANS_CO_623 | 路由: BND | 最终分: 3.2 | 风险: P0.15/U0.06/F0.40/H0/L1 | 提取质量: 🟢high | 留白率: 0% | 低质量率: 0%
2026-06-25 10:43:00 | INFO     | ✅ [批改完成] ANS_CO_623 | 路由: BND | 最终分: 3.2 | 风险: P0.15/U0.06/F0.40/H0/L1 | 提取质量: 🟢high | 留白率: 0% | 低质量率: 0%

🔍 [正在处理] ANS_CO_629 | 启动 3WD 流水线...
2026-06-25 10:43:00 | INFO     | 
🔍 [正在处理] ANS_CO_629 | 启动 3WD 流水线...
📢 [总进度] 62/84 份试卷已归档。
2026-06-25 10:43:00 | INFO     | 📢 [总进度] 62/84 份试卷已归档。

=============================================
Start grading student [ANS_CO_629]
=============================================
  [Stage 1] fact extraction backend=csbench_hybrid...
         [GLM-5.1 mapping retry 1/4] RateLimitError: Error code: 429 - {'error': {'code': '1305', 'message': '该模型当前访问量过大，请您稍后再试'}}... wait 5s
  [Stage 2] independent semantic grading probes...
         [GLM-5 retry 1/4] RateLimitError: Error code: 429 - {'error': {'code': '1305', 'message': '该模型当前访问量过大，请您稍后再试'}}... wait 5s
         [GLM-5 retry 2/4] RateLimitError: Error code: 429 - {'error': {'code': '1305', 'message': '该模型当前访问量过大，请您稍后再试'}}... wait 10s
         [GLM-5 retry 3/4] RateLimitError: Error code: 429 - {'error': {'code': '1305', 'message': '该模型当前访问量过大，请您稍后再试'}}... wait 15s
         [GLM-5 retry 4/4] RateLimitError: Error code: 429 - {'error': {'code': '1305', 'message': '该模型当前访问量过大，请您稍后再试'}}... wait 20s
  [Stage 2] independent semantic grading probes...
         [GLM-5 retry 1/4] RateLimitError: Error code: 429 - {'error': {'code': '1305', 'message': '该模型当前访问量过大，请您稍后再试'}}... wait 5s
         [GLM-5 retry 1/4] RateLimitError: Error code: 429 - {'error': {'code': '1305', 'message': '该模型当前访问量过大，请您稍后再试'}}... wait 5s
         [GLM-5 retry 2/4] RateLimitError: Error code: 429 - {'error': {'code': '1305', 'message': '该模型当前访问量过大，请您稍后再试'}}... wait 10s
         [GLM-5 retry 2/4] RateLimitError: Error code: 429 - {'error': {'code': '1305', 'message': '该模型当前访问量过大，请您稍后再试'}}... wait 10s
         [GLM-5 retry 1/4] RateLimitError: Error code: 429 - {'error': {'code': '1305', 'message': '该模型当前访问量过大，请您稍后再试'}}... wait 5s
         [GLM-5 retry 3/4] RateLimitError: Error code: 429 - {'error': {'code': '1305', 'message': '该模型当前访问量过大，请您稍后再试'}}... wait 15s
         [GLM-5 retry 3/4] RateLimitError: Error code: 429 - {'error': {'code': '1305', 'message': '该模型当前访问量过大，请您稍后再试'}}... wait 15s
         [GLM-5 retry 4/4] RateLimitError: Error code: 429 - {'error': {'code': '1305', 'message': '该模型当前访问量过大，请您稍后再试'}}... wait 20s
         [GLM-5 retry 4/4] RateLimitError: Error code: 429 - {'error': {'code': '1305', 'message': '该模型当前访问量过大，请您稍后再试'}}... wait 20s
         [GLM-5 retry 1/4] RateLimitError: Error code: 429 - {'error': {'code': '1305', 'message': '该模型当前访问量过大，请您稍后再试'}}... wait 5s
         [GLM-5 retry 1/4] RateLimitError: Error code: 429 - {'error': {'code': '1305', 'message': '该模型当前访问量过大，请您稍后再试'}}... wait 5s
         [GLM-5 retry 1/4] APITimeoutError: Request timed out.... wait 5s
         [GLM-5 retry 2/4] RateLimitError: Error code: 429 - {'error': {'code': '1305', 'message': '该模型当前访问量过大，请您稍后再试'}}... wait 10s
         [GLM-5 retry 2/4] RateLimitError: Error code: 429 - {'error': {'code': '1305', 'message': '该模型当前访问量过大，请您稍后再试'}}... wait 10s
         [GLM-5 retry 2/4] RateLimitError: Error code: 429 - {'error': {'code': '1305', 'message': '该模型当前访问量过大，请您稍后再试'}}... wait 10s
         [GLM-5 retry 3/4] RateLimitError: Error code: 429 - {'error': {'code': '1305', 'message': '该模型当前访问量过大，请您稍后再试'}}... wait 15s
         [GLM-5 retry 3/4] RateLimitError: Error code: 429 - {'error': {'code': '1305', 'message': '该模型当前访问量过大，请您稍后再试'}}... wait 15s
         [GLM-5 retry 3/4] RateLimitError: Error code: 429 - {'error': {'code': '1305', 'message': '该模型当前访问量过大，请您稍后再试'}}... wait 15s
         [GLM-5 retry 4/4] RateLimitError: Error code: 429 - {'error': {'code': '1305', 'message': '该模型当前访问量过大，请您稍后再试'}}... wait 20s
         [GLM-5 retry 4/4] RateLimitError: Error code: 429 - {'error': {'code': '1305', 'message': '该模型当前访问量过大，请您稍后再试'}}... wait 20s
         [GLM-5 retry 4/4] RateLimitError: Error code: 429 - {'error': {'code': '1305', 'message': '该模型当前访问量过大，请您稍后再试'}}... wait 20s
         [GLM-5 retry 1/4] RateLimitError: Error code: 429 - {'error': {'code': '1305', 'message': '该模型当前访问量过大，请您稍后再试'}}... wait 5s
         [GLM-5 retry 1/4] RateLimitError: Error code: 429 - {'error': {'code': '1305', 'message': '该模型当前访问量过大，请您稍后再试'}}... wait 5s
         [GLM-5 retry 1/4] RateLimitError: Error code: 429 - {'error': {'code': '1305', 'message': '该模型当前访问量过大，请您稍后再试'}}... wait 5s
         [GLM-5 retry 2/4] RateLimitError: Error code: 429 - {'error': {'code': '1305', 'message': '该模型当前访问量过大，请您稍后再试'}}... wait 10s
         [GLM-5 retry 2/4] RateLimitError: Error code: 429 - {'error': {'code': '1305', 'message': '该模型当前访问量过大，请您稍后再试'}}... wait 10s
         [GLM-5 retry 2/4] RateLimitError: Error code: 429 - {'error': {'code': '1305', 'message': '该模型当前访问量过大，请您稍后再试'}}... wait 10s
         [GLM-5 retry 3/4] RateLimitError: Error code: 429 - {'error': {'code': '1305', 'message': '该模型当前访问量过大，请您稍后再试'}}... wait 15s
         [GLM-5 retry 3/4] RateLimitError: Error code: 429 - {'error': {'code': '1305', 'message': '该模型当前访问量过大，请您稍后再试'}}... wait 15s
         [GLM-5 retry 2/4] RateLimitError: Error code: 429 - {'error': {'code': '1305', 'message': '该模型当前访问量过大，请您稍后再试'}}... wait 10s
         [GLM-5 retry 3/4] RateLimitError: Error code: 429 - {'error': {'code': '1305', 'message': '该模型当前访问量过大，请您稍后再试'}}... wait 15s
         [GLM-5 retry 3/4] RateLimitError: Error code: 429 - {'error': {'code': '1305', 'message': '该模型当前访问量过大，请您稍后再试'}}... wait 15s
         [GLM-5 retry 4/4] RateLimitError: Error code: 429 - {'error': {'code': '1305', 'message': '该模型当前访问量过大，请您稍后再试'}}... wait 20s
         [GLM-5 retry 4/4] RateLimitError: Error code: 429 - {'error': {'code': '1305', 'message': '该模型当前访问量过大，请您稍后再试'}}... wait 20s
         [GLM-5 retry 4/4] RateLimitError: Error code: 429 - {'error': {'code': '1305', 'message': '该模型当前访问量过大，请您稍后再试'}}... wait 20s
         [GLM-5 retry 4/4] RateLimitError: Error code: 429 - {'error': {'code': '1305', 'message': '该模型当前访问量过大，请您稍后再试'}}... wait 20s
         [GLM-5 retry 1/4] RateLimitError: Error code: 429 - {'error': {'code': '1305', 'message': '该模型当前访问量过大，请您稍后再试'}}... wait 5s
         [GLM-5 retry 1/4] RateLimitError: Error code: 429 - {'error': {'code': '1305', 'message': '该模型当前访问量过大，请您稍后再试'}}... wait 5s
         [GLM-5 retry 2/4] RateLimitError: Error code: 429 - {'error': {'code': '1305', 'message': '该模型当前访问量过大，请您稍后再试'}}... wait 10s
         [GLM-5 retry 1/4] RateLimitError: Error code: 429 - {'error': {'code': '1305', 'message': '该模型当前访问量过大，请您稍后再试'}}... wait 5s
         [GLM-5 retry 2/4] RateLimitError: Error code: 429 - {'error': {'code': '1305', 'message': '该模型当前访问量过大，请您稍后再试'}}... wait 10s
         [GLM-5 retry 3/4] RateLimitError: Error code: 429 - {'error': {'code': '1305', 'message': '该模型当前访问量过大，请您稍后再试'}}... wait 15s
         [GLM-5 retry 2/4] RateLimitError: Error code: 429 - {'error': {'code': '1305', 'message': '该模型当前访问量过大，请您稍后再试'}}... wait 10s
         [GLM-5 retry 3/4] RateLimitError: Error code: 429 - {'error': {'code': '1305', 'message': '该模型当前访问量过大，请您稍后再试'}}... wait 15s
         [GLM-5 retry 3/4] RateLimitError: Error code: 429 - {'error': {'code': '1305', 'message': '该模型当前访问量过大，请您稍后再试'}}... wait 15s
         [GLM-5 retry 4/4] RateLimitError: Error code: 429 - {'error': {'code': '1305', 'message': '该模型当前访问量过大，请您稍后再试'}}... wait 20s
         [GLM-5 retry 4/4] RateLimitError: Error code: 429 - {'error': {'code': '1305', 'message': '该模型当前访问量过大，请您稍后再试'}}... wait 20s
         [GLM-5 retry 1/4] RateLimitError: Error code: 429 - {'error': {'code': '1305', 'message': '该模型当前访问量过大，请您稍后再试'}}... wait 5s
         [GLM-5 retry 2/4] RateLimitError: Error code: 429 - {'error': {'code': '1305', 'message': '该模型当前访问量过大，请您稍后再试'}}... wait 10s
         [GLM-5 retry 1/4] RateLimitError: Error code: 429 - {'error': {'code': '1305', 'message': '该模型当前访问量过大，请您稍后再试'}}... wait 5s
         [GLM-5 retry 3/4] RateLimitError: Error code: 429 - {'error': {'code': '1305', 'message': '该模型当前访问量过大，请您稍后再试'}}... wait 15s
         [GLM-5 retry 2/4] RateLimitError: Error code: 429 - {'error': {'code': '1305', 'message': '该模型当前访问量过大，请您稍后再试'}}... wait 10s
         [GLM-5 retry 3/4] RateLimitError: Error code: 429 - {'error': {'code': '1305', 'message': '该模型当前访问量过大，请您稍后再试'}}... wait 15s
         [GLM-5 retry 4/4] RateLimitError: Error code: 429 - {'error': {'code': '1305', 'message': '该模型当前访问量过大，请您稍后再试'}}... wait 20s
         [GLM-5 retry 4/4] RateLimitError: Error code: 429 - {'error': {'code': '1305', 'message': '该模型当前访问量过大，请您稍后再试'}}... wait 20s
         [GLM-5 retry 1/4] RateLimitError: Error code: 429 - {'error': {'code': '1305', 'message': '该模型当前访问量过大，请您稍后再试'}}... wait 5s
         [GLM-5 retry 2/4] RateLimitError: Error code: 429 - {'error': {'code': '1305', 'message': '该模型当前访问量过大，请您稍后再试'}}... wait 10s
         [GLM-5 retry 1/4] RateLimitError: Error code: 429 - {'error': {'code': '1305', 'message': '该模型当前访问量过大，请您稍后再试'}}... wait 5s
         [GLM-5 retry 3/4] RateLimitError: Error code: 429 - {'error': {'code': '1305', 'message': '该模型当前访问量过大，请您稍后再试'}}... wait 15s
         [GLM-5 retry 2/4] RateLimitError: Error code: 429 - {'error': {'code': '1305', 'message': '该模型当前访问量过大，请您稍后再试'}}... wait 10s
         [GLM-5 retry 3/4] RateLimitError: Error code: 429 - {'error': {'code': '1305', 'message': '该模型当前访问量过大，请您稍后再试'}}... wait 15s
         [GLM-5 retry 4/4] RateLimitError: Error code: 429 - {'error': {'code': '1305', 'message': '该模型当前访问量过大，请您稍后再试'}}... wait 20s
         [GLM-5 retry 4/4] RateLimitError: Error code: 429 - {'error': {'code': '1305', 'message': '该模型当前访问量过大，请您稍后再试'}}... wait 20s

🔍 [正在处理] ANS_CO_630 | 启动 3WD 流水线...
2026-06-25 10:50:38 | INFO     | 
🔍 [正在处理] ANS_CO_630 | 启动 3WD 流水线...

=============================================
Start grading student [ANS_CO_630]
=============================================
  [Stage 1] fact extraction backend=csbench_hybrid...
[failed sample recorded] ANS_CO_629 | stage2_failed: all semantic grading probes failed or returned unparsable scores
2026-06-25 10:50:38 | ERROR    | [failed sample recorded] ANS_CO_629 | stage2_failed: all semantic grading probes failed or returned unparsable scores
         [GLM-5.1 mapping retry 1/4] RateLimitError: Error code: 429 - {'error': {'code': '1305', 'message': '该模型当前访问量过大，请您稍后再试'}}... wait 5s
         [GLM-5.1 mapping retry 2/4] RateLimitError: Error code: 429 - {'error': {'code': '1305', 'message': '该模型当前访问量过大，请您稍后再试'}}... wait 10s
  [Stage 2] independent semantic grading probes...
         [GLM-5 retry 1/4] RateLimitError: Error code: 429 - {'error': {'code': '1305', 'message': '该模型当前访问量过大，请您稍后再试'}}... wait 5s
         [GLM-5 retry 1/4] RateLimitError: Error code: 429 - {'error': {'code': '1305', 'message': '该模型当前访问量过大，请您稍后再试'}}... wait 5s
         [GLM-5 retry 2/4] RateLimitError: Error code: 429 - {'error': {'code': '1305', 'message': '该模型当前访问量过大，请您稍后再试'}}... wait 10s
         [GLM-5 retry 3/4] RateLimitError: Error code: 429 - {'error': {'code': '1305', 'message': '该模型当前访问量过大，请您稍后再试'}}... wait 15s
         [GLM-5 retry 4/4] RateLimitError: Error code: 429 - {'error': {'code': '1305', 'message': '该模型当前访问量过大，请您稍后再试'}}... wait 20s
         [GLM-5 retry 4/4] RateLimitError: Error code: 429 - {'error': {'code': '1305', 'message': '该模型当前访问量过大，请您稍后再试'}}... wait 20s
         [GLM-5 retry 1/4] RateLimitError: Error code: 429 - {'error': {'code': '1305', 'message': '该模型当前访问量过大，请您稍后再试'}}... wait 5s
         [GLM-5 retry 1/4] RateLimitError: Error code: 429 - {'error': {'code': '1305', 'message': '该模型当前访问量过大，请您稍后再试'}}... wait 5s
         [GLM-5 retry 2/4] RateLimitError: Error code: 429 - {'error': {'code': '1305', 'message': '该模型当前访问量过大，请您稍后再试'}}... wait 10s
         [GLM-5 retry 2/4] RateLimitError: Error code: 429 - {'error': {'code': '1305', 'message': '该模型当前访问量过大，请您稍后再试'}}... wait 10s
         [GLM-5 retry 3/4] RateLimitError: Error code: 429 - {'error': {'code': '1305', 'message': '该模型当前访问量过大，请您稍后再试'}}... wait 15s
         [GLM-5 retry 3/4] RateLimitError: Error code: 429 - {'error': {'code': '1305', 'message': '该模型当前访问量过大，请您稍后再试'}}... wait 15s
         [GLM-5 retry 4/4] RateLimitError: Error code: 429 - {'error': {'code': '1305', 'message': '该模型当前访问量过大，请您稍后再试'}}... wait 20s
         [GLM-5 retry 4/4] RateLimitError: Error code: 429 - {'error': {'code': '1305', 'message': '该模型当前访问量过大，请您稍后再试'}}... wait 20s

🔍 [正在处理] ANS_CO_631 | 启动 3WD 流水线...
2026-06-25 10:53:53 | INFO     | 
🔍 [正在处理] ANS_CO_631 | 启动 3WD 流水线...

=============================================
Start grading student [ANS_CO_631]
=============================================
  [Stage 1] fact extraction backend=csbench_hybrid...
[failed sample recorded] ANS_CO_628 | stage2_failed: all semantic grading probes failed or returned unparsable scores
2026-06-25 10:53:53 | ERROR    | [failed sample recorded] ANS_CO_628 | stage2_failed: all semantic grading probes failed or returned unparsable scores
         [GLM-5.1 mapping retry 1/4] RateLimitError: Error code: 429 - {'error': {'code': '1305', 'message': '该模型当前访问量过大，请您稍后再试'}}... wait 5s
         [GLM-5 retry 1/4] RateLimitError: Error code: 429 - {'error': {'code': '1305', 'message': '该模型当前访问量过大，请您稍后再试'}}... wait 5s
         [GLM-5.1 mapping retry 2/4] RateLimitError: Error code: 429 - {'error': {'code': '1305', 'message': '该模型当前访问量过大，请您稍后再试'}}... wait 10s
         [GLM-5 retry 2/4] APITimeoutError: Request timed out.... wait 10s
         [GLM-5 retry 2/4] RateLimitError: Error code: 429 - {'error': {'code': '1305', 'message': '该模型当前访问量过大，请您稍后再试'}}... wait 10s
         [GLM-5.1 mapping retry 3/4] RateLimitError: Error code: 429 - {'error': {'code': '1305', 'message': '该模型当前访问量过大，请您稍后再试'}}... wait 15s
         [GLM-5 retry 3/4] RateLimitError: Error code: 429 - {'error': {'code': '1305', 'message': '该模型当前访问量过大，请您稍后再试'}}... wait 15s
         [GLM-5 retry 3/4] RateLimitError: Error code: 429 - {'error': {'code': '1305', 'message': '该模型当前访问量过大，请您稍后再试'}}... wait 15s
         [GLM-5.1 mapping retry 4/4] RateLimitError: Error code: 429 - {'error': {'code': '1305', 'message': '该模型当前访问量过大，请您稍后再试'}}... wait 20s
         [GLM-5 retry 4/4] RateLimitError: Error code: 429 - {'error': {'code': '1305', 'message': '该模型当前访问量过大，请您稍后再试'}}... wait 20s
         [GLM-5 retry 4/4] RateLimitError: Error code: 429 - {'error': {'code': '1305', 'message': '该模型当前访问量过大，请您稍后再试'}}... wait 20s

🔍 [正在处理] ANS_CO_633 | 启动 3WD 流水线...
2026-06-25 10:54:51 | INFO     | 
🔍 [正在处理] ANS_CO_633 | 启动 3WD 流水线...

=============================================
Start grading student [ANS_CO_633]
=============================================
  [Stage 1] fact extraction backend=csbench_hybrid...
[failed sample recorded] ANS_CO_631 | stage1_failed: GLM-5.1 OCR fact mapping failed after 4 attempts
2026-06-25 10:54:51 | ERROR    | [failed sample recorded] ANS_CO_631 | stage1_failed: GLM-5.1 OCR fact mapping failed after 4 attempts
         [GLM-5.1 mapping retry 1/4] RateLimitError: Error code: 429 - {'error': {'code': '1305', 'message': '该模型当前访问量过大，请您稍后再试'}}... wait 5s
         [GLM-5 retry 1/4] RateLimitError: Error code: 429 - {'error': {'code': '1305', 'message': '该模型当前访问量过大，请您稍后再试'}}... wait 5s
         [GLM-5.1 mapping retry 2/4] RateLimitError: Error code: 429 - {'error': {'code': '1305', 'message': '该模型当前访问量过大，请您稍后再试'}}... wait 10s
         [GLM-5 retry 1/4] RateLimitError: Error code: 429 - {'error': {'code': '1305', 'message': '该模型当前访问量过大，请您稍后再试'}}... wait 5s
         [GLM-5 retry 2/4] RateLimitError: Error code: 429 - {'error': {'code': '1305', 'message': '该模型当前访问量过大，请您稍后再试'}}... wait 10s
         [GLM-5.1 mapping retry 3/4] RateLimitError: Error code: 429 - {'error': {'code': '1305', 'message': '该模型当前访问量过大，请您稍后再试'}}... wait 15s
         [GLM-5 retry 3/4] RateLimitError: Error code: 429 - {'error': {'code': '1305', 'message': '该模型当前访问量过大，请您稍后再试'}}... wait 15s
         [GLM-5.1 mapping retry 4/4] RateLimitError: Error code: 429 - {'error': {'code': '1305', 'message': '该模型当前访问量过大，请您稍后再试'}}... wait 20s
         [GLM-5 retry 4/4] RateLimitError: Error code: 429 - {'error': {'code': '1305', 'message': '该模型当前访问量过大，请您稍后再试'}}... wait 20s

🔍 [正在处理] ANS_CO_634 | 启动 3WD 流水线...
2026-06-25 10:55:50 | INFO     | 
🔍 [正在处理] ANS_CO_634 | 启动 3WD 流水线...

=============================================
Start grading student [ANS_CO_634]
=============================================
  [Stage 1] fact extraction backend=csbench_hybrid...
[failed sample recorded] ANS_CO_633 | stage1_failed: GLM-5.1 OCR fact mapping failed after 4 attempts
2026-06-25 10:55:50 | ERROR    | [failed sample recorded] ANS_CO_633 | stage1_failed: GLM-5.1 OCR fact mapping failed after 4 attempts
         [GLM-5.1 mapping retry 1/4] RateLimitError: Error code: 429 - {'error': {'code': '1305', 'message': '该模型当前访问量过大，请您稍后再试'}}... wait 5s
         [GLM-5.1 mapping retry 2/4] RateLimitError: Error code: 429 - {'error': {'code': '1305', 'message': '该模型当前访问量过大，请您稍后再试'}}... wait 10s
         [GLM-5 retry 1/4] RateLimitError: Error code: 429 - {'error': {'code': '1305', 'message': '该模型当前访问量过大，请您稍后再试'}}... wait 5s
         [GLM-5 retry 2/4] RateLimitError: Error code: 429 - {'error': {'code': '1305', 'message': '该模型当前访问量过大，请您稍后再试'}}... wait 10s
         [GLM-5.1 mapping retry 3/4] RateLimitError: Error code: 429 - {'error': {'code': '1305', 'message': '该模型当前访问量过大，请您稍后再试'}}... wait 15s
         [GLM-5 retry 3/4] RateLimitError: Error code: 429 - {'error': {'code': '1305', 'message': '该模型当前访问量过大，请您稍后再试'}}... wait 15s
         [GLM-5.1 mapping retry 4/4] RateLimitError: Error code: 429 - {'error': {'code': '1305', 'message': '该模型当前访问量过大，请您稍后再试'}}... wait 20s
         [GLM-5 retry 4/4] RateLimitError: Error code: 429 - {'error': {'code': '1305', 'message': '该模型当前访问量过大，请您稍后再试'}}... wait 20s

🔍 [正在处理] ANS_CO_635 | 启动 3WD 流水线...
2026-06-25 10:56:48 | INFO     | 
🔍 [正在处理] ANS_CO_635 | 启动 3WD 流水线...

=============================================
Start grading student [ANS_CO_635]
=============================================
  [Stage 1] fact extraction backend=csbench_hybrid...
[failed sample recorded] ANS_CO_634 | stage1_failed: GLM-5.1 OCR fact mapping failed after 4 attempts
2026-06-25 10:56:48 | ERROR    | [failed sample recorded] ANS_CO_634 | stage1_failed: GLM-5.1 OCR fact mapping failed after 4 attempts
         [GLM-5.1 mapping retry 1/4] RateLimitError: Error code: 429 - {'error': {'code': '1305', 'message': '该模型当前访问量过大，请您稍后再试'}}... wait 5s
         [GLM-5.1 mapping retry 2/4] RateLimitError: Error code: 429 - {'error': {'code': '1305', 'message': '该模型当前访问量过大，请您稍后再试'}}... wait 10s
         [GLM-5.1 mapping retry 3/4] RateLimitError: Error code: 429 - {'error': {'code': '1305', 'message': '该模型当前访问量过大，请您稍后再试'}}... wait 15s
         [GLM-5 retry 2/4] RateLimitError: Error code: 429 - {'error': {'code': '1305', 'message': '该模型当前访问量过大，请您稍后再试'}}... wait 10s
         [GLM-5 retry 3/4] RateLimitError: Error code: 429 - {'error': {'code': '1305', 'message': '该模型当前访问量过大，请您稍后再试'}}... wait 15s
         [GLM-5.1 mapping retry 4/4] RateLimitError: Error code: 429 - {'error': {'code': '1305', 'message': '该模型当前访问量过大，请您稍后再试'}}... wait 20s
         [GLM-5 retry 4/4] RateLimitError: Error code: 429 - {'error': {'code': '1305', 'message': '该模型当前访问量过大，请您稍后再试'}}... wait 20s

🔍 [正在处理] ANS_CO_636 | 启动 3WD 流水线...
2026-06-25 10:57:46 | INFO     | 
🔍 [正在处理] ANS_CO_636 | 启动 3WD 流水线...

=============================================
Start grading student [ANS_CO_636]
=============================================
  [Stage 1] fact extraction backend=csbench_hybrid...
[failed sample recorded] ANS_CO_635 | stage1_failed: GLM-5.1 OCR fact mapping failed after 4 attempts
2026-06-25 10:57:46 | ERROR    | [failed sample recorded] ANS_CO_635 | stage1_failed: GLM-5.1 OCR fact mapping failed after 4 attempts
         [GLM-5.1 mapping retry 1/4] RateLimitError: Error code: 429 - {'error': {'code': '1305', 'message': '该模型当前访问量过大，请您稍后再试'}}... wait 5s
         [GLM-5.1 mapping retry 2/4] RateLimitError: Error code: 429 - {'error': {'code': '1305', 'message': '该模型当前访问量过大，请您稍后再试'}}... wait 10s
         [GLM-5 retry 1/4] RateLimitError: Error code: 429 - {'error': {'code': '1305', 'message': '该模型当前访问量过大，请您稍后再试'}}... wait 5s
         [GLM-5.1 mapping retry 3/4] RateLimitError: Error code: 429 - {'error': {'code': '1305', 'message': '该模型当前访问量过大，请您稍后再试'}}... wait 15s
         [GLM-5 retry 2/4] RateLimitError: Error code: 429 - {'error': {'code': '1305', 'message': '该模型当前访问量过大，请您稍后再试'}}... wait 10s
         [GLM-5 retry 3/4] RateLimitError: Error code: 429 - {'error': {'code': '1305', 'message': '该模型当前访问量过大，请您稍后再试'}}... wait 15s
         [GLM-5.1 mapping retry 4/4] RateLimitError: Error code: 429 - {'error': {'code': '1305', 'message': '该模型当前访问量过大，请您稍后再试'}}... wait 20s
         [GLM-5 retry 4/4] RateLimitError: Error code: 429 - {'error': {'code': '1305', 'message': '该模型当前访问量过大，请您稍后再试'}}... wait 20s

🔍 [正在处理] ANS_CO_637 | 启动 3WD 流水线...
2026-06-25 10:58:45 | INFO     | 
🔍 [正在处理] ANS_CO_637 | 启动 3WD 流水线...

=============================================
Start grading student [ANS_CO_637]
=============================================
  [Stage 1] fact extraction backend=csbench_hybrid...
[failed sample recorded] ANS_CO_636 | stage1_failed: GLM-5.1 OCR fact mapping failed after 4 attempts
2026-06-25 10:58:45 | ERROR    | [failed sample recorded] ANS_CO_636 | stage1_failed: GLM-5.1 OCR fact mapping failed after 4 attempts
         [GLM-5.1 mapping retry 1/4] RateLimitError: Error code: 429 - {'error': {'code': '1305', 'message': '该模型当前访问量过大，请您稍后再试'}}... wait 5s
         [GLM-5.1 mapping retry 2/4] RateLimitError: Error code: 429 - {'error': {'code': '1305', 'message': '该模型当前访问量过大，请您稍后再试'}}... wait 10s
         [GLM-5.1 mapping retry 3/4] RateLimitError: Error code: 429 - {'error': {'code': '1305', 'message': '该模型当前访问量过大，请您稍后再试'}}... wait 15s
         [GLM-5 retry 1/4] RateLimitError: Error code: 429 - {'error': {'code': '1305', 'message': '该模型当前访问量过大，请您稍后再试'}}... wait 5s
         [GLM-5 retry 2/4] RateLimitError: Error code: 429 - {'error': {'code': '1305', 'message': '该模型当前访问量过大，请您稍后再试'}}... wait 10s
         [GLM-5.1 mapping retry 4/4] RateLimitError: Error code: 429 - {'error': {'code': '1305', 'message': '该模型当前访问量过大，请您稍后再试'}}... wait 20s
         [GLM-5 retry 3/4] RateLimitError: Error code: 429 - {'error': {'code': '1305', 'message': '该模型当前访问量过大，请您稍后再试'}}... wait 15s

🔍 [正在处理] ANS_CO_638 | 启动 3WD 流水线...
2026-06-25 10:59:43 | INFO     | 
🔍 [正在处理] ANS_CO_638 | 启动 3WD 流水线...

=============================================
Start grading student [ANS_CO_638]
=============================================
  [Stage 1] fact extraction backend=csbench_hybrid...
[failed sample recorded] ANS_CO_637 | stage1_failed: GLM-5.1 OCR fact mapping failed after 4 attempts
2026-06-25 10:59:43 | ERROR    | [failed sample recorded] ANS_CO_637 | stage1_failed: GLM-5.1 OCR fact mapping failed after 4 attempts
         [GLM-5.1 mapping retry 1/4] RateLimitError: Error code: 429 - {'error': {'code': '1305', 'message': '该模型当前访问量过大，请您稍后再试'}}... wait 5s
         [GLM-5.1 mapping retry 2/4] RateLimitError: Error code: 429 - {'error': {'code': '1305', 'message': '该模型当前访问量过大，请您稍后再试'}}... wait 10s
         [GLM-5.1 mapping retry 3/4] RateLimitError: Error code: 429 - {'error': {'code': '1305', 'message': '该模型当前访问量过大，请您稍后再试'}}... wait 15s
         [GLM-5.1 mapping retry 4/4] RateLimitError: Error code: 429 - {'error': {'code': '1305', 'message': '该模型当前访问量过大，请您稍后再试'}}... wait 20s

🔍 [正在处理] ANS_CO_641 | 启动 3WD 流水线...
2026-06-25 11:00:41 | INFO     | 
🔍 [正在处理] ANS_CO_641 | 启动 3WD 流水线...

=============================================
Start grading student [ANS_CO_641]
=============================================
  [Stage 1] fact extraction backend=csbench_hybrid...
[failed sample recorded] ANS_CO_638 | stage1_failed: GLM-5.1 OCR fact mapping failed after 4 attempts
2026-06-25 11:00:41 | ERROR    | [failed sample recorded] ANS_CO_638 | stage1_failed: GLM-5.1 OCR fact mapping failed after 4 attempts
         [GLM-5.1 mapping retry 1/4] RateLimitError: Error code: 429 - {'error': {'code': '1305', 'message': '该模型当前访问量过大，请您稍后再试'}}... wait 5s
         [GLM-5.1 mapping retry 2/4] RateLimitError: Error code: 429 - {'error': {'code': '1305', 'message': '该模型当前访问量过大，请您稍后再试'}}... wait 10s
         [GLM-5.1 mapping retry 3/4] RateLimitError: Error code: 429 - {'error': {'code': '1305', 'message': '该模型当前访问量过大，请您稍后再试'}}... wait 15s
         [GLM-5.1 mapping retry 4/4] RateLimitError: Error code: 429 - {'error': {'code': '1305', 'message': '该模型当前访问量过大，请您稍后再试'}}... wait 20s

🔍 [正在处理] ANS_CO_642 | 启动 3WD 流水线...
2026-06-25 11:01:39 | INFO     | 
🔍 [正在处理] ANS_CO_642 | 启动 3WD 流水线...

=============================================
Start grading student [ANS_CO_642]
=============================================
  [Stage 1] fact extraction backend=csbench_hybrid...
[failed sample recorded] ANS_CO_641 | stage1_failed: GLM-5.1 OCR fact mapping failed after 4 attempts
2026-06-25 11:01:39 | ERROR    | [failed sample recorded] ANS_CO_641 | stage1_failed: GLM-5.1 OCR fact mapping failed after 4 attempts
         [GLM-5.1 mapping retry 1/4] RateLimitError: Error code: 429 - {'error': {'code': '1305', 'message': '该模型当前访问量过大，请您稍后再试'}}... wait 5s
         [GLM-5 retry 4/4] RateLimitError: Error code: 429 - {'error': {'code': '1305', 'message': '该模型当前访问量过大，请您稍后再试'}}... wait 20s
         [GLM-5.1 mapping retry 2/4] RateLimitError: Error code: 429 - {'error': {'code': '1305', 'message': '该模型当前访问量过大，请您稍后再试'}}... wait 10s
         [GLM-5.1 mapping retry 3/4] RateLimitError: Error code: 429 - {'error': {'code': '1305', 'message': '该模型当前访问量过大，请您稍后再试'}}... wait 15s
[failed sample recorded] ANS_CO_630 | stage2_failed: all semantic grading probes failed or returned unparsable scores
2026-06-25 11:02:06 | ERROR    | [failed sample recorded] ANS_CO_630 | stage2_failed: all semantic grading probes failed or returned unparsable scores
         [GLM-5.1 mapping retry 4/4] RateLimitError: Error code: 429 - {'error': {'code': '1305', 'message': '该模型当前访问量过大，请您稍后再试'}}... wait 20s
[failed sample recorded] ANS_CO_642 | stage1_failed: GLM-5.1 OCR fact mapping failed after 4 attempts
2026-06-25 11:02:38 | ERROR    | [failed sample recorded] ANS_CO_642 | stage1_failed: GLM-5.1 OCR fact mapping failed after 4 attempts
🗂️ 所有线程交卷完毕，正在整理数据... (共收集 62/84 份结果)
2026-06-25 11:02:38 | INFO     | 🗂️ 所有线程交卷完毕，正在整理数据... (共收集 62/84 份结果)
💾 正常批改结果已保存: /home/E125221219/projects/refgrader/results_runs/csbench_co2_full/CO_2_graded_results.json (58 人)
2026-06-25 11:02:38 | INFO     | 💾 正常批改结果已保存: /home/E125221219/projects/refgrader/results_runs/csbench_co2_full/CO_2_graded_results.json (58 人)
🛑 拒绝域结果已单独保存: /home/E125221219/projects/refgrader/results_runs/csbench_co2_full/CO_2_rejected.json (4 人)
2026-06-25 11:02:38 | INFO     | 🛑 拒绝域结果已单独保存: /home/E125221219/projects/refgrader/results_runs/csbench_co2_full/CO_2_rejected.json (4 人)
[result consistency] CO_2: checkpoint=62, graded=58, rejected=4, failed=22, expected=84
2026-06-25 11:02:38 | INFO     | [result consistency] CO_2: checkpoint=62, graded=58, rejected=4, failed=22, expected=84

🏆 任务完成！
2026-06-25 11:02:38 | INFO     | 
🏆 任务完成！

Main pipeline completed successfully. Running post-success command:
  /home/E125221219/anaconda3/envs/ref-grader/bin/python /home/E125221219/projects/refgrader/scripts/run_csbench.py --prepared-dir data/csbench publish CO_2 --stage full --artifacts-repo /home/E125221219/projects/refgrader-artifacts
