2026-06-27 08:23:03 | INFO     | ==================================================
2026-06-27 08:23:03 | INFO     | 📂 正在加载试卷数据库...
2026-06-27 08:23:03 | INFO     |    运行模式: FULL
2026-06-27 08:23:03 | INFO     |    题目范围: ['CO_1', 'CO_2', 'CO_3', 'CO_4', 'CO_5', 'CO_6', 'CO_7']
2026-06-27 08:23:03 | INFO     |    文本模型: glm5 -> glm-5.1
2026-06-27 08:23:03 | INFO     |    提取后端: csbench_hybrid
2026-06-27 08:23:03 | INFO     |    题库文件: /home/E125221219/projects/refgrader/data/csbench/exam_database.json
2026-06-27 08:23:03 | INFO     |    教师分文件: /home/E125221219/projects/refgrader/data/csbench/teacher_scores.json
2026-06-27 08:23:03 | INFO     |    答案元数据: /home/E125221219/projects/refgrader/data/csbench/answer_metadata.jsonl
2026-06-27 08:23:03 | INFO     |    并发数:   2
2026-06-27 08:23:03 | INFO     |    结果目录: /home/E125221219/projects/refgrader/results_runs/csbench_co1_co2_co3_co4_co5_co6_co7_full
2026-06-27 08:23:03 | INFO     |    Rubric目录: /home/E125221219/projects/refgrader/data/csbench/rubrics/optimized
2026-06-27 08:23:03 | INFO     |    初始Rubric目录: /home/E125221219/projects/refgrader/data/csbench/rubrics/initial
2026-06-27 08:23:03 | INFO     |    允许回退初始Rubric: False
2026-06-27 08:23:03 | INFO     |    进度文件: /home/E125221219/projects/refgrader/results_runs/csbench_co1_co2_co3_co4_co5_co6_co7_full/progress.json
2026-06-27 08:23:03 | INFO     |    日志文件: logs/experiment_20260627_082303.log
2026-06-27 08:23:03 | INFO     | 🚀 当前处于【精准批改模式】
2026-06-27 08:23:03 | INFO     | 
🚀 [标准模式] 开始处理: CO_1
2026-06-27 08:23:03 | INFO     | ⚡ 已加载本地标准: /home/E125221219/projects/refgrader/data/csbench/rubrics/optimized/CO/CO_1_rubric_standard.json
2026-06-27 08:23:03 | INFO     | [force-rerun] cleaned old result files for CO_1: CO_1_grading_checkpoint.json, CO_1_graded_results.json, CO_1_failed.json
2026-06-27 08:23:20 | INFO     | ⚡ 脱敏清单已预生成，104 名学生共享复用。
2026-06-27 08:23:20 | INFO     | 🏃 开始批改 104 张试卷 (⚡ 开启多线程模式)...
2026-06-27 08:23:20 | INFO     | ⏳ [主线程] 已提交 104 个任务，等待结果回收...
2026-06-27 08:23:20 | INFO     | 📦 成功加载教师真实成绩单数据库！共包含 3326 名考生的数据。
2026-06-27 08:23:20 | INFO     | 📦 成功加载教师真实成绩单数据库！共包含 3326 名考生的数据。
2026-06-27 08:23:20 | INFO     | 
🔍 [正在处理] ANS_CO_02 | 启动 3WD 流水线...
2026-06-27 08:23:20 | INFO     | [metadata] loaded 3326 answer records from /home/E125221219/projects/refgrader/data/csbench/answer_metadata.jsonl
2026-06-27 08:23:20 | INFO     | 
🔍 [正在处理] ANS_CO_01 | 启动 3WD 流水线...
2026-06-27 08:25:19 | INFO     | ✅ [批改完成] ANS_CO_01 | 路由: BND | 最终分: 4.2 | 风险: P0.00/U0.00/F0.00/H0/L0 | 提取质量: 🟢high | 留白率: 0% | 低质量率: 0%
2026-06-27 08:25:19 | INFO     | 
🔍 [正在处理] ANS_CO_03 | 启动 3WD 流水线...
2026-06-27 08:25:19 | INFO     | 📢 [总进度] 1/104 份试卷已归档。
2026-06-27 08:26:19 | INFO     | ✅ [批改完成] ANS_CO_03 | 路由: BND | 最终分: 0 | 风险: P0.27/U0.00/F0.70/H0/L1 | 提取质量: 🟢high | 留白率: 33% | 低质量率: 0%
2026-06-27 08:26:19 | INFO     | 
🔍 [正在处理] ANS_CO_04 | 启动 3WD 流水线...
2026-06-27 08:26:19 | INFO     | 📢 [总进度] 2/104 份试卷已归档。
2026-06-27 08:27:23 | INFO     | ✅ [批改完成] ANS_CO_04 | 路由: BND | 最终分: 3.5 | 风险: P0.27/U0.00/F0.00/H0/L0 | 提取质量: 🟢high | 留白率: 33% | 低质量率: 0%
2026-06-27 08:27:23 | INFO     | 
🔍 [正在处理] ANS_CO_05 | 启动 3WD 流水线...
2026-06-27 08:27:23 | INFO     | 📢 [总进度] 3/104 份试卷已归档。
2026-06-27 08:28:11 | INFO     | ✅ [批改完成] ANS_CO_05 | 路由: POS | 最终分: 4.5 | 风险: P0.00/U0.00/F0.00/H0/L0 | 提取质量: 🟢high | 留白率: 0% | 低质量率: 0%
2026-06-27 08:28:11 | INFO     | 
🔍 [正在处理] ANS_CO_06 | 启动 3WD 流水线...
2026-06-27 08:28:11 | INFO     | 📢 [总进度] 4/104 份试卷已归档。
2026-06-27 08:28:59 | INFO     | ✅ [批改完成] ANS_CO_02 | 路由: BND | 最终分: 3.2 | 风险: P0.00/U0.07/F0.00/H0/L0 | 提取质量: 🟢high | 留白率: 0% | 低质量率: 0%
2026-06-27 08:28:59 | INFO     | 
🔍 [正在处理] ANS_CO_07 | 启动 3WD 流水线...
2026-06-27 08:28:59 | INFO     | 📢 [总进度] 5/104 份试卷已归档。
2026-06-27 08:29:28 | INFO     | ✅ [批改完成] ANS_CO_06 | 路由: BND | 最终分: 0 | 风险: P0.53/U0.00/F0.30/H0/L0 | 提取质量: 🟡low | 留白率: 67% | 低质量率: 0%
2026-06-27 08:29:28 | INFO     | 
🔍 [正在处理] ANS_CO_08 | 启动 3WD 流水线...
2026-06-27 08:29:28 | INFO     | 📢 [总进度] 6/104 份试卷已归档。
2026-06-27 08:30:35 | INFO     | ✅ [批改完成] ANS_CO_07 | 路由: BND | 最终分: 2.0 | 风险: P0.27/U0.00/F0.30/H0/L1 | 提取质量: 🟢high | 留白率: 33% | 低质量率: 0%
2026-06-27 08:30:36 | INFO     | 
🔍 [正在处理] ANS_CO_09 | 启动 3WD 流水线...
2026-06-27 08:30:36 | INFO     | 📢 [总进度] 7/104 份试卷已归档。
2026-06-27 08:31:30 | INFO     | ✅ [批改完成] ANS_CO_08 | 路由: BND | 最终分: 2.0 | 风险: P0.27/U0.00/F0.30/H0/L1 | 提取质量: 🟢high | 留白率: 33% | 低质量率: 0%
2026-06-27 08:31:30 | INFO     | 
🔍 [正在处理] ANS_CO_10 | 启动 3WD 流水线...
2026-06-27 08:31:30 | INFO     | 📢 [总进度] 8/104 份试卷已归档。
2026-06-27 08:32:03 | INFO     | ✅ [批改完成] ANS_CO_09 | 路由: BND | 最终分: 0 | 风险: P0.53/U0.00/F0.30/H0/L0 | 提取质量: 🟡low | 留白率: 67% | 低质量率: 0%
2026-06-27 08:32:03 | INFO     | 
🔍 [正在处理] ANS_CO_100 | 启动 3WD 流水线...
2026-06-27 08:32:03 | INFO     | 📢 [总进度] 9/104 份试卷已归档。
2026-06-27 08:33:47 | INFO     | ✅ [批改完成] ANS_CO_100 | 路由: BND | 最终分: 1.6 | 风险: P0.27/U0.06/F0.30/H0/L1 | 提取质量: 🟢high | 留白率: 33% | 低质量率: 0%
2026-06-27 08:33:47 | INFO     | 
🔍 [正在处理] ANS_CO_101 | 启动 3WD 流水线...
2026-06-27 08:33:47 | INFO     | 📢 [总进度] 10/104 份试卷已归档。
2026-06-27 08:35:21 | INFO     | ✅ [批改完成] ANS_CO_101 | 路由: BND | 最终分: 0 | 风险: P0.00/U0.00/F1.00/H0/L1 | 提取质量: 🟢high | 留白率: 0% | 低质量率: 0%
2026-06-27 08:35:21 | INFO     | 
🔍 [正在处理] ANS_CO_102 | 启动 3WD 流水线...
2026-06-27 08:35:21 | INFO     | 📢 [总进度] 11/104 份试卷已归档。
2026-06-27 08:36:09 | INFO     | ✅ [批改完成] ANS_CO_102 | 路由: POS | 最终分: 5.0 | 风险: P0.00/U0.00/F0.00/H0/L0 | 提取质量: 🟢high | 留白率: 0% | 低质量率: 0%
2026-06-27 08:36:09 | INFO     | 
🔍 [正在处理] ANS_CO_103 | 启动 3WD 流水线...
2026-06-27 08:36:09 | INFO     | 📢 [总进度] 12/104 份试卷已归档。
2026-06-27 08:37:06 | INFO     | ✅ [批改完成] ANS_CO_10 | 路由: BND | 最终分: 1.7 | 风险: P0.00/U0.05/F0.00/H0/L1 | 提取质量: 🟢high | 留白率: 0% | 低质量率: 0%
2026-06-27 08:37:06 | INFO     | 
🔍 [正在处理] ANS_CO_106 | 启动 3WD 流水线...
2026-06-27 08:37:06 | INFO     | 📢 [总进度] 13/104 份试卷已归档。
2026-06-27 08:37:41 | INFO     | ✅ [批改完成] ANS_CO_103 | 路由: BND | 最终分: 4.2 | 风险: P0.00/U0.00/F0.00/H0/L0 | 提取质量: 🟢high | 留白率: 0% | 低质量率: 0%
2026-06-27 08:37:41 | INFO     | 
🔍 [正在处理] ANS_CO_107 | 启动 3WD 流水线...
2026-06-27 08:37:41 | INFO     | 📢 [总进度] 14/104 份试卷已归档。
2026-06-27 08:38:23 | INFO     | ✅ [批改完成] ANS_CO_107 | 路由: BND | 最终分: 0 | 风险: P0.80/U0.00/F0.00/H0/L0 | 提取质量: 🟡low | 留白率: 100% | 低质量率: 0%
2026-06-27 08:38:23 | INFO     | 
🔍 [正在处理] ANS_CO_108 | 启动 3WD 流水线...
2026-06-27 08:38:23 | INFO     | 📢 [总进度] 15/104 份试卷已归档。
2026-06-27 08:40:52 | INFO     | ✅ [批改完成] ANS_CO_106 | 路由: BND | 最终分: 0 | 风险: P0.00/U0.00/F1.00/H0/L1 | 提取质量: 🟢high | 留白率: 0% | 低质量率: 0%
2026-06-27 08:40:52 | INFO     | 
🔍 [正在处理] ANS_CO_110 | 启动 3WD 流水线...
2026-06-27 08:40:52 | INFO     | 📢 [总进度] 16/104 份试卷已归档。
2026-06-27 08:41:26 | INFO     | ✅ [批改完成] ANS_CO_110 | 路由: POS | 最终分: 5.0 | 风险: P0.00/U0.00/F0.00/H0/L0 | 提取质量: 🟢high | 留白率: 0% | 低质量率: 0%
2026-06-27 08:41:26 | INFO     | 
🔍 [正在处理] ANS_CO_111 | 启动 3WD 流水线...
2026-06-27 08:41:26 | INFO     | 📢 [总进度] 17/104 份试卷已归档。
2026-06-27 08:41:57 | INFO     | ✅ [批改完成] ANS_CO_108 | 路由: BND | 最终分: 0.5 | 风险: P0.00/U0.14/F1.00/H0/L1 | 提取质量: 🟢high | 留白率: 0% | 低质量率: 0%
2026-06-27 08:41:57 | INFO     | 
🔍 [正在处理] ANS_CO_112 | 启动 3WD 流水线...
2026-06-27 08:41:57 | INFO     | 📢 [总进度] 18/104 份试卷已归档。
2026-06-27 08:42:42 | INFO     | ✅ [批改完成] ANS_CO_112 | 路由: BND | 最终分: 0 | 风险: P0.53/U0.00/F0.30/H0/L0 | 提取质量: 🟡low | 留白率: 67% | 低质量率: 0%
2026-06-27 08:42:42 | INFO     | 
🔍 [正在处理] ANS_CO_113 | 启动 3WD 流水线...
2026-06-27 08:42:42 | INFO     | 📢 [总进度] 19/104 份试卷已归档。
2026-06-27 08:42:51 | INFO     | ✅ [批改完成] ANS_CO_111 | 路由: BND | 最终分: 4.5 | 风险: P0.00/U0.14/F0.00/H0/L0 | 提取质量: 🟢high | 留白率: 0% | 低质量率: 0%
2026-06-27 08:42:51 | INFO     | 
🔍 [正在处理] ANS_CO_114 | 启动 3WD 流水线...
2026-06-27 08:42:51 | INFO     | 📢 [总进度] 20/104 份试卷已归档。
2026-06-27 08:44:01 | INFO     | ✅ [批改完成] ANS_CO_114 | 路由: BND | 最终分: 0 | 风险: P0.53/U0.00/F0.30/H0/L0 | 提取质量: 🟡low | 留白率: 67% | 低质量率: 0%
2026-06-27 08:44:01 | INFO     | 
🔍 [正在处理] ANS_CO_115 | 启动 3WD 流水线...
2026-06-27 08:44:01 | INFO     | 📢 [总进度] 21/104 份试卷已归档。
2026-06-27 08:44:47 | INFO     | ✅ [批改完成] ANS_CO_113 | 路由: BND | 最终分: 4.0 | 风险: P0.00/U0.14/F0.00/H0/L0 | 提取质量: 🟢high | 留白率: 0% | 低质量率: 0%
2026-06-27 08:44:47 | INFO     | 
🔍 [正在处理] ANS_CO_116 | 启动 3WD 流水线...
2026-06-27 08:44:47 | INFO     | 📢 [总进度] 22/104 份试卷已归档。
2026-06-27 08:45:51 | INFO     | ✅ [批改完成] ANS_CO_116 | 路由: BND | 最终分: 2.0 | 风险: P0.27/U0.00/F0.30/H0/L1 | 提取质量: 🟢high | 留白率: 33% | 低质量率: 0%
2026-06-27 08:45:51 | INFO     | 
🔍 [正在处理] ANS_CO_117 | 启动 3WD 流水线...
2026-06-27 08:45:51 | INFO     | 📢 [总进度] 23/104 份试卷已归档。
2026-06-27 08:46:00 | INFO     | ✅ [批改完成] ANS_CO_115 | 路由: BND | 最终分: 1.4 | 风险: P0.00/U0.00/F0.30/H0/L1 | 提取质量: 🟢high | 留白率: 0% | 低质量率: 0%
2026-06-27 08:46:00 | INFO     | 
🔍 [正在处理] ANS_CO_118 | 启动 3WD 流水线...
2026-06-27 08:46:00 | INFO     | 📢 [总进度] 24/104 份试卷已归档。
2026-06-27 08:46:24 | INFO     | ✅ [批改完成] ANS_CO_117 | 路由: POS | 最终分: 5.0 | 风险: P0.00/U0.00/F0.00/H0/L0 | 提取质量: 🟢high | 留白率: 0% | 低质量率: 0%
2026-06-27 08:46:24 | INFO     | 
🔍 [正在处理] ANS_CO_12 | 启动 3WD 流水线...
2026-06-27 08:46:24 | INFO     | 📢 [总进度] 25/104 份试卷已归档。
2026-06-27 08:47:56 | INFO     | ✅ [批改完成] ANS_CO_12 | 路由: BND | 最终分: 3.2 | 风险: P0.00/U0.04/F0.30/H0/L0 | 提取质量: 🟢high | 留白率: 0% | 低质量率: 0%
2026-06-27 08:47:56 | INFO     | 
🔍 [正在处理] ANS_CO_121 | 启动 3WD 流水线...
2026-06-27 08:47:56 | INFO     | 📢 [总进度] 26/104 份试卷已归档。
2026-06-27 08:48:51 | INFO     | ✅ [批改完成] ANS_CO_118 | 路由: BND | 最终分: 2.0 | 风险: P0.27/U0.09/F0.30/H0/L1 | 提取质量: 🟢high | 留白率: 33% | 低质量率: 0%
2026-06-27 08:48:51 | INFO     | 
🔍 [正在处理] ANS_CO_122 | 启动 3WD 流水线...
2026-06-27 08:48:51 | INFO     | 📢 [总进度] 27/104 份试卷已归档。
2026-06-27 08:49:29 | INFO     | ✅ [批改完成] ANS_CO_121 | 路由: BND | 最终分: 1.8 | 风险: P0.27/U0.06/F0.30/H0/L1 | 提取质量: 🟢high | 留白率: 33% | 低质量率: 0%
2026-06-27 08:49:29 | INFO     | 
🔍 [正在处理] ANS_CO_123 | 启动 3WD 流水线...
2026-06-27 08:49:29 | INFO     | 📢 [总进度] 28/104 份试卷已归档。
2026-06-27 08:51:31 | INFO     | ✅ [批改完成] ANS_CO_122 | 路由: BND | 最终分: 0.2 | 风险: P0.53/U0.05/F0.40/H0/L0 | 提取质量: 🟡low | 留白率: 67% | 低质量率: 0%
2026-06-27 08:51:31 | INFO     | 
🔍 [正在处理] ANS_CO_124 | 启动 3WD 流水线...
2026-06-27 08:51:31 | INFO     | 📢 [总进度] 29/104 份试卷已归档。
2026-06-27 08:52:07 | INFO     | ✅ [批改完成] ANS_CO_123 | 路由: BND | 最终分: 4.7 | 风险: P0.00/U0.09/F0.00/H0/L0 | 提取质量: 🟢high | 留白率: 0% | 低质量率: 0%
2026-06-27 08:52:07 | INFO     | 
🔍 [正在处理] ANS_CO_125 | 启动 3WD 流水线...
2026-06-27 08:52:07 | INFO     | 📢 [总进度] 30/104 份试卷已归档。
2026-06-27 08:52:11 | INFO     | ✅ [批改完成] ANS_CO_124 | 路由: POS | 最终分: 5.0 | 风险: P0.00/U0.00/F0.00/H0/L0 | 提取质量: 🟢high | 留白率: 0% | 低质量率: 0%
2026-06-27 08:52:11 | INFO     | 
🔍 [正在处理] ANS_CO_126 | 启动 3WD 流水线...
2026-06-27 08:52:11 | INFO     | 📢 [总进度] 31/104 份试卷已归档。
2026-06-27 08:53:44 | INFO     | ✅ [批改完成] ANS_CO_125 | 路由: BND | 最终分: 1.4 | 风险: P0.27/U0.00/F0.30/H0/L1 | 提取质量: 🟢high | 留白率: 33% | 低质量率: 0%
2026-06-27 08:53:44 | INFO     | 
🔍 [正在处理] ANS_CO_127 | 启动 3WD 流水线...
2026-06-27 08:53:44 | INFO     | 📢 [总进度] 32/104 份试卷已归档。
2026-06-27 08:54:23 | INFO     | ✅ [批改完成] ANS_CO_126 | 路由: POS | 最终分: 4.5 | 风险: P0.00/U0.00/F0.00/H0/L0 | 提取质量: 🟢high | 留白率: 0% | 低质量率: 0%
2026-06-27 08:54:23 | INFO     | 
🔍 [正在处理] ANS_CO_128 | 启动 3WD 流水线...
2026-06-27 08:54:23 | INFO     | 📢 [总进度] 33/104 份试卷已归档。
2026-06-27 08:55:29 | INFO     | ✅ [批改完成] ANS_CO_127 | 路由: BND | 最终分: 2.0 | 风险: P0.00/U0.00/F0.30/H0/L1 | 提取质量: 🟢high | 留白率: 0% | 低质量率: 0%
2026-06-27 08:55:29 | INFO     | 
🔍 [正在处理] ANS_CO_129 | 启动 3WD 流水线...
2026-06-27 08:55:29 | INFO     | 📢 [总进度] 34/104 份试卷已归档。
2026-06-27 08:56:38 | INFO     | ✅ [批改完成] ANS_CO_129 | 路由: BND | 最终分: 3.5 | 风险: P0.00/U0.00/F0.30/H0/L0 | 提取质量: 🟢high | 留白率: 0% | 低质量率: 0%
2026-06-27 08:56:38 | INFO     | 
🔍 [正在处理] ANS_CO_130 | 启动 3WD 流水线...
2026-06-27 08:56:38 | INFO     | 📢 [总进度] 35/104 份试卷已归档。
2026-06-27 08:56:53 | INFO     | ✅ [批改完成] ANS_CO_128 | 路由: BND | 最终分: 0 | 风险: P0.27/U0.00/F0.70/H0/L1 | 提取质量: 🟢high | 留白率: 33% | 低质量率: 0%
2026-06-27 08:56:53 | INFO     | 
🔍 [正在处理] ANS_CO_131 | 启动 3WD 流水线...
2026-06-27 08:56:53 | INFO     | 📢 [总进度] 36/104 份试卷已归档。
2026-06-27 08:57:37 | INFO     | ✅ [批改完成] ANS_CO_130 | 路由: BND | 最终分: 2.0 | 风险: P0.27/U0.00/F0.30/H0/L1 | 提取质量: 🟢high | 留白率: 33% | 低质量率: 0%
2026-06-27 08:57:37 | INFO     | 
🔍 [正在处理] ANS_CO_133 | 启动 3WD 流水线...
2026-06-27 08:57:37 | INFO     | 📢 [总进度] 37/104 份试卷已归档。
2026-06-27 08:58:08 | INFO     | ✅ [批改完成] ANS_CO_131 | 路由: BND | 最终分: 3.7 | 风险: P0.00/U0.05/F0.30/H0/L0 | 提取质量: 🟢high | 留白率: 0% | 低质量率: 0%
2026-06-27 08:58:08 | INFO     | 
🔍 [正在处理] ANS_CO_135 | 启动 3WD 流水线...
2026-06-27 08:58:08 | INFO     | 📢 [总进度] 38/104 份试卷已归档。
2026-06-27 08:58:12 | INFO     | ✅ [批改完成] ANS_CO_133 | 路由: POS | 最终分: 5.0 | 风险: P0.00/U0.00/F0.00/H0/L0 | 提取质量: 🟢high | 留白率: 0% | 低质量率: 0%
2026-06-27 08:58:12 | INFO     | 
🔍 [正在处理] ANS_CO_136 | 启动 3WD 流水线...
2026-06-27 08:58:12 | INFO     | 📢 [总进度] 39/104 份试卷已归档。
2026-06-27 08:58:57 | INFO     | ✅ [批改完成] ANS_CO_135 | 路由: POS | 最终分: 5.0 | 风险: P0.00/U0.00/F0.00/H0/L0 | 提取质量: 🟢high | 留白率: 0% | 低质量率: 0%
2026-06-27 08:58:57 | INFO     | 
🔍 [正在处理] ANS_CO_137 | 启动 3WD 流水线...
2026-06-27 08:58:57 | INFO     | 📢 [总进度] 40/104 份试卷已归档。
2026-06-27 08:59:02 | INFO     | ✅ [批改完成] ANS_CO_136 | 路由: BND | 最终分: 0 | 风险: P0.53/U0.00/F0.30/H0/L0 | 提取质量: 🟡low | 留白率: 67% | 低质量率: 0%
2026-06-27 08:59:02 | INFO     | 
🔍 [正在处理] ANS_CO_15 | 启动 3WD 流水线...
2026-06-27 08:59:02 | INFO     | 📢 [总进度] 41/104 份试卷已归档。
2026-06-27 09:02:33 | INFO     | ✅ [批改完成] ANS_CO_15 | 路由: BND | 最终分: 3.8 | 风险: P0.00/U0.04/F0.00/H0/L0 | 提取质量: 🟢high | 留白率: 0% | 低质量率: 0%
2026-06-27 09:02:33 | INFO     | 
🔍 [正在处理] ANS_CO_16 | 启动 3WD 流水线...
2026-06-27 09:02:33 | INFO     | 📢 [总进度] 42/104 份试卷已归档。
2026-06-27 09:02:39 | INFO     | ✅ [批改完成] ANS_CO_137 | 路由: BND | 最终分: 4.6 | 风险: P0.00/U0.10/F0.00/H0/L0 | 提取质量: 🟢high | 留白率: 0% | 低质量率: 0%
2026-06-27 09:02:39 | INFO     | 
🔍 [正在处理] ANS_CO_17 | 启动 3WD 流水线...
2026-06-27 09:02:39 | INFO     | 📢 [总进度] 43/104 份试卷已归档。
2026-06-27 09:05:35 | INFO     | ✅ [批改完成] ANS_CO_16 | 路由: BND | 最终分: 2.3 | 风险: P0.00/U0.09/F0.30/H0/L1 | 提取质量: 🟢high | 留白率: 0% | 低质量率: 0%
2026-06-27 09:05:35 | INFO     | 
🔍 [正在处理] ANS_CO_18 | 启动 3WD 流水线...
2026-06-27 09:05:35 | INFO     | 📢 [总进度] 44/104 份试卷已归档。
2026-06-27 09:06:22 | INFO     | ✅ [批改完成] ANS_CO_17 | 路由: BND | 最终分: 2.0 | 风险: P0.00/U0.00/F0.30/H0/L1 | 提取质量: 🟢high | 留白率: 0% | 低质量率: 0%
2026-06-27 09:06:22 | INFO     | 
🔍 [正在处理] ANS_CO_19 | 启动 3WD 流水线...
2026-06-27 09:06:22 | INFO     | 📢 [总进度] 45/104 份试卷已归档。
2026-06-27 09:06:54 | INFO     | ✅ [批改完成] ANS_CO_18 | 路由: BND | 最终分: 2.0 | 风险: P0.27/U0.00/F0.30/H0/L1 | 提取质量: 🟢high | 留白率: 33% | 低质量率: 0%
2026-06-27 09:06:54 | INFO     | 
🔍 [正在处理] ANS_CO_20 | 启动 3WD 流水线...
2026-06-27 09:06:54 | INFO     | 📢 [总进度] 46/104 份试卷已归档。
2026-06-27 09:07:46 | INFO     | ✅ [批改完成] ANS_CO_19 | 路由: BND | 最终分: 1.2 | 风险: P0.53/U0.04/F0.00/H0/L0 | 提取质量: 🟡low | 留白率: 67% | 低质量率: 0%
2026-06-27 09:07:46 | INFO     | 
🔍 [正在处理] ANS_CO_21 | 启动 3WD 流水线...
2026-06-27 09:07:46 | INFO     | 📢 [总进度] 47/104 份试卷已归档。
2026-06-27 09:08:31 | INFO     | ✅ [批改完成] ANS_CO_21 | 路由: POS | 最终分: 5.0 | 风险: P0.00/U0.00/F0.00/H0/L0 | 提取质量: 🟢high | 留白率: 0% | 低质量率: 0%
2026-06-27 09:08:31 | INFO     | 
🔍 [正在处理] ANS_CO_22 | 启动 3WD 流水线...
2026-06-27 09:08:31 | INFO     | 📢 [总进度] 48/104 份试卷已归档。
2026-06-27 09:08:57 | INFO     | ✅ [批改完成] ANS_CO_20 | 路由: BND | 最终分: 4.5 | 风险: P0.00/U0.14/F0.00/H0/L0 | 提取质量: 🟢high | 留白率: 0% | 低质量率: 0%
2026-06-27 09:08:57 | INFO     | 
🔍 [正在处理] ANS_CO_24 | 启动 3WD 流水线...
2026-06-27 09:08:57 | INFO     | 📢 [总进度] 49/104 份试卷已归档。
2026-06-27 09:09:53 | INFO     | ✅ [批改完成] ANS_CO_24 | 路由: BND | 最终分: 3.5 | 风险: P0.00/U0.00/F0.30/H0/L0 | 提取质量: 🟢high | 留白率: 0% | 低质量率: 0%
2026-06-27 09:09:53 | INFO     | 
🔍 [正在处理] ANS_CO_25 | 启动 3WD 流水线...
2026-06-27 09:09:53 | INFO     | 📢 [总进度] 50/104 份试卷已归档。
2026-06-27 09:09:59 | INFO     | ✅ [批改完成] ANS_CO_22 | 路由: BND | 最终分: 3.5 | 风险: P0.27/U0.00/F0.00/H0/L0 | 提取质量: 🟢high | 留白率: 33% | 低质量率: 0%
2026-06-27 09:09:59 | INFO     | 
🔍 [正在处理] ANS_CO_26 | 启动 3WD 流水线...
2026-06-27 09:09:59 | INFO     | 📢 [总进度] 51/104 份试卷已归档。
2026-06-27 09:10:25 | INFO     | ✅ [批改完成] ANS_CO_25 | 路由: POS | 最终分: 5.0 | 风险: P0.00/U0.00/F0.00/H0/L0 | 提取质量: 🟢high | 留白率: 0% | 低质量率: 0%
2026-06-27 09:10:25 | INFO     | 
🔍 [正在处理] ANS_CO_27 | 启动 3WD 流水线...
2026-06-27 09:10:25 | INFO     | 📢 [总进度] 52/104 份试卷已归档。
2026-06-27 09:11:35 | INFO     | ✅ [批改完成] ANS_CO_27 | 路由: BND | 最终分: 0 | 风险: P0.00/U0.00/F1.00/H0/L1 | 提取质量: 🟢high | 留白率: 0% | 低质量率: 0%
2026-06-27 09:11:35 | INFO     | 
🔍 [正在处理] ANS_CO_28 | 启动 3WD 流水线...
2026-06-27 09:11:35 | INFO     | 📢 [总进度] 53/104 份试卷已归档。
2026-06-27 09:12:51 | INFO     | ✅ [批改完成] ANS_CO_28 | 路由: BND | 最终分: 3.5 | 风险: P0.00/U0.00/F0.30/H0/L0 | 提取质量: 🟢high | 留白率: 0% | 低质量率: 0%
2026-06-27 09:12:51 | INFO     | 
🔍 [正在处理] ANS_CO_29 | 启动 3WD 流水线...
2026-06-27 09:12:51 | INFO     | 📢 [总进度] 54/104 份试卷已归档。
2026-06-27 09:14:47 | INFO     | ✅ [批改完成] ANS_CO_26 | 路由: BND | 最终分: 2.0 | 风险: P0.27/U0.00/F0.30/H0/L1 | 提取质量: 🟢high | 留白率: 33% | 低质量率: 0%
2026-06-27 09:14:47 | INFO     | 
🔍 [正在处理] ANS_CO_30 | 启动 3WD 流水线...
2026-06-27 09:14:47 | INFO     | 📢 [总进度] 55/104 份试卷已归档。
2026-06-27 09:14:56 | INFO     | ✅ [批改完成] ANS_CO_29 | 路由: BND | 最终分: 2.0 | 风险: P0.00/U0.00/F0.30/H0/L1 | 提取质量: 🟢high | 留白率: 0% | 低质量率: 0%
2026-06-27 09:14:56 | INFO     | 
🔍 [正在处理] ANS_CO_31 | 启动 3WD 流水线...
2026-06-27 09:14:56 | INFO     | 📢 [总进度] 56/104 份试卷已归档。
2026-06-27 09:15:32 | INFO     | ✅ [批改完成] ANS_CO_30 | 路由: POS | 最终分: 5.0 | 风险: P0.00/U0.00/F0.00/H0/L0 | 提取质量: 🟢high | 留白率: 0% | 低质量率: 0%
2026-06-27 09:15:32 | INFO     | 
🔍 [正在处理] ANS_CO_33 | 启动 3WD 流水线...
2026-06-27 09:15:32 | INFO     | 📢 [总进度] 57/104 份试卷已归档。
2026-06-27 09:16:37 | INFO     | ✅ [批改完成] ANS_CO_31 | 路由: BND | 最终分: 4.5 | 风险: P0.00/U0.14/F0.00/H0/L0 | 提取质量: 🟢high | 留白率: 0% | 低质量率: 0%
2026-06-27 09:16:37 | INFO     | 
🔍 [正在处理] ANS_CO_34 | 启动 3WD 流水线...
2026-06-27 09:16:37 | INFO     | 📢 [总进度] 58/104 份试卷已归档。
2026-06-27 09:17:07 | INFO     | ✅ [批改完成] ANS_CO_34 | 路由: BND | 最终分: 0 | 风险: P0.80/U0.00/F0.00/H0/L0 | 提取质量: 🟡low | 留白率: 100% | 低质量率: 0%
2026-06-27 09:17:07 | INFO     | 
🔍 [正在处理] ANS_CO_35 | 启动 3WD 流水线...
2026-06-27 09:17:07 | INFO     | 📢 [总进度] 59/104 份试卷已归档。
2026-06-27 09:17:38 | INFO     | ✅ [批改完成] ANS_CO_33 | 路由: BND | 最终分: 4.7 | 风险: P0.00/U0.08/F0.00/H0/L0 | 提取质量: 🟢high | 留白率: 0% | 低质量率: 0%
2026-06-27 09:17:38 | INFO     | 
🔍 [正在处理] ANS_CO_36 | 启动 3WD 流水线...
2026-06-27 09:17:38 | INFO     | 📢 [总进度] 60/104 份试卷已归档。
2026-06-27 09:17:53 | INFO     | ✅ [批改完成] ANS_CO_35 | 路由: BND | 最终分: 0 | 风险: P0.53/U0.00/F0.30/H0/L0 | 提取质量: 🟡low | 留白率: 67% | 低质量率: 0%
2026-06-27 09:17:53 | INFO     | 
🔍 [正在处理] ANS_CO_38 | 启动 3WD 流水线...
2026-06-27 09:17:53 | INFO     | 📢 [总进度] 61/104 份试卷已归档。
2026-06-27 09:18:17 | INFO     | ✅ [批改完成] ANS_CO_38 | 路由: POS | 最终分: 5.0 | 风险: P0.00/U0.00/F0.00/H0/L0 | 提取质量: 🟢high | 留白率: 0% | 低质量率: 0%
2026-06-27 09:18:17 | INFO     | 
🔍 [正在处理] ANS_CO_39 | 启动 3WD 流水线...
2026-06-27 09:18:17 | INFO     | 📢 [总进度] 62/104 份试卷已归档。
2026-06-27 09:20:03 | INFO     | ✅ [批改完成] ANS_CO_36 | 路由: BND | 最终分: 1.3 | 风险: P0.53/U0.05/F0.00/H0/L0 | 提取质量: 🟡low | 留白率: 67% | 低质量率: 0%
2026-06-27 09:20:03 | INFO     | 
🔍 [正在处理] ANS_CO_40 | 启动 3WD 流水线...
2026-06-27 09:20:03 | INFO     | 📢 [总进度] 63/104 份试卷已归档。
2026-06-27 09:20:03 | INFO     | ✅ [批改完成] ANS_CO_39 | 路由: POS | 最终分: 5.0 | 风险: P0.00/U0.00/F0.00/H0/L0 | 提取质量: 🟢high | 留白率: 0% | 低质量率: 0%
2026-06-27 09:20:03 | INFO     | 
🔍 [正在处理] ANS_CO_41 | 启动 3WD 流水线...
2026-06-27 09:20:03 | INFO     | 📢 [总进度] 64/104 份试卷已归档。
2026-06-27 09:20:33 | INFO     | ✅ [批改完成] ANS_CO_41 | 路由: POS | 最终分: 5.0 | 风险: P0.00/U0.00/F0.00/H0/L0 | 提取质量: 🟢high | 留白率: 0% | 低质量率: 0%
2026-06-27 09:20:33 | INFO     | 
🔍 [正在处理] ANS_CO_42 | 启动 3WD 流水线...
2026-06-27 09:20:33 | INFO     | 📢 [总进度] 65/104 份试卷已归档。
2026-06-27 09:21:32 | INFO     | ✅ [批改完成] ANS_CO_40 | 路由: BND | 最终分: 0 | 风险: P0.53/U0.00/F0.30/H0/L0 | 提取质量: 🟡low | 留白率: 67% | 低质量率: 0%
2026-06-27 09:21:32 | INFO     | 
🔍 [正在处理] ANS_CO_43 | 启动 3WD 流水线...
2026-06-27 09:21:32 | INFO     | 📢 [总进度] 66/104 份试卷已归档。
2026-06-27 09:21:37 | INFO     | ✅ [批改完成] ANS_CO_42 | 路由: BND | 最终分: 0 | 风险: P0.53/U0.00/F0.30/H0/L0 | 提取质量: 🟡low | 留白率: 67% | 低质量率: 0%
2026-06-27 09:21:37 | INFO     | 
🔍 [正在处理] ANS_CO_45 | 启动 3WD 流水线...
2026-06-27 09:21:37 | INFO     | 📢 [总进度] 67/104 份试卷已归档。
2026-06-27 09:22:13 | INFO     | ✅ [批改完成] ANS_CO_43 | 路由: POS | 最终分: 5.0 | 风险: P0.00/U0.00/F0.00/H0/L0 | 提取质量: 🟢high | 留白率: 0% | 低质量率: 0%
2026-06-27 09:22:13 | INFO     | 
🔍 [正在处理] ANS_CO_46 | 启动 3WD 流水线...
2026-06-27 09:22:13 | INFO     | 📢 [总进度] 68/104 份试卷已归档。
2026-06-27 09:22:49 | INFO     | ✅ [批改完成] ANS_CO_45 | 路由: POS | 最终分: 5.0 | 风险: P0.00/U0.00/F0.00/H0/L0 | 提取质量: 🟢high | 留白率: 0% | 低质量率: 0%
2026-06-27 09:22:49 | INFO     | 
🔍 [正在处理] ANS_CO_50 | 启动 3WD 流水线...
2026-06-27 09:22:49 | INFO     | 📢 [总进度] 69/104 份试卷已归档。
2026-06-27 09:23:46 | INFO     | ✅ [批改完成] ANS_CO_46 | 路由: BND | 最终分: 4.2 | 风险: P0.00/U0.00/F0.00/H0/L0 | 提取质量: 🟢high | 留白率: 0% | 低质量率: 0%
2026-06-27 09:23:46 | INFO     | 
🔍 [正在处理] ANS_CO_51 | 启动 3WD 流水线...
2026-06-27 09:23:46 | INFO     | 📢 [总进度] 70/104 份试卷已归档。
2026-06-27 09:24:17 | INFO     | ✅ [批改完成] ANS_CO_50 | 路由: POS | 最终分: 5.0 | 风险: P0.00/U0.00/F0.00/H0/L0 | 提取质量: 🟢high | 留白率: 0% | 低质量率: 0%
2026-06-27 09:24:17 | INFO     | 
🔍 [正在处理] ANS_CO_53 | 启动 3WD 流水线...
2026-06-27 09:24:17 | INFO     | 📢 [总进度] 71/104 份试卷已归档。
2026-06-27 09:25:24 | INFO     | ✅ [批改完成] ANS_CO_51 | 路由: BND | 最终分: 2.0 | 风险: P0.00/U0.00/F0.30/H0/L1 | 提取质量: 🟢high | 留白率: 0% | 低质量率: 0%
2026-06-27 09:25:24 | INFO     | 
🔍 [正在处理] ANS_CO_54 | 启动 3WD 流水线...
2026-06-27 09:25:24 | INFO     | 📢 [总进度] 72/104 份试卷已归档。
2026-06-27 09:25:49 | INFO     | ✅ [批改完成] ANS_CO_53 | 路由: BND | 最终分: 2.0 | 风险: P0.27/U0.00/F0.30/H0/L1 | 提取质量: 🟢high | 留白率: 33% | 低质量率: 0%
2026-06-27 09:25:49 | INFO     | 
🔍 [正在处理] ANS_CO_55 | 启动 3WD 流水线...
2026-06-27 09:25:49 | INFO     | 📢 [总进度] 73/104 份试卷已归档。
2026-06-27 09:26:09 | INFO     | ✅ [批改完成] ANS_CO_54 | 路由: POS | 最终分: 5.0 | 风险: P0.00/U0.00/F0.00/H0/L0 | 提取质量: 🟢high | 留白率: 0% | 低质量率: 0%
2026-06-27 09:26:09 | INFO     | 
🔍 [正在处理] ANS_CO_57 | 启动 3WD 流水线...
2026-06-27 09:26:09 | INFO     | 📢 [总进度] 74/104 份试卷已归档。
2026-06-27 09:27:19 | INFO     | ✅ [批改完成] ANS_CO_55 | 路由: BND | 最终分: 2.0 | 风险: P0.27/U0.00/F0.30/H0/L1 | 提取质量: 🟢high | 留白率: 33% | 低质量率: 0%
2026-06-27 09:27:19 | INFO     | 
🔍 [正在处理] ANS_CO_59 | 启动 3WD 流水线...
2026-06-27 09:27:19 | INFO     | 📢 [总进度] 75/104 份试卷已归档。
2026-06-27 09:27:37 | INFO     | ✅ [批改完成] ANS_CO_57 | 路由: POS | 最终分: 4.5 | 风险: P0.00/U0.00/F0.00/H0/L0 | 提取质量: 🟢high | 留白率: 0% | 低质量率: 0%
2026-06-27 09:27:37 | INFO     | 
🔍 [正在处理] ANS_CO_60 | 启动 3WD 流水线...
2026-06-27 09:27:37 | INFO     | 📢 [总进度] 76/104 份试卷已归档。
2026-06-27 09:28:28 | INFO     | ✅ [批改完成] ANS_CO_59 | 路由: BND | 最终分: 1.5 | 风险: P0.53/U0.00/F0.00/H0/L0 | 提取质量: 🟡low | 留白率: 67% | 低质量率: 0%
2026-06-27 09:28:28 | INFO     | 
🔍 [正在处理] ANS_CO_62 | 启动 3WD 流水线...
2026-06-27 09:28:28 | INFO     | 📢 [总进度] 77/104 份试卷已归档。
2026-06-27 09:29:32 | INFO     | ✅ [批改完成] ANS_CO_62 | 路由: BND | 最终分: 0 | 风险: P0.53/U0.00/F0.30/H0/L0 | 提取质量: 🟡low | 留白率: 67% | 低质量率: 0%
2026-06-27 09:29:32 | INFO     | 
🔍 [正在处理] ANS_CO_63 | 启动 3WD 流水线...
2026-06-27 09:29:32 | INFO     | 📢 [总进度] 78/104 份试卷已归档。
2026-06-27 09:30:41 | INFO     | ✅ [批改完成] ANS_CO_63 | 路由: BND | 最终分: 0 | 风险: P0.53/U0.00/F0.30/H0/L0 | 提取质量: 🟡low | 留白率: 67% | 低质量率: 0%
2026-06-27 09:30:41 | INFO     | 
🔍 [正在处理] ANS_CO_64 | 启动 3WD 流水线...
2026-06-27 09:30:41 | INFO     | 📢 [总进度] 79/104 份试卷已归档。
2026-06-27 09:30:56 | INFO     | ✅ [批改完成] ANS_CO_60 | 路由: BND | 最终分: 1.3 | 风险: P0.27/U0.04/F0.00/H0/L1 | 提取质量: 🟢high | 留白率: 33% | 低质量率: 0%
2026-06-27 09:30:56 | INFO     | 
🔍 [正在处理] ANS_CO_65 | 启动 3WD 流水线...
2026-06-27 09:30:56 | INFO     | 📢 [总进度] 80/104 份试卷已归档。
2026-06-27 09:31:43 | INFO     | ✅ [批改完成] ANS_CO_65 | 路由: POS | 最终分: 5.0 | 风险: P0.00/U0.00/F0.00/H0/L0 | 提取质量: 🟢high | 留白率: 0% | 低质量率: 0%
2026-06-27 09:31:43 | INFO     | 
🔍 [正在处理] ANS_CO_66 | 启动 3WD 流水线...
2026-06-27 09:31:43 | INFO     | 📢 [总进度] 81/104 份试卷已归档。
2026-06-27 09:32:30 | INFO     | ✅ [批改完成] ANS_CO_64 | 路由: BND | 最终分: 4.2 | 风险: P0.00/U0.00/F0.00/H0/L0 | 提取质量: 🟢high | 留白率: 0% | 低质量率: 0%
2026-06-27 09:32:30 | INFO     | 
🔍 [正在处理] ANS_CO_69 | 启动 3WD 流水线...
2026-06-27 09:32:30 | INFO     | 📢 [总进度] 82/104 份试卷已归档。
2026-06-27 09:33:15 | INFO     | ✅ [批改完成] ANS_CO_66 | 路由: POS | 最终分: 4.1 | 风险: P0.00/U0.00/F0.00/H0/L0 | 提取质量: 🟢high | 留白率: 0% | 低质量率: 0%
2026-06-27 09:33:15 | INFO     | 
🔍 [正在处理] ANS_CO_70 | 启动 3WD 流水线...
2026-06-27 09:33:15 | INFO     | 📢 [总进度] 83/104 份试卷已归档。
2026-06-27 09:33:57 | INFO     | ✅ [批改完成] ANS_CO_69 | 路由: BND | 最终分: 0 | 风险: P0.00/U0.00/F1.00/H0/L1 | 提取质量: 🟢high | 留白率: 0% | 低质量率: 0%
2026-06-27 09:33:57 | INFO     | 
🔍 [正在处理] ANS_CO_71 | 启动 3WD 流水线...
2026-06-27 09:33:57 | INFO     | 📢 [总进度] 84/104 份试卷已归档。
2026-06-27 09:35:49 | INFO     | ✅ [批改完成] ANS_CO_70 | 路由: BND | 最终分: 2.0 | 风险: P0.27/U0.00/F0.30/H0/L1 | 提取质量: 🟢high | 留白率: 33% | 低质量率: 0%
2026-06-27 09:35:49 | INFO     | 
🔍 [正在处理] ANS_CO_72 | 启动 3WD 流水线...
2026-06-27 09:35:49 | INFO     | 📢 [总进度] 85/104 份试卷已归档。
2026-06-27 09:36:21 | INFO     | ✅ [批改完成] ANS_CO_72 | 路由: POS | 最终分: 5.0 | 风险: P0.00/U0.00/F0.00/H0/L0 | 提取质量: 🟢high | 留白率: 0% | 低质量率: 0%
2026-06-27 09:36:21 | INFO     | 
🔍 [正在处理] ANS_CO_77 | 启动 3WD 流水线...
2026-06-27 09:36:21 | INFO     | 📢 [总进度] 86/104 份试卷已归档。
2026-06-27 09:37:34 | INFO     | ✅ [批改完成] ANS_CO_77 | 路由: BND | 最终分: 3.5 | 风险: P0.00/U0.00/F0.30/H0/L0 | 提取质量: 🟢high | 留白率: 0% | 低质量率: 0%
2026-06-27 09:37:34 | INFO     | 
🔍 [正在处理] ANS_CO_79 | 启动 3WD 流水线...
2026-06-27 09:37:34 | INFO     | 📢 [总进度] 87/104 份试卷已归档。
2026-06-27 09:38:06 | INFO     | ✅ [批改完成] ANS_CO_71 | 路由: BND | 最终分: 0 | 风险: P0.27/U0.00/F0.70/H0/L1 | 提取质量: 🟢high | 留白率: 33% | 低质量率: 0%
2026-06-27 09:38:06 | INFO     | 
🔍 [正在处理] ANS_CO_80 | 启动 3WD 流水线...
2026-06-27 09:38:06 | INFO     | 📢 [总进度] 88/104 份试卷已归档。
2026-06-27 09:38:53 | INFO     | ✅ [批改完成] ANS_CO_79 | 路由: BND | 最终分: 2.0 | 风险: P0.27/U0.00/F0.30/H0/L1 | 提取质量: 🟢high | 留白率: 33% | 低质量率: 0%
2026-06-27 09:38:53 | INFO     | 
🔍 [正在处理] ANS_CO_82 | 启动 3WD 流水线...
2026-06-27 09:38:53 | INFO     | 📢 [总进度] 89/104 份试卷已归档。
2026-06-27 09:39:40 | INFO     | ✅ [批改完成] ANS_CO_82 | 路由: BND | 最终分: 0 | 风险: P0.63/U0.00/F0.30/H0/L0 | 提取质量: 🟡low | 留白率: 67% | 低质量率: 0%
2026-06-27 09:39:40 | INFO     | 
🔍 [正在处理] ANS_CO_83 | 启动 3WD 流水线...
2026-06-27 09:39:40 | INFO     | 📢 [总进度] 90/104 份试卷已归档。
2026-06-27 09:39:41 | INFO     | ✅ [批改完成] ANS_CO_80 | 路由: BND | 最终分: 0 | 风险: P0.27/U0.00/F0.70/H0/L1 | 提取质量: 🟢high | 留白率: 33% | 低质量率: 0%
2026-06-27 09:39:41 | INFO     | 
🔍 [正在处理] ANS_CO_84 | 启动 3WD 流水线...
2026-06-27 09:39:41 | INFO     | 📢 [总进度] 91/104 份试卷已归档。
2026-06-27 09:40:21 | INFO     | ✅ [批改完成] ANS_CO_83 | 路由: BND | 最终分: 0 | 风险: P0.80/U0.00/F0.00/H0/L0 | 提取质量: 🟡low | 留白率: 100% | 低质量率: 0%
2026-06-27 09:40:21 | INFO     | 
🔍 [正在处理] ANS_CO_86 | 启动 3WD 流水线...
2026-06-27 09:40:21 | INFO     | 📢 [总进度] 92/104 份试卷已归档。
2026-06-27 09:41:52 | INFO     | ✅ [批改完成] ANS_CO_86 | 路由: BND | 最终分: 0 | 风险: P0.27/U0.00/F0.70/H0/L1 | 提取质量: 🟢high | 留白率: 33% | 低质量率: 0%
2026-06-27 09:41:52 | INFO     | 
🔍 [正在处理] ANS_CO_89 | 启动 3WD 流水线...
2026-06-27 09:41:52 | INFO     | 📢 [总进度] 93/104 份试卷已归档。
2026-06-27 09:42:09 | INFO     | ✅ [批改完成] ANS_CO_84 | 路由: POS | 最终分: 5.0 | 风险: P0.00/U0.00/F0.00/H0/L0 | 提取质量: 🟢high | 留白率: 0% | 低质量率: 0%
2026-06-27 09:42:09 | INFO     | 
🔍 [正在处理] ANS_CO_90 | 启动 3WD 流水线...
2026-06-27 09:42:09 | INFO     | 📢 [总进度] 94/104 份试卷已归档。
2026-06-27 09:42:45 | INFO     | ✅ [批改完成] ANS_CO_90 | 路由: POS | 最终分: 5.0 | 风险: P0.00/U0.00/F0.00/H0/L0 | 提取质量: 🟢high | 留白率: 0% | 低质量率: 0%
2026-06-27 09:42:45 | INFO     | 
🔍 [正在处理] ANS_CO_92 | 启动 3WD 流水线...
2026-06-27 09:42:45 | INFO     | 📢 [总进度] 95/104 份试卷已归档。
2026-06-27 09:43:43 | INFO     | ✅ [批改完成] ANS_CO_89 | 路由: BND | 最终分: 2.0 | 风险: P0.27/U0.00/F0.30/H0/L1 | 提取质量: 🟢high | 留白率: 33% | 低质量率: 0%
2026-06-27 09:43:43 | INFO     | 
🔍 [正在处理] ANS_CO_93 | 启动 3WD 流水线...
2026-06-27 09:43:43 | INFO     | 📢 [总进度] 96/104 份试卷已归档。
2026-06-27 09:44:54 | INFO     | ✅ [批改完成] ANS_CO_93 | 路由: BND | 最终分: 0 | 风险: P0.53/U0.00/F0.30/H0/L0 | 提取质量: 🟡low | 留白率: 67% | 低质量率: 0%
2026-06-27 09:44:54 | INFO     | 
🔍 [正在处理] ANS_CO_94 | 启动 3WD 流水线...
2026-06-27 09:44:54 | INFO     | 📢 [总进度] 97/104 份试卷已归档。
2026-06-27 09:45:51 | INFO     | ✅ [批改完成] ANS_CO_92 | 路由: BND | 最终分: 2.0 | 风险: P0.00/U0.00/F0.30/H0/L1 | 提取质量: 🟢high | 留白率: 0% | 低质量率: 0%
2026-06-27 09:45:51 | INFO     | 
🔍 [正在处理] ANS_CO_95 | 启动 3WD 流水线...
2026-06-27 09:45:51 | INFO     | 📢 [总进度] 98/104 份试卷已归档。
2026-06-27 09:47:16 | INFO     | ✅ [批改完成] ANS_CO_94 | 路由: BND | 最终分: 3.8 | 风险: P0.00/U0.05/F0.30/H0/L0 | 提取质量: 🟢high | 留白率: 0% | 低质量率: 0%
2026-06-27 09:47:16 | INFO     | 
🔍 [正在处理] ANS_CO_96 | 启动 3WD 流水线...
2026-06-27 09:47:16 | INFO     | 📢 [总进度] 99/104 份试卷已归档。
2026-06-27 09:47:35 | INFO     | ✅ [批改完成] ANS_CO_95 | 路由: BND | 最终分: 1.8 | 风险: P0.00/U0.06/F0.30/H0/L1 | 提取质量: 🟢high | 留白率: 0% | 低质量率: 0%
2026-06-27 09:47:35 | INFO     | 
🔍 [正在处理] ANS_CO_97 | 启动 3WD 流水线...
2026-06-27 09:47:35 | INFO     | 📢 [总进度] 100/104 份试卷已归档。
2026-06-27 09:48:10 | INFO     | ✅ [批改完成] ANS_CO_96 | 路由: POS | 最终分: 5.0 | 风险: P0.00/U0.00/F0.00/H0/L0 | 提取质量: 🟢high | 留白率: 0% | 低质量率: 0%
2026-06-27 09:48:10 | INFO     | 
🔍 [正在处理] ANS_CO_98 | 启动 3WD 流水线...
2026-06-27 09:48:10 | INFO     | 📢 [总进度] 101/104 份试卷已归档。
2026-06-27 09:48:13 | INFO     | ✅ [批改完成] ANS_CO_97 | 路由: POS | 最终分: 5.0 | 风险: P0.00/U0.00/F0.00/H0/L0 | 提取质量: 🟢high | 留白率: 0% | 低质量率: 0%
2026-06-27 09:48:13 | INFO     | 
🔍 [正在处理] ANS_CO_99 | 启动 3WD 流水线...
2026-06-27 09:48:13 | INFO     | 📢 [总进度] 102/104 份试卷已归档。
2026-06-27 09:49:15 | INFO     | ✅ [批改完成] ANS_CO_99 | 路由: BND | 最终分: 2.0 | 风险: P0.27/U0.00/F0.30/H0/L1 | 提取质量: 🟢high | 留白率: 33% | 低质量率: 0%
2026-06-27 09:49:15 | INFO     | 📢 [总进度] 103/104 份试卷已归档。
2026-06-27 09:50:47 | INFO     | ✅ [批改完成] ANS_CO_98 | 路由: BND | 最终分: 4.7 | 风险: P0.00/U0.08/F0.00/H0/L0 | 提取质量: 🟢high | 留白率: 0% | 低质量率: 0%
2026-06-27 09:50:47 | INFO     | 📢 [总进度] 104/104 份试卷已归档。
2026-06-27 09:50:47 | INFO     | 🗂️ 所有线程交卷完毕，正在整理数据... (共收集 104/104 份结果)
2026-06-27 09:50:47 | INFO     | 💾 正常批改结果已保存: /home/E125221219/projects/refgrader/results_runs/csbench_co1_co2_co3_co4_co5_co6_co7_full/CO_1_graded_results.json (104 人)
2026-06-27 09:50:47 | INFO     | ✅ 无拒绝域案例。
2026-06-27 09:50:47 | INFO     | [result consistency] CO_1: checkpoint=104, graded=104, rejected=0, failed=0, expected=104
2026-06-27 09:50:47 | INFO     | 
🚀 [标准模式] 开始处理: CO_2
2026-06-27 09:50:47 | INFO     | ⚡ 已加载本地标准: /home/E125221219/projects/refgrader/data/csbench/rubrics/optimized/CO/CO_2_rubric_standard.json
2026-06-27 09:50:47 | INFO     | [PaddleOCR] preparing 81/84 visual-answer cache entries...
2026-06-27 09:50:54 | INFO     | Initialize PaddleOCR | device=gpu:0 | lang=ch | pending=1/1
[1/1] completed: ANS_CO_516.jpg | tokens=19 | mean_conf=0.953608 | output=/home/E125221219/projects/refgrader/ocr_cache/csbench/CO_2/ANS_CO_516.json
summary: completed=1, skipped=0, failed=0
2026-06-27 09:51:01 | INFO     | Initialize PaddleOCR | device=gpu:0 | lang=ch | pending=1/1
[1/1] completed: ANS_CO_517.jpg | tokens=18 | mean_conf=0.916977 | output=/home/E125221219/projects/refgrader/ocr_cache/csbench/CO_2/ANS_CO_517.json
summary: completed=1, skipped=0, failed=0
2026-06-27 09:51:08 | INFO     | Initialize PaddleOCR | device=gpu:0 | lang=ch | pending=1/1
[1/1] completed: ANS_CO_518.jpg | tokens=27 | mean_conf=0.913977 | output=/home/E125221219/projects/refgrader/ocr_cache/csbench/CO_2/ANS_CO_518.json
summary: completed=1, skipped=0, failed=0
2026-06-27 09:51:16 | INFO     | Initialize PaddleOCR | device=gpu:0 | lang=ch | pending=1/1
[1/1] completed: ANS_CO_520.jpg | tokens=9 | mean_conf=0.895127 | output=/home/E125221219/projects/refgrader/ocr_cache/csbench/CO_2/ANS_CO_520.json
summary: completed=1, skipped=0, failed=0
2026-06-27 09:51:23 | INFO     | Initialize PaddleOCR | device=gpu:0 | lang=ch | pending=1/1
[1/1] completed: ANS_CO_523.jpg | tokens=9 | mean_conf=0.907539 | output=/home/E125221219/projects/refgrader/ocr_cache/csbench/CO_2/ANS_CO_523.json
summary: completed=1, skipped=0, failed=0
2026-06-27 09:51:30 | INFO     | Initialize PaddleOCR | device=gpu:0 | lang=ch | pending=1/1
[1/1] completed: ANS_CO_524.jpg | tokens=43 | mean_conf=0.883903 | output=/home/E125221219/projects/refgrader/ocr_cache/csbench/CO_2/ANS_CO_524.json
summary: completed=1, skipped=0, failed=0
2026-06-27 09:51:37 | INFO     | Initialize PaddleOCR | device=gpu:0 | lang=ch | pending=1/1
[1/1] completed: ANS_CO_526.jpg | tokens=47 | mean_conf=0.935469 | output=/home/E125221219/projects/refgrader/ocr_cache/csbench/CO_2/ANS_CO_526.json
summary: completed=1, skipped=0, failed=0
2026-06-27 09:51:45 | INFO     | Initialize PaddleOCR | device=gpu:0 | lang=ch | pending=1/1
[1/1] completed: ANS_CO_527.jpg | tokens=32 | mean_conf=0.95557 | output=/home/E125221219/projects/refgrader/ocr_cache/csbench/CO_2/ANS_CO_527.json
summary: completed=1, skipped=0, failed=0
2026-06-27 09:51:52 | INFO     | Initialize PaddleOCR | device=gpu:0 | lang=ch | pending=1/1
[1/1] completed: ANS_CO_528.jpg | tokens=16 | mean_conf=0.933357 | output=/home/E125221219/projects/refgrader/ocr_cache/csbench/CO_2/ANS_CO_528.json
summary: completed=1, skipped=0, failed=0
2026-06-27 09:51:59 | INFO     | Initialize PaddleOCR | device=gpu:0 | lang=ch | pending=1/1
[1/1] completed: ANS_CO_530.jpg | tokens=14 | mean_conf=0.929607 | output=/home/E125221219/projects/refgrader/ocr_cache/csbench/CO_2/ANS_CO_530.json
summary: completed=1, skipped=0, failed=0
2026-06-27 09:52:06 | INFO     | Initialize PaddleOCR | device=gpu:0 | lang=ch | pending=1/1
[1/1] completed: ANS_CO_533.jpg | tokens=21 | mean_conf=0.90301 | output=/home/E125221219/projects/refgrader/ocr_cache/csbench/CO_2/ANS_CO_533.json
summary: completed=1, skipped=0, failed=0
2026-06-27 09:52:13 | INFO     | Initialize PaddleOCR | device=gpu:0 | lang=ch | pending=1/1
[1/1] completed: ANS_CO_539.jpg | tokens=23 | mean_conf=0.945067 | output=/home/E125221219/projects/refgrader/ocr_cache/csbench/CO_2/ANS_CO_539.json
summary: completed=1, skipped=0, failed=0
2026-06-27 09:52:21 | INFO     | Initialize PaddleOCR | device=gpu:0 | lang=ch | pending=1/1
[1/1] completed: ANS_CO_541.jpg | tokens=50 | mean_conf=0.953938 | output=/home/E125221219/projects/refgrader/ocr_cache/csbench/CO_2/ANS_CO_541.json
summary: completed=1, skipped=0, failed=0
2026-06-27 09:52:28 | INFO     | Initialize PaddleOCR | device=gpu:0 | lang=ch | pending=1/1
[1/1] completed: ANS_CO_542.jpg | tokens=29 | mean_conf=0.936411 | output=/home/E125221219/projects/refgrader/ocr_cache/csbench/CO_2/ANS_CO_542.json
summary: completed=1, skipped=0, failed=0
2026-06-27 09:52:35 | INFO     | Initialize PaddleOCR | device=gpu:0 | lang=ch | pending=1/1
[1/1] completed: ANS_CO_543.jpg | tokens=18 | mean_conf=0.925373 | output=/home/E125221219/projects/refgrader/ocr_cache/csbench/CO_2/ANS_CO_543.json
summary: completed=1, skipped=0, failed=0
2026-06-27 09:52:42 | INFO     | Initialize PaddleOCR | device=gpu:0 | lang=ch | pending=1/1
[1/1] completed: ANS_CO_544.jpg | tokens=42 | mean_conf=0.932803 | output=/home/E125221219/projects/refgrader/ocr_cache/csbench/CO_2/ANS_CO_544.json
summary: completed=1, skipped=0, failed=0
2026-06-27 09:52:49 | INFO     | Initialize PaddleOCR | device=gpu:0 | lang=ch | pending=1/1
[1/1] completed: ANS_CO_546.jpg | tokens=40 | mean_conf=0.93461 | output=/home/E125221219/projects/refgrader/ocr_cache/csbench/CO_2/ANS_CO_546.json
summary: completed=1, skipped=0, failed=0
2026-06-27 09:52:57 | INFO     | Initialize PaddleOCR | device=gpu:0 | lang=ch | pending=1/1
[1/1] completed: ANS_CO_547.jpg | tokens=29 | mean_conf=0.948298 | output=/home/E125221219/projects/refgrader/ocr_cache/csbench/CO_2/ANS_CO_547.json
summary: completed=1, skipped=0, failed=0
2026-06-27 09:53:04 | INFO     | Initialize PaddleOCR | device=gpu:0 | lang=ch | pending=1/1
[1/1] completed: ANS_CO_550.jpg | tokens=19 | mean_conf=0.882049 | output=/home/E125221219/projects/refgrader/ocr_cache/csbench/CO_2/ANS_CO_550.json
summary: completed=1, skipped=0, failed=0
2026-06-27 09:53:11 | INFO     | Initialize PaddleOCR | device=gpu:0 | lang=ch | pending=1/1
[1/1] completed: ANS_CO_551.jpg | tokens=11 | mean_conf=0.935539 | output=/home/E125221219/projects/refgrader/ocr_cache/csbench/CO_2/ANS_CO_551.json
summary: completed=1, skipped=0, failed=0
2026-06-27 09:53:18 | INFO     | Initialize PaddleOCR | device=gpu:0 | lang=ch | pending=1/1
[1/1] completed: ANS_CO_554.jpg | tokens=18 | mean_conf=0.913545 | output=/home/E125221219/projects/refgrader/ocr_cache/csbench/CO_2/ANS_CO_554.json
summary: completed=1, skipped=0, failed=0
2026-06-27 09:53:25 | INFO     | Initialize PaddleOCR | device=gpu:0 | lang=ch | pending=1/1
[1/1] completed: ANS_CO_555.jpg | tokens=24 | mean_conf=0.939355 | output=/home/E125221219/projects/refgrader/ocr_cache/csbench/CO_2/ANS_CO_555.json
summary: completed=1, skipped=0, failed=0
2026-06-27 09:53:31 | INFO     | Initialize PaddleOCR | device=gpu:0 | lang=ch | pending=1/1
[1/1] completed: ANS_CO_557.jpg | tokens=38 | mean_conf=0.941131 | output=/home/E125221219/projects/refgrader/ocr_cache/csbench/CO_2/ANS_CO_557.json
summary: completed=1, skipped=0, failed=0
2026-06-27 09:53:38 | INFO     | Initialize PaddleOCR | device=gpu:0 | lang=ch | pending=1/1
[1/1] completed: ANS_CO_558.jpg | tokens=10 | mean_conf=0.931466 | output=/home/E125221219/projects/refgrader/ocr_cache/csbench/CO_2/ANS_CO_558.json
summary: completed=1, skipped=0, failed=0
2026-06-27 09:53:45 | INFO     | Initialize PaddleOCR | device=gpu:0 | lang=ch | pending=1/1
[1/1] completed: ANS_CO_559.jpg | tokens=67 | mean_conf=0.872503 | output=/home/E125221219/projects/refgrader/ocr_cache/csbench/CO_2/ANS_CO_559.json
summary: completed=1, skipped=0, failed=0
2026-06-27 09:53:53 | INFO     | Initialize PaddleOCR | device=gpu:0 | lang=ch | pending=1/1
[1/1] completed: ANS_CO_560.jpg | tokens=33 | mean_conf=0.963779 | output=/home/E125221219/projects/refgrader/ocr_cache/csbench/CO_2/ANS_CO_560.json
summary: completed=1, skipped=0, failed=0
2026-06-27 09:54:00 | INFO     | Initialize PaddleOCR | device=gpu:0 | lang=ch | pending=1/1
[1/1] completed: ANS_CO_561.jpg | tokens=24 | mean_conf=0.92476 | output=/home/E125221219/projects/refgrader/ocr_cache/csbench/CO_2/ANS_CO_561.json
summary: completed=1, skipped=0, failed=0
2026-06-27 09:54:07 | INFO     | Initialize PaddleOCR | device=gpu:0 | lang=ch | pending=1/1
[1/1] completed: ANS_CO_562.jpg | tokens=20 | mean_conf=0.937215 | output=/home/E125221219/projects/refgrader/ocr_cache/csbench/CO_2/ANS_CO_562.json
summary: completed=1, skipped=0, failed=0
2026-06-27 09:54:14 | INFO     | Initialize PaddleOCR | device=gpu:0 | lang=ch | pending=1/1
[1/1] completed: ANS_CO_564.jpg | tokens=25 | mean_conf=0.914571 | output=/home/E125221219/projects/refgrader/ocr_cache/csbench/CO_2/ANS_CO_564.json
summary: completed=1, skipped=0, failed=0
2026-06-27 09:54:21 | INFO     | Initialize PaddleOCR | device=gpu:0 | lang=ch | pending=1/1
[1/1] completed: ANS_CO_565.jpg | tokens=20 | mean_conf=0.860505 | output=/home/E125221219/projects/refgrader/ocr_cache/csbench/CO_2/ANS_CO_565.json
summary: completed=1, skipped=0, failed=0
2026-06-27 09:54:28 | INFO     | Initialize PaddleOCR | device=gpu:0 | lang=ch | pending=1/1
[1/1] completed: ANS_CO_567.jpg | tokens=25 | mean_conf=0.944054 | output=/home/E125221219/projects/refgrader/ocr_cache/csbench/CO_2/ANS_CO_567.json
summary: completed=1, skipped=0, failed=0
2026-06-27 09:54:35 | INFO     | Initialize PaddleOCR | device=gpu:0 | lang=ch | pending=1/1
[1/1] completed: ANS_CO_569.jpg | tokens=28 | mean_conf=0.983719 | output=/home/E125221219/projects/refgrader/ocr_cache/csbench/CO_2/ANS_CO_569.json
summary: completed=1, skipped=0, failed=0
2026-06-27 09:54:42 | INFO     | Initialize PaddleOCR | device=gpu:0 | lang=ch | pending=1/1
[1/1] completed: ANS_CO_570.jpg | tokens=25 | mean_conf=0.923813 | output=/home/E125221219/projects/refgrader/ocr_cache/csbench/CO_2/ANS_CO_570.json
summary: completed=1, skipped=0, failed=0
2026-06-27 09:54:49 | INFO     | Initialize PaddleOCR | device=gpu:0 | lang=ch | pending=1/1
[1/1] completed: ANS_CO_571.jpg | tokens=17 | mean_conf=0.94365 | output=/home/E125221219/projects/refgrader/ocr_cache/csbench/CO_2/ANS_CO_571.json
summary: completed=1, skipped=0, failed=0
2026-06-27 09:54:55 | INFO     | Initialize PaddleOCR | device=gpu:0 | lang=ch | pending=1/1
[1/1] completed: ANS_CO_572.jpg | tokens=32 | mean_conf=0.9358 | output=/home/E125221219/projects/refgrader/ocr_cache/csbench/CO_2/ANS_CO_572.json
summary: completed=1, skipped=0, failed=0
2026-06-27 09:55:02 | INFO     | Initialize PaddleOCR | device=gpu:0 | lang=ch | pending=1/1
[1/1] completed: ANS_CO_573.jpg | tokens=23 | mean_conf=0.932406 | output=/home/E125221219/projects/refgrader/ocr_cache/csbench/CO_2/ANS_CO_573.json
summary: completed=1, skipped=0, failed=0
2026-06-27 09:55:09 | INFO     | Initialize PaddleOCR | device=gpu:0 | lang=ch | pending=1/1
[1/1] completed: ANS_CO_575.png | tokens=22 | mean_conf=0.927626 | output=/home/E125221219/projects/refgrader/ocr_cache/csbench/CO_2/ANS_CO_575.json
summary: completed=1, skipped=0, failed=0
2026-06-27 09:55:16 | INFO     | Initialize PaddleOCR | device=gpu:0 | lang=ch | pending=1/1
[1/1] completed: ANS_CO_578.png | tokens=15 | mean_conf=0.914186 | output=/home/E125221219/projects/refgrader/ocr_cache/csbench/CO_2/ANS_CO_578.json
summary: completed=1, skipped=0, failed=0
2026-06-27 09:55:23 | INFO     | Initialize PaddleOCR | device=gpu:0 | lang=ch | pending=1/1
[1/1] completed: ANS_CO_579.png | tokens=34 | mean_conf=0.933531 | output=/home/E125221219/projects/refgrader/ocr_cache/csbench/CO_2/ANS_CO_579.json
summary: completed=1, skipped=0, failed=0
2026-06-27 09:55:30 | INFO     | Initialize PaddleOCR | device=gpu:0 | lang=ch | pending=1/1
[1/1] completed: ANS_CO_580.png | tokens=44 | mean_conf=0.966572 | output=/home/E125221219/projects/refgrader/ocr_cache/csbench/CO_2/ANS_CO_580.json
summary: completed=1, skipped=0, failed=0
2026-06-27 09:55:37 | INFO     | Initialize PaddleOCR | device=gpu:0 | lang=ch | pending=1/1
[1/1] completed: ANS_CO_582.png | tokens=18 | mean_conf=0.89644 | output=/home/E125221219/projects/refgrader/ocr_cache/csbench/CO_2/ANS_CO_582.json
summary: completed=1, skipped=0, failed=0
2026-06-27 09:55:44 | INFO     | Initialize PaddleOCR | device=gpu:0 | lang=ch | pending=1/1
[1/1] completed: ANS_CO_583.png | tokens=23 | mean_conf=0.935448 | output=/home/E125221219/projects/refgrader/ocr_cache/csbench/CO_2/ANS_CO_583.json
summary: completed=1, skipped=0, failed=0
2026-06-27 09:55:51 | INFO     | Initialize PaddleOCR | device=gpu:0 | lang=ch | pending=1/1
[1/1] completed: ANS_CO_584.png | tokens=16 | mean_conf=0.91163 | output=/home/E125221219/projects/refgrader/ocr_cache/csbench/CO_2/ANS_CO_584.json
summary: completed=1, skipped=0, failed=0
2026-06-27 09:55:58 | INFO     | Initialize PaddleOCR | device=gpu:0 | lang=ch | pending=1/1
[1/1] completed: ANS_CO_585.png | tokens=13 | mean_conf=0.942905 | output=/home/E125221219/projects/refgrader/ocr_cache/csbench/CO_2/ANS_CO_585.json
summary: completed=1, skipped=0, failed=0
2026-06-27 09:56:04 | INFO     | Initialize PaddleOCR | device=gpu:0 | lang=ch | pending=1/1
[1/1] completed: ANS_CO_586.png | tokens=13 | mean_conf=0.931418 | output=/home/E125221219/projects/refgrader/ocr_cache/csbench/CO_2/ANS_CO_586.json
summary: completed=1, skipped=0, failed=0
2026-06-27 09:56:11 | INFO     | Initialize PaddleOCR | device=gpu:0 | lang=ch | pending=1/1
[1/1] completed: ANS_CO_589.png | tokens=11 | mean_conf=0.920498 | output=/home/E125221219/projects/refgrader/ocr_cache/csbench/CO_2/ANS_CO_589.json
summary: completed=1, skipped=0, failed=0
2026-06-27 09:56:18 | INFO     | Initialize PaddleOCR | device=gpu:0 | lang=ch | pending=1/1
[1/1] completed: ANS_CO_590.png | tokens=19 | mean_conf=0.871498 | output=/home/E125221219/projects/refgrader/ocr_cache/csbench/CO_2/ANS_CO_590.json
summary: completed=1, skipped=0, failed=0
2026-06-27 09:56:25 | INFO     | Initialize PaddleOCR | device=gpu:0 | lang=ch | pending=1/1
[1/1] completed: ANS_CO_592.png | tokens=54 | mean_conf=0.951036 | output=/home/E125221219/projects/refgrader/ocr_cache/csbench/CO_2/ANS_CO_592.json
summary: completed=1, skipped=0, failed=0
2026-06-27 09:56:32 | INFO     | Initialize PaddleOCR | device=gpu:0 | lang=ch | pending=1/1
[1/1] completed: ANS_CO_594.png | tokens=29 | mean_conf=0.872904 | output=/home/E125221219/projects/refgrader/ocr_cache/csbench/CO_2/ANS_CO_594.json
summary: completed=1, skipped=0, failed=0
2026-06-27 09:56:39 | INFO     | Initialize PaddleOCR | device=gpu:0 | lang=ch | pending=1/1
[1/1] completed: ANS_CO_595.png | tokens=24 | mean_conf=0.948371 | output=/home/E125221219/projects/refgrader/ocr_cache/csbench/CO_2/ANS_CO_595.json
summary: completed=1, skipped=0, failed=0
2026-06-27 09:56:46 | INFO     | Initialize PaddleOCR | device=gpu:0 | lang=ch | pending=1/1
[1/1] completed: ANS_CO_596.png | tokens=32 | mean_conf=0.92296 | output=/home/E125221219/projects/refgrader/ocr_cache/csbench/CO_2/ANS_CO_596.json
summary: completed=1, skipped=0, failed=0
2026-06-27 09:56:53 | INFO     | Initialize PaddleOCR | device=gpu:0 | lang=ch | pending=1/1
[1/1] completed: ANS_CO_598.png | tokens=12 | mean_conf=0.915143 | output=/home/E125221219/projects/refgrader/ocr_cache/csbench/CO_2/ANS_CO_598.json
summary: completed=1, skipped=0, failed=0
2026-06-27 09:57:00 | INFO     | Initialize PaddleOCR | device=gpu:0 | lang=ch | pending=1/1
[1/1] completed: ANS_CO_599.png | tokens=19 | mean_conf=0.987475 | output=/home/E125221219/projects/refgrader/ocr_cache/csbench/CO_2/ANS_CO_599.json
summary: completed=1, skipped=0, failed=0
2026-06-27 09:57:07 | INFO     | Initialize PaddleOCR | device=gpu:0 | lang=ch | pending=1/1
[1/1] completed: ANS_CO_601.png | tokens=9 | mean_conf=0.783556 | output=/home/E125221219/projects/refgrader/ocr_cache/csbench/CO_2/ANS_CO_601.json
summary: completed=1, skipped=0, failed=0
2026-06-27 09:57:14 | INFO     | Initialize PaddleOCR | device=gpu:0 | lang=ch | pending=1/1
[1/1] completed: ANS_CO_602.png | tokens=25 | mean_conf=0.949237 | output=/home/E125221219/projects/refgrader/ocr_cache/csbench/CO_2/ANS_CO_602.json
summary: completed=1, skipped=0, failed=0
2026-06-27 09:57:22 | INFO     | Initialize PaddleOCR | device=gpu:0 | lang=ch | pending=1/1
[1/1] completed: ANS_CO_603.png | tokens=26 | mean_conf=0.953702 | output=/home/E125221219/projects/refgrader/ocr_cache/csbench/CO_2/ANS_CO_603.json
summary: completed=1, skipped=0, failed=0
2026-06-27 09:57:28 | INFO     | Initialize PaddleOCR | device=gpu:0 | lang=ch | pending=1/1
[1/1] completed: ANS_CO_605.png | tokens=15 | mean_conf=0.950454 | output=/home/E125221219/projects/refgrader/ocr_cache/csbench/CO_2/ANS_CO_605.json
summary: completed=1, skipped=0, failed=0
2026-06-27 09:57:36 | INFO     | Initialize PaddleOCR | device=gpu:0 | lang=ch | pending=1/1
[1/1] completed: ANS_CO_607.png | tokens=25 | mean_conf=0.968824 | output=/home/E125221219/projects/refgrader/ocr_cache/csbench/CO_2/ANS_CO_607.json
summary: completed=1, skipped=0, failed=0
2026-06-27 09:57:43 | INFO     | Initialize PaddleOCR | device=gpu:0 | lang=ch | pending=1/1
[1/1] completed: ANS_CO_609.png | tokens=11 | mean_conf=0.942588 | output=/home/E125221219/projects/refgrader/ocr_cache/csbench/CO_2/ANS_CO_609.json
summary: completed=1, skipped=0, failed=0
2026-06-27 09:57:50 | INFO     | Initialize PaddleOCR | device=gpu:0 | lang=ch | pending=1/1
[1/1] completed: ANS_CO_610.png | tokens=19 | mean_conf=0.945574 | output=/home/E125221219/projects/refgrader/ocr_cache/csbench/CO_2/ANS_CO_610.json
summary: completed=1, skipped=0, failed=0
2026-06-27 09:57:57 | INFO     | Initialize PaddleOCR | device=gpu:0 | lang=ch | pending=1/1
[1/1] completed: ANS_CO_612.png | tokens=20 | mean_conf=0.938444 | output=/home/E125221219/projects/refgrader/ocr_cache/csbench/CO_2/ANS_CO_612.json
summary: completed=1, skipped=0, failed=0
2026-06-27 09:58:04 | INFO     | Initialize PaddleOCR | device=gpu:0 | lang=ch | pending=1/1
[1/1] completed: ANS_CO_614.png | tokens=13 | mean_conf=0.966446 | output=/home/E125221219/projects/refgrader/ocr_cache/csbench/CO_2/ANS_CO_614.json
summary: completed=1, skipped=0, failed=0
2026-06-27 09:58:11 | INFO     | Initialize PaddleOCR | device=gpu:0 | lang=ch | pending=1/1
[1/1] completed: ANS_CO_615.png | tokens=13 | mean_conf=0.94126 | output=/home/E125221219/projects/refgrader/ocr_cache/csbench/CO_2/ANS_CO_615.json
summary: completed=1, skipped=0, failed=0
2026-06-27 09:58:18 | INFO     | Initialize PaddleOCR | device=gpu:0 | lang=ch | pending=1/1
[1/1] completed: ANS_CO_617.png | tokens=14 | mean_conf=0.91599 | output=/home/E125221219/projects/refgrader/ocr_cache/csbench/CO_2/ANS_CO_617.json
summary: completed=1, skipped=0, failed=0
2026-06-27 09:58:24 | INFO     | Initialize PaddleOCR | device=gpu:0 | lang=ch | pending=1/1
[1/1] completed: ANS_CO_619.png | tokens=18 | mean_conf=0.856727 | output=/home/E125221219/projects/refgrader/ocr_cache/csbench/CO_2/ANS_CO_619.json
summary: completed=1, skipped=0, failed=0
2026-06-27 09:58:31 | INFO     | Initialize PaddleOCR | device=gpu:0 | lang=ch | pending=1/1
[1/1] completed: ANS_CO_621.png | tokens=17 | mean_conf=0.882673 | output=/home/E125221219/projects/refgrader/ocr_cache/csbench/CO_2/ANS_CO_621.json
summary: completed=1, skipped=0, failed=0
2026-06-27 09:58:39 | INFO     | Initialize PaddleOCR | device=gpu:0 | lang=ch | pending=1/1
[1/1] completed: ANS_CO_623.png | tokens=10 | mean_conf=0.886519 | output=/home/E125221219/projects/refgrader/ocr_cache/csbench/CO_2/ANS_CO_623.json
summary: completed=1, skipped=0, failed=0
2026-06-27 09:58:46 | INFO     | Initialize PaddleOCR | device=gpu:0 | lang=ch | pending=1/1
[1/1] completed: ANS_CO_626.png | tokens=16 | mean_conf=0.92682 | output=/home/E125221219/projects/refgrader/ocr_cache/csbench/CO_2/ANS_CO_626.json
summary: completed=1, skipped=0, failed=0
2026-06-27 09:58:53 | INFO     | Initialize PaddleOCR | device=gpu:0 | lang=ch | pending=1/1
[1/1] completed: ANS_CO_627.png | tokens=13 | mean_conf=0.89608 | output=/home/E125221219/projects/refgrader/ocr_cache/csbench/CO_2/ANS_CO_627.json
summary: completed=1, skipped=0, failed=0
2026-06-27 09:58:59 | INFO     | Initialize PaddleOCR | device=gpu:0 | lang=ch | pending=1/1
[1/1] completed: ANS_CO_628.png | tokens=13 | mean_conf=0.874852 | output=/home/E125221219/projects/refgrader/ocr_cache/csbench/CO_2/ANS_CO_628.json
summary: completed=1, skipped=0, failed=0
2026-06-27 09:59:07 | INFO     | Initialize PaddleOCR | device=gpu:0 | lang=ch | pending=1/1
[1/1] completed: ANS_CO_629.png | tokens=26 | mean_conf=0.933634 | output=/home/E125221219/projects/refgrader/ocr_cache/csbench/CO_2/ANS_CO_629.json
summary: completed=1, skipped=0, failed=0
2026-06-27 09:59:14 | INFO     | Initialize PaddleOCR | device=gpu:0 | lang=ch | pending=1/1
[1/1] completed: ANS_CO_630.png | tokens=29 | mean_conf=0.976772 | output=/home/E125221219/projects/refgrader/ocr_cache/csbench/CO_2/ANS_CO_630.json
summary: completed=1, skipped=0, failed=0
2026-06-27 09:59:21 | INFO     | Initialize PaddleOCR | device=gpu:0 | lang=ch | pending=1/1
[1/1] completed: ANS_CO_631.png | tokens=14 | mean_conf=0.921177 | output=/home/E125221219/projects/refgrader/ocr_cache/csbench/CO_2/ANS_CO_631.json
summary: completed=1, skipped=0, failed=0
2026-06-27 09:59:28 | INFO     | Initialize PaddleOCR | device=gpu:0 | lang=ch | pending=1/1
[1/1] completed: ANS_CO_633.png | tokens=28 | mean_conf=0.902839 | output=/home/E125221219/projects/refgrader/ocr_cache/csbench/CO_2/ANS_CO_633.json
summary: completed=1, skipped=0, failed=0
2026-06-27 09:59:35 | INFO     | Initialize PaddleOCR | device=gpu:0 | lang=ch | pending=1/1
[1/1] completed: ANS_CO_634.png | tokens=13 | mean_conf=0.96283 | output=/home/E125221219/projects/refgrader/ocr_cache/csbench/CO_2/ANS_CO_634.json
summary: completed=1, skipped=0, failed=0
2026-06-27 09:59:42 | INFO     | Initialize PaddleOCR | device=gpu:0 | lang=ch | pending=1/1
[1/1] completed: ANS_CO_635.png | tokens=31 | mean_conf=0.952231 | output=/home/E125221219/projects/refgrader/ocr_cache/csbench/CO_2/ANS_CO_635.json
summary: completed=1, skipped=0, failed=0
2026-06-27 09:59:49 | INFO     | Initialize PaddleOCR | device=gpu:0 | lang=ch | pending=1/1
[1/1] completed: ANS_CO_636.png | tokens=16 | mean_conf=0.940009 | output=/home/E125221219/projects/refgrader/ocr_cache/csbench/CO_2/ANS_CO_636.json
summary: completed=1, skipped=0, failed=0
2026-06-27 09:59:56 | INFO     | Initialize PaddleOCR | device=gpu:0 | lang=ch | pending=1/1
[1/1] completed: ANS_CO_637.png | tokens=28 | mean_conf=0.922662 | output=/home/E125221219/projects/refgrader/ocr_cache/csbench/CO_2/ANS_CO_637.json
summary: completed=1, skipped=0, failed=0
2026-06-27 10:00:03 | INFO     | Initialize PaddleOCR | device=gpu:0 | lang=ch | pending=1/1
[1/1] completed: ANS_CO_638.png | tokens=15 | mean_conf=0.931365 | output=/home/E125221219/projects/refgrader/ocr_cache/csbench/CO_2/ANS_CO_638.json
summary: completed=1, skipped=0, failed=0
2026-06-27 10:00:10 | INFO     | Initialize PaddleOCR | device=gpu:0 | lang=ch | pending=1/1
[1/1] completed: ANS_CO_641.png | tokens=19 | mean_conf=0.918638 | output=/home/E125221219/projects/refgrader/ocr_cache/csbench/CO_2/ANS_CO_641.json
summary: completed=1, skipped=0, failed=0
2026-06-27 10:00:17 | INFO     | Initialize PaddleOCR | device=gpu:0 | lang=ch | pending=1/1
[1/1] completed: ANS_CO_642.png | tokens=18 | mean_conf=0.885518 | output=/home/E125221219/projects/refgrader/ocr_cache/csbench/CO_2/ANS_CO_642.json
summary: completed=1, skipped=0, failed=0
2026-06-27 10:00:17 | INFO     | [force-rerun] cleaned old result files for CO_2: CO_2_grading_checkpoint.json, CO_2_graded_results.json, CO_2_rejected.json, CO_2_failed.json
2026-06-27 10:00:47 | INFO     | ⚡ 脱敏清单已预生成，84 名学生共享复用。
2026-06-27 10:00:47 | INFO     | 🏃 开始批改 84 张试卷 (⚡ 开启多线程模式)...
2026-06-27 10:00:47 | INFO     | 
🔍 [正在处理] ANS_CO_516 | 启动 3WD 流水线...
2026-06-27 10:00:47 | INFO     | 
🔍 [正在处理] ANS_CO_517 | 启动 3WD 流水线...
2026-06-27 10:00:47 | INFO     | ⏳ [主线程] 已提交 84 个任务，等待结果回收...
2026-06-27 10:04:52 | INFO     | ✅ [批改完成] ANS_CO_516 | 路由: BND | 最终分: 18.0 | 风险: P0.15/U0.00/F0.00/H0/L0 | 提取质量: 🟢high | 留白率: 0% | 低质量率: 0%
2026-06-27 10:04:52 | INFO     | 
🔍 [正在处理] ANS_CO_518 | 启动 3WD 流水线...
2026-06-27 10:04:52 | INFO     | 📢 [总进度] 1/84 份试卷已归档。
2026-06-27 10:04:54 | INFO     | ✅ [批改完成] ANS_CO_517 | 路由: BND | 最终分: 18.0 | 风险: P0.15/U0.00/F0.00/H0/L0 | 提取质量: 🟢high | 留白率: 0% | 低质量率: 0%
2026-06-27 10:04:54 | INFO     | 
🔍 [正在处理] ANS_CO_520 | 启动 3WD 流水线...
2026-06-27 10:04:54 | INFO     | 📢 [总进度] 2/84 份试卷已归档。
2026-06-27 10:07:38 | INFO     | ✅ [批改完成] ANS_CO_520 | 路由: BND | 最终分: 3.0 | 风险: P0.40/U0.00/F0.00/H0/L0 | 提取质量: 🟡low | 留白率: 50% | 低质量率: 0%
2026-06-27 10:07:38 | INFO     | 
🔍 [正在处理] ANS_CO_521 | 启动 3WD 流水线...
2026-06-27 10:07:38 | INFO     | 📢 [总进度] 3/84 份试卷已归档。
2026-06-27 10:08:56 | INFO     | ✅ [批改完成] ANS_CO_521 | 路由: BND | 最终分: 0 | 风险: P0.80/U0.00/F0.00/H0/L0 | 提取质量: 🟡low | 留白率: 100% | 低质量率: 0%
2026-06-27 10:08:56 | INFO     | 
🔍 [正在处理] ANS_CO_523 | 启动 3WD 流水线...
2026-06-27 10:08:56 | INFO     | 📢 [总进度] 4/84 份试卷已归档。
2026-06-27 10:13:03 | INFO     | ✅ [批改完成] ANS_CO_523 | 路由: BND | 最终分: 5.0 | 风险: P0.00/U0.00/F0.50/H0/L1 | 提取质量: 🟢high | 留白率: 0% | 低质量率: 0%
2026-06-27 10:13:03 | INFO     | 
🔍 [正在处理] ANS_CO_524 | 启动 3WD 流水线...
2026-06-27 10:13:03 | INFO     | 📢 [总进度] 5/84 份试卷已归档。
2026-06-27 10:15:08 | INFO     | ✅ [批改完成] ANS_CO_518 | 路由: BND | 最终分: 17.8 | 风险: P0.15/U0.05/F0.00/H0/L0 | 提取质量: 🟢high | 留白率: 0% | 低质量率: 0%
2026-06-27 10:15:08 | INFO     | 
🔍 [正在处理] ANS_CO_526 | 启动 3WD 流水线...
2026-06-27 10:15:08 | INFO     | 📢 [总进度] 6/84 份试卷已归档。
2026-06-27 10:21:25 | INFO     | ✅ [批改完成] ANS_CO_524 | 路由: BND | 最终分: 8.5 | 风险: P0.00/U0.09/F0.20/H0/L1 | 提取质量: 🟢high | 留白率: 0% | 低质量率: 0%
2026-06-27 10:21:25 | INFO     | 
🔍 [正在处理] ANS_CO_527 | 启动 3WD 流水线...
2026-06-27 10:21:25 | INFO     | 📢 [总进度] 7/84 份试卷已归档。
2026-06-27 10:26:26 | INFO     | ✅ [批改完成] ANS_CO_526 | 路由: BND | 最终分: 9.3 | 风险: P0.00/U0.06/F0.50/H0/L1 | 提取质量: 🟢high | 留白率: 0% | 低质量率: 0%
2026-06-27 10:26:26 | INFO     | 
🔍 [正在处理] ANS_CO_528 | 启动 3WD 流水线...
2026-06-27 10:26:26 | INFO     | 📢 [总进度] 8/84 份试卷已归档。
2026-06-27 10:27:05 | INFO     | ✅ [批改完成] ANS_CO_527 | 路由: BND | 最终分: 17.3 | 风险: P0.00/U0.05/F0.00/H0/L0 | 提取质量: 🟢high | 留白率: 0% | 低质量率: 0%
2026-06-27 10:27:05 | INFO     | 
🔍 [正在处理] ANS_CO_529 | 启动 3WD 流水线...
2026-06-27 10:27:05 | INFO     | 📢 [总进度] 9/84 份试卷已归档。
2026-06-27 10:28:02 | INFO     | ✅ [批改完成] ANS_CO_529 | 路由: BND | 最终分: 0 | 风险: P0.80/U0.00/F0.00/H0/L0 | 提取质量: 🟡low | 留白率: 100% | 低质量率: 0%
2026-06-27 10:28:02 | INFO     | 
🔍 [正在处理] ANS_CO_530 | 启动 3WD 流水线...
2026-06-27 10:28:02 | INFO     | 📢 [总进度] 10/84 份试卷已归档。
2026-06-27 10:29:58 | INFO     | ✅ [批改完成] ANS_CO_530 | 路由: BND | 最终分: 2.0 | 风险: P0.72/U0.00/F0.00/H0/L0 | 提取质量: 🟡low | 留白率: 90% | 低质量率: 0%
2026-06-27 10:29:58 | INFO     | 
🔍 [正在处理] ANS_CO_533 | 启动 3WD 流水线...
2026-06-27 10:29:58 | INFO     | 📢 [总进度] 11/84 份试卷已归档。
2026-06-27 10:35:15 | INFO     | ✅ [批改完成] ANS_CO_528 | 路由: BND | 最终分: 7.3 | 风险: P0.15/U0.06/F0.50/H0/L1 | 提取质量: 🟢high | 留白率: 0% | 低质量率: 0%
2026-06-27 10:35:15 | INFO     | 
🔍 [正在处理] ANS_CO_539 | 启动 3WD 流水线...
2026-06-27 10:35:15 | INFO     | 📢 [总进度] 12/84 份试卷已归档。
2026-06-27 10:42:30 | INFO     | ✅ [批改完成] ANS_CO_539 | 路由: BND | 最终分: 16.8 | 风险: P0.00/U0.07/F0.00/H0/L0 | 提取质量: 🟢high | 留白率: 0% | 低质量率: 0%
2026-06-27 10:42:30 | INFO     | 
🔍 [正在处理] ANS_CO_541 | 启动 3WD 流水线...
2026-06-27 10:42:30 | INFO     | 📢 [总进度] 13/84 份试卷已归档。
2026-06-27 10:46:35 | INFO     | ✅ [批改完成] ANS_CO_541 | 路由: POS | 最终分: 20.0 | 风险: P0.00/U0.00/F0.00/H0/L0 | 提取质量: 🟢high | 留白率: 0% | 低质量率: 0%
2026-06-27 10:46:35 | INFO     | 
🔍 [正在处理] ANS_CO_542 | 启动 3WD 流水线...
2026-06-27 10:46:35 | INFO     | 📢 [总进度] 14/84 份试卷已归档。
2026-06-27 10:50:26 | INFO     | ✅ [批改完成] ANS_CO_533 | 路由: BND | 最终分: 17.8 | 风险: P0.00/U0.13/F0.00/H0/L0 | 提取质量: 🟢high | 留白率: 0% | 低质量率: 0%
2026-06-27 10:50:26 | INFO     | 
🔍 [正在处理] ANS_CO_543 | 启动 3WD 流水线...
2026-06-27 10:50:26 | INFO     | 📢 [总进度] 15/84 份试卷已归档。
2026-06-27 10:53:14 | INFO     | ✅ [批改完成] ANS_CO_542 | 路由: BND | 最终分: 18.0 | 风险: P0.00/U0.00/F0.10/H0/L0 | 提取质量: 🟢high | 留白率: 0% | 低质量率: 0%
2026-06-27 10:53:14 | INFO     | 
🔍 [正在处理] ANS_CO_544 | 启动 3WD 流水线...
2026-06-27 10:53:14 | INFO     | 📢 [总进度] 16/84 份试卷已归档。
2026-06-27 10:58:53 | INFO     | ✅ [批改完成] ANS_CO_544 | 路由: BND | 最终分: 14.3 | 风险: P0.00/U0.06/F0.00/H0/L0 | 提取质量: 🟢high | 留白率: 0% | 低质量率: 0%
2026-06-27 10:58:53 | INFO     | 
🔍 [正在处理] ANS_CO_546 | 启动 3WD 流水线...
2026-06-27 10:58:53 | INFO     | 📢 [总进度] 17/84 份试卷已归档。
2026-06-27 11:01:28 | INFO     | ✅ [批改完成] ANS_CO_543 | 路由: BND | 最终分: 13.3 | 风险: P0.00/U0.02/F0.10/H0/L0 | 提取质量: 🟢high | 留白率: 0% | 低质量率: 0%
2026-06-27 11:01:28 | INFO     | 
🔍 [正在处理] ANS_CO_547 | 启动 3WD 流水线...
2026-06-27 11:01:28 | INFO     | 📢 [总进度] 18/84 份试卷已归档。
2026-06-27 11:06:41 | INFO     | ✅ [批改完成] ANS_CO_547 | 路由: BND | 最终分: 13.7 | 风险: P0.00/U0.05/F0.00/H0/L0 | 提取质量: 🟢high | 留白率: 0% | 低质量率: 0%
2026-06-27 11:06:41 | INFO     | 
🔍 [正在处理] ANS_CO_550 | 启动 3WD 流水线...
2026-06-27 11:06:41 | INFO     | 📢 [总进度] 19/84 份试卷已归档。
2026-06-27 11:06:44 | INFO     | ✅ [批改完成] ANS_CO_546 | 路由: BND | 最终分: 14.3 | 风险: P0.00/U0.02/F0.00/H0/L0 | 提取质量: 🟢high | 留白率: 0% | 低质量率: 0%
2026-06-27 11:06:44 | INFO     | 
🔍 [正在处理] ANS_CO_551 | 启动 3WD 流水线...
2026-06-27 11:06:44 | INFO     | 📢 [总进度] 20/84 份试卷已归档。
2026-06-27 11:11:03 | INFO     | ✅ [批改完成] ANS_CO_551 | 路由: BND | 最终分: 4.7 | 风险: P0.40/U0.02/F0.00/H0/L0 | 提取质量: 🟡low | 留白率: 50% | 低质量率: 0%
2026-06-27 11:11:03 | INFO     | 
🔍 [正在处理] ANS_CO_554 | 启动 3WD 流水线...
2026-06-27 11:11:03 | INFO     | 📢 [总进度] 21/84 份试卷已归档。
2026-06-27 11:25:14 | INFO     | ✅ [批改完成] ANS_CO_554 | 路由: BND | 最终分: 12.9 | 风险: P0.00/U0.09/F0.00/H0/L0 | 提取质量: 🟢high | 留白率: 0% | 低质量率: 0%
2026-06-27 11:25:14 | INFO     | 
🔍 [正在处理] ANS_CO_555 | 启动 3WD 流水线...
2026-06-27 11:25:14 | INFO     | 📢 [总进度] 22/84 份试卷已归档。
2026-06-27 11:33:49 | INFO     | ✅ [批改完成] ANS_CO_550 | 路由: BND | 最终分: 9.1 | 风险: P0.00/U0.09/F0.20/H0/L1 | 提取质量: 🟢high | 留白率: 0% | 低质量率: 0%
2026-06-27 11:33:49 | INFO     | 
🔍 [正在处理] ANS_CO_557 | 启动 3WD 流水线...
2026-06-27 11:33:49 | INFO     | 📢 [总进度] 23/84 份试卷已归档。
2026-06-27 11:38:07 | INFO     | ✅ [批改完成] ANS_CO_557 | 路由: BND | 最终分: 10.6 | 风险: P0.00/U0.01/F0.30/H0/L1 | 提取质量: 🟢high | 留白率: 0% | 低质量率: 0%
2026-06-27 11:38:07 | INFO     | 
🔍 [正在处理] ANS_CO_558 | 启动 3WD 流水线...
2026-06-27 11:38:07 | INFO     | 📢 [总进度] 24/84 份试卷已归档。
2026-06-27 11:40:17 | INFO     | ✅ [批改完成] ANS_CO_555 | 路由: BND | 最终分: 15.8 | 风险: P0.00/U0.06/F0.00/H0/L0 | 提取质量: 🟢high | 留白率: 0% | 低质量率: 0%
2026-06-27 11:40:17 | INFO     | 
🔍 [正在处理] ANS_CO_559 | 启动 3WD 流水线...
2026-06-27 11:40:17 | INFO     | 📢 [总进度] 25/84 份试卷已归档。
2026-06-27 11:42:06 | INFO     | ✅ [批改完成] ANS_CO_558 | 路由: BND | 最终分: 8.0 | 风险: P0.00/U0.07/F0.30/H0/L1 | 提取质量: 🟢high | 留白率: 0% | 低质量率: 0%
2026-06-27 11:42:06 | INFO     | 
🔍 [正在处理] ANS_CO_560 | 启动 3WD 流水线...
2026-06-27 11:42:06 | INFO     | 📢 [总进度] 26/84 份试卷已归档。
2026-06-27 11:46:01 | INFO     | ✅ [批改完成] ANS_CO_560 | 路由: BND | 最终分: 17.0 | 风险: P0.00/U0.07/F0.00/H0/L0 | 提取质量: 🟢high | 留白率: 0% | 低质量率: 0%
2026-06-27 11:46:01 | INFO     | 
🔍 [正在处理] ANS_CO_561 | 启动 3WD 流水线...
2026-06-27 11:46:01 | INFO     | 📢 [总进度] 27/84 份试卷已归档。
2026-06-27 11:47:59 | INFO     | ✅ [批改完成] ANS_CO_559 | 路由: BND | 最终分: 9.0 | 风险: P0.00/U0.07/F0.40/H0/L1 | 提取质量: 🟢high | 留白率: 0% | 低质量率: 0%
2026-06-27 11:47:59 | INFO     | 
🔍 [正在处理] ANS_CO_562 | 启动 3WD 流水线...
2026-06-27 11:47:59 | INFO     | 📢 [总进度] 28/84 份试卷已归档。
2026-06-27 11:48:11 | INFO     | ✅ [批改完成] ANS_CO_561 | 路由: POS | 最终分: 18.5 | 风险: P0.00/U0.02/F0.00/H0/L0 | 提取质量: 🟢high | 留白率: 0% | 低质量率: 0%
2026-06-27 11:48:11 | INFO     | 
🔍 [正在处理] ANS_CO_564 | 启动 3WD 流水线...
2026-06-27 11:48:11 | INFO     | 📢 [总进度] 29/84 份试卷已归档。
2026-06-27 11:54:15 | INFO     | ✅ [批改完成] ANS_CO_564 | 路由: BND | 最终分: 12.3 | 风险: P0.00/U0.06/F0.20/H0/L0 | 提取质量: 🟢high | 留白率: 0% | 低质量率: 0%
2026-06-27 11:54:15 | INFO     | 
🔍 [正在处理] ANS_CO_565 | 启动 3WD 流水线...
2026-06-27 11:54:15 | INFO     | 📢 [总进度] 30/84 份试卷已归档。
2026-06-27 11:58:11 | INFO     | ✅ [批改完成] ANS_CO_565 | 路由: POS | 最终分: 17.5 | 风险: P0.00/U0.02/F0.00/H0/L0 | 提取质量: 🟢high | 留白率: 0% | 低质量率: 0%
2026-06-27 11:58:11 | INFO     | 
🔍 [正在处理] ANS_CO_567 | 启动 3WD 流水线...
2026-06-27 11:58:11 | INFO     | 📢 [总进度] 31/84 份试卷已归档。
2026-06-27 12:05:00 | INFO     | ✅ [批改完成] ANS_CO_562 | 路由: BND | 最终分: 10.0 | 风险: P0.00/U0.11/F0.50/H0/L1 | 提取质量: 🟢high | 留白率: 0% | 低质量率: 0%
2026-06-27 12:05:00 | INFO     | 
🔍 [正在处理] ANS_CO_569 | 启动 3WD 流水线...
2026-06-27 12:05:00 | INFO     | 📢 [总进度] 32/84 份试卷已归档。
2026-06-27 12:07:49 | INFO     | ✅ [批改完成] ANS_CO_567 | 路由: NEG | 最终分: 16.7 | 风险: P0.00/U0.14/F0.00/H0/L0 | 提取质量: 🟢high | 留白率: 0% | 低质量率: 0%
2026-06-27 12:07:49 | INFO     | 
🔍 [正在处理] ANS_CO_570 | 启动 3WD 流水线...
2026-06-27 12:07:49 | INFO     | 📢 [总进度] 33/84 份试卷已归档 [NEG-拒绝]。
2026-06-27 12:13:18 | INFO     | ✅ [批改完成] ANS_CO_569 | 路由: BND | 最终分: 13.4 | 风险: P0.00/U0.07/F0.00/H0/L1 | 提取质量: 🟢high | 留白率: 0% | 低质量率: 0%
2026-06-27 12:13:18 | INFO     | 
🔍 [正在处理] ANS_CO_571 | 启动 3WD 流水线...
2026-06-27 12:13:18 | INFO     | 📢 [总进度] 34/84 份试卷已归档。
2026-06-27 12:14:16 | INFO     | ✅ [批改完成] ANS_CO_570 | 路由: BND | 最终分: 18.0 | 风险: P0.00/U0.00/F0.00/H0/L0 | 提取质量: 🟢high | 留白率: 0% | 低质量率: 0%
2026-06-27 12:14:16 | INFO     | 
🔍 [正在处理] ANS_CO_572 | 启动 3WD 流水线...
2026-06-27 12:14:16 | INFO     | 📢 [总进度] 35/84 份试卷已归档。
2026-06-27 12:19:41 | INFO     | ✅ [批改完成] ANS_CO_572 | 路由: BND | 最终分: 15.7 | 风险: P0.00/U0.02/F0.20/H0/L0 | 提取质量: 🟢high | 留白率: 0% | 低质量率: 0%
2026-06-27 12:19:41 | INFO     | 
🔍 [正在处理] ANS_CO_573 | 启动 3WD 流水线...
2026-06-27 12:19:41 | INFO     | 📢 [总进度] 36/84 份试卷已归档。
2026-06-27 12:28:30 | INFO     | ✅ [批改完成] ANS_CO_573 | 路由: BND | 最终分: 14.7 | 风险: P0.00/U0.06/F0.10/H0/L0 | 提取质量: 🟢high | 留白率: 0% | 低质量率: 0%
2026-06-27 12:28:30 | INFO     | 
🔍 [正在处理] ANS_CO_575 | 启动 3WD 流水线...
2026-06-27 12:28:30 | INFO     | 📢 [总进度] 37/84 份试卷已归档。
2026-06-27 12:29:41 | INFO     | ✅ [批改完成] ANS_CO_571 | 路由: BND | 最终分: 13.2 | 风险: P0.15/U0.08/F0.00/H0/L0 | 提取质量: 🟢high | 留白率: 0% | 低质量率: 0%
2026-06-27 12:29:41 | INFO     | 
🔍 [正在处理] ANS_CO_578 | 启动 3WD 流水线...
2026-06-27 12:29:41 | INFO     | 📢 [总进度] 38/84 份试卷已归档。
2026-06-27 12:38:42 | INFO     | ✅ [批改完成] ANS_CO_575 | 路由: BND | 最终分: 7.0 | 风险: P0.00/U0.04/F0.60/H0/L1 | 提取质量: 🟢high | 留白率: 0% | 低质量率: 0%
2026-06-27 12:38:42 | INFO     | 
🔍 [正在处理] ANS_CO_579 | 启动 3WD 流水线...
2026-06-27 12:38:42 | INFO     | 📢 [总进度] 39/84 份试卷已归档。
2026-06-27 13:01:02 | INFO     | ✅ [批改完成] ANS_CO_579 | 路由: BND | 最终分: 15.6 | 风险: P0.00/U0.07/F0.00/H0/L0 | 提取质量: 🟢high | 留白率: 0% | 低质量率: 0%
2026-06-27 13:01:02 | INFO     | 
🔍 [正在处理] ANS_CO_580 | 启动 3WD 流水线...
2026-06-27 13:01:02 | INFO     | 📢 [总进度] 40/84 份试卷已归档。
2026-06-27 13:05:30 | INFO     | ✅ [批改完成] ANS_CO_580 | 路由: BND | 最终分: 17.7 | 风险: P0.00/U0.02/F0.10/H0/L0 | 提取质量: 🟢high | 留白率: 0% | 低质量率: 0%
2026-06-27 13:05:30 | INFO     | 
🔍 [正在处理] ANS_CO_582 | 启动 3WD 流水线...
2026-06-27 13:05:30 | INFO     | 📢 [总进度] 41/84 份试卷已归档。
2026-06-27 13:11:12 | INFO     | ✅ [批改完成] ANS_CO_582 | 路由: BND | 最终分: 13.3 | 风险: P0.00/U0.02/F0.00/H0/L0 | 提取质量: 🟢high | 留白率: 0% | 低质量率: 0%
2026-06-27 13:11:12 | INFO     | 
🔍 [正在处理] ANS_CO_583 | 启动 3WD 流水线...
2026-06-27 13:11:12 | INFO     | 📢 [总进度] 42/84 份试卷已归档。
2026-06-27 13:16:18 | INFO     | ✅ [批改完成] ANS_CO_583 | 路由: BND | 最终分: 15.3 | 风险: P0.00/U0.02/F0.00/H0/L0 | 提取质量: 🟢high | 留白率: 0% | 低质量率: 0%
2026-06-27 13:16:18 | INFO     | 
🔍 [正在处理] ANS_CO_584 | 启动 3WD 流水线...
2026-06-27 13:16:18 | INFO     | 📢 [总进度] 43/84 份试卷已归档。
2026-06-27 13:49:03 | INFO     | ✅ [批改完成] ANS_CO_578 | 路由: BND | 最终分: 20.0 | 风险: P0.15/U0.00/F0.00/H0/L0 | 提取质量: 🟢high | 留白率: 0% | 低质量率: 0%
2026-06-27 13:49:03 | INFO     | 
🔍 [正在处理] ANS_CO_585 | 启动 3WD 流水线...
2026-06-27 13:49:03 | INFO     | 📢 [总进度] 44/84 份试卷已归档。
2026-06-27 13:55:49 | INFO     | ✅ [批改完成] ANS_CO_585 | 路由: BND | 最终分: 7.0 | 风险: P0.15/U0.00/F0.40/H0/L1 | 提取质量: 🟢high | 留白率: 0% | 低质量率: 0%
2026-06-27 13:55:49 | INFO     | 
🔍 [正在处理] ANS_CO_586 | 启动 3WD 流水线...
2026-06-27 13:55:49 | INFO     | 📢 [总进度] 45/84 份试卷已归档。
2026-06-27 14:04:20 | INFO     | ✅ [批改完成] ANS_CO_584 | 路由: BND | 最终分: 17.0 | 风险: P0.00/U0.09/F0.00/H0/L0 | 提取质量: 🟢high | 留白率: 0% | 低质量率: 0%
2026-06-27 14:04:20 | INFO     | 
🔍 [正在处理] ANS_CO_589 | 启动 3WD 流水线...
2026-06-27 14:04:20 | INFO     | 📢 [总进度] 46/84 份试卷已归档。
2026-06-27 14:09:41 | INFO     | ✅ [批改完成] ANS_CO_586 | 路由: BND | 最终分: 15.9 | 风险: P0.00/U0.05/F0.00/H0/L0 | 提取质量: 🟢high | 留白率: 0% | 低质量率: 0%
2026-06-27 14:09:41 | INFO     | 
🔍 [正在处理] ANS_CO_590 | 启动 3WD 流水线...
2026-06-27 14:09:41 | INFO     | 📢 [总进度] 47/84 份试卷已归档。
2026-06-27 14:12:26 | INFO     | ✅ [批改完成] ANS_CO_589 | 路由: BND | 最终分: 4.3 | 风险: P0.40/U0.02/F0.00/H0/L0 | 提取质量: 🟡low | 留白率: 50% | 低质量率: 0%
2026-06-27 14:12:26 | INFO     | 
🔍 [正在处理] ANS_CO_592 | 启动 3WD 流水线...
2026-06-27 14:12:26 | INFO     | 📢 [总进度] 48/84 份试卷已归档。
2026-06-27 14:14:45 | INFO     | ✅ [批改完成] ANS_CO_590 | 路由: BND | 最终分: 20.0 | 风险: P0.15/U0.00/F0.00/H0/L0 | 提取质量: 🟢high | 留白率: 0% | 低质量率: 0%
2026-06-27 14:14:45 | INFO     | 
🔍 [正在处理] ANS_CO_594 | 启动 3WD 流水线...
2026-06-27 14:14:45 | INFO     | 📢 [总进度] 49/84 份试卷已归档。
2026-06-27 14:17:03 | INFO     | ✅ [批改完成] ANS_CO_592 | 路由: BND | 最终分: 20.0 | 风险: P0.15/U0.00/F0.00/H0/L0 | 提取质量: 🟢high | 留白率: 0% | 低质量率: 0%
2026-06-27 14:17:03 | INFO     | 
🔍 [正在处理] ANS_CO_595 | 启动 3WD 流水线...
2026-06-27 14:17:03 | INFO     | 📢 [总进度] 50/84 份试卷已归档。
2026-06-27 14:27:29 | INFO     | ✅ [批改完成] ANS_CO_595 | 路由: BND | 最终分: 17.7 | 风险: P0.00/U0.02/F0.10/H0/L0 | 提取质量: 🟢high | 留白率: 0% | 低质量率: 0%
2026-06-27 14:27:29 | INFO     | 
🔍 [正在处理] ANS_CO_596 | 启动 3WD 流水线...
2026-06-27 14:27:29 | INFO     | 📢 [总进度] 51/84 份试卷已归档。
2026-06-27 14:29:43 | INFO     | ✅ [批改完成] ANS_CO_594 | 路由: BND | 最终分: 18.0 | 风险: P0.00/U0.00/F0.10/H0/L0 | 提取质量: 🟢high | 留白率: 0% | 低质量率: 0%
2026-06-27 14:29:43 | INFO     | 
🔍 [正在处理] ANS_CO_598 | 启动 3WD 流水线...
2026-06-27 14:29:43 | INFO     | 📢 [总进度] 52/84 份试卷已归档。
2026-06-27 14:35:30 | INFO     | ✅ [批改完成] ANS_CO_598 | 路由: BND | 最终分: 6.6 | 风险: P0.00/U0.05/F0.40/H0/L1 | 提取质量: 🟢high | 留白率: 0% | 低质量率: 0%
2026-06-27 14:35:30 | INFO     | 
🔍 [正在处理] ANS_CO_599 | 启动 3WD 流水线...
2026-06-27 14:35:30 | INFO     | 📢 [总进度] 53/84 份试卷已归档。
2026-06-27 14:37:11 | INFO     | ✅ [批改完成] ANS_CO_596 | 路由: BND | 最终分: 8.0 | 风险: P0.00/U0.00/F0.30/H0/L1 | 提取质量: 🟢high | 留白率: 0% | 低质量率: 0%
2026-06-27 14:37:11 | INFO     | 
🔍 [正在处理] ANS_CO_601 | 启动 3WD 流水线...
2026-06-27 14:37:11 | INFO     | 📢 [总进度] 54/84 份试卷已归档。
2026-06-27 14:40:07 | INFO     | ✅ [批改完成] ANS_CO_599 | 路由: BND | 最终分: 12.4 | 风险: P0.00/U0.04/F0.20/H0/L1 | 提取质量: 🟢high | 留白率: 0% | 低质量率: 0%
2026-06-27 14:40:07 | INFO     | 
🔍 [正在处理] ANS_CO_602 | 启动 3WD 流水线...
2026-06-27 14:40:07 | INFO     | 📢 [总进度] 55/84 份试卷已归档。
2026-06-27 14:40:59 | INFO     | ✅ [批改完成] ANS_CO_601 | 路由: BND | 最终分: 2.0 | 风险: P0.47/U0.00/F0.40/H0/L0 | 提取质量: 🟡low | 留白率: 40% | 低质量率: 0%
2026-06-27 14:40:59 | INFO     | 
🔍 [正在处理] ANS_CO_603 | 启动 3WD 流水线...
2026-06-27 14:40:59 | INFO     | 📢 [总进度] 56/84 份试卷已归档。
2026-06-27 14:46:48 | INFO     | ✅ [批改完成] ANS_CO_603 | 路由: BND | 最终分: 18.3 | 风险: P0.00/U0.09/F0.00/H0/L0 | 提取质量: 🟢high | 留白率: 0% | 低质量率: 0%
2026-06-27 14:46:48 | INFO     | 
🔍 [正在处理] ANS_CO_605 | 启动 3WD 流水线...
2026-06-27 14:46:48 | INFO     | 📢 [总进度] 57/84 份试卷已归档。
2026-06-27 14:57:13 | INFO     | ✅ [批改完成] ANS_CO_602 | 路由: BND | 最终分: 15.0 | 风险: P0.00/U0.07/F0.00/H0/L0 | 提取质量: 🟢high | 留白率: 0% | 低质量率: 0%
2026-06-27 14:57:13 | INFO     | 
🔍 [正在处理] ANS_CO_607 | 启动 3WD 流水线...
2026-06-27 14:57:13 | INFO     | 📢 [总进度] 58/84 份试卷已归档。
2026-06-27 15:07:04 | INFO     | ✅ [批改完成] ANS_CO_607 | 路由: BND | 最终分: 16.3 | 风险: P0.00/U0.06/F0.00/H0/L0 | 提取质量: 🟢high | 留白率: 0% | 低质量率: 0%
2026-06-27 15:07:04 | INFO     | 
🔍 [正在处理] ANS_CO_609 | 启动 3WD 流水线...
2026-06-27 15:07:04 | INFO     | 📢 [总进度] 59/84 份试卷已归档。
2026-06-27 15:10:36 | INFO     | ✅ [批改完成] ANS_CO_605 | 路由: BND | 最终分: 12.3 | 风险: P0.00/U0.13/F0.50/H0/L0 | 提取质量: 🟢high | 留白率: 0% | 低质量率: 0%
2026-06-27 15:10:36 | INFO     | 
🔍 [正在处理] ANS_CO_610 | 启动 3WD 流水线...
2026-06-27 15:10:36 | INFO     | 📢 [总进度] 60/84 份试卷已归档。
2026-06-27 15:16:02 | INFO     | ✅ [批改完成] ANS_CO_609 | 路由: POS | 最终分: 20.0 | 风险: P0.00/U0.00/F0.00/H0/L0 | 提取质量: 🟢high | 留白率: 0% | 低质量率: 0%
2026-06-27 15:16:02 | INFO     | 
🔍 [正在处理] ANS_CO_612 | 启动 3WD 流水线...
2026-06-27 15:16:02 | INFO     | 📢 [总进度] 61/84 份试卷已归档。
2026-06-27 15:17:56 | INFO     | ✅ [批改完成] ANS_CO_610 | 路由: BND | 最终分: 13.7 | 风险: P0.15/U0.02/F0.10/H0/L0 | 提取质量: 🟢high | 留白率: 0% | 低质量率: 0%
2026-06-27 15:17:56 | INFO     | 
🔍 [正在处理] ANS_CO_613 | 启动 3WD 流水线...
2026-06-27 15:17:56 | INFO     | 📢 [总进度] 62/84 份试卷已归档。
2026-06-27 15:19:08 | INFO     | ✅ [批改完成] ANS_CO_613 | 路由: BND | 最终分: 0 | 风险: P0.80/U0.00/F0.00/H0/L0 | 提取质量: 🟡low | 留白率: 100% | 低质量率: 0%
2026-06-27 15:19:08 | INFO     | 
🔍 [正在处理] ANS_CO_614 | 启动 3WD 流水线...
2026-06-27 15:19:08 | INFO     | 📢 [总进度] 63/84 份试卷已归档。
2026-06-27 15:23:40 | INFO     | ✅ [批改完成] ANS_CO_614 | 路由: BND | 最终分: 20.0 | 风险: P0.15/U0.00/F0.00/H0/L0 | 提取质量: 🟢high | 留白率: 0% | 低质量率: 0%
2026-06-27 15:23:40 | INFO     | 
🔍 [正在处理] ANS_CO_615 | 启动 3WD 流水线...
2026-06-27 15:23:40 | INFO     | 📢 [总进度] 64/84 份试卷已归档。
2026-06-27 15:27:35 | INFO     | ✅ [批改完成] ANS_CO_615 | 路由: BND | 最终分: 14.0 | 风险: P0.00/U0.00/F0.30/H0/L0 | 提取质量: 🟢high | 留白率: 0% | 低质量率: 0%
2026-06-27 15:27:35 | INFO     | 
🔍 [正在处理] ANS_CO_617 | 启动 3WD 流水线...
2026-06-27 15:27:35 | INFO     | 📢 [总进度] 65/84 份试卷已归档。
2026-06-27 15:34:05 | INFO     | ✅ [批改完成] ANS_CO_617 | 路由: BND | 最终分: 13.0 | 风险: P0.18/U0.00/F0.00/H0/L0 | 提取质量: 🟢high | 留白率: 0% | 低质量率: 0%
2026-06-27 15:34:05 | INFO     | 
🔍 [正在处理] ANS_CO_619 | 启动 3WD 流水线...
2026-06-27 15:34:05 | INFO     | 📢 [总进度] 66/84 份试卷已归档。
2026-06-27 15:36:26 | INFO     | ✅ [批改完成] ANS_CO_612 | 路由: BND | 最终分: 17.0 | 风险: P0.15/U0.07/F0.00/H0/L0 | 提取质量: 🟢high | 留白率: 0% | 低质量率: 0%
2026-06-27 15:36:26 | INFO     | 
🔍 [正在处理] ANS_CO_621 | 启动 3WD 流水线...
2026-06-27 15:36:26 | INFO     | 📢 [总进度] 67/84 份试卷已归档。
2026-06-27 15:37:15 | INFO     | ✅ [批改完成] ANS_CO_619 | 路由: BND | 最终分: 3.0 | 风险: P0.40/U0.00/F0.00/H0/L0 | 提取质量: 🟡low | 留白率: 50% | 低质量率: 0%
2026-06-27 15:37:15 | INFO     | 
🔍 [正在处理] ANS_CO_623 | 启动 3WD 流水线...
2026-06-27 15:37:15 | INFO     | 📢 [总进度] 68/84 份试卷已归档。
2026-06-27 15:41:05 | INFO     | ✅ [批改完成] ANS_CO_621 | 路由: POS | 最终分: 18.8 | 风险: P0.00/U0.01/F0.00/H0/L0 | 提取质量: 🟢high | 留白率: 0% | 低质量率: 0%
2026-06-27 15:41:05 | INFO     | 
🔍 [正在处理] ANS_CO_626 | 启动 3WD 流水线...
2026-06-27 15:41:05 | INFO     | 📢 [总进度] 69/84 份试卷已归档。
2026-06-27 15:44:54 | INFO     | ✅ [批改完成] ANS_CO_623 | 路由: BND | 最终分: 16.0 | 风险: P0.15/U0.04/F0.10/H0/L0 | 提取质量: 🟢high | 留白率: 0% | 低质量率: 0%
2026-06-27 15:44:54 | INFO     | 
🔍 [正在处理] ANS_CO_627 | 启动 3WD 流水线...
2026-06-27 15:44:54 | INFO     | 📢 [总进度] 70/84 份试卷已归档。
2026-06-27 15:49:18 | INFO     | ✅ [批改完成] ANS_CO_627 | 路由: BND | 最终分: 6.0 | 风险: P0.40/U0.00/F0.00/H0/L0 | 提取质量: 🟡low | 留白率: 50% | 低质量率: 0%
2026-06-27 15:49:18 | INFO     | 
🔍 [正在处理] ANS_CO_628 | 启动 3WD 流水线...
2026-06-27 15:49:18 | INFO     | 📢 [总进度] 71/84 份试卷已归档。
2026-06-27 15:51:11 | INFO     | ✅ [批改完成] ANS_CO_626 | 路由: BND | 最终分: 13.7 | 风险: P0.15/U0.06/F0.00/H0/L0 | 提取质量: 🟢high | 留白率: 0% | 低质量率: 0%
2026-06-27 15:51:11 | INFO     | 
🔍 [正在处理] ANS_CO_629 | 启动 3WD 流水线...
2026-06-27 15:51:11 | INFO     | 📢 [总进度] 72/84 份试卷已归档。
2026-06-27 16:00:30 | INFO     | ✅ [批改完成] ANS_CO_628 | 路由: BND | 最终分: 19.7 | 风险: P0.15/U0.02/F0.00/H0/L0 | 提取质量: 🟢high | 留白率: 0% | 低质量率: 0%
2026-06-27 16:00:30 | INFO     | 
🔍 [正在处理] ANS_CO_630 | 启动 3WD 流水线...
2026-06-27 16:00:30 | INFO     | 📢 [总进度] 73/84 份试卷已归档。
2026-06-27 16:01:09 | INFO     | ✅ [批改完成] ANS_CO_629 | 路由: BND | 最终分: 13.6 | 风险: P0.00/U0.03/F0.00/H0/L0 | 提取质量: 🟢high | 留白率: 0% | 低质量率: 0%
2026-06-27 16:01:09 | INFO     | 
🔍 [正在处理] ANS_CO_631 | 启动 3WD 流水线...
2026-06-27 16:01:09 | INFO     | 📢 [总进度] 74/84 份试卷已归档。
2026-06-27 16:11:22 | INFO     | ✅ [批改完成] ANS_CO_631 | 路由: BND | 最终分: 15.0 | 风险: P0.00/U0.07/F0.00/H0/L0 | 提取质量: 🟢high | 留白率: 0% | 低质量率: 0%
2026-06-27 16:11:22 | INFO     | 
🔍 [正在处理] ANS_CO_633 | 启动 3WD 流水线...
2026-06-27 16:11:22 | INFO     | 📢 [总进度] 75/84 份试卷已归档。
2026-06-27 16:19:28 | INFO     | ✅ [批改完成] ANS_CO_633 | 路由: BND | 最终分: 13.3 | 风险: P0.00/U0.02/F0.10/H0/L0 | 提取质量: 🟢high | 留白率: 0% | 低质量率: 0%
2026-06-27 16:19:28 | INFO     | 
🔍 [正在处理] ANS_CO_634 | 启动 3WD 流水线...
2026-06-27 16:19:28 | INFO     | 📢 [总进度] 76/84 份试卷已归档。
2026-06-27 16:27:35 | INFO     | ✅ [批改完成] ANS_CO_634 | 路由: POS | 最终分: 19.8 | 风险: P0.00/U0.01/F0.00/H0/L0 | 提取质量: 🟢high | 留白率: 0% | 低质量率: 0%
2026-06-27 16:27:35 | INFO     | 
🔍 [正在处理] ANS_CO_635 | 启动 3WD 流水线...
2026-06-27 16:27:35 | INFO     | 📢 [总进度] 77/84 份试卷已归档。
2026-06-27 16:36:44 | INFO     | ✅ [批改完成] ANS_CO_635 | 路由: BND | 最终分: 18.3 | 风险: P0.00/U0.02/F0.10/H0/L0 | 提取质量: 🟢high | 留白率: 0% | 低质量率: 0%
2026-06-27 16:36:44 | INFO     | 
🔍 [正在处理] ANS_CO_636 | 启动 3WD 流水线...
2026-06-27 16:36:44 | INFO     | 📢 [总进度] 78/84 份试卷已归档。
2026-06-27 16:48:39 | INFO     | ✅ [批改完成] ANS_CO_636 | 路由: BND | 最终分: 14.3 | 风险: P0.15/U0.02/F0.00/H0/L0 | 提取质量: 🟢high | 留白率: 0% | 低质量率: 0%
2026-06-27 16:48:39 | INFO     | 
🔍 [正在处理] ANS_CO_637 | 启动 3WD 流水线...
2026-06-27 16:48:39 | INFO     | 📢 [总进度] 79/84 份试卷已归档。
2026-06-27 16:53:33 | INFO     | ✅ [批改完成] ANS_CO_637 | 路由: BND | 最终分: 17.0 | 风险: P0.00/U0.07/F0.00/H0/L0 | 提取质量: 🟢high | 留白率: 0% | 低质量率: 0%
2026-06-27 16:53:33 | INFO     | 
🔍 [正在处理] ANS_CO_638 | 启动 3WD 流水线...
2026-06-27 16:53:33 | INFO     | 📢 [总进度] 80/84 份试卷已归档。
2026-06-27 16:58:23 | INFO     | ✅ [批改完成] ANS_CO_630 | 路由: BND | 最终分: 14.8 | 风险: P0.00/U0.08/F0.30/H0/L0 | 提取质量: 🟢high | 留白率: 0% | 低质量率: 0%
2026-06-27 16:58:23 | INFO     | 
🔍 [正在处理] ANS_CO_641 | 启动 3WD 流水线...
2026-06-27 16:58:23 | INFO     | 📢 [总进度] 81/84 份试卷已归档。
2026-06-27 17:10:09 | INFO     | ✅ [批改完成] ANS_CO_641 | 路由: BND | 最终分: 16.7 | 风险: P0.00/U0.05/F0.20/H0/L0 | 提取质量: 🟢high | 留白率: 0% | 低质量率: 0%
2026-06-27 17:10:09 | INFO     | 
🔍 [正在处理] ANS_CO_642 | 启动 3WD 流水线...
2026-06-27 17:10:09 | INFO     | 📢 [总进度] 82/84 份试卷已归档。
2026-06-27 17:12:44 | INFO     | ✅ [批改完成] ANS_CO_638 | 路由: POS | 最终分: 19.7 | 风险: P0.00/U0.02/F0.00/H0/L0 | 提取质量: 🟢high | 留白率: 0% | 低质量率: 0%
2026-06-27 17:12:44 | INFO     | 📢 [总进度] 83/84 份试卷已归档。
2026-06-27 17:22:08 | INFO     | ✅ [批改完成] ANS_CO_642 | 路由: BND | 最终分: 12.9 | 风险: P0.15/U0.05/F0.00/H0/L1 | 提取质量: 🟢high | 留白率: 0% | 低质量率: 0%
2026-06-27 17:22:08 | INFO     | 📢 [总进度] 84/84 份试卷已归档。
2026-06-27 17:22:08 | INFO     | 🗂️ 所有线程交卷完毕，正在整理数据... (共收集 84/84 份结果)
2026-06-27 17:22:08 | INFO     | 💾 正常批改结果已保存: /home/E125221219/projects/refgrader/results_runs/csbench_co1_co2_co3_co4_co5_co6_co7_full/CO_2_graded_results.json (83 人)
2026-06-27 17:22:08 | INFO     | 🛑 拒绝域结果已单独保存: /home/E125221219/projects/refgrader/results_runs/csbench_co1_co2_co3_co4_co5_co6_co7_full/CO_2_rejected.json (1 人)
2026-06-27 17:22:08 | INFO     | [result consistency] CO_2: checkpoint=84, graded=83, rejected=1, failed=0, expected=84
2026-06-27 17:22:08 | INFO     | 
🚀 [标准模式] 开始处理: CO_3
2026-06-27 17:22:08 | INFO     | ⚡ 已加载本地标准: /home/E125221219/projects/refgrader/data/csbench/rubrics/optimized/CO/CO_3_rubric_standard.json
2026-06-27 17:22:08 | INFO     | [PaddleOCR] preparing 10/79 visual-answer cache entries...
2026-06-27 17:22:15 | INFO     | Initialize PaddleOCR | device=gpu:0 | lang=ch | pending=1/1
[1/1] completed: ANS_CO_145.jpg | tokens=36 | mean_conf=0.932814 | output=/home/E125221219/projects/refgrader/ocr_cache/csbench/CO_3/ANS_CO_145.json
summary: completed=1, skipped=0, failed=0
2026-06-27 17:22:22 | INFO     | Initialize PaddleOCR | device=gpu:0 | lang=ch | pending=1/1
[1/1] completed: ANS_CO_170.jpg | tokens=35 | mean_conf=0.950545 | output=/home/E125221219/projects/refgrader/ocr_cache/csbench/CO_3/ANS_CO_170.json
summary: completed=1, skipped=0, failed=0
2026-06-27 17:22:30 | INFO     | Initialize PaddleOCR | device=gpu:0 | lang=ch | pending=1/1
[1/1] completed: ANS_CO_171.jpg | tokens=38 | mean_conf=0.937219 | output=/home/E125221219/projects/refgrader/ocr_cache/csbench/CO_3/ANS_CO_171.json
summary: completed=1, skipped=0, failed=0
2026-06-27 17:22:37 | INFO     | Initialize PaddleOCR | device=gpu:0 | lang=ch | pending=1/1
[1/1] completed: ANS_CO_172.jpg | tokens=36 | mean_conf=0.92656 | output=/home/E125221219/projects/refgrader/ocr_cache/csbench/CO_3/ANS_CO_172.json
summary: completed=1, skipped=0, failed=0
2026-06-27 17:22:44 | INFO     | Initialize PaddleOCR | device=gpu:0 | lang=ch | pending=1/1
[1/1] completed: ANS_CO_177.jpg | tokens=60 | mean_conf=0.949457 | output=/home/E125221219/projects/refgrader/ocr_cache/csbench/CO_3/ANS_CO_177.json
summary: completed=1, skipped=0, failed=0
2026-06-27 17:22:52 | INFO     | Initialize PaddleOCR | device=gpu:0 | lang=ch | pending=1/1
[1/1] completed: ANS_CO_192.jpg | tokens=52 | mean_conf=0.912301 | output=/home/E125221219/projects/refgrader/ocr_cache/csbench/CO_3/ANS_CO_192.json
summary: completed=1, skipped=0, failed=0
2026-06-27 17:22:59 | INFO     | Initialize PaddleOCR | device=gpu:0 | lang=ch | pending=1/1
[1/1] completed: ANS_CO_204.png | tokens=29 | mean_conf=0.94443 | output=/home/E125221219/projects/refgrader/ocr_cache/csbench/CO_3/ANS_CO_204.json
summary: completed=1, skipped=0, failed=0
2026-06-27 17:23:06 | INFO     | Initialize PaddleOCR | device=gpu:0 | lang=ch | pending=1/1
[1/1] completed: ANS_CO_206.png | tokens=28 | mean_conf=0.944797 | output=/home/E125221219/projects/refgrader/ocr_cache/csbench/CO_3/ANS_CO_206.json
summary: completed=1, skipped=0, failed=0
2026-06-27 17:23:13 | INFO     | Initialize PaddleOCR | device=gpu:0 | lang=ch | pending=1/1
[1/1] completed: ANS_CO_247.png | tokens=34 | mean_conf=0.918462 | output=/home/E125221219/projects/refgrader/ocr_cache/csbench/CO_3/ANS_CO_247.json
summary: completed=1, skipped=0, failed=0
2026-06-27 17:23:20 | INFO     | Initialize PaddleOCR | device=gpu:0 | lang=ch | pending=1/1
[1/1] completed: ANS_CO_255.png | tokens=50 | mean_conf=0.953028 | output=/home/E125221219/projects/refgrader/ocr_cache/csbench/CO_3/ANS_CO_255.json
summary: completed=1, skipped=0, failed=0
2026-06-27 17:23:20 | INFO     | [force-rerun] cleaned old result files for CO_3: CO_3_grading_checkpoint.json, CO_3_graded_results.json, CO_3_failed.json
2026-06-27 17:23:46 | INFO     | ⚡ 脱敏清单已预生成，79 名学生共享复用。
2026-06-27 17:23:46 | INFO     | 🏃 开始批改 79 张试卷 (⚡ 开启多线程模式)...
2026-06-27 17:23:46 | INFO     | 
🔍 [正在处理] ANS_CO_138 | 启动 3WD 流水线...
2026-06-27 17:23:46 | INFO     | 
🔍 [正在处理] ANS_CO_139 | 启动 3WD 流水线...
2026-06-27 17:23:46 | INFO     | ⏳ [主线程] 已提交 79 个任务，等待结果回收...
2026-06-27 17:26:45 | INFO     | ✅ [批改完成] ANS_CO_138 | 路由: BND | 最终分: 2.0 | 风险: P0.40/U0.00/F0.10/H0/L0 | 提取质量: 🟡low | 留白率: 50% | 低质量率: 0%
2026-06-27 17:26:45 | INFO     | 
🔍 [正在处理] ANS_CO_141 | 启动 3WD 流水线...
2026-06-27 17:26:45 | INFO     | 📢 [总进度] 1/79 份试卷已归档。
2026-06-27 17:29:01 | INFO     | ✅ [批改完成] ANS_CO_139 | 路由: BND | 最终分: 4.3 | 风险: P0.00/U0.12/F0.40/H0/L1 | 提取质量: 🟢high | 留白率: 0% | 低质量率: 0%
2026-06-27 17:29:01 | INFO     | 
🔍 [正在处理] ANS_CO_143 | 启动 3WD 流水线...
2026-06-27 17:29:01 | INFO     | 📢 [总进度] 2/79 份试卷已归档。
2026-06-27 17:31:32 | INFO     | ✅ [批改完成] ANS_CO_143 | 路由: BND | 最终分: 0 | 风险: P0.80/U0.00/F0.00/H0/L0 | 提取质量: 🟡low | 留白率: 100% | 低质量率: 0%
2026-06-27 17:31:32 | INFO     | 
🔍 [正在处理] ANS_CO_144 | 启动 3WD 流水线...
2026-06-27 17:31:32 | INFO     | 📢 [总进度] 3/79 份试卷已归档。
2026-06-27 17:35:47 | INFO     | ✅ [批改完成] ANS_CO_141 | 路由: BND | 最终分: 5.0 | 风险: P0.00/U0.05/F0.10/H0/L1 | 提取质量: 🟢high | 留白率: 0% | 低质量率: 0%
2026-06-27 17:35:47 | INFO     | 
🔍 [正在处理] ANS_CO_145 | 启动 3WD 流水线...
2026-06-27 17:35:47 | INFO     | 📢 [总进度] 4/79 份试卷已归档。
2026-06-27 17:36:23 | INFO     | ✅ [批改完成] ANS_CO_144 | 路由: BND | 最终分: 2.0 | 风险: P0.13/U0.00/F0.30/H0/L1 | 提取质量: 🟢high | 留白率: 17% | 低质量率: 0%
2026-06-27 17:36:23 | INFO     | 
🔍 [正在处理] ANS_CO_146 | 启动 3WD 流水线...
2026-06-27 17:36:23 | INFO     | 📢 [总进度] 5/79 份试卷已归档。
2026-06-27 17:47:31 | INFO     | ✅ [批改完成] ANS_CO_145 | 路由: BND | 最终分: 5.0 | 风险: P0.00/U0.04/F0.30/H0/L1 | 提取质量: 🟢high | 留白率: 0% | 低质量率: 0%
2026-06-27 17:47:31 | INFO     | 
🔍 [正在处理] ANS_CO_148 | 启动 3WD 流水线...
2026-06-27 17:47:31 | INFO     | 📢 [总进度] 6/79 份试卷已归档。
2026-06-27 17:51:54 | INFO     | ✅ [批改完成] ANS_CO_146 | 路由: BND | 最终分: 2.3 | 风险: P0.00/U0.09/F0.40/H0/L1 | 提取质量: 🟢high | 留白率: 0% | 低质量率: 0%
2026-06-27 17:51:54 | INFO     | 
🔍 [正在处理] ANS_CO_149 | 启动 3WD 流水线...
2026-06-27 17:51:54 | INFO     | 📢 [总进度] 7/79 份试卷已归档。
2026-06-27 17:55:01 | INFO     | ✅ [批改完成] ANS_CO_149 | 路由: BND | 最终分: 6.0 | 风险: P0.00/U0.00/F0.40/H0/L1 | 提取质量: 🟢high | 留白率: 0% | 低质量率: 0%
2026-06-27 17:55:01 | INFO     | 
🔍 [正在处理] ANS_CO_150 | 启动 3WD 流水线...
2026-06-27 17:55:01 | INFO     | 📢 [总进度] 8/79 份试卷已归档。
2026-06-27 17:56:34 | INFO     | ✅ [批改完成] ANS_CO_148 | 路由: BND | 最终分: 8.0 | 风险: P0.00/U0.00/F0.20/H0/L0 | 提取质量: 🟢high | 留白率: 0% | 低质量率: 0%
2026-06-27 17:56:34 | INFO     | 
🔍 [正在处理] ANS_CO_151 | 启动 3WD 流水线...
2026-06-27 17:56:34 | INFO     | 📢 [总进度] 9/79 份试卷已归档。
2026-06-27 17:58:10 | INFO     | ✅ [批改完成] ANS_CO_150 | 路由: BND | 最终分: 8.0 | 风险: P0.00/U0.00/F0.20/H0/L0 | 提取质量: 🟢high | 留白率: 0% | 低质量率: 0%
2026-06-27 17:58:10 | INFO     | 
🔍 [正在处理] ANS_CO_155 | 启动 3WD 流水线...
2026-06-27 17:58:10 | INFO     | 📢 [总进度] 10/79 份试卷已归档。
2026-06-27 18:00:24 | INFO     | ✅ [批改完成] ANS_CO_151 | 路由: BND | 最终分: 2.0 | 风险: P0.27/U0.04/F0.40/H0/L1 | 提取质量: 🟢high | 留白率: 33% | 低质量率: 0%
2026-06-27 18:00:24 | INFO     | 
🔍 [正在处理] ANS_CO_157 | 启动 3WD 流水线...
2026-06-27 18:00:24 | INFO     | 📢 [总进度] 11/79 份试卷已归档。
2026-06-27 18:04:27 | INFO     | ✅ [批改完成] ANS_CO_155 | 路由: BND | 最终分: 7.0 | 风险: P0.00/U0.14/F0.10/H0/L0 | 提取质量: 🟢high | 留白率: 0% | 低质量率: 0%
2026-06-27 18:04:27 | INFO     | 
🔍 [正在处理] ANS_CO_162 | 启动 3WD 流水线...
2026-06-27 18:04:27 | INFO     | 📢 [总进度] 12/79 份试卷已归档。
2026-06-27 18:09:00 | INFO     | ✅ [批改完成] ANS_CO_157 | 路由: BND | 最终分: 6.0 | 风险: P0.00/U0.09/F0.30/H0/L1 | 提取质量: 🟢high | 留白率: 0% | 低质量率: 0%
2026-06-27 18:09:00 | INFO     | 
🔍 [正在处理] ANS_CO_163 | 启动 3WD 流水线...
2026-06-27 18:09:00 | INFO     | 📢 [总进度] 13/79 份试卷已归档。
2026-06-27 18:11:24 | INFO     | ✅ [批改完成] ANS_CO_162 | 路由: BND | 最终分: 2.5 | 风险: P0.00/U0.04/F0.60/H0/L1 | 提取质量: 🟢high | 留白率: 0% | 低质量率: 0%
2026-06-27 18:11:24 | INFO     | 
🔍 [正在处理] ANS_CO_164 | 启动 3WD 流水线...
2026-06-27 18:11:24 | INFO     | 📢 [总进度] 14/79 份试卷已归档。
2026-06-27 18:14:14 | INFO     | ✅ [批改完成] ANS_CO_164 | 路由: BND | 最终分: 0.2 | 风险: P0.13/U0.02/F0.70/H0/L1 | 提取质量: 🟢high | 留白率: 17% | 低质量率: 0%
2026-06-27 18:14:14 | INFO     | 
🔍 [正在处理] ANS_CO_165 | 启动 3WD 流水线...
2026-06-27 18:14:14 | INFO     | 📢 [总进度] 15/79 份试卷已归档。
2026-06-27 18:14:33 | INFO     | ✅ [批改完成] ANS_CO_163 | 路由: NEG | 最终分: 4.0 | 风险: P0.00/U0.16/F0.20/H0/L1 | 提取质量: 🟢high | 留白率: 0% | 低质量率: 0%
2026-06-27 18:14:33 | INFO     | 
🔍 [正在处理] ANS_CO_166 | 启动 3WD 流水线...
2026-06-27 18:14:33 | INFO     | 📢 [总进度] 16/79 份试卷已归档 [NEG-拒绝]。
2026-06-27 18:18:23 | INFO     | ✅ [批改完成] ANS_CO_166 | 路由: BND | 最终分: 9.0 | 风险: P0.00/U0.00/F0.00/H0/L0 | 提取质量: 🟢high | 留白率: 0% | 低质量率: 0%
2026-06-27 18:18:23 | INFO     | 
🔍 [正在处理] ANS_CO_168 | 启动 3WD 流水线...
2026-06-27 18:18:23 | INFO     | 📢 [总进度] 17/79 份试卷已归档。
2026-06-27 18:18:41 | INFO     | ✅ [批改完成] ANS_CO_165 | 路由: BND | 最终分: 6.3 | 风险: P0.00/U0.05/F0.10/H0/L0 | 提取质量: 🟢high | 留白率: 0% | 低质量率: 0%
2026-06-27 18:18:41 | INFO     | 
🔍 [正在处理] ANS_CO_169 | 启动 3WD 流水线...
2026-06-27 18:18:41 | INFO     | 📢 [总进度] 18/79 份试卷已归档。
2026-06-27 18:21:49 | INFO     | ✅ [批改完成] ANS_CO_169 | 路由: BND | 最终分: 7.7 | 风险: P0.00/U0.05/F0.20/H0/L0 | 提取质量: 🟢high | 留白率: 0% | 低质量率: 0%
2026-06-27 18:21:49 | INFO     | 
🔍 [正在处理] ANS_CO_170 | 启动 3WD 流水线...
2026-06-27 18:21:49 | INFO     | 📢 [总进度] 19/79 份试卷已归档。
2026-06-27 18:23:16 | INFO     | ✅ [批改完成] ANS_CO_168 | 路由: BND | 最终分: 10.0 | 风险: P0.00/U0.00/F0.00/H0/L0 | 提取质量: 🟢high | 留白率: 0% | 低质量率: 0%
2026-06-27 18:23:16 | INFO     | 
🔍 [正在处理] ANS_CO_171 | 启动 3WD 流水线...
2026-06-27 18:23:16 | INFO     | 📢 [总进度] 20/79 份试卷已归档。
2026-06-27 18:28:29 | INFO     | ✅ [批改完成] ANS_CO_170 | 路由: BND | 最终分: 2.8 | 风险: P0.05/U0.06/F0.40/H0/L1 | 提取质量: 🟢high | 留白率: 0% | 低质量率: 0%
2026-06-27 18:28:29 | INFO     | 
🔍 [正在处理] ANS_CO_172 | 启动 3WD 流水线...
2026-06-27 18:28:29 | INFO     | 📢 [总进度] 21/79 份试卷已归档。
2026-06-27 18:30:32 | INFO     | ✅ [批改完成] ANS_CO_171 | 路由: BND | 最终分: 7.3 | 风险: P0.00/U0.09/F0.20/H0/L0 | 提取质量: 🟢high | 留白率: 0% | 低质量率: 0%
2026-06-27 18:30:32 | INFO     | 
🔍 [正在处理] ANS_CO_177 | 启动 3WD 流水线...
2026-06-27 18:30:32 | INFO     | 📢 [总进度] 22/79 份试卷已归档。
2026-06-27 18:36:38 | INFO     | ✅ [批改完成] ANS_CO_172 | 路由: BND | 最终分: 6.0 | 风险: P0.00/U0.09/F0.20/H0/L1 | 提取质量: 🟢high | 留白率: 0% | 低质量率: 0%
2026-06-27 18:36:38 | INFO     | 
🔍 [正在处理] ANS_CO_178 | 启动 3WD 流水线...
2026-06-27 18:36:38 | INFO     | 📢 [总进度] 23/79 份试卷已归档。
2026-06-27 18:39:17 | INFO     | ✅ [批改完成] ANS_CO_178 | 路由: BND | 最终分: 10.0 | 风险: P0.00/U0.00/F0.00/H0/L0 | 提取质量: 🟢high | 留白率: 0% | 低质量率: 0%
2026-06-27 18:39:17 | INFO     | 
🔍 [正在处理] ANS_CO_180 | 启动 3WD 流水线...
2026-06-27 18:39:17 | INFO     | 📢 [总进度] 24/79 份试卷已归档。
2026-06-27 18:48:45 | INFO     | ✅ [批改完成] ANS_CO_180 | 路由: BND | 最终分: 5.2 | 风险: P0.00/U0.12/F0.30/H0/L1 | 提取质量: 🟢high | 留白率: 0% | 低质量率: 0%
2026-06-27 18:48:45 | INFO     | 
🔍 [正在处理] ANS_CO_182 | 启动 3WD 流水线...
2026-06-27 18:48:45 | INFO     | 📢 [总进度] 25/79 份试卷已归档。
2026-06-27 18:51:47 | INFO     | ✅ [批改完成] ANS_CO_177 | 路由: BND | 最终分: 4.0 | 风险: P0.00/U0.14/F0.30/H0/L1 | 提取质量: 🟢high | 留白率: 0% | 低质量率: 0%
2026-06-27 18:51:47 | INFO     | 
🔍 [正在处理] ANS_CO_184 | 启动 3WD 流水线...
2026-06-27 18:51:47 | INFO     | 📢 [总进度] 26/79 份试卷已归档。
2026-06-27 18:55:26 | INFO     | ✅ [批改完成] ANS_CO_182 | 路由: BND | 最终分: 9.7 | 风险: P0.00/U0.05/F0.00/H0/L0 | 提取质量: 🟢high | 留白率: 0% | 低质量率: 0%
2026-06-27 18:55:26 | INFO     | 
🔍 [正在处理] ANS_CO_185 | 启动 3WD 流水线...
2026-06-27 18:55:26 | INFO     | 📢 [总进度] 27/79 份试卷已归档。
2026-06-27 19:01:18 | INFO     | ✅ [批改完成] ANS_CO_184 | 路由: BND | 最终分: 0.5 | 风险: P0.27/U0.04/F0.40/H0/L1 | 提取质量: 🟢high | 留白率: 33% | 低质量率: 0%
2026-06-27 19:01:18 | INFO     | 
🔍 [正在处理] ANS_CO_188 | 启动 3WD 流水线...
2026-06-27 19:01:18 | INFO     | 📢 [总进度] 28/79 份试卷已归档。
2026-06-27 19:02:16 | INFO     | ✅ [批改完成] ANS_CO_185 | 路由: BND | 最终分: 1.7 | 风险: P0.13/U0.05/F0.40/H0/L1 | 提取质量: 🟢high | 留白率: 17% | 低质量率: 0%
2026-06-27 19:02:16 | INFO     | 
🔍 [正在处理] ANS_CO_189 | 启动 3WD 流水线...
2026-06-27 19:02:16 | INFO     | 📢 [总进度] 29/79 份试卷已归档。
2026-06-27 19:03:19 | INFO     | ✅ [批改完成] ANS_CO_188 | 路由: BND | 最终分: 0 | 风险: P0.80/U0.00/F0.00/H0/L0 | 提取质量: 🟡low | 留白率: 100% | 低质量率: 0%
2026-06-27 19:03:19 | INFO     | 
🔍 [正在处理] ANS_CO_191 | 启动 3WD 流水线...
2026-06-27 19:03:19 | INFO     | 📢 [总进度] 30/79 份试卷已归档。
2026-06-27 19:16:08 | INFO     | ✅ [批改完成] ANS_CO_191 | 路由: BND | 最终分: 7.8 | 风险: P0.00/U0.02/F0.20/H0/L0 | 提取质量: 🟢high | 留白率: 0% | 低质量率: 0%
2026-06-27 19:16:08 | INFO     | 
🔍 [正在处理] ANS_CO_192 | 启动 3WD 流水线...
2026-06-27 19:16:08 | INFO     | 📢 [总进度] 31/79 份试卷已归档。
2026-06-27 19:23:21 | INFO     | ✅ [批改完成] ANS_CO_192 | 路由: BND | 最终分: 3.5 | 风险: P0.00/U0.04/F0.40/H0/L1 | 提取质量: 🟢high | 留白率: 0% | 低质量率: 0%
2026-06-27 19:23:21 | INFO     | 
🔍 [正在处理] ANS_CO_193 | 启动 3WD 流水线...
2026-06-27 19:23:21 | INFO     | 📢 [总进度] 32/79 份试卷已归档。
2026-06-27 19:27:05 | INFO     | ✅ [批改完成] ANS_CO_193 | 路由: BND | 最终分: 2.0 | 风险: P0.00/U0.04/F0.60/H0/L1 | 提取质量: 🟢high | 留白率: 0% | 低质量率: 0%
2026-06-27 19:27:05 | INFO     | 
🔍 [正在处理] ANS_CO_194 | 启动 3WD 流水线...
2026-06-27 19:27:05 | INFO     | 📢 [总进度] 33/79 份试卷已归档。
2026-06-27 19:32:03 | INFO     | ✅ [批改完成] ANS_CO_194 | 路由: BND | 最终分: 7.3 | 风险: P0.00/U0.09/F0.20/H0/L0 | 提取质量: 🟢high | 留白率: 0% | 低质量率: 0%
2026-06-27 19:32:03 | INFO     | 
🔍 [正在处理] ANS_CO_195 | 启动 3WD 流水线...
2026-06-27 19:32:03 | INFO     | 📢 [总进度] 34/79 份试卷已归档。
2026-06-27 19:36:02 | INFO     | ✅ [批改完成] ANS_CO_195 | 路由: BND | 最终分: 7.3 | 风险: P0.00/U0.09/F0.00/H0/L0 | 提取质量: 🟢high | 留白率: 0% | 低质量率: 0%
2026-06-27 19:36:02 | INFO     | 
🔍 [正在处理] ANS_CO_196 | 启动 3WD 流水线...
2026-06-27 19:36:02 | INFO     | 📢 [总进度] 35/79 份试卷已归档。
2026-06-27 19:36:52 | INFO     | ✅ [批改完成] ANS_CO_189 | 路由: BND | 最终分: 5.7 | 风险: P0.00/U0.05/F0.40/H0/L1 | 提取质量: 🟢high | 留白率: 0% | 低质量率: 0%
2026-06-27 19:36:52 | INFO     | 
🔍 [正在处理] ANS_CO_197 | 启动 3WD 流水线...
2026-06-27 19:36:52 | INFO     | 📢 [总进度] 36/79 份试卷已归档。
2026-06-27 19:39:59 | INFO     | ✅ [批改完成] ANS_CO_197 | 路由: BND | 最终分: 4.0 | 风险: P0.53/U0.00/F0.00/H0/L0 | 提取质量: 🟡low | 留白率: 67% | 低质量率: 0%
2026-06-27 19:39:59 | INFO     | 
🔍 [正在处理] ANS_CO_199 | 启动 3WD 流水线...
2026-06-27 19:39:59 | INFO     | 📢 [总进度] 37/79 份试卷已归档。
2026-06-27 19:45:13 | INFO     | ✅ [批改完成] ANS_CO_199 | 路由: BND | 最终分: 5.0 | 风险: P0.00/U0.00/F0.30/H0/L1 | 提取质量: 🟢high | 留白率: 0% | 低质量率: 0%
2026-06-27 19:45:13 | INFO     | 
🔍 [正在处理] ANS_CO_201 | 启动 3WD 流水线...
2026-06-27 19:45:13 | INFO     | 📢 [总进度] 38/79 份试卷已归档。
2026-06-27 19:48:17 | INFO     | ✅ [批改完成] ANS_CO_196 | 路由: BND | 最终分: 3.7 | 风险: P0.00/U0.09/F0.40/H0/L1 | 提取质量: 🟢high | 留白率: 0% | 低质量率: 0%
2026-06-27 19:48:17 | INFO     | 
🔍 [正在处理] ANS_CO_203 | 启动 3WD 流水线...
2026-06-27 19:48:17 | INFO     | 📢 [总进度] 39/79 份试卷已归档。
2026-06-27 19:50:06 | INFO     | ✅ [批改完成] ANS_CO_201 | 路由: BND | 最终分: 6.0 | 风险: P0.00/U0.05/F0.20/H0/L1 | 提取质量: 🟢high | 留白率: 0% | 低质量率: 0%
2026-06-27 19:50:06 | INFO     | 
🔍 [正在处理] ANS_CO_204 | 启动 3WD 流水线...
2026-06-27 19:50:06 | INFO     | 📢 [总进度] 40/79 份试卷已归档。
2026-06-27 19:55:08 | INFO     | ✅ [批改完成] ANS_CO_203 | 路由: BND | 最终分: 3.7 | 风险: P0.05/U0.05/F0.40/H0/L1 | 提取质量: 🟢high | 留白率: 0% | 低质量率: 0%
2026-06-27 19:55:08 | INFO     | 
🔍 [正在处理] ANS_CO_205 | 启动 3WD 流水线...
2026-06-27 19:55:08 | INFO     | 📢 [总进度] 41/79 份试卷已归档。
2026-06-27 20:01:31 | INFO     | ✅ [批改完成] ANS_CO_205 | 路由: BND | 最终分: 3.7 | 风险: P0.00/U0.05/F0.40/H0/L1 | 提取质量: 🟢high | 留白率: 0% | 低质量率: 0%
2026-06-27 20:01:31 | INFO     | 
🔍 [正在处理] ANS_CO_206 | 启动 3WD 流水线...
2026-06-27 20:01:31 | INFO     | 📢 [总进度] 42/79 份试卷已归档。
2026-06-27 20:07:39 | INFO     | ✅ [批改完成] ANS_CO_204 | 路由: BND | 最终分: 8.0 | 风险: P0.00/U0.00/F0.00/H0/L0 | 提取质量: 🟢high | 留白率: 0% | 低质量率: 0%
2026-06-27 20:07:39 | INFO     | 
🔍 [正在处理] ANS_CO_207 | 启动 3WD 流水线...
2026-06-27 20:07:39 | INFO     | 📢 [总进度] 43/79 份试卷已归档。
2026-06-27 20:13:39 | INFO     | ✅ [批改完成] ANS_CO_206 | 路由: BND | 最终分: 7.4 | 风险: P0.00/U0.09/F0.10/H0/L0 | 提取质量: 🟢high | 留白率: 0% | 低质量率: 0%
2026-06-27 20:13:39 | INFO     | 
🔍 [正在处理] ANS_CO_209 | 启动 3WD 流水线...
2026-06-27 20:13:39 | INFO     | 📢 [总进度] 44/79 份试卷已归档。
2026-06-27 20:22:04 | INFO     | ✅ [批改完成] ANS_CO_207 | 路由: BND | 最终分: 7.7 | 风险: P0.00/U0.02/F0.20/H0/L0 | 提取质量: 🟢high | 留白率: 0% | 低质量率: 0%
2026-06-27 20:22:04 | INFO     | 
🔍 [正在处理] ANS_CO_210 | 启动 3WD 流水线...
2026-06-27 20:22:04 | INFO     | 📢 [总进度] 45/79 份试卷已归档。
2026-06-27 20:28:06 | INFO     | ✅ [批改完成] ANS_CO_209 | 路由: BND | 最终分: 3.7 | 风险: P0.00/U0.02/F0.50/H0/L1 | 提取质量: 🟢high | 留白率: 0% | 低质量率: 0%
2026-06-27 20:28:06 | INFO     | 
🔍 [正在处理] ANS_CO_214 | 启动 3WD 流水线...
2026-06-27 20:28:06 | INFO     | 📢 [总进度] 46/79 份试卷已归档。
2026-06-27 20:29:27 | INFO     | ✅ [批改完成] ANS_CO_210 | 路由: BND | 最终分: 4.0 | 风险: P0.00/U0.00/F0.50/H0/L1 | 提取质量: 🟢high | 留白率: 0% | 低质量率: 0%
2026-06-27 20:29:27 | INFO     | 
🔍 [正在处理] ANS_CO_216 | 启动 3WD 流水线...
2026-06-27 20:29:27 | INFO     | 📢 [总进度] 47/79 份试卷已归档。
2026-06-27 20:35:53 | INFO     | ✅ [批改完成] ANS_CO_216 | 路由: BND | 最终分: 6.7 | 风险: P0.00/U0.05/F0.10/H0/L0 | 提取质量: 🟢high | 留白率: 0% | 低质量率: 0%
2026-06-27 20:35:54 | INFO     | 
🔍 [正在处理] ANS_CO_219 | 启动 3WD 流水线...
2026-06-27 20:35:54 | INFO     | 📢 [总进度] 48/79 份试卷已归档。
2026-06-27 20:36:07 | INFO     | ✅ [批改完成] ANS_CO_214 | 路由: BND | 最终分: 2.7 | 风险: P0.00/U0.05/F0.40/H0/L1 | 提取质量: 🟢high | 留白率: 0% | 低质量率: 0%
2026-06-27 20:36:07 | INFO     | 
🔍 [正在处理] ANS_CO_220 | 启动 3WD 流水线...
2026-06-27 20:36:07 | INFO     | 📢 [总进度] 49/79 份试卷已归档。
2026-06-27 20:40:10 | INFO     | ✅ [批改完成] ANS_CO_219 | 路由: BND | 最终分: 6.0 | 风险: P0.00/U0.06/F0.30/H0/L1 | 提取质量: 🟢high | 留白率: 0% | 低质量率: 0%
2026-06-27 20:40:10 | INFO     | 
🔍 [正在处理] ANS_CO_221 | 启动 3WD 流水线...
2026-06-27 20:40:10 | INFO     | 📢 [总进度] 50/79 份试卷已归档。
2026-06-27 20:46:35 | INFO     | ✅ [批改完成] ANS_CO_220 | 路由: BND | 最终分: 3.0 | 风险: P0.05/U0.14/F0.40/H0/L1 | 提取质量: 🟢high | 留白率: 0% | 低质量率: 0%
2026-06-27 20:46:35 | INFO     | 
🔍 [正在处理] ANS_CO_222 | 启动 3WD 流水线...
2026-06-27 20:46:35 | INFO     | 📢 [总进度] 51/79 份试卷已归档。
2026-06-27 20:53:46 | INFO     | ✅ [批改完成] ANS_CO_222 | 路由: BND | 最终分: 3.7 | 风险: P0.13/U0.09/F0.20/H0/L1 | 提取质量: 🟢high | 留白率: 17% | 低质量率: 0%
2026-06-27 20:53:46 | INFO     | 
🔍 [正在处理] ANS_CO_223 | 启动 3WD 流水线...
2026-06-27 20:53:46 | INFO     | 📢 [总进度] 52/79 份试卷已归档。
2026-06-27 20:57:50 | INFO     | ✅ [批改完成] ANS_CO_223 | 路由: BND | 最终分: 4.0 | 风险: P0.00/U0.00/F0.20/H0/L1 | 提取质量: 🟢high | 留白率: 0% | 低质量率: 0%
2026-06-27 20:57:50 | INFO     | 
🔍 [正在处理] ANS_CO_224 | 启动 3WD 流水线...
2026-06-27 20:57:50 | INFO     | 📢 [总进度] 53/79 份试卷已归档。
2026-06-27 21:07:03 | INFO     | ✅ [批改完成] ANS_CO_224 | 路由: BND | 最终分: 5.0 | 风险: P0.00/U0.09/F0.20/H0/L1 | 提取质量: 🟢high | 留白率: 0% | 低质量率: 0%
2026-06-27 21:07:03 | INFO     | 
🔍 [正在处理] ANS_CO_225 | 启动 3WD 流水线...
2026-06-27 21:07:03 | INFO     | 📢 [总进度] 54/79 份试卷已归档。
2026-06-27 21:14:49 | INFO     | ✅ [批改完成] ANS_CO_225 | 路由: BND | 最终分: 2.7 | 风险: P0.13/U0.05/F0.40/H0/L1 | 提取质量: 🟢high | 留白率: 17% | 低质量率: 0%
2026-06-27 21:14:49 | INFO     | 
🔍 [正在处理] ANS_CO_226 | 启动 3WD 流水线...
2026-06-27 21:14:49 | INFO     | 📢 [总进度] 55/79 份试卷已归档。
2026-06-27 21:20:32 | INFO     | ✅ [批改完成] ANS_CO_221 | 路由: BND | 最终分: 8.0 | 风险: P0.00/U0.00/F0.20/H0/L0 | 提取质量: 🟢high | 留白率: 0% | 低质量率: 0%
2026-06-27 21:20:32 | INFO     | 
🔍 [正在处理] ANS_CO_227 | 启动 3WD 流水线...
2026-06-27 21:20:32 | INFO     | 📢 [总进度] 56/79 份试卷已归档。
2026-06-27 21:21:03 | INFO     | ✅ [批改完成] ANS_CO_226 | 路由: BND | 最终分: 6.4 | 风险: P0.00/U0.05/F0.30/H0/L1 | 提取质量: 🟢high | 留白率: 0% | 低质量率: 0%
2026-06-27 21:21:03 | INFO     | 
🔍 [正在处理] ANS_CO_228 | 启动 3WD 流水线...
2026-06-27 21:21:03 | INFO     | 📢 [总进度] 57/79 份试卷已归档。
2026-06-27 21:25:08 | INFO     | ✅ [批改完成] ANS_CO_227 | 路由: BND | 最终分: 6.5 | 风险: P0.00/U0.07/F0.20/H0/L0 | 提取质量: 🟢high | 留白率: 0% | 低质量率: 0%
2026-06-27 21:25:08 | INFO     | 
🔍 [正在处理] ANS_CO_229 | 启动 3WD 流水线...
2026-06-27 21:25:08 | INFO     | 📢 [总进度] 58/79 份试卷已归档。
2026-06-27 21:34:06 | INFO     | ✅ [批改完成] ANS_CO_229 | 路由: BND | 最终分: 1.5 | 风险: P0.53/U0.04/F0.10/H0/L0 | 提取质量: 🟡low | 留白率: 67% | 低质量率: 0%
2026-06-27 21:34:06 | INFO     | 
🔍 [正在处理] ANS_CO_231 | 启动 3WD 流水线...
2026-06-27 21:34:06 | INFO     | 📢 [总进度] 59/79 份试卷已归档。
2026-06-27 21:36:56 | INFO     | ✅ [批改完成] ANS_CO_228 | 路由: BND | 最终分: 4.8 | 风险: P0.00/U0.10/F0.40/H0/L1 | 提取质量: 🟢high | 留白率: 0% | 低质量率: 0%
2026-06-27 21:36:56 | INFO     | 
🔍 [正在处理] ANS_CO_232 | 启动 3WD 流水线...
2026-06-27 21:36:56 | INFO     | 📢 [总进度] 60/79 份试卷已归档。
2026-06-27 21:44:04 | INFO     | ✅ [批改完成] ANS_CO_231 | 路由: NEG | 最终分: 7.7 | 风险: P0.00/U0.14/F0.10/H0/L0 | 提取质量: 🟢high | 留白率: 0% | 低质量率: 0%
2026-06-27 21:44:04 | INFO     | 
🔍 [正在处理] ANS_CO_234 | 启动 3WD 流水线...
2026-06-27 21:44:04 | INFO     | 📢 [总进度] 61/79 份试卷已归档 [NEG-拒绝]。
2026-06-27 21:46:35 | INFO     | ✅ [批改完成] ANS_CO_234 | 路由: BND | 最终分: 0.3 | 风险: P0.00/U0.05/F1.00/H0/L1 | 提取质量: 🟢high | 留白率: 0% | 低质量率: 0%
2026-06-27 21:46:35 | INFO     | 
🔍 [正在处理] ANS_CO_235 | 启动 3WD 流水线...
2026-06-27 21:46:35 | INFO     | 📢 [总进度] 62/79 份试卷已归档。
2026-06-27 21:51:28 | INFO     | ✅ [批改完成] ANS_CO_235 | 路由: BND | 最终分: 6.3 | 风险: P0.00/U0.06/F0.20/H0/L0 | 提取质量: 🟢high | 留白率: 0% | 低质量率: 0%
2026-06-27 21:51:28 | INFO     | 
🔍 [正在处理] ANS_CO_236 | 启动 3WD 流水线...
2026-06-27 21:51:28 | INFO     | 📢 [总进度] 63/79 份试卷已归档。
2026-06-27 21:53:14 | INFO     | ✅ [批改完成] ANS_CO_236 | 路由: BND | 最终分: 4.0 | 风险: P0.00/U0.00/F0.50/H0/L1 | 提取质量: 🟢high | 留白率: 0% | 低质量率: 0%
2026-06-27 21:53:14 | INFO     | 
🔍 [正在处理] ANS_CO_238 | 启动 3WD 流水线...
2026-06-27 21:53:14 | INFO     | 📢 [总进度] 64/79 份试卷已归档。
2026-06-27 21:59:51 | INFO     | ✅ [批改完成] ANS_CO_238 | 路由: BND | 最终分: 4.2 | 风险: P0.00/U0.12/F0.30/H0/L1 | 提取质量: 🟢high | 留白率: 0% | 低质量率: 0%
2026-06-27 21:59:51 | INFO     | 
🔍 [正在处理] ANS_CO_239 | 启动 3WD 流水线...
2026-06-27 21:59:51 | INFO     | 📢 [总进度] 65/79 份试卷已归档。
2026-06-27 22:06:31 | INFO     | ✅ [批改完成] ANS_CO_239 | 路由: BND | 最终分: 6.0 | 风险: P0.00/U0.09/F0.20/H0/L1 | 提取质量: 🟢high | 留白率: 0% | 低质量率: 0%
2026-06-27 22:06:31 | INFO     | 
🔍 [正在处理] ANS_CO_240 | 启动 3WD 流水线...
2026-06-27 22:06:31 | INFO     | 📢 [总进度] 66/79 份试卷已归档。
2026-06-27 22:15:22 | INFO     | ✅ [批改完成] ANS_CO_240 | 路由: BND | 最终分: 3.0 | 风险: P0.00/U0.08/F0.60/H0/L1 | 提取质量: 🟢high | 留白率: 0% | 低质量率: 0%
2026-06-27 22:15:22 | INFO     | 
🔍 [正在处理] ANS_CO_242 | 启动 3WD 流水线...
2026-06-27 22:15:22 | INFO     | 📢 [总进度] 67/79 份试卷已归档。
2026-06-27 22:23:34 | INFO     | ✅ [批改完成] ANS_CO_232 | 路由: BND | 最终分: 7.3 | 风险: P0.00/U0.05/F0.20/H0/L0 | 提取质量: 🟢high | 留白率: 0% | 低质量率: 0%
2026-06-27 22:23:34 | INFO     | 
🔍 [正在处理] ANS_CO_243 | 启动 3WD 流水线...
2026-06-27 22:23:34 | INFO     | 📢 [总进度] 68/79 份试卷已归档。
2026-06-27 22:25:01 | INFO     | ✅ [批改完成] ANS_CO_242 | 路由: BND | 最终分: 7.7 | 风险: P0.00/U0.04/F0.10/H0/L0 | 提取质量: 🟢high | 留白率: 0% | 低质量率: 0%
2026-06-27 22:25:01 | INFO     | 
🔍 [正在处理] ANS_CO_245 | 启动 3WD 流水线...
2026-06-27 22:25:01 | INFO     | 📢 [总进度] 69/79 份试卷已归档。
2026-06-27 22:27:14 | INFO     | ✅ [批改完成] ANS_CO_243 | 路由: BND | 最终分: 3.3 | 风险: P0.00/U0.05/F0.60/H0/L1 | 提取质量: 🟢high | 留白率: 0% | 低质量率: 0%
2026-06-27 22:27:14 | INFO     | 
🔍 [正在处理] ANS_CO_246 | 启动 3WD 流水线...
2026-06-27 22:27:14 | INFO     | 📢 [总进度] 70/79 份试卷已归档。
2026-06-27 22:30:35 | INFO     | ✅ [批改完成] ANS_CO_246 | 路由: BND | 最终分: 4.0 | 风险: P0.13/U0.00/F0.30/H0/L1 | 提取质量: 🟢high | 留白率: 17% | 低质量率: 0%
2026-06-27 22:30:35 | INFO     | 
🔍 [正在处理] ANS_CO_247 | 启动 3WD 流水线...
2026-06-27 22:30:35 | INFO     | 📢 [总进度] 71/79 份试卷已归档。
2026-06-27 22:35:53 | INFO     | ✅ [批改完成] ANS_CO_245 | 路由: BND | 最终分: 4.0 | 风险: P0.00/U0.00/F0.40/H0/L1 | 提取质量: 🟢high | 留白率: 0% | 低质量率: 0%
2026-06-27 22:35:53 | INFO     | 
🔍 [正在处理] ANS_CO_248 | 启动 3WD 流水线...
2026-06-27 22:35:53 | INFO     | 📢 [总进度] 72/79 份试卷已归档。
2026-06-27 22:39:24 | INFO     | ✅ [批改完成] ANS_CO_247 | 路由: BND | 最终分: 4.0 | 风险: P0.00/U0.00/F0.40/H0/L1 | 提取质量: 🟢high | 留白率: 0% | 低质量率: 0%
2026-06-27 22:39:24 | INFO     | 
🔍 [正在处理] ANS_CO_249 | 启动 3WD 流水线...
2026-06-27 22:39:24 | INFO     | 📢 [总进度] 73/79 份试卷已归档。
2026-06-27 22:42:48 | INFO     | ✅ [批改完成] ANS_CO_248 | 路由: BND | 最终分: 1.7 | 风险: P0.00/U0.05/F0.60/H0/L1 | 提取质量: 🟢high | 留白率: 0% | 低质量率: 0%
2026-06-27 22:42:48 | INFO     | 
🔍 [正在处理] ANS_CO_251 | 启动 3WD 流水线...
2026-06-27 22:42:48 | INFO     | 📢 [总进度] 74/79 份试卷已归档。
2026-06-27 22:53:36 | INFO     | ✅ [批改完成] ANS_CO_249 | 路由: BND | 最终分: 6.0 | 风险: P0.00/U0.05/F0.20/H0/L1 | 提取质量: 🟢high | 留白率: 0% | 低质量率: 0%
2026-06-27 22:53:36 | INFO     | 
🔍 [正在处理] ANS_CO_252 | 启动 3WD 流水线...
2026-06-27 22:53:36 | INFO     | 📢 [总进度] 75/79 份试卷已归档。
2026-06-27 22:58:23 | INFO     | ✅ [批改完成] ANS_CO_252 | 路由: BND | 最终分: 8.0 | 风险: P0.00/U0.00/F0.20/H0/L0 | 提取质量: 🟢high | 留白率: 0% | 低质量率: 0%
2026-06-27 22:58:23 | INFO     | 
🔍 [正在处理] ANS_CO_254 | 启动 3WD 流水线...
2026-06-27 22:58:23 | INFO     | 📢 [总进度] 76/79 份试卷已归档。
2026-06-27 22:59:43 | INFO     | ✅ [批改完成] ANS_CO_251 | 路由: BND | 最终分: 6.0 | 风险: P0.00/U0.09/F0.20/H0/L1 | 提取质量: 🟢high | 留白率: 0% | 低质量率: 0%
2026-06-27 22:59:43 | INFO     | 
🔍 [正在处理] ANS_CO_255 | 启动 3WD 流水线...
2026-06-27 22:59:43 | INFO     | 📢 [总进度] 77/79 份试卷已归档。
2026-06-27 23:11:47 | INFO     | ✅ [批改完成] ANS_CO_254 | 路由: BND | 最终分: 6.8 | 风险: P0.00/U0.09/F0.20/H0/L0 | 提取质量: 🟢high | 留白率: 0% | 低质量率: 0%
2026-06-27 23:11:47 | INFO     | 📢 [总进度] 78/79 份试卷已归档。
2026-06-27 23:12:18 | INFO     | ✅ [批改完成] ANS_CO_255 | 路由: BND | 最终分: 4.9 | 风险: P0.00/U0.04/F0.20/H0/L1 | 提取质量: 🟢high | 留白率: 0% | 低质量率: 0%
2026-06-27 23:12:18 | INFO     | 📢 [总进度] 79/79 份试卷已归档。
2026-06-27 23:12:18 | INFO     | 🗂️ 所有线程交卷完毕，正在整理数据... (共收集 79/79 份结果)
2026-06-27 23:12:18 | INFO     | 💾 正常批改结果已保存: /home/E125221219/projects/refgrader/results_runs/csbench_co1_co2_co3_co4_co5_co6_co7_full/CO_3_graded_results.json (77 人)
2026-06-27 23:12:18 | INFO     | 🛑 拒绝域结果已单独保存: /home/E125221219/projects/refgrader/results_runs/csbench_co1_co2_co3_co4_co5_co6_co7_full/CO_3_rejected.json (2 人)
2026-06-27 23:12:18 | INFO     | [result consistency] CO_3: checkpoint=79, graded=77, rejected=2, failed=0, expected=79
2026-06-27 23:12:18 | INFO     | 
🚀 [标准模式] 开始处理: CO_4
2026-06-27 23:12:18 | INFO     | ⚡ 已加载本地标准: /home/E125221219/projects/refgrader/data/csbench/rubrics/optimized/CO/CO_4_rubric_standard.json
2026-06-27 23:12:18 | INFO     | [PaddleOCR] preparing 21/68 visual-answer cache entries...
2026-06-27 23:12:25 | INFO     | Initialize PaddleOCR | device=gpu:0 | lang=ch | pending=1/1
[1/1] completed: ANS_CO_656.jpg | tokens=29 | mean_conf=0.828455 | output=/home/E125221219/projects/refgrader/ocr_cache/csbench/CO_4/ANS_CO_656.json
summary: completed=1, skipped=0, failed=0
2026-06-27 23:12:33 | INFO     | Initialize PaddleOCR | device=gpu:0 | lang=ch | pending=1/1
[1/1] completed: ANS_CO_659.jpg | tokens=36 | mean_conf=0.895498 | output=/home/E125221219/projects/refgrader/ocr_cache/csbench/CO_4/ANS_CO_659.json
summary: completed=1, skipped=0, failed=0
2026-06-27 23:12:40 | INFO     | Initialize PaddleOCR | device=gpu:0 | lang=ch | pending=1/1
[1/1] completed: ANS_CO_668.jpg | tokens=22 | mean_conf=0.929482 | output=/home/E125221219/projects/refgrader/ocr_cache/csbench/CO_4/ANS_CO_668.json
summary: completed=1, skipped=0, failed=0
2026-06-27 23:12:47 | INFO     | Initialize PaddleOCR | device=gpu:0 | lang=ch | pending=1/1
[1/1] completed: ANS_CO_670.jpg | tokens=46 | mean_conf=0.925242 | output=/home/E125221219/projects/refgrader/ocr_cache/csbench/CO_4/ANS_CO_670.json
summary: completed=1, skipped=0, failed=0
2026-06-27 23:12:54 | INFO     | Initialize PaddleOCR | device=gpu:0 | lang=ch | pending=1/1
[1/1] completed: ANS_CO_675.jpg | tokens=51 | mean_conf=0.897389 | output=/home/E125221219/projects/refgrader/ocr_cache/csbench/CO_4/ANS_CO_675.json
summary: completed=1, skipped=0, failed=0
2026-06-27 23:13:01 | INFO     | Initialize PaddleOCR | device=gpu:0 | lang=ch | pending=1/1
[1/1] completed: ANS_CO_678.jpg | tokens=28 | mean_conf=0.928956 | output=/home/E125221219/projects/refgrader/ocr_cache/csbench/CO_4/ANS_CO_678.json
summary: completed=1, skipped=0, failed=0
2026-06-27 23:13:09 | INFO     | Initialize PaddleOCR | device=gpu:0 | lang=ch | pending=1/1
[1/1] completed: ANS_CO_681.jpg | tokens=24 | mean_conf=0.864492 | output=/home/E125221219/projects/refgrader/ocr_cache/csbench/CO_4/ANS_CO_681.json
summary: completed=1, skipped=0, failed=0
2026-06-27 23:13:15 | INFO     | Initialize PaddleOCR | device=gpu:0 | lang=ch | pending=1/1
[1/1] completed: ANS_CO_683.jpg | tokens=27 | mean_conf=0.875438 | output=/home/E125221219/projects/refgrader/ocr_cache/csbench/CO_4/ANS_CO_683.json
summary: completed=1, skipped=0, failed=0
2026-06-27 23:13:22 | INFO     | Initialize PaddleOCR | device=gpu:0 | lang=ch | pending=1/1
[1/1] completed: ANS_CO_689.jpg | tokens=24 | mean_conf=0.929796 | output=/home/E125221219/projects/refgrader/ocr_cache/csbench/CO_4/ANS_CO_689.json
summary: completed=1, skipped=0, failed=0
2026-06-27 23:13:30 | INFO     | Initialize PaddleOCR | device=gpu:0 | lang=ch | pending=1/1
[1/1] completed: ANS_CO_692.jpg | tokens=29 | mean_conf=0.948301 | output=/home/E125221219/projects/refgrader/ocr_cache/csbench/CO_4/ANS_CO_692.json
summary: completed=1, skipped=0, failed=0
2026-06-27 23:13:37 | INFO     | Initialize PaddleOCR | device=gpu:0 | lang=ch | pending=1/1
[1/1] completed: ANS_CO_703.png | tokens=22 | mean_conf=0.951744 | output=/home/E125221219/projects/refgrader/ocr_cache/csbench/CO_4/ANS_CO_703.json
summary: completed=1, skipped=0, failed=0
2026-06-27 23:13:44 | INFO     | Initialize PaddleOCR | device=gpu:0 | lang=ch | pending=1/1
[1/1] completed: ANS_CO_709.png | tokens=27 | mean_conf=0.802032 | output=/home/E125221219/projects/refgrader/ocr_cache/csbench/CO_4/ANS_CO_709.json
summary: completed=1, skipped=0, failed=0
2026-06-27 23:13:51 | INFO     | Initialize PaddleOCR | device=gpu:0 | lang=ch | pending=1/1
[1/1] completed: ANS_CO_715.png | tokens=31 | mean_conf=0.886051 | output=/home/E125221219/projects/refgrader/ocr_cache/csbench/CO_4/ANS_CO_715.json
summary: completed=1, skipped=0, failed=0
2026-06-27 23:13:58 | INFO     | Initialize PaddleOCR | device=gpu:0 | lang=ch | pending=1/1
[1/1] completed: ANS_CO_720.png | tokens=23 | mean_conf=0.932346 | output=/home/E125221219/projects/refgrader/ocr_cache/csbench/CO_4/ANS_CO_720.json
summary: completed=1, skipped=0, failed=0
2026-06-27 23:14:05 | INFO     | Initialize PaddleOCR | device=gpu:0 | lang=ch | pending=1/1
[1/1] completed: ANS_CO_725.png | tokens=18 | mean_conf=0.880587 | output=/home/E125221219/projects/refgrader/ocr_cache/csbench/CO_4/ANS_CO_725.json
summary: completed=1, skipped=0, failed=0
2026-06-27 23:14:13 | INFO     | Initialize PaddleOCR | device=gpu:0 | lang=ch | pending=1/1
[1/1] completed: ANS_CO_730.png | tokens=32 | mean_conf=0.895109 | output=/home/E125221219/projects/refgrader/ocr_cache/csbench/CO_4/ANS_CO_730.json
summary: completed=1, skipped=0, failed=0
2026-06-27 23:14:20 | INFO     | Initialize PaddleOCR | device=gpu:0 | lang=ch | pending=1/1
[1/1] completed: ANS_CO_738.png | tokens=17 | mean_conf=0.92695 | output=/home/E125221219/projects/refgrader/ocr_cache/csbench/CO_4/ANS_CO_738.json
summary: completed=1, skipped=0, failed=0
2026-06-27 23:14:27 | INFO     | Initialize PaddleOCR | device=gpu:0 | lang=ch | pending=1/1
[1/1] completed: ANS_CO_741.png | tokens=18 | mean_conf=0.860985 | output=/home/E125221219/projects/refgrader/ocr_cache/csbench/CO_4/ANS_CO_741.json
summary: completed=1, skipped=0, failed=0
2026-06-27 23:14:34 | INFO     | Initialize PaddleOCR | device=gpu:0 | lang=ch | pending=1/1
[1/1] completed: ANS_CO_752.png | tokens=25 | mean_conf=0.92277 | output=/home/E125221219/projects/refgrader/ocr_cache/csbench/CO_4/ANS_CO_752.json
summary: completed=1, skipped=0, failed=0
2026-06-27 23:14:41 | INFO     | Initialize PaddleOCR | device=gpu:0 | lang=ch | pending=1/1
[1/1] completed: ANS_CO_754.png | tokens=36 | mean_conf=0.918054 | output=/home/E125221219/projects/refgrader/ocr_cache/csbench/CO_4/ANS_CO_754.json
summary: completed=1, skipped=0, failed=0
2026-06-27 23:14:48 | INFO     | Initialize PaddleOCR | device=gpu:0 | lang=ch | pending=1/1
[1/1] completed: ANS_CO_759.png | tokens=18 | mean_conf=0.961108 | output=/home/E125221219/projects/refgrader/ocr_cache/csbench/CO_4/ANS_CO_759.json
summary: completed=1, skipped=0, failed=0
2026-06-27 23:14:48 | INFO     | [force-rerun] cleaned old result files for CO_4: CO_4_grading_checkpoint.json, CO_4_graded_results.json
2026-06-27 23:15:16 | INFO     | ⚡ 脱敏清单已预生成，68 名学生共享复用。
2026-06-27 23:15:16 | INFO     | 🏃 开始批改 68 张试卷 (⚡ 开启多线程模式)...
2026-06-27 23:15:16 | INFO     | 
🔍 [正在处理] ANS_CO_645 | 启动 3WD 流水线...
2026-06-27 23:15:16 | INFO     | 
🔍 [正在处理] ANS_CO_646 | 启动 3WD 流水线...
2026-06-27 23:15:16 | INFO     | ⏳ [主线程] 已提交 68 个任务，等待结果回收...
2026-06-27 23:21:46 | INFO     | ✅ [批改完成] ANS_CO_646 | 路由: BND | 最终分: 2.8 | 风险: P0.36/U0.03/F0.45/H0/L0 | 提取质量: 🟢high | 留白率: 44% | 低质量率: 0%
2026-06-27 23:21:46 | INFO     | 
🔍 [正在处理] ANS_CO_651 | 启动 3WD 流水线...
2026-06-27 23:21:46 | INFO     | 📢 [总进度] 1/68 份试卷已归档。
2026-06-27 23:23:30 | INFO     | ✅ [批改完成] ANS_CO_651 | 路由: POS | 最终分: 20.0 | 风险: P0.00/U0.00/F0.00/H0/L0 | 提取质量: 🟢high | 留白率: 0% | 低质量率: 0%
2026-06-27 23:23:30 | INFO     | 
🔍 [正在处理] ANS_CO_652 | 启动 3WD 流水线...
2026-06-27 23:23:30 | INFO     | 📢 [总进度] 2/68 份试卷已归档。
2026-06-27 23:35:25 | INFO     | ✅ [批改完成] ANS_CO_645 | 路由: BND | 最终分: 6.0 | 风险: P0.27/U0.04/F0.00/H0/L1 | 提取质量: 🟢high | 留白率: 33% | 低质量率: 0%
2026-06-27 23:35:25 | INFO     | 
🔍 [正在处理] ANS_CO_653 | 启动 3WD 流水线...
2026-06-27 23:35:25 | INFO     | 📢 [总进度] 3/68 份试卷已归档。
2026-06-27 23:36:25 | INFO     | ✅ [批改完成] ANS_CO_652 | 路由: BND | 最终分: 15.0 | 风险: P0.00/U0.00/F0.00/H0/L0 | 提取质量: 🟢high | 留白率: 0% | 低质量率: 0%
2026-06-27 23:36:25 | INFO     | 
🔍 [正在处理] ANS_CO_656 | 启动 3WD 流水线...
2026-06-27 23:36:25 | INFO     | 📢 [总进度] 4/68 份试卷已归档。
2026-06-27 23:38:19 | INFO     | ✅ [批改完成] ANS_CO_653 | 路由: BND | 最终分: 11.0 | 风险: P0.27/U0.00/F0.00/H0/L1 | 提取质量: 🟢high | 留白率: 33% | 低质量率: 0%
2026-06-27 23:38:19 | INFO     | 
🔍 [正在处理] ANS_CO_659 | 启动 3WD 流水线...
2026-06-27 23:38:19 | INFO     | 📢 [总进度] 5/68 份试卷已归档。
2026-06-27 23:45:40 | INFO     | ✅ [批改完成] ANS_CO_659 | 路由: BND | 最终分: 18.5 | 风险: P0.03/U0.06/F0.00/H0/L0 | 提取质量: 🟢high | 留白率: 0% | 低质量率: 0%
2026-06-27 23:45:40 | INFO     | 
🔍 [正在处理] ANS_CO_660 | 启动 3WD 流水线...
2026-06-27 23:45:40 | INFO     | 📢 [总进度] 6/68 份试卷已归档。
2026-06-27 23:55:25 | INFO     | ✅ [批改完成] ANS_CO_660 | 路由: BND | 最终分: 16.6 | 风险: P0.00/U0.02/F0.10/H0/L0 | 提取质量: 🟢high | 留白率: 0% | 低质量率: 0%
2026-06-27 23:55:25 | INFO     | 
🔍 [正在处理] ANS_CO_661 | 启动 3WD 流水线...
2026-06-27 23:55:25 | INFO     | 📢 [总进度] 7/68 份试卷已归档。
2026-06-28 00:00:39 | INFO     | ✅ [批改完成] ANS_CO_661 | 路由: POS | 最终分: 19.0 | 风险: P0.00/U0.00/F0.05/H0/L0 | 提取质量: 🟢high | 留白率: 0% | 低质量率: 0%
2026-06-28 00:00:39 | INFO     | 
🔍 [正在处理] ANS_CO_662 | 启动 3WD 流水线...
2026-06-28 00:00:39 | INFO     | 📢 [总进度] 8/68 份试卷已归档。
2026-06-28 00:12:48 | INFO     | ✅ [批改完成] ANS_CO_662 | 路由: POS | 最终分: 18.0 | 风险: P0.09/U0.00/F0.00/H0/L0 | 提取质量: 🟢high | 留白率: 11% | 低质量率: 0%
2026-06-28 00:12:48 | INFO     | 
🔍 [正在处理] ANS_CO_663 | 启动 3WD 流水线...
2026-06-28 00:12:48 | INFO     | 📢 [总进度] 9/68 份试卷已归档。
2026-06-28 00:18:05 | INFO     | ✅ [批改完成] ANS_CO_663 | 路由: BND | 最终分: 10.4 | 风险: P0.27/U0.00/F0.00/H0/L1 | 提取质量: 🟢high | 留白率: 33% | 低质量率: 0%
2026-06-28 00:18:05 | INFO     | 
🔍 [正在处理] ANS_CO_664 | 启动 3WD 流水线...
2026-06-28 00:18:05 | INFO     | 📢 [总进度] 10/68 份试卷已归档。
2026-06-28 00:29:08 | INFO     | ✅ [批改完成] ANS_CO_664 | 路由: BND | 最终分: 10.3 | 风险: P0.09/U0.01/F0.10/H0/L1 | 提取质量: 🟢high | 留白率: 11% | 低质量率: 0%
2026-06-28 00:29:08 | INFO     | 
🔍 [正在处理] ANS_CO_665 | 启动 3WD 流水线...
2026-06-28 00:29:08 | INFO     | 📢 [总进度] 11/68 份试卷已归档。
2026-06-28 00:33:45 | INFO     | ✅ [批改完成] ANS_CO_656 | 路由: BND | 最终分: 8.7 | 风险: P0.03/U0.05/F0.25/H0/L1 | 提取质量: 🟢high | 留白率: 0% | 低质量率: 0%
2026-06-28 00:33:45 | INFO     | 
🔍 [正在处理] ANS_CO_666 | 启动 3WD 流水线...
2026-06-28 00:33:45 | INFO     | 📢 [总进度] 12/68 份试卷已归档。
2026-06-28 00:38:37 | INFO     | ✅ [批改完成] ANS_CO_665 | 路由: BND | 最终分: 3.9 | 风险: P0.00/U0.04/F0.70/H0/L1 | 提取质量: 🟢high | 留白率: 0% | 低质量率: 0%
2026-06-28 00:38:37 | INFO     | 
🔍 [正在处理] ANS_CO_667 | 启动 3WD 流水线...
2026-06-28 00:38:37 | INFO     | 📢 [总进度] 13/68 份试卷已归档。
2026-06-28 00:40:16 | INFO     | ✅ [批改完成] ANS_CO_666 | 路由: BND | 最终分: 9.5 | 风险: P0.09/U0.00/F0.20/H0/L1 | 提取质量: 🟢high | 留白率: 11% | 低质量率: 0%
2026-06-28 00:40:16 | INFO     | 
🔍 [正在处理] ANS_CO_668 | 启动 3WD 流水线...
2026-06-28 00:40:16 | INFO     | 📢 [总进度] 14/68 份试卷已归档。
2026-06-28 00:43:14 | INFO     | ✅ [批改完成] ANS_CO_667 | 路由: BND | 最终分: 15.3 | 风险: P0.00/U0.05/F0.20/H0/L0 | 提取质量: 🟢high | 留白率: 0% | 低质量率: 0%
2026-06-28 00:43:14 | INFO     | 
🔍 [正在处理] ANS_CO_670 | 启动 3WD 流水线...
2026-06-28 00:43:14 | INFO     | 📢 [总进度] 15/68 份试卷已归档。
2026-06-28 00:46:09 | INFO     | ✅ [批改完成] ANS_CO_668 | 路由: POS | 最终分: 19.3 | 风险: P0.00/U0.02/F0.00/H0/L0 | 提取质量: 🟢high | 留白率: 0% | 低质量率: 0%
2026-06-28 00:46:09 | INFO     | 
🔍 [正在处理] ANS_CO_672 | 启动 3WD 流水线...
2026-06-28 00:46:09 | INFO     | 📢 [总进度] 16/68 份试卷已归档。
2026-06-28 00:53:55 | INFO     | ✅ [批改完成] ANS_CO_670 | 路由: BND | 最终分: 16.5 | 风险: P0.00/U0.00/F0.00/H0/L0 | 提取质量: 🟢high | 留白率: 0% | 低质量率: 0%
2026-06-28 00:53:55 | INFO     | 
🔍 [正在处理] ANS_CO_673 | 启动 3WD 流水线...
2026-06-28 00:53:55 | INFO     | 📢 [总进度] 17/68 份试卷已归档。
2026-06-28 00:55:54 | INFO     | ✅ [批改完成] ANS_CO_672 | 路由: BND | 最终分: 16.2 | 风险: P0.00/U0.03/F0.00/H0/L0 | 提取质量: 🟢high | 留白率: 0% | 低质量率: 0%
2026-06-28 00:55:54 | INFO     | 
🔍 [正在处理] ANS_CO_674 | 启动 3WD 流水线...
2026-06-28 00:55:54 | INFO     | 📢 [总进度] 18/68 份试卷已归档。
2026-06-28 00:57:15 | INFO     | ✅ [批改完成] ANS_CO_673 | 路由: POS | 最终分: 19.0 | 风险: P0.00/U0.04/F0.00/H0/L0 | 提取质量: 🟢high | 留白率: 0% | 低质量率: 0%
2026-06-28 00:57:15 | INFO     | 
🔍 [正在处理] ANS_CO_675 | 启动 3WD 流水线...
2026-06-28 00:57:15 | INFO     | 📢 [总进度] 19/68 份试卷已归档。
2026-06-28 01:04:37 | INFO     | ✅ [批改完成] ANS_CO_674 | 路由: BND | 最终分: 10.3 | 风险: P0.18/U0.06/F0.10/H0/L1 | 提取质量: 🟢high | 留白率: 22% | 低质量率: 0%
2026-06-28 01:04:37 | INFO     | 
🔍 [正在处理] ANS_CO_678 | 启动 3WD 流水线...
2026-06-28 01:04:37 | INFO     | 📢 [总进度] 20/68 份试卷已归档。
2026-06-28 01:06:45 | INFO     | ✅ [批改完成] ANS_CO_675 | 路由: BND | 最终分: 20.0 | 风险: P0.00/U0.04/F0.00/H0/L0 | 提取质量: 🟢high | 留白率: 0% | 低质量率: 0%
2026-06-28 01:06:45 | INFO     | 
🔍 [正在处理] ANS_CO_679 | 启动 3WD 流水线...
2026-06-28 01:06:45 | INFO     | 📢 [总进度] 21/68 份试卷已归档。
2026-06-28 01:10:42 | INFO     | ✅ [批改完成] ANS_CO_679 | 路由: BND | 最终分: 11.5 | 风险: P0.09/U0.00/F0.10/H0/L1 | 提取质量: 🟢high | 留白率: 11% | 低质量率: 0%
2026-06-28 01:10:42 | INFO     | 
🔍 [正在处理] ANS_CO_681 | 启动 3WD 流水线...
2026-06-28 01:10:42 | INFO     | 📢 [总进度] 22/68 份试卷已归档。
2026-06-28 01:15:05 | INFO     | ✅ [批改完成] ANS_CO_678 | 路由: BND | 最终分: 10.0 | 风险: P0.07/U0.00/F0.25/H0/L1 | 提取质量: 🟢high | 留白率: 0% | 低质量率: 0%
2026-06-28 01:15:05 | INFO     | 
🔍 [正在处理] ANS_CO_683 | 启动 3WD 流水线...
2026-06-28 01:15:05 | INFO     | 📢 [总进度] 23/68 份试卷已归档。
2026-06-28 01:16:41 | INFO     | ✅ [批改完成] ANS_CO_681 | 路由: POS | 最终分: 19.0 | 风险: P0.03/U0.00/F0.05/H0/L0 | 提取质量: 🟢high | 留白率: 0% | 低质量率: 0%
2026-06-28 01:16:41 | INFO     | 
🔍 [正在处理] ANS_CO_685 | 启动 3WD 流水线...
2026-06-28 01:16:41 | INFO     | 📢 [总进度] 24/68 份试卷已归档。
2026-06-28 01:21:23 | INFO     | ✅ [批改完成] ANS_CO_685 | 路由: BND | 最终分: 3.0 | 风险: P0.27/U0.00/F0.60/H0/L1 | 提取质量: 🟢high | 留白率: 33% | 低质量率: 0%
2026-06-28 01:21:23 | INFO     | 
🔍 [正在处理] ANS_CO_688 | 启动 3WD 流水线...
2026-06-28 01:21:23 | INFO     | 📢 [总进度] 25/68 份试卷已归档。
2026-06-28 01:26:03 | INFO     | ✅ [批改完成] ANS_CO_688 | 路由: BND | 最终分: 10.0 | 风险: P0.09/U0.04/F0.10/H0/L1 | 提取质量: 🟢high | 留白率: 11% | 低质量率: 0%
2026-06-28 01:26:03 | INFO     | 
🔍 [正在处理] ANS_CO_689 | 启动 3WD 流水线...
2026-06-28 01:26:03 | INFO     | 📢 [总进度] 26/68 份试卷已归档。
2026-06-28 01:27:53 | INFO     | ✅ [批改完成] ANS_CO_683 | 路由: BND | 最终分: 10.0 | 风险: P0.00/U0.04/F0.10/H0/L1 | 提取质量: 🟢high | 留白率: 0% | 低质量率: 0%
2026-06-28 01:27:53 | INFO     | 
🔍 [正在处理] ANS_CO_692 | 启动 3WD 流水线...
2026-06-28 01:27:53 | INFO     | 📢 [总进度] 27/68 份试卷已归档。
2026-06-28 01:29:26 | INFO     | ✅ [批改完成] ANS_CO_689 | 路由: POS | 最终分: 18.0 | 风险: P0.03/U0.00/F0.00/H0/L0 | 提取质量: 🟢high | 留白率: 0% | 低质量率: 0%
2026-06-28 01:29:26 | INFO     | 
🔍 [正在处理] ANS_CO_695 | 启动 3WD 流水线...
2026-06-28 01:29:26 | INFO     | 📢 [总进度] 28/68 份试卷已归档。
2026-06-28 01:32:37 | INFO     | ✅ [批改完成] ANS_CO_692 | 路由: POS | 最终分: 18.5 | 风险: P0.00/U0.00/F0.00/H0/L0 | 提取质量: 🟢high | 留白率: 0% | 低质量率: 0%
2026-06-28 01:32:37 | INFO     | 
🔍 [正在处理] ANS_CO_697 | 启动 3WD 流水线...
2026-06-28 01:32:37 | INFO     | 📢 [总进度] 29/68 份试卷已归档。
2026-06-28 01:41:19 | INFO     | ✅ [批改完成] ANS_CO_695 | 路由: BND | 最终分: 11.3 | 风险: P0.09/U0.01/F0.00/H0/L0 | 提取质量: 🟢high | 留白率: 11% | 低质量率: 0%
2026-06-28 01:41:19 | INFO     | 
🔍 [正在处理] ANS_CO_698 | 启动 3WD 流水线...
2026-06-28 01:41:19 | INFO     | 📢 [总进度] 30/68 份试卷已归档。
2026-06-28 01:41:50 | INFO     | ✅ [批改完成] ANS_CO_697 | 路由: BND | 最终分: 15.7 | 风险: P0.00/U0.05/F0.05/H0/L0 | 提取质量: 🟢high | 留白率: 0% | 低质量率: 0%
2026-06-28 01:41:50 | INFO     | 
🔍 [正在处理] ANS_CO_699 | 启动 3WD 流水线...
2026-06-28 01:41:50 | INFO     | 📢 [总进度] 31/68 份试卷已归档。
2026-06-28 01:43:38 | INFO     | ✅ [批改完成] ANS_CO_699 | 路由: BND | 最终分: 0 | 风险: P0.80/U0.00/F0.00/H0/L0 | 提取质量: 🟡low | 留白率: 100% | 低质量率: 0%
2026-06-28 01:43:38 | INFO     | 
🔍 [正在处理] ANS_CO_700 | 启动 3WD 流水线...
2026-06-28 01:43:38 | INFO     | 📢 [总进度] 32/68 份试卷已归档。
2026-06-28 01:48:03 | INFO     | ✅ [批改完成] ANS_CO_698 | 路由: BND | 最终分: 6.0 | 风险: P0.18/U0.00/F0.10/H0/L1 | 提取质量: 🟢high | 留白率: 22% | 低质量率: 0%
2026-06-28 01:48:03 | INFO     | 
🔍 [正在处理] ANS_CO_703 | 启动 3WD 流水线...
2026-06-28 01:48:03 | INFO     | 📢 [总进度] 33/68 份试卷已归档。
2026-06-28 01:49:10 | INFO     | ✅ [批改完成] ANS_CO_700 | 路由: BND | 最终分: 14.2 | 风险: P0.00/U0.05/F0.15/H0/L0 | 提取质量: 🟢high | 留白率: 0% | 低质量率: 0%
2026-06-28 01:49:10 | INFO     | 
🔍 [正在处理] ANS_CO_704 | 启动 3WD 流水线...
2026-06-28 01:49:10 | INFO     | 📢 [总进度] 34/68 份试卷已归档。
2026-06-28 01:51:38 | INFO     | ✅ [批改完成] ANS_CO_704 | 路由: BND | 最终分: 1.3 | 风险: P0.62/U0.02/F0.10/H0/L0 | 提取质量: 🟡low | 留白率: 78% | 低质量率: 0%
2026-06-28 01:51:38 | INFO     | 
🔍 [正在处理] ANS_CO_708 | 启动 3WD 流水线...
2026-06-28 01:51:38 | INFO     | 📢 [总进度] 35/68 份试卷已归档。
2026-06-28 01:53:42 | INFO     | ✅ [批改完成] ANS_CO_703 | 路由: BND | 最终分: 4.7 | 风险: P0.03/U0.02/F0.20/H0/L1 | 提取质量: 🟢high | 留白率: 0% | 低质量率: 0%
2026-06-28 01:53:42 | INFO     | 
🔍 [正在处理] ANS_CO_709 | 启动 3WD 流水线...
2026-06-28 01:53:42 | INFO     | 📢 [总进度] 36/68 份试卷已归档。
2026-06-28 01:53:47 | INFO     | ✅ [批改完成] ANS_CO_708 | 路由: BND | 最终分: 15.0 | 风险: P0.27/U0.00/F0.00/H0/L0 | 提取质量: 🟢high | 留白率: 33% | 低质量率: 0%
2026-06-28 01:53:47 | INFO     | 
🔍 [正在处理] ANS_CO_714 | 启动 3WD 流水线...
2026-06-28 01:53:47 | INFO     | 📢 [总进度] 37/68 份试卷已归档。
2026-06-28 01:57:37 | INFO     | ✅ [批改完成] ANS_CO_714 | 路由: BND | 最终分: 16.0 | 风险: P0.00/U0.00/F0.10/H0/L0 | 提取质量: 🟢high | 留白率: 0% | 低质量率: 0%
2026-06-28 01:57:37 | INFO     | 
🔍 [正在处理] ANS_CO_715 | 启动 3WD 流水线...
2026-06-28 01:57:37 | INFO     | 📢 [总进度] 38/68 份试卷已归档。
2026-06-28 02:00:36 | INFO     | ✅ [批改完成] ANS_CO_709 | 路由: POS | 最终分: 17.8 | 风险: P0.00/U0.03/F0.05/H0/L0 | 提取质量: 🟢high | 留白率: 0% | 低质量率: 0%
2026-06-28 02:00:36 | INFO     | 
🔍 [正在处理] ANS_CO_717 | 启动 3WD 流水线...
2026-06-28 02:00:36 | INFO     | 📢 [总进度] 39/68 份试卷已归档。
2026-06-28 02:09:36 | INFO     | ✅ [批改完成] ANS_CO_715 | 路由: POS | 最终分: 17.8 | 风险: P0.00/U0.02/F0.00/H0/L0 | 提取质量: 🟢high | 留白率: 0% | 低质量率: 0%
2026-06-28 02:09:36 | INFO     | 
🔍 [正在处理] ANS_CO_719 | 启动 3WD 流水线...
2026-06-28 02:09:36 | INFO     | 📢 [总进度] 40/68 份试卷已归档。
2026-06-28 02:11:02 | INFO     | ✅ [批改完成] ANS_CO_717 | 路由: POS | 最终分: 17.0 | 风险: P0.09/U0.02/F0.00/H0/L0 | 提取质量: 🟢high | 留白率: 11% | 低质量率: 0%
2026-06-28 02:11:02 | INFO     | 
🔍 [正在处理] ANS_CO_720 | 启动 3WD 流水线...
2026-06-28 02:11:02 | INFO     | 📢 [总进度] 41/68 份试卷已归档。
2026-06-28 02:14:57 | INFO     | ✅ [批改完成] ANS_CO_719 | 路由: BND | 最终分: 9.3 | 风险: P0.21/U0.03/F0.10/H0/L0 | 提取质量: 🟢high | 留白率: 22% | 低质量率: 0%
2026-06-28 02:14:57 | INFO     | 
🔍 [正在处理] ANS_CO_721 | 启动 3WD 流水线...
2026-06-28 02:14:57 | INFO     | 📢 [总进度] 42/68 份试卷已归档。
2026-06-28 02:20:22 | INFO     | ✅ [批改完成] ANS_CO_720 | 路由: BND | 最终分: 17.2 | 风险: P0.00/U0.02/F0.00/H0/L0 | 提取质量: 🟢high | 留白率: 0% | 低质量率: 0%
2026-06-28 02:20:22 | INFO     | 
🔍 [正在处理] ANS_CO_722 | 启动 3WD 流水线...
2026-06-28 02:20:22 | INFO     | 📢 [总进度] 43/68 份试卷已归档。
2026-06-28 02:22:25 | INFO     | ✅ [批改完成] ANS_CO_721 | 路由: BND | 最终分: 14.7 | 风险: P0.09/U0.02/F0.00/H0/L0 | 提取质量: 🟢high | 留白率: 11% | 低质量率: 0%
2026-06-28 02:22:25 | INFO     | 
🔍 [正在处理] ANS_CO_725 | 启动 3WD 流水线...
2026-06-28 02:22:25 | INFO     | 📢 [总进度] 44/68 份试卷已归档。
2026-06-28 02:25:46 | INFO     | ✅ [批改完成] ANS_CO_722 | 路由: BND | 最终分: 14.7 | 风险: P0.00/U0.02/F0.10/H0/L0 | 提取质量: 🟢high | 留白率: 0% | 低质量率: 0%
2026-06-28 02:25:46 | INFO     | 
🔍 [正在处理] ANS_CO_727 | 启动 3WD 流水线...
2026-06-28 02:25:46 | INFO     | 📢 [总进度] 45/68 份试卷已归档。
2026-06-28 02:28:06 | INFO     | ✅ [批改完成] ANS_CO_725 | 路由: BND | 最终分: 15.3 | 风险: P0.07/U0.01/F0.00/H0/L0 | 提取质量: 🟢high | 留白率: 0% | 低质量率: 0%
2026-06-28 02:28:06 | INFO     | 
🔍 [正在处理] ANS_CO_730 | 启动 3WD 流水线...
2026-06-28 02:28:06 | INFO     | 📢 [总进度] 46/68 份试卷已归档。
2026-06-28 02:28:28 | INFO     | ✅ [批改完成] ANS_CO_727 | 路由: BND | 最终分: 7.0 | 风险: P0.44/U0.00/F0.00/H0/L0 | 提取质量: 🟡low | 留白率: 56% | 低质量率: 0%
2026-06-28 02:28:28 | INFO     | 
🔍 [正在处理] ANS_CO_731 | 启动 3WD 流水线...
2026-06-28 02:28:28 | INFO     | 📢 [总进度] 47/68 份试卷已归档。
2026-06-28 02:32:17 | INFO     | ✅ [批改完成] ANS_CO_731 | 路由: BND | 最终分: 11.3 | 风险: P0.27/U0.09/F0.10/H0/L1 | 提取质量: 🟢high | 留白率: 33% | 低质量率: 0%
2026-06-28 02:32:17 | INFO     | 
🔍 [正在处理] ANS_CO_732 | 启动 3WD 流水线...
2026-06-28 02:32:17 | INFO     | 📢 [总进度] 48/68 份试卷已归档。
2026-06-28 02:37:17 | INFO     | ✅ [批改完成] ANS_CO_732 | 路由: BND | 最终分: 16.0 | 风险: P0.09/U0.02/F0.00/H0/L0 | 提取质量: 🟢high | 留白率: 11% | 低质量率: 0%
2026-06-28 02:37:17 | INFO     | 
🔍 [正在处理] ANS_CO_735 | 启动 3WD 流水线...
2026-06-28 02:37:17 | INFO     | 📢 [总进度] 49/68 份试卷已归档。
2026-06-28 02:40:05 | INFO     | ✅ [批改完成] ANS_CO_735 | 路由: BND | 最终分: 18.0 | 风险: P0.10/U0.04/F0.00/H0/L0 | 提取质量: 🟢high | 留白率: 0% | 低质量率: 0%
2026-06-28 02:40:05 | INFO     | 
🔍 [正在处理] ANS_CO_737 | 启动 3WD 流水线...
2026-06-28 02:40:05 | INFO     | 📢 [总进度] 50/68 份试卷已归档。
2026-06-28 02:40:30 | INFO     | ✅ [批改完成] ANS_CO_730 | 路由: BND | 最终分: 16.2 | 风险: P0.00/U0.01/F0.05/H0/L0 | 提取质量: 🟢high | 留白率: 0% | 低质量率: 0%
2026-06-28 02:40:30 | INFO     | 
🔍 [正在处理] ANS_CO_738 | 启动 3WD 流水线...
2026-06-28 02:40:30 | INFO     | 📢 [总进度] 51/68 份试卷已归档。
2026-06-28 02:43:15 | INFO     | ✅ [批改完成] ANS_CO_738 | 路由: POS | 最终分: 18.5 | 风险: P0.03/U0.02/F0.00/H0/L0 | 提取质量: 🟢high | 留白率: 0% | 低质量率: 0%
2026-06-28 02:43:15 | INFO     | 
🔍 [正在处理] ANS_CO_740 | 启动 3WD 流水线...
2026-06-28 02:43:15 | INFO     | 📢 [总进度] 52/68 份试卷已归档。
2026-06-28 02:44:21 | INFO     | ✅ [批改完成] ANS_CO_737 | 路由: BND | 最终分: 15.3 | 风险: P0.00/U0.02/F0.10/H0/L0 | 提取质量: 🟢high | 留白率: 0% | 低质量率: 0%
2026-06-28 02:44:21 | INFO     | 
🔍 [正在处理] ANS_CO_741 | 启动 3WD 流水线...
2026-06-28 02:44:21 | INFO     | 📢 [总进度] 53/68 份试卷已归档。
2026-06-28 02:44:31 | INFO     | ✅ [批改完成] ANS_CO_740 | 路由: BND | 最终分: 3.0 | 风险: P0.44/U0.00/F0.35/H0/L0 | 提取质量: 🟡low | 留白率: 56% | 低质量率: 0%
2026-06-28 02:44:31 | INFO     | 
🔍 [正在处理] ANS_CO_742 | 启动 3WD 流水线...
2026-06-28 02:44:31 | INFO     | 📢 [总进度] 54/68 份试卷已归档。
2026-06-28 02:48:19 | INFO     | ✅ [批改完成] ANS_CO_742 | 路由: BND | 最终分: 8.7 | 风险: P0.30/U0.02/F0.10/H0/L1 | 提取质量: 🟢high | 留白率: 33% | 低质量率: 0%
2026-06-28 02:48:19 | INFO     | 
🔍 [正在处理] ANS_CO_743 | 启动 3WD 流水线...
2026-06-28 02:48:19 | INFO     | 📢 [总进度] 55/68 份试卷已归档。
2026-06-28 02:49:26 | INFO     | ✅ [批改完成] ANS_CO_743 | 路由: BND | 最终分: 0 | 风险: P0.71/U0.00/F0.15/H0/L0 | 提取质量: 🟡low | 留白率: 89% | 低质量率: 0%
2026-06-28 02:49:26 | INFO     | 
🔍 [正在处理] ANS_CO_747 | 启动 3WD 流水线...
2026-06-28 02:49:26 | INFO     | 📢 [总进度] 56/68 份试卷已归档。
2026-06-28 02:51:52 | INFO     | ✅ [批改完成] ANS_CO_747 | 路由: BND | 最终分: 0 | 风险: P0.09/U0.00/F0.85/H0/L1 | 提取质量: 🟢high | 留白率: 11% | 低质量率: 0%
2026-06-28 02:51:52 | INFO     | 
🔍 [正在处理] ANS_CO_748 | 启动 3WD 流水线...
2026-06-28 02:51:52 | INFO     | 📢 [总进度] 57/68 份试卷已归档。
2026-06-28 02:52:58 | INFO     | ✅ [批改完成] ANS_CO_741 | 路由: BND | 最终分: 16.2 | 风险: P0.07/U0.03/F0.00/H0/L0 | 提取质量: 🟢high | 留白率: 0% | 低质量率: 0%
2026-06-28 02:52:58 | INFO     | 
🔍 [正在处理] ANS_CO_751 | 启动 3WD 流水线...
2026-06-28 02:52:58 | INFO     | 📢 [总进度] 58/68 份试卷已归档。
2026-06-28 02:57:04 | INFO     | ✅ [批改完成] ANS_CO_751 | 路由: BND | 最终分: 9.3 | 风险: P0.18/U0.01/F0.10/H0/L1 | 提取质量: 🟢high | 留白率: 22% | 低质量率: 0%
2026-06-28 02:57:04 | INFO     | 
🔍 [正在处理] ANS_CO_752 | 启动 3WD 流水线...
2026-06-28 02:57:04 | INFO     | 📢 [总进度] 59/68 份试卷已归档。
2026-06-28 02:57:46 | INFO     | ✅ [批改完成] ANS_CO_748 | 路由: BND | 最终分: 9.8 | 风险: P0.09/U0.05/F0.20/H0/L1 | 提取质量: 🟢high | 留白率: 11% | 低质量率: 0%
2026-06-28 02:57:46 | INFO     | 
🔍 [正在处理] ANS_CO_753 | 启动 3WD 流水线...
2026-06-28 02:57:46 | INFO     | 📢 [总进度] 60/68 份试卷已归档。
2026-06-28 02:59:58 | INFO     | ✅ [批改完成] ANS_CO_753 | 路由: BND | 最终分: 10.0 | 风险: P0.27/U0.00/F0.15/H0/L1 | 提取质量: 🟢high | 留白率: 33% | 低质量率: 0%
2026-06-28 02:59:58 | INFO     | 
🔍 [正在处理] ANS_CO_754 | 启动 3WD 流水线...
2026-06-28 02:59:58 | INFO     | 📢 [总进度] 61/68 份试卷已归档。
2026-06-28 03:03:04 | INFO     | ✅ [批改完成] ANS_CO_752 | 路由: BND | 最终分: 15.5 | 风险: P0.03/U0.02/F0.00/H0/L0 | 提取质量: 🟢high | 留白率: 0% | 低质量率: 0%
2026-06-28 03:03:04 | INFO     | 
🔍 [正在处理] ANS_CO_755 | 启动 3WD 流水线...
2026-06-28 03:03:04 | INFO     | 📢 [总进度] 62/68 份试卷已归档。
2026-06-28 03:03:59 | INFO     | ✅ [批改完成] ANS_CO_754 | 路由: POS | 最终分: 20.0 | 风险: P0.00/U0.00/F0.00/H0/L0 | 提取质量: 🟢high | 留白率: 0% | 低质量率: 0%
2026-06-28 03:03:59 | INFO     | 
🔍 [正在处理] ANS_CO_756 | 启动 3WD 流水线...
2026-06-28 03:03:59 | INFO     | 📢 [总进度] 63/68 份试卷已归档。
2026-06-28 03:10:05 | INFO     | ✅ [批改完成] ANS_CO_756 | 路由: BND | 最终分: 16.2 | 风险: P0.09/U0.01/F0.00/H0/L0 | 提取质量: 🟢high | 留白率: 11% | 低质量率: 0%
2026-06-28 03:10:05 | INFO     | 
🔍 [正在处理] ANS_CO_757 | 启动 3WD 流水线...
2026-06-28 03:10:05 | INFO     | 📢 [总进度] 64/68 份试卷已归档。
2026-06-28 03:10:55 | INFO     | ✅ [批改完成] ANS_CO_757 | 路由: BND | 最终分: 0 | 风险: P0.80/U0.00/F0.00/H0/L0 | 提取质量: 🟡low | 留白率: 100% | 低质量率: 0%
2026-06-28 03:10:55 | INFO     | 
🔍 [正在处理] ANS_CO_758 | 启动 3WD 流水线...
2026-06-28 03:10:55 | INFO     | 📢 [总进度] 65/68 份试卷已归档。
2026-06-28 03:17:00 | INFO     | ✅ [批改完成] ANS_CO_758 | 路由: BND | 最终分: 7.5 | 风险: P0.09/U0.02/F0.15/H0/L1 | 提取质量: 🟢high | 留白率: 11% | 低质量率: 0%
2026-06-28 03:17:00 | INFO     | 
🔍 [正在处理] ANS_CO_759 | 启动 3WD 流水线...
2026-06-28 03:17:00 | INFO     | 📢 [总进度] 66/68 份试卷已归档。
2026-06-28 03:18:54 | INFO     | ✅ [批改完成] ANS_CO_755 | 路由: POS | 最终分: 12.8 | 风险: P0.18/U0.01/F0.00/H0/L0 | 提取质量: 🟢high | 留白率: 22% | 低质量率: 0%
2026-06-28 03:18:54 | INFO     | 📢 [总进度] 67/68 份试卷已归档。
2026-06-28 04:24:36 | INFO     | ✅ [批改完成] ANS_CO_759 | 路由: POS | 最终分: 18.3 | 风险: P0.00/U0.02/F0.00/H0/L0 | 提取质量: 🟢high | 留白率: 0% | 低质量率: 0%
2026-06-28 04:24:36 | INFO     | 📢 [总进度] 68/68 份试卷已归档。
2026-06-28 04:24:36 | INFO     | 🗂️ 所有线程交卷完毕，正在整理数据... (共收集 68/68 份结果)
2026-06-28 04:24:36 | INFO     | 💾 正常批改结果已保存: /home/E125221219/projects/refgrader/results_runs/csbench_co1_co2_co3_co4_co5_co6_co7_full/CO_4_graded_results.json (68 人)
2026-06-28 04:24:36 | INFO     | ✅ 无拒绝域案例。
2026-06-28 04:24:37 | INFO     | [result consistency] CO_4: checkpoint=68, graded=68, rejected=0, failed=0, expected=68
2026-06-28 04:24:37 | INFO     | 
🚀 [标准模式] 开始处理: CO_5
2026-06-28 04:24:37 | INFO     | ⚡ 已加载本地标准: /home/E125221219/projects/refgrader/data/csbench/rubrics/optimized/CO/CO_5_rubric_standard.json
2026-06-28 04:24:37 | INFO     | [force-rerun] cleaned old result files for CO_5: CO_5_grading_checkpoint.json, CO_5_graded_results.json
2026-06-28 04:24:47 | INFO     | ⚡ 脱敏清单已预生成，85 名学生共享复用。
2026-06-28 04:24:47 | INFO     | 🏃 开始批改 85 张试卷 (⚡ 开启多线程模式)...
2026-06-28 04:24:47 | INFO     | 
🔍 [正在处理] ANS_CO_258 | 启动 3WD 流水线...
2026-06-28 04:24:47 | INFO     | 
🔍 [正在处理] ANS_CO_259 | 启动 3WD 流水线...
2026-06-28 04:24:47 | INFO     | ⏳ [主线程] 已提交 85 个任务，等待结果回收...
2026-06-28 04:25:38 | INFO     | ✅ [批改完成] ANS_CO_258 | 路由: BND | 最终分: 0 | 风险: P0.00/U0.00/F1.00/H0/L1 | 提取质量: 🟢high | 留白率: 0% | 低质量率: 0%
2026-06-28 04:25:38 | INFO     | 
🔍 [正在处理] ANS_CO_261 | 启动 3WD 流水线...
2026-06-28 04:25:38 | INFO     | 📢 [总进度] 1/85 份试卷已归档。
2026-06-28 04:26:16 | INFO     | ✅ [批改完成] ANS_CO_259 | 路由: BND | 最终分: 12.0 | 风险: P0.00/U0.00/F0.00/H0/L0 | 提取质量: 🟢high | 留白率: 0% | 低质量率: 0%
2026-06-28 04:26:16 | INFO     | 
🔍 [正在处理] ANS_CO_262 | 启动 3WD 流水线...
2026-06-28 04:26:16 | INFO     | 📢 [总进度] 2/85 份试卷已归档。
2026-06-28 04:27:04 | INFO     | ✅ [批改完成] ANS_CO_261 | 路由: BND | 最终分: 1.3 | 风险: P0.27/U0.03/F0.33/H0/L1 | 提取质量: 🟢high | 留白率: 33% | 低质量率: 0%
2026-06-28 04:27:04 | INFO     | 
🔍 [正在处理] ANS_CO_263 | 启动 3WD 流水线...
2026-06-28 04:27:04 | INFO     | 📢 [总进度] 3/85 份试卷已归档。
2026-06-28 04:27:40 | INFO     | ✅ [批改完成] ANS_CO_262 | 路由: BND | 最终分: 12.75 | 风险: P0.00/U0.00/F0.00/H0/L0 | 提取质量: 🟢high | 留白率: 0% | 低质量率: 0%
2026-06-28 04:27:40 | INFO     | 
🔍 [正在处理] ANS_CO_264 | 启动 3WD 流水线...
2026-06-28 04:27:40 | INFO     | 📢 [总进度] 4/85 份试卷已归档。
2026-06-28 04:28:03 | INFO     | ✅ [批改完成] ANS_CO_263 | 路由: POS | 最终分: 15.0 | 风险: P0.00/U0.00/F0.00/H0/L0 | 提取质量: 🟢high | 留白率: 0% | 低质量率: 0%
2026-06-28 04:28:03 | INFO     | 
🔍 [正在处理] ANS_CO_265 | 启动 3WD 流水线...
2026-06-28 04:28:03 | INFO     | 📢 [总进度] 5/85 份试卷已归档。
2026-06-28 04:28:32 | INFO     | ✅ [批改完成] ANS_CO_264 | 路由: POS | 最终分: 15.0 | 风险: P0.00/U0.00/F0.00/H0/L0 | 提取质量: 🟢high | 留白率: 0% | 低质量率: 0%
2026-06-28 04:28:32 | INFO     | 
🔍 [正在处理] ANS_CO_267 | 启动 3WD 流水线...
2026-06-28 04:28:32 | INFO     | 📢 [总进度] 6/85 份试卷已归档。
2026-06-28 04:29:47 | INFO     | ✅ [批改完成] ANS_CO_265 | 路由: POS | 最终分: 15.0 | 风险: P0.00/U0.00/F0.00/H0/L0 | 提取质量: 🟢high | 留白率: 0% | 低质量率: 0%
2026-06-28 04:29:47 | INFO     | 
🔍 [正在处理] ANS_CO_269 | 启动 3WD 流水线...
2026-06-28 04:29:47 | INFO     | 📢 [总进度] 7/85 份试卷已归档。
2026-06-28 04:30:05 | INFO     | ✅ [批改完成] ANS_CO_267 | 路由: POS | 最终分: 15.0 | 风险: P0.00/U0.00/F0.00/H0/L0 | 提取质量: 🟢high | 留白率: 0% | 低质量率: 0%
2026-06-28 04:30:05 | INFO     | 
🔍 [正在处理] ANS_CO_270 | 启动 3WD 流水线...
2026-06-28 04:30:05 | INFO     | 📢 [总进度] 8/85 份试卷已归档。
2026-06-28 04:32:46 | INFO     | ✅ [批改完成] ANS_CO_270 | 路由: BND | 最终分: 2.5 | 风险: P0.00/U0.03/F0.67/H0/L1 | 提取质量: 🟢high | 留白率: 0% | 低质量率: 0%
2026-06-28 04:32:46 | INFO     | 
🔍 [正在处理] ANS_CO_271 | 启动 3WD 流水线...
2026-06-28 04:32:46 | INFO     | 📢 [总进度] 9/85 份试卷已归档。
2026-06-28 04:33:47 | INFO     | ✅ [批改完成] ANS_CO_269 | 路由: BND | 最终分: 10.0 | 风险: P0.00/U0.00/F0.00/H0/L0 | 提取质量: 🟢high | 留白率: 0% | 低质量率: 0%
2026-06-28 04:33:47 | INFO     | 
🔍 [正在处理] ANS_CO_272 | 启动 3WD 流水线...
2026-06-28 04:33:47 | INFO     | 📢 [总进度] 10/85 份试卷已归档。
2026-06-28 04:34:23 | INFO     | ✅ [批改完成] ANS_CO_272 | 路由: POS | 最终分: 15.0 | 风险: P0.00/U0.00/F0.00/H0/L0 | 提取质量: 🟢high | 留白率: 0% | 低质量率: 0%
2026-06-28 04:34:23 | INFO     | 
🔍 [正在处理] ANS_CO_273 | 启动 3WD 流水线...
2026-06-28 04:34:23 | INFO     | 📢 [总进度] 11/85 份试卷已归档。
2026-06-28 04:34:37 | INFO     | ✅ [批改完成] ANS_CO_271 | 路由: BND | 最终分: 0 | 风险: P0.00/U0.00/F1.00/H0/L1 | 提取质量: 🟢high | 留白率: 0% | 低质量率: 0%
2026-06-28 04:34:37 | INFO     | 
🔍 [正在处理] ANS_CO_274 | 启动 3WD 流水线...
2026-06-28 04:34:37 | INFO     | 📢 [总进度] 12/85 份试卷已归档。
2026-06-28 04:35:45 | INFO     | ✅ [批改完成] ANS_CO_273 | 路由: BND | 最终分: 0 | 风险: P0.00/U0.00/F1.00/H0/L1 | 提取质量: 🟢high | 留白率: 0% | 低质量率: 0%
2026-06-28 04:35:45 | INFO     | 
🔍 [正在处理] ANS_CO_275 | 启动 3WD 流水线...
2026-06-28 04:35:45 | INFO     | 📢 [总进度] 13/85 份试卷已归档。
2026-06-28 04:37:31 | INFO     | ✅ [批改完成] ANS_CO_274 | 路由: BND | 最终分: 1.3 | 风险: P0.00/U0.06/F0.67/H0/L1 | 提取质量: 🟢high | 留白率: 0% | 低质量率: 0%
2026-06-28 04:37:31 | INFO     | 
🔍 [正在处理] ANS_CO_276 | 启动 3WD 流水线...
2026-06-28 04:37:31 | INFO     | 📢 [总进度] 14/85 份试卷已归档。
2026-06-28 04:38:28 | INFO     | ✅ [批改完成] ANS_CO_275 | 路由: POS | 最终分: 13.0 | 风险: P0.00/U0.00/F0.00/H0/L0 | 提取质量: 🟢high | 留白率: 0% | 低质量率: 0%
2026-06-28 04:38:28 | INFO     | 
🔍 [正在处理] ANS_CO_277 | 启动 3WD 流水线...
2026-06-28 04:38:28 | INFO     | 📢 [总进度] 15/85 份试卷已归档。
2026-06-28 04:40:48 | INFO     | ✅ [批改完成] ANS_CO_277 | 路由: BND | 最终分: 0 | 风险: P0.00/U0.00/F1.00/H0/L1 | 提取质量: 🟢high | 留白率: 0% | 低质量率: 0%
2026-06-28 04:40:48 | INFO     | 
🔍 [正在处理] ANS_CO_278 | 启动 3WD 流水线...
2026-06-28 04:40:48 | INFO     | 📢 [总进度] 16/85 份试卷已归档。
2026-06-28 04:40:48 | INFO     | ✅ [批改完成] ANS_CO_276 | 路由: BND | 最终分: 10.0 | 风险: P0.00/U0.07/F0.00/H0/L0 | 提取质量: 🟢high | 留白率: 0% | 低质量率: 0%
2026-06-28 04:40:48 | INFO     | 
🔍 [正在处理] ANS_CO_279 | 启动 3WD 流水线...
2026-06-28 04:40:48 | INFO     | 📢 [总进度] 17/85 份试卷已归档。
2026-06-28 04:42:10 | INFO     | ✅ [批改完成] ANS_CO_278 | 路由: POS | 最终分: 13.0 | 风险: P0.00/U0.00/F0.00/H0/L0 | 提取质量: 🟢high | 留白率: 0% | 低质量率: 0%
2026-06-28 04:42:10 | INFO     | 
🔍 [正在处理] ANS_CO_280 | 启动 3WD 流水线...
2026-06-28 04:42:10 | INFO     | 📢 [总进度] 18/85 份试卷已归档。
2026-06-28 04:43:16 | INFO     | ✅ [批改完成] ANS_CO_279 | 路由: BND | 最终分: 9.7 | 风险: P0.00/U0.08/F0.00/H0/L0 | 提取质量: 🟢high | 留白率: 0% | 低质量率: 0%
2026-06-28 04:43:16 | INFO     | 
🔍 [正在处理] ANS_CO_281 | 启动 3WD 流水线...
2026-06-28 04:43:16 | INFO     | 📢 [总进度] 19/85 份试卷已归档。
2026-06-28 04:43:33 | INFO     | ✅ [批改完成] ANS_CO_280 | 路由: BND | 最终分: 0 | 风险: P0.00/U0.00/F1.00/H0/L1 | 提取质量: 🟢high | 留白率: 0% | 低质量率: 0%
2026-06-28 04:43:33 | INFO     | 
🔍 [正在处理] ANS_CO_282 | 启动 3WD 流水线...
2026-06-28 04:43:33 | INFO     | 📢 [总进度] 20/85 份试卷已归档。
2026-06-28 04:44:34 | INFO     | ✅ [批改完成] ANS_CO_281 | 路由: POS | 最终分: 15.0 | 风险: P0.00/U0.00/F0.00/H0/L0 | 提取质量: 🟢high | 留白率: 0% | 低质量率: 0%
2026-06-28 04:44:34 | INFO     | 
🔍 [正在处理] ANS_CO_283 | 启动 3WD 流水线...
2026-06-28 04:44:34 | INFO     | 📢 [总进度] 21/85 份试卷已归档。
2026-06-28 04:44:39 | INFO     | ✅ [批改完成] ANS_CO_282 | 路由: POS | 最终分: 15.0 | 风险: P0.00/U0.00/F0.00/H0/L0 | 提取质量: 🟢high | 留白率: 0% | 低质量率: 0%
2026-06-28 04:44:39 | INFO     | 
🔍 [正在处理] ANS_CO_284 | 启动 3WD 流水线...
2026-06-28 04:44:39 | INFO     | 📢 [总进度] 22/85 份试卷已归档。
2026-06-28 04:45:10 | INFO     | ✅ [批改完成] ANS_CO_284 | 路由: POS | 最终分: 15.0 | 风险: P0.00/U0.00/F0.00/H0/L0 | 提取质量: 🟢high | 留白率: 0% | 低质量率: 0%
2026-06-28 04:45:10 | INFO     | 
🔍 [正在处理] ANS_CO_286 | 启动 3WD 流水线...
2026-06-28 04:45:10 | INFO     | 📢 [总进度] 23/85 份试卷已归档。
2026-06-28 04:45:30 | INFO     | ✅ [批改完成] ANS_CO_283 | 路由: POS | 最终分: 15.0 | 风险: P0.00/U0.00/F0.00/H0/L0 | 提取质量: 🟢high | 留白率: 0% | 低质量率: 0%
2026-06-28 04:45:30 | INFO     | 
🔍 [正在处理] ANS_CO_287 | 启动 3WD 流水线...
2026-06-28 04:45:30 | INFO     | 📢 [总进度] 24/85 份试卷已归档。
2026-06-28 04:46:23 | INFO     | ✅ [批改完成] ANS_CO_287 | 路由: BND | 最终分: 0 | 风险: P0.27/U0.00/F0.67/H0/L1 | 提取质量: 🟢high | 留白率: 33% | 低质量率: 0%
2026-06-28 04:46:23 | INFO     | 
🔍 [正在处理] ANS_CO_288 | 启动 3WD 流水线...
2026-06-28 04:46:23 | INFO     | 📢 [总进度] 25/85 份试卷已归档。
2026-06-28 04:47:32 | INFO     | ✅ [批改完成] ANS_CO_286 | 路由: POS | 最终分: 13.0 | 风险: P0.00/U0.00/F0.00/H0/L0 | 提取质量: 🟢high | 留白率: 0% | 低质量率: 0%
2026-06-28 04:47:32 | INFO     | 
🔍 [正在处理] ANS_CO_290 | 启动 3WD 流水线...
2026-06-28 04:47:32 | INFO     | 📢 [总进度] 26/85 份试卷已归档。
2026-06-28 04:48:16 | INFO     | ✅ [批改完成] ANS_CO_290 | 路由: POS | 最终分: 15.0 | 风险: P0.00/U0.00/F0.00/H0/L0 | 提取质量: 🟢high | 留白率: 0% | 低质量率: 0%
2026-06-28 04:48:16 | INFO     | 
🔍 [正在处理] ANS_CO_291 | 启动 3WD 流水线...
2026-06-28 04:48:16 | INFO     | 📢 [总进度] 27/85 份试卷已归档。
2026-06-28 04:48:42 | INFO     | ✅ [批改完成] ANS_CO_288 | 路由: BND | 最终分: 12.0 | 风险: P0.00/U0.14/F0.00/H0/L0 | 提取质量: 🟢high | 留白率: 0% | 低质量率: 0%
2026-06-28 04:48:42 | INFO     | 
🔍 [正在处理] ANS_CO_293 | 启动 3WD 流水线...
2026-06-28 04:48:42 | INFO     | 📢 [总进度] 28/85 份试卷已归档。
2026-06-28 04:49:26 | INFO     | ✅ [批改完成] ANS_CO_293 | 路由: BND | 最终分: 0 | 风险: P0.80/U0.00/F0.00/H0/L0 | 提取质量: 🟡low | 留白率: 100% | 低质量率: 0%
2026-06-28 04:49:26 | INFO     | 
🔍 [正在处理] ANS_CO_294 | 启动 3WD 流水线...
2026-06-28 04:49:26 | INFO     | 📢 [总进度] 29/85 份试卷已归档。
2026-06-28 04:50:34 | INFO     | ✅ [批改完成] ANS_CO_294 | 路由: BND | 最终分: 0 | 风险: P0.00/U0.00/F1.00/H0/L1 | 提取质量: 🟢high | 留白率: 0% | 低质量率: 0%
2026-06-28 04:50:34 | INFO     | 
🔍 [正在处理] ANS_CO_295 | 启动 3WD 流水线...
2026-06-28 04:50:34 | INFO     | 📢 [总进度] 30/85 份试卷已归档。
2026-06-28 04:51:44 | INFO     | ✅ [批改完成] ANS_CO_295 | 路由: BND | 最终分: 0 | 风险: P0.00/U0.00/F1.00/H0/L1 | 提取质量: 🟢high | 留白率: 0% | 低质量率: 0%
2026-06-28 04:51:44 | INFO     | 
🔍 [正在处理] ANS_CO_296 | 启动 3WD 流水线...
2026-06-28 04:51:44 | INFO     | 📢 [总进度] 31/85 份试卷已归档。
2026-06-28 04:51:56 | INFO     | ✅ [批改完成] ANS_CO_291 | 路由: BND | 最终分: 5.0 | 风险: P0.00/U0.03/F0.33/H0/L1 | 提取质量: 🟢high | 留白率: 0% | 低质量率: 0%
2026-06-28 04:51:56 | INFO     | 
🔍 [正在处理] ANS_CO_298 | 启动 3WD 流水线...
2026-06-28 04:51:56 | INFO     | 📢 [总进度] 32/85 份试卷已归档。
2026-06-28 04:53:05 | INFO     | ✅ [批改完成] ANS_CO_298 | 路由: BND | 最终分: 0 | 风险: P0.27/U0.00/F0.67/H0/L1 | 提取质量: 🟢high | 留白率: 33% | 低质量率: 0%
2026-06-28 04:53:05 | INFO     | 
🔍 [正在处理] ANS_CO_299 | 启动 3WD 流水线...
2026-06-28 04:53:05 | INFO     | 📢 [总进度] 33/85 份试卷已归档。
2026-06-28 04:55:05 | INFO     | ✅ [批改完成] ANS_CO_296 | 路由: BND | 最终分: 9.05 | 风险: P0.00/U0.09/F0.00/H0/L1 | 提取质量: 🟢high | 留白率: 0% | 低质量率: 0%
2026-06-28 04:55:05 | INFO     | 
🔍 [正在处理] ANS_CO_300 | 启动 3WD 流水线...
2026-06-28 04:55:05 | INFO     | 📢 [总进度] 34/85 份试卷已归档。
2026-06-28 04:55:12 | INFO     | ✅ [批改完成] ANS_CO_299 | 路由: BND | 最终分: 0 | 风险: P0.00/U0.00/F1.00/H0/L1 | 提取质量: 🟢high | 留白率: 0% | 低质量率: 0%
2026-06-28 04:55:12 | INFO     | 
🔍 [正在处理] ANS_CO_304 | 启动 3WD 流水线...
2026-06-28 04:55:12 | INFO     | 📢 [总进度] 35/85 份试卷已归档。
2026-06-28 04:55:45 | INFO     | ✅ [批改完成] ANS_CO_300 | 路由: BND | 最终分: 0 | 风险: P0.27/U0.00/F0.67/H0/L1 | 提取质量: 🟢high | 留白率: 33% | 低质量率: 0%
2026-06-28 04:55:45 | INFO     | 
🔍 [正在处理] ANS_CO_305 | 启动 3WD 流水线...
2026-06-28 04:55:45 | INFO     | 📢 [总进度] 36/85 份试卷已归档。
2026-06-28 04:56:20 | INFO     | ✅ [批改完成] ANS_CO_304 | 路由: BND | 最终分: 0 | 风险: P0.00/U0.00/F1.00/H0/L1 | 提取质量: 🟢high | 留白率: 0% | 低质量率: 0%
2026-06-28 04:56:20 | INFO     | 
🔍 [正在处理] ANS_CO_308 | 启动 3WD 流水线...
2026-06-28 04:56:20 | INFO     | 📢 [总进度] 37/85 份试卷已归档。
2026-06-28 04:57:14 | INFO     | ✅ [批改完成] ANS_CO_308 | 路由: POS | 最终分: 15.0 | 风险: P0.00/U0.00/F0.00/H0/L0 | 提取质量: 🟢high | 留白率: 0% | 低质量率: 0%
2026-06-28 04:57:14 | INFO     | 
🔍 [正在处理] ANS_CO_311 | 启动 3WD 流水线...
2026-06-28 04:57:14 | INFO     | 📢 [总进度] 38/85 份试卷已归档。
2026-06-28 04:59:19 | INFO     | ✅ [批改完成] ANS_CO_305 | 路由: POS | 最终分: 15.0 | 风险: P0.00/U0.00/F0.00/H0/L0 | 提取质量: 🟢high | 留白率: 0% | 低质量率: 0%
2026-06-28 04:59:19 | INFO     | 
🔍 [正在处理] ANS_CO_312 | 启动 3WD 流水线...
2026-06-28 04:59:19 | INFO     | 📢 [总进度] 39/85 份试卷已归档。
2026-06-28 04:59:51 | INFO     | ✅ [批改完成] ANS_CO_312 | 路由: BND | 最终分: 0 | 风险: P0.80/U0.00/F0.00/H0/L0 | 提取质量: 🟡low | 留白率: 100% | 低质量率: 0%
2026-06-28 04:59:51 | INFO     | 
🔍 [正在处理] ANS_CO_314 | 启动 3WD 流水线...
2026-06-28 04:59:51 | INFO     | 📢 [总进度] 40/85 份试卷已归档。
2026-06-28 05:00:49 | INFO     | ✅ [批改完成] ANS_CO_314 | 路由: POS | 最终分: 15.0 | 风险: P0.00/U0.00/F0.00/H0/L0 | 提取质量: 🟢high | 留白率: 0% | 低质量率: 0%
2026-06-28 05:00:49 | INFO     | 
🔍 [正在处理] ANS_CO_316 | 启动 3WD 流水线...
2026-06-28 05:00:49 | INFO     | 📢 [总进度] 41/85 份试卷已归档。
2026-06-28 05:01:03 | INFO     | ✅ [批改完成] ANS_CO_311 | 路由: BND | 最终分: 5.0 | 风险: P0.00/U0.05/F0.33/H0/L1 | 提取质量: 🟢high | 留白率: 0% | 低质量率: 0%
2026-06-28 05:01:03 | INFO     | 
🔍 [正在处理] ANS_CO_318 | 启动 3WD 流水线...
2026-06-28 05:01:03 | INFO     | 📢 [总进度] 42/85 份试卷已归档。
2026-06-28 05:01:46 | INFO     | ✅ [批改完成] ANS_CO_318 | 路由: POS | 最终分: 15.0 | 风险: P0.00/U0.00/F0.00/H0/L0 | 提取质量: 🟢high | 留白率: 0% | 低质量率: 0%
2026-06-28 05:01:46 | INFO     | 
🔍 [正在处理] ANS_CO_319 | 启动 3WD 流水线...
2026-06-28 05:01:46 | INFO     | 📢 [总进度] 43/85 份试卷已归档。
2026-06-28 05:04:35 | INFO     | ✅ [批改完成] ANS_CO_316 | 路由: BND | 最终分: 14.3 | 风险: P0.00/U0.06/F0.00/H0/L0 | 提取质量: 🟢high | 留白率: 0% | 低质量率: 0%
2026-06-28 05:04:35 | INFO     | 
🔍 [正在处理] ANS_CO_321 | 启动 3WD 流水线...
2026-06-28 05:04:35 | INFO     | 📢 [总进度] 44/85 份试卷已归档。
2026-06-28 05:04:44 | INFO     | ✅ [批改完成] ANS_CO_319 | 路由: BND | 最终分: 1.0 | 风险: P0.00/U0.09/F1.00/H0/L1 | 提取质量: 🟢high | 留白率: 0% | 低质量率: 0%
2026-06-28 05:04:44 | INFO     | 
🔍 [正在处理] ANS_CO_322 | 启动 3WD 流水线...
2026-06-28 05:04:44 | INFO     | 📢 [总进度] 45/85 份试卷已归档。
2026-06-28 05:05:48 | INFO     | ✅ [批改完成] ANS_CO_322 | 路由: POS | 最终分: 15.0 | 风险: P0.00/U0.00/F0.00/H0/L0 | 提取质量: 🟢high | 留白率: 0% | 低质量率: 0%
2026-06-28 05:05:48 | INFO     | 
🔍 [正在处理] ANS_CO_323 | 启动 3WD 流水线...
2026-06-28 05:05:48 | INFO     | 📢 [总进度] 46/85 份试卷已归档。
2026-06-28 05:08:15 | INFO     | ✅ [批改完成] ANS_CO_321 | 路由: BND | 最终分: 12.2 | 风险: P0.00/U0.02/F0.00/H0/L0 | 提取质量: 🟢high | 留白率: 0% | 低质量率: 0%
2026-06-28 05:08:15 | INFO     | 
🔍 [正在处理] ANS_CO_324 | 启动 3WD 流水线...
2026-06-28 05:08:15 | INFO     | 📢 [总进度] 47/85 份试卷已归档。
2026-06-28 05:08:36 | INFO     | ✅ [批改完成] ANS_CO_323 | 路由: BND | 最终分: 12.0 | 风险: P0.00/U0.00/F0.00/H0/L0 | 提取质量: 🟢high | 留白率: 0% | 低质量率: 0%
2026-06-28 05:08:36 | INFO     | 
🔍 [正在处理] ANS_CO_325 | 启动 3WD 流水线...
2026-06-28 05:08:36 | INFO     | 📢 [总进度] 48/85 份试卷已归档。
2026-06-28 05:09:29 | INFO     | ✅ [批改完成] ANS_CO_325 | 路由: POS | 最终分: 15.0 | 风险: P0.00/U0.00/F0.00/H0/L0 | 提取质量: 🟢high | 留白率: 0% | 低质量率: 0%
2026-06-28 05:09:29 | INFO     | 
🔍 [正在处理] ANS_CO_326 | 启动 3WD 流水线...
2026-06-28 05:09:29 | INFO     | 📢 [总进度] 49/85 份试卷已归档。
2026-06-28 05:09:53 | INFO     | ✅ [批改完成] ANS_CO_324 | 路由: POS | 最终分: 15.0 | 风险: P0.00/U0.00/F0.00/H0/L0 | 提取质量: 🟢high | 留白率: 0% | 低质量率: 0%
2026-06-28 05:09:53 | INFO     | 
🔍 [正在处理] ANS_CO_328 | 启动 3WD 流水线...
2026-06-28 05:09:53 | INFO     | 📢 [总进度] 50/85 份试卷已归档。
2026-06-28 05:10:25 | INFO     | ✅ [批改完成] ANS_CO_328 | 路由: POS | 最终分: 15.0 | 风险: P0.00/U0.00/F0.00/H0/L0 | 提取质量: 🟢high | 留白率: 0% | 低质量率: 0%
2026-06-28 05:10:25 | INFO     | 
🔍 [正在处理] ANS_CO_330 | 启动 3WD 流水线...
2026-06-28 05:10:25 | INFO     | 📢 [总进度] 51/85 份试卷已归档。
2026-06-28 05:11:04 | INFO     | ✅ [批改完成] ANS_CO_326 | 路由: POS | 最终分: 15.0 | 风险: P0.00/U0.00/F0.00/H0/L0 | 提取质量: 🟢high | 留白率: 0% | 低质量率: 0%
2026-06-28 05:11:04 | INFO     | 
🔍 [正在处理] ANS_CO_332 | 启动 3WD 流水线...
2026-06-28 05:11:04 | INFO     | 📢 [总进度] 52/85 份试卷已归档。
2026-06-28 05:11:50 | INFO     | ✅ [批改完成] ANS_CO_332 | 路由: POS | 最终分: 15.0 | 风险: P0.00/U0.00/F0.00/H0/L0 | 提取质量: 🟢high | 留白率: 0% | 低质量率: 0%
2026-06-28 05:11:50 | INFO     | 
🔍 [正在处理] ANS_CO_333 | 启动 3WD 流水线...
2026-06-28 05:11:50 | INFO     | 📢 [总进度] 53/85 份试卷已归档。
2026-06-28 05:12:29 | INFO     | ✅ [批改完成] ANS_CO_330 | 路由: BND | 最终分: 14.5 | 风险: P0.00/U0.05/F0.00/H0/L0 | 提取质量: 🟢high | 留白率: 0% | 低质量率: 0%
2026-06-28 05:12:29 | INFO     | 
🔍 [正在处理] ANS_CO_335 | 启动 3WD 流水线...
2026-06-28 05:12:29 | INFO     | 📢 [总进度] 54/85 份试卷已归档。
2026-06-28 05:13:17 | INFO     | ✅ [批改完成] ANS_CO_335 | 路由: POS | 最终分: 15.0 | 风险: P0.00/U0.00/F0.00/H0/L0 | 提取质量: 🟢high | 留白率: 0% | 低质量率: 0%
2026-06-28 05:13:17 | INFO     | 
🔍 [正在处理] ANS_CO_336 | 启动 3WD 流水线...
2026-06-28 05:13:17 | INFO     | 📢 [总进度] 55/85 份试卷已归档。
2026-06-28 05:14:01 | INFO     | ✅ [批改完成] ANS_CO_336 | 路由: POS | 最终分: 15.0 | 风险: P0.00/U0.00/F0.00/H0/L0 | 提取质量: 🟢high | 留白率: 0% | 低质量率: 0%
2026-06-28 05:14:01 | INFO     | 
🔍 [正在处理] ANS_CO_338 | 启动 3WD 流水线...
2026-06-28 05:14:01 | INFO     | 📢 [总进度] 56/85 份试卷已归档。
2026-06-28 05:14:53 | INFO     | ✅ [批改完成] ANS_CO_333 | 路由: BND | 最终分: 12.25 | 风险: P0.00/U0.13/F0.00/H0/L0 | 提取质量: 🟢high | 留白率: 0% | 低质量率: 0%
2026-06-28 05:14:53 | INFO     | 
🔍 [正在处理] ANS_CO_339 | 启动 3WD 流水线...
2026-06-28 05:14:53 | INFO     | 📢 [总进度] 57/85 份试卷已归档。
2026-06-28 05:16:46 | INFO     | ✅ [批改完成] ANS_CO_339 | 路由: BND | 最终分: 0 | 风险: P0.00/U0.00/F1.00/H0/L1 | 提取质量: 🟢high | 留白率: 0% | 低质量率: 0%
2026-06-28 05:16:46 | INFO     | 
🔍 [正在处理] ANS_CO_340 | 启动 3WD 流水线...
2026-06-28 05:16:46 | INFO     | 📢 [总进度] 58/85 份试卷已归档。
2026-06-28 05:17:18 | INFO     | ✅ [批改完成] ANS_CO_338 | 路由: BND | 最终分: 2.3 | 风险: P0.00/U0.03/F0.67/H0/L1 | 提取质量: 🟢high | 留白率: 0% | 低质量率: 0%
2026-06-28 05:17:18 | INFO     | 
🔍 [正在处理] ANS_CO_341 | 启动 3WD 流水线...
2026-06-28 05:17:18 | INFO     | 📢 [总进度] 59/85 份试卷已归档。
2026-06-28 05:17:53 | INFO     | ✅ [批改完成] ANS_CO_341 | 路由: BND | 最终分: 0 | 风险: P0.80/U0.00/F0.00/H0/L0 | 提取质量: 🟡low | 留白率: 100% | 低质量率: 0%
2026-06-28 05:17:53 | INFO     | 
🔍 [正在处理] ANS_CO_342 | 启动 3WD 流水线...
2026-06-28 05:17:53 | INFO     | 📢 [总进度] 60/85 份试卷已归档。
2026-06-28 05:18:00 | INFO     | ✅ [批改完成] ANS_CO_340 | 路由: POS | 最终分: 15.0 | 风险: P0.00/U0.00/F0.00/H0/L0 | 提取质量: 🟢high | 留白率: 0% | 低质量率: 0%
2026-06-28 05:18:00 | INFO     | 
🔍 [正在处理] ANS_CO_343 | 启动 3WD 流水线...
2026-06-28 05:18:00 | INFO     | 📢 [总进度] 61/85 份试卷已归档。
2026-06-28 05:18:41 | INFO     | ✅ [批改完成] ANS_CO_343 | 路由: POS | 最终分: 15.0 | 风险: P0.00/U0.00/F0.00/H0/L0 | 提取质量: 🟢high | 留白率: 0% | 低质量率: 0%
2026-06-28 05:18:41 | INFO     | 
🔍 [正在处理] ANS_CO_345 | 启动 3WD 流水线...
2026-06-28 05:18:41 | INFO     | 📢 [总进度] 62/85 份试卷已归档。
2026-06-28 05:18:48 | INFO     | ✅ [批改完成] ANS_CO_342 | 路由: POS | 最终分: 15.0 | 风险: P0.00/U0.00/F0.00/H0/L0 | 提取质量: 🟢high | 留白率: 0% | 低质量率: 0%
2026-06-28 05:18:48 | INFO     | 
🔍 [正在处理] ANS_CO_348 | 启动 3WD 流水线...
2026-06-28 05:18:48 | INFO     | 📢 [总进度] 63/85 份试卷已归档。
2026-06-28 05:21:28 | INFO     | ✅ [批改完成] ANS_CO_345 | 路由: BND | 最终分: 10.2 | 风险: P0.00/U0.12/F0.00/H0/L0 | 提取质量: 🟢high | 留白率: 0% | 低质量率: 0%
2026-06-28 05:21:28 | INFO     | 
🔍 [正在处理] ANS_CO_349 | 启动 3WD 流水线...
2026-06-28 05:21:28 | INFO     | 📢 [总进度] 64/85 份试卷已归档。
2026-06-28 05:22:35 | INFO     | ✅ [批改完成] ANS_CO_348 | 路由: BND | 最终分: 0.7 | 风险: P0.00/U0.03/F0.67/H0/L1 | 提取质量: 🟢high | 留白率: 0% | 低质量率: 0%
2026-06-28 05:22:35 | INFO     | 
🔍 [正在处理] ANS_CO_351 | 启动 3WD 流水线...
2026-06-28 05:22:35 | INFO     | 📢 [总进度] 65/85 份试卷已归档。
2026-06-28 05:22:49 | INFO     | ✅ [批改完成] ANS_CO_349 | 路由: BND | 最终分: 0 | 风险: P0.00/U0.00/F1.00/H0/L1 | 提取质量: 🟢high | 留白率: 0% | 低质量率: 0%
2026-06-28 05:22:49 | INFO     | 
🔍 [正在处理] ANS_CO_352 | 启动 3WD 流水线...
2026-06-28 05:22:49 | INFO     | 📢 [总进度] 66/85 份试卷已归档。
2026-06-28 05:25:11 | INFO     | ✅ [批改完成] ANS_CO_352 | 路由: POS | 最终分: 15.0 | 风险: P0.00/U0.00/F0.00/H0/L0 | 提取质量: 🟢high | 留白率: 0% | 低质量率: 0%
2026-06-28 05:25:11 | INFO     | 
🔍 [正在处理] ANS_CO_355 | 启动 3WD 流水线...
2026-06-28 05:25:11 | INFO     | 📢 [总进度] 67/85 份试卷已归档。
2026-06-28 05:25:55 | INFO     | ✅ [批改完成] ANS_CO_355 | 路由: POS | 最终分: 15.0 | 风险: P0.00/U0.00/F0.00/H0/L0 | 提取质量: 🟢high | 留白率: 0% | 低质量率: 0%
2026-06-28 05:25:55 | INFO     | 
🔍 [正在处理] ANS_CO_357 | 启动 3WD 流水线...
2026-06-28 05:25:55 | INFO     | 📢 [总进度] 68/85 份试卷已归档。
2026-06-28 05:27:18 | INFO     | ✅ [批改完成] ANS_CO_357 | 路由: POS | 最终分: 15.0 | 风险: P0.00/U0.00/F0.00/H0/L0 | 提取质量: 🟢high | 留白率: 0% | 低质量率: 0%
2026-06-28 05:27:18 | INFO     | 
🔍 [正在处理] ANS_CO_358 | 启动 3WD 流水线...
2026-06-28 05:27:18 | INFO     | 📢 [总进度] 69/85 份试卷已归档。
2026-06-28 05:27:36 | INFO     | ✅ [批改完成] ANS_CO_351 | 路由: BND | 最终分: 10.8 | 风险: P0.00/U0.02/F0.00/H0/L0 | 提取质量: 🟢high | 留白率: 0% | 低质量率: 0%
2026-06-28 05:27:36 | INFO     | 
🔍 [正在处理] ANS_CO_360 | 启动 3WD 流水线...
2026-06-28 05:27:36 | INFO     | 📢 [总进度] 70/85 份试卷已归档。
2026-06-28 05:28:23 | INFO     | ✅ [批改完成] ANS_CO_358 | 路由: POS | 最终分: 15.0 | 风险: P0.00/U0.00/F0.00/H0/L0 | 提取质量: 🟢high | 留白率: 0% | 低质量率: 0%
2026-06-28 05:28:23 | INFO     | 
🔍 [正在处理] ANS_CO_363 | 启动 3WD 流水线...
2026-06-28 05:28:23 | INFO     | 📢 [总进度] 71/85 份试卷已归档。
2026-06-28 05:29:38 | INFO     | ✅ [批改完成] ANS_CO_360 | 路由: POS | 最终分: 15.0 | 风险: P0.00/U0.00/F0.00/H0/L0 | 提取质量: 🟢high | 留白率: 0% | 低质量率: 0%
2026-06-28 05:29:38 | INFO     | 
🔍 [正在处理] ANS_CO_364 | 启动 3WD 流水线...
2026-06-28 05:29:38 | INFO     | 📢 [总进度] 72/85 份试卷已归档。
2026-06-28 05:31:01 | INFO     | ✅ [批改完成] ANS_CO_363 | 路由: BND | 最终分: 14.5 | 风险: P0.00/U0.05/F0.00/H0/L0 | 提取质量: 🟢high | 留白率: 0% | 低质量率: 0%
2026-06-28 05:31:01 | INFO     | 
🔍 [正在处理] ANS_CO_365 | 启动 3WD 流水线...
2026-06-28 05:31:01 | INFO     | 📢 [总进度] 73/85 份试卷已归档。
2026-06-28 05:32:30 | INFO     | ✅ [批改完成] ANS_CO_364 | 路由: BND | 最终分: 6.05 | 风险: P0.00/U0.00/F0.00/H0/L1 | 提取质量: 🟢high | 留白率: 0% | 低质量率: 0%
2026-06-28 05:32:30 | INFO     | 
🔍 [正在处理] ANS_CO_366 | 启动 3WD 流水线...
2026-06-28 05:32:30 | INFO     | 📢 [总进度] 74/85 份试卷已归档。
2026-06-28 05:33:45 | INFO     | ✅ [批改完成] ANS_CO_366 | 路由: POS | 最终分: 15.0 | 风险: P0.00/U0.00/F0.00/H0/L0 | 提取质量: 🟢high | 留白率: 0% | 低质量率: 0%
2026-06-28 05:33:45 | INFO     | 
🔍 [正在处理] ANS_CO_367 | 启动 3WD 流水线...
2026-06-28 05:33:45 | INFO     | 📢 [总进度] 75/85 份试卷已归档。
2026-06-28 05:34:37 | INFO     | ✅ [批改完成] ANS_CO_367 | 路由: POS | 最终分: 15.0 | 风险: P0.00/U0.00/F0.00/H0/L0 | 提取质量: 🟢high | 留白率: 0% | 低质量率: 0%
2026-06-28 05:34:37 | INFO     | 
🔍 [正在处理] ANS_CO_368 | 启动 3WD 流水线...
2026-06-28 05:34:37 | INFO     | 📢 [总进度] 76/85 份试卷已归档。
2026-06-28 05:35:32 | INFO     | ✅ [批改完成] ANS_CO_368 | 路由: POS | 最终分: 15.0 | 风险: P0.00/U0.00/F0.00/H0/L0 | 提取质量: 🟢high | 留白率: 0% | 低质量率: 0%
2026-06-28 05:35:32 | INFO     | 
🔍 [正在处理] ANS_CO_369 | 启动 3WD 流水线...
2026-06-28 05:35:32 | INFO     | 📢 [总进度] 77/85 份试卷已归档。
2026-06-28 05:36:26 | INFO     | ✅ [批改完成] ANS_CO_369 | 路由: POS | 最终分: 15.0 | 风险: P0.00/U0.00/F0.00/H0/L0 | 提取质量: 🟢high | 留白率: 0% | 低质量率: 0%
2026-06-28 05:36:26 | INFO     | 
🔍 [正在处理] ANS_CO_370 | 启动 3WD 流水线...
2026-06-28 05:36:26 | INFO     | 📢 [总进度] 78/85 份试卷已归档。
2026-06-28 05:36:55 | INFO     | ✅ [批改完成] ANS_CO_365 | 路由: BND | 最终分: 11.3 | 风险: P0.00/U0.06/F0.00/H0/L0 | 提取质量: 🟢high | 留白率: 0% | 低质量率: 0%
2026-06-28 05:36:55 | INFO     | 
🔍 [正在处理] ANS_CO_372 | 启动 3WD 流水线...
2026-06-28 05:36:55 | INFO     | 📢 [总进度] 79/85 份试卷已归档。
2026-06-28 05:37:42 | INFO     | ✅ [批改完成] ANS_CO_370 | 路由: POS | 最终分: 15.0 | 风险: P0.00/U0.00/F0.00/H0/L0 | 提取质量: 🟢high | 留白率: 0% | 低质量率: 0%
2026-06-28 05:37:42 | INFO     | 
🔍 [正在处理] ANS_CO_374 | 启动 3WD 流水线...
2026-06-28 05:37:42 | INFO     | 📢 [总进度] 80/85 份试卷已归档。
2026-06-28 05:38:21 | INFO     | ✅ [批改完成] ANS_CO_372 | 路由: BND | 最终分: 2.3 | 风险: P0.53/U0.02/F0.00/H0/L0 | 提取质量: 🟡low | 留白率: 67% | 低质量率: 0%
2026-06-28 05:38:21 | INFO     | 
🔍 [正在处理] ANS_CO_375 | 启动 3WD 流水线...
2026-06-28 05:38:21 | INFO     | 📢 [总进度] 81/85 份试卷已归档。
2026-06-28 05:38:38 | INFO     | ✅ [批改完成] ANS_CO_374 | 路由: POS | 最终分: 15.0 | 风险: P0.00/U0.00/F0.00/H0/L0 | 提取质量: 🟢high | 留白率: 0% | 低质量率: 0%
2026-06-28 05:38:38 | INFO     | 
🔍 [正在处理] ANS_CO_377 | 启动 3WD 流水线...
2026-06-28 05:38:38 | INFO     | 📢 [总进度] 82/85 份试卷已归档。
2026-06-28 05:39:16 | INFO     | ✅ [批改完成] ANS_CO_375 | 路由: BND | 最终分: 0 | 风险: P0.27/U0.00/F0.67/H0/L1 | 提取质量: 🟢high | 留白率: 33% | 低质量率: 0%
2026-06-28 05:39:16 | INFO     | 
🔍 [正在处理] ANS_CO_379 | 启动 3WD 流水线...
2026-06-28 05:39:16 | INFO     | 📢 [总进度] 83/85 份试卷已归档。
2026-06-28 05:40:40 | INFO     | ✅ [批改完成] ANS_CO_379 | 路由: POS | 最终分: 15.0 | 风险: P0.00/U0.00/F0.00/H0/L0 | 提取质量: 🟢high | 留白率: 0% | 低质量率: 0%
2026-06-28 05:40:40 | INFO     | 📢 [总进度] 84/85 份试卷已归档。
2026-06-28 05:41:20 | INFO     | ✅ [批改完成] ANS_CO_377 | 路由: BND | 最终分: 10.5 | 风险: P0.00/U0.07/F0.00/H0/L0 | 提取质量: 🟢high | 留白率: 0% | 低质量率: 0%
2026-06-28 05:41:20 | INFO     | 📢 [总进度] 85/85 份试卷已归档。
2026-06-28 05:41:20 | INFO     | 🗂️ 所有线程交卷完毕，正在整理数据... (共收集 85/85 份结果)
2026-06-28 05:41:20 | INFO     | 💾 正常批改结果已保存: /home/E125221219/projects/refgrader/results_runs/csbench_co1_co2_co3_co4_co5_co6_co7_full/CO_5_graded_results.json (85 人)
2026-06-28 05:41:20 | INFO     | ✅ 无拒绝域案例。
2026-06-28 05:41:20 | INFO     | [result consistency] CO_5: checkpoint=85, graded=85, rejected=0, failed=0, expected=85
2026-06-28 05:41:20 | INFO     | 
🚀 [标准模式] 开始处理: CO_6
2026-06-28 05:41:20 | INFO     | ⚡ 已加载本地标准: /home/E125221219/projects/refgrader/data/csbench/rubrics/optimized/CO/CO_6_rubric_standard.json
2026-06-28 05:41:20 | INFO     | [force-rerun] cleaned old result files for CO_6: CO_6_grading_checkpoint.json
2026-06-28 05:41:49 | INFO     | ⚡ 脱敏清单已预生成，47 名学生共享复用。
2026-06-28 05:41:49 | INFO     | 🏃 开始批改 47 张试卷 (⚡ 开启多线程模式)...
2026-06-28 05:41:49 | INFO     | 
🔍 [正在处理] ANS_CO_380 | 启动 3WD 流水线...
2026-06-28 05:41:49 | INFO     | 
🔍 [正在处理] ANS_CO_381 | 启动 3WD 流水线...
2026-06-28 05:41:49 | INFO     | ⏳ [主线程] 已提交 47 个任务，等待结果回收...
2026-06-28 05:44:51 | INFO     | ✅ [批改完成] ANS_CO_380 | 路由: BND | 最终分: 20.0 | 风险: P0.00/U0.00/F0.00/H0/L0 | 提取质量: 🟢high | 留白率: 0% | 低质量率: 0%
2026-06-28 05:44:51 | INFO     | 
🔍 [正在处理] ANS_CO_384 | 启动 3WD 流水线...
2026-06-28 05:44:51 | INFO     | 📢 [总进度] 1/47 份试卷已归档。
2026-06-28 05:46:27 | INFO     | ✅ [批改完成] ANS_CO_381 | 路由: BND | 最终分: 9.4 | 风险: P0.18/U0.02/F0.00/H0/L1 | 提取质量: 🟢high | 留白率: 22% | 低质量率: 0%
2026-06-28 05:46:27 | INFO     | 
🔍 [正在处理] ANS_CO_385 | 启动 3WD 流水线...
2026-06-28 05:46:27 | INFO     | 📢 [总进度] 2/47 份试卷已归档。
2026-06-28 05:47:47 | INFO     | ✅ [批改完成] ANS_CO_384 | 路由: BND | 最终分: 4.3 | 风险: P0.27/U0.02/F0.55/H0/L1 | 提取质量: 🟢high | 留白率: 33% | 低质量率: 0%
2026-06-28 05:47:47 | INFO     | 
🔍 [正在处理] ANS_CO_386 | 启动 3WD 流水线...
2026-06-28 05:47:47 | INFO     | 📢 [总进度] 3/47 份试卷已归档。
2026-06-28 05:52:09 | INFO     | ✅ [批改完成] ANS_CO_386 | 路由: POS | 最终分: 6.3 | 风险: P0.09/U0.02/F0.50/H0/L1 | 提取质量: 🟢high | 留白率: 11% | 低质量率: 0%
2026-06-28 05:52:09 | INFO     | 
🔍 [正在处理] ANS_CO_387 | 启动 3WD 流水线...
2026-06-28 05:52:09 | INFO     | 📢 [总进度] 4/47 份试卷已归档。
2026-06-28 05:52:37 | INFO     | ✅ [批改完成] ANS_CO_385 | 路由: BND | 最终分: 11.0 | 风险: P0.18/U0.05/F0.10/H0/L1 | 提取质量: 🟢high | 留白率: 22% | 低质量率: 0%
2026-06-28 05:52:37 | INFO     | 
🔍 [正在处理] ANS_CO_388 | 启动 3WD 流水线...
2026-06-28 05:52:37 | INFO     | 📢 [总进度] 5/47 份试卷已归档。
2026-06-28 05:55:47 | INFO     | ✅ [批改完成] ANS_CO_388 | 路由: BND | 最终分: 13.8 | 风险: P0.39/U0.01/F0.00/H0/L0 | 提取质量: 🟢high | 留白率: 44% | 低质量率: 0%
2026-06-28 05:55:47 | INFO     | 
🔍 [正在处理] ANS_CO_389 | 启动 3WD 流水线...
2026-06-28 05:55:47 | INFO     | 📢 [总进度] 6/47 份试卷已归档。
2026-06-28 05:59:49 | INFO     | ✅ [批改完成] ANS_CO_387 | 路由: BND | 最终分: 6.0 | 风险: P0.18/U0.07/F0.40/H0/L1 | 提取质量: 🟢high | 留白率: 22% | 低质量率: 0%
2026-06-28 05:59:49 | INFO     | 
🔍 [正在处理] ANS_CO_390 | 启动 3WD 流水线...
2026-06-28 05:59:49 | INFO     | 📢 [总进度] 7/47 份试卷已归档。
2026-06-28 06:03:28 | INFO     | ✅ [批改完成] ANS_CO_390 | 路由: BND | 最终分: 9.2 | 风险: P0.00/U0.01/F0.50/H0/L1 | 提取质量: 🟢high | 留白率: 0% | 低质量率: 0%
2026-06-28 06:03:28 | INFO     | 
🔍 [正在处理] ANS_CO_391 | 启动 3WD 流水线...
2026-06-28 06:03:28 | INFO     | 📢 [总进度] 8/47 份试卷已归档。
2026-06-28 06:04:04 | INFO     | ✅ [批改完成] ANS_CO_389 | 路由: BND | 最终分: 9.5 | 风险: P0.00/U0.04/F0.00/H0/L1 | 提取质量: 🟢high | 留白率: 0% | 低质量率: 0%
2026-06-28 06:04:04 | INFO     | 
🔍 [正在处理] ANS_CO_393 | 启动 3WD 流水线...
2026-06-28 06:04:04 | INFO     | 📢 [总进度] 9/47 份试卷已归档。
2026-06-28 06:09:28 | INFO     | ✅ [批改完成] ANS_CO_391 | 路由: BND | 最终分: 6.8 | 风险: P0.00/U0.02/F0.55/H0/L1 | 提取质量: 🟢high | 留白率: 0% | 低质量率: 0%
2026-06-28 06:09:28 | INFO     | 
🔍 [正在处理] ANS_CO_396 | 启动 3WD 流水线...
2026-06-28 06:09:28 | INFO     | 📢 [总进度] 10/47 份试卷已归档。
2026-06-28 06:12:44 | INFO     | ✅ [批改完成] ANS_CO_393 | 路由: BND | 最终分: 13.2 | 风险: P0.09/U0.03/F0.00/H0/L1 | 提取质量: 🟢high | 留白率: 11% | 低质量率: 0%
2026-06-28 06:12:44 | INFO     | 
🔍 [正在处理] ANS_CO_398 | 启动 3WD 流水线...
2026-06-28 06:12:44 | INFO     | 📢 [总进度] 11/47 份试卷已归档。
2026-06-28 06:14:10 | INFO     | ✅ [批改完成] ANS_CO_396 | 路由: BND | 最终分: 18.8 | 风险: P0.09/U0.01/F0.00/H0/L0 | 提取质量: 🟢high | 留白率: 11% | 低质量率: 0%
2026-06-28 06:14:10 | INFO     | 
🔍 [正在处理] ANS_CO_399 | 启动 3WD 流水线...
2026-06-28 06:14:10 | INFO     | 📢 [总进度] 12/47 份试卷已归档。
2026-06-28 06:17:17 | INFO     | ✅ [批改完成] ANS_CO_399 | 路由: BND | 最终分: 11.5 | 风险: P0.09/U0.00/F0.00/H0/L0 | 提取质量: 🟢high | 留白率: 11% | 低质量率: 0%
2026-06-28 06:17:17 | INFO     | 
🔍 [正在处理] ANS_CO_400 | 启动 3WD 流水线...
2026-06-28 06:17:17 | INFO     | 📢 [总进度] 13/47 份试卷已归档。
2026-06-28 06:19:57 | INFO     | ✅ [批改完成] ANS_CO_398 | 路由: BND | 最终分: 9.0 | 风险: P0.09/U0.04/F0.40/H0/L1 | 提取质量: 🟢high | 留白率: 11% | 低质量率: 0%
2026-06-28 06:19:57 | INFO     | 
🔍 [正在处理] ANS_CO_401 | 启动 3WD 流水线...
2026-06-28 06:19:57 | INFO     | 📢 [总进度] 14/47 份试卷已归档。
2026-06-28 06:20:34 | INFO     | ✅ [批改完成] ANS_CO_400 | 路由: BND | 最终分: 3.8 | 风险: P0.44/U0.01/F0.00/H0/L0 | 提取质量: 🟡low | 留白率: 56% | 低质量率: 0%
2026-06-28 06:20:34 | INFO     | 
🔍 [正在处理] ANS_CO_402 | 启动 3WD 流水线...
2026-06-28 06:20:34 | INFO     | 📢 [总进度] 15/47 份试卷已归档。
2026-06-28 06:22:40 | INFO     | ✅ [批改完成] ANS_CO_401 | 路由: BND | 最终分: 11.0 | 风险: P0.09/U0.00/F0.00/H0/L1 | 提取质量: 🟢high | 留白率: 11% | 低质量率: 0%
2026-06-28 06:22:40 | INFO     | 
🔍 [正在处理] ANS_CO_403 | 启动 3WD 流水线...
2026-06-28 06:22:40 | INFO     | 📢 [总进度] 16/47 份试卷已归档。
2026-06-28 06:27:05 | INFO     | ✅ [批改完成] ANS_CO_402 | 路由: BND | 最终分: 4.7 | 风险: P0.18/U0.03/F0.30/H0/L1 | 提取质量: 🟢high | 留白率: 22% | 低质量率: 0%
2026-06-28 06:27:05 | INFO     | 
🔍 [正在处理] ANS_CO_404 | 启动 3WD 流水线...
2026-06-28 06:27:05 | INFO     | 📢 [总进度] 17/47 份试卷已归档。
2026-06-28 06:32:04 | INFO     | ✅ [批改完成] ANS_CO_404 | 路由: BND | 最终分: 1.7 | 风险: P0.00/U0.02/F0.80/H0/L1 | 提取质量: 🟢high | 留白率: 0% | 低质量率: 0%
2026-06-28 06:32:04 | INFO     | 
🔍 [正在处理] ANS_CO_405 | 启动 3WD 流水线...
2026-06-28 06:32:04 | INFO     | 📢 [总进度] 18/47 份试卷已归档。
2026-06-28 06:32:12 | INFO     | ✅ [批改完成] ANS_CO_403 | 路由: BND | 最终分: 4.7 | 风险: P0.09/U0.05/F0.40/H0/L1 | 提取质量: 🟢high | 留白率: 11% | 低质量率: 0%
2026-06-28 06:32:12 | INFO     | 
🔍 [正在处理] ANS_CO_406 | 启动 3WD 流水线...
2026-06-28 06:32:12 | INFO     | 📢 [总进度] 19/47 份试卷已归档。
2026-06-28 06:34:12 | INFO     | ✅ [批改完成] ANS_CO_405 | 路由: BND | 最终分: 3.6 | 风险: P0.62/U0.03/F0.10/H0/L0 | 提取质量: 🟡low | 留白率: 78% | 低质量率: 0%
2026-06-28 06:34:12 | INFO     | 
🔍 [正在处理] ANS_CO_407 | 启动 3WD 流水线...
2026-06-28 06:34:12 | INFO     | 📢 [总进度] 20/47 份试卷已归档。
2026-06-28 06:35:08 | INFO     | ✅ [批改完成] ANS_CO_406 | 路由: BND | 最终分: 13.0 | 风险: P0.00/U0.04/F0.00/H0/L0 | 提取质量: 🟢high | 留白率: 0% | 低质量率: 0%
2026-06-28 06:35:08 | INFO     | 
🔍 [正在处理] ANS_CO_409 | 启动 3WD 流水线...
2026-06-28 06:35:08 | INFO     | 📢 [总进度] 21/47 份试卷已归档。
2026-06-28 06:37:21 | INFO     | ✅ [批改完成] ANS_CO_409 | 路由: BND | 最终分: 0 | 风险: P0.18/U0.00/F0.85/H0/L1 | 提取质量: 🟢high | 留白率: 22% | 低质量率: 0%
2026-06-28 06:37:21 | INFO     | 
🔍 [正在处理] ANS_CO_410 | 启动 3WD 流水线...
2026-06-28 06:37:21 | INFO     | 📢 [总进度] 22/47 份试卷已归档。
2026-06-28 06:39:02 | INFO     | ✅ [批改完成] ANS_CO_410 | 路由: BND | 最终分: 17.0 | 风险: P0.00/U0.00/F0.00/H0/L0 | 提取质量: 🟢high | 留白率: 0% | 低质量率: 0%
2026-06-28 06:39:02 | INFO     | 
🔍 [正在处理] ANS_CO_413 | 启动 3WD 流水线...
2026-06-28 06:39:02 | INFO     | 📢 [总进度] 23/47 份试卷已归档。
2026-06-28 06:39:42 | INFO     | ✅ [批改完成] ANS_CO_407 | 路由: BND | 最终分: 7.5 | 风险: P0.18/U0.00/F0.30/H0/L1 | 提取质量: 🟢high | 留白率: 22% | 低质量率: 0%
2026-06-28 06:39:42 | INFO     | 
🔍 [正在处理] ANS_CO_415 | 启动 3WD 流水线...
2026-06-28 06:39:42 | INFO     | 📢 [总进度] 24/47 份试卷已归档。
2026-06-28 06:41:42 | INFO     | ✅ [批改完成] ANS_CO_413 | 路由: BND | 最终分: 3.0 | 风险: P0.18/U0.00/F0.40/H0/L1 | 提取质量: 🟢high | 留白率: 22% | 低质量率: 0%
2026-06-28 06:41:42 | INFO     | 
🔍 [正在处理] ANS_CO_416 | 启动 3WD 流水线...
2026-06-28 06:41:42 | INFO     | 📢 [总进度] 25/47 份试卷已归档。
2026-06-28 06:42:26 | INFO     | ✅ [批改完成] ANS_CO_415 | 路由: BND | 最终分: 2.3 | 风险: P0.36/U0.02/F0.40/H0/L0 | 提取质量: 🟢high | 留白率: 44% | 低质量率: 0%
2026-06-28 06:42:26 | INFO     | 
🔍 [正在处理] ANS_CO_417 | 启动 3WD 流水线...
2026-06-28 06:42:26 | INFO     | 📢 [总进度] 26/47 份试卷已归档。
2026-06-28 06:43:06 | INFO     | ✅ [批改完成] ANS_CO_416 | 路由: BND | 最终分: 0 | 风险: P0.36/U0.00/F0.60/H0/L0 | 提取质量: 🟢high | 留白率: 44% | 低质量率: 0%
2026-06-28 06:43:06 | INFO     | 
🔍 [正在处理] ANS_CO_418 | 启动 3WD 流水线...
2026-06-28 06:43:06 | INFO     | 📢 [总进度] 27/47 份试卷已归档。
2026-06-28 06:44:43 | INFO     | ✅ [批改完成] ANS_CO_417 | 路由: BND | 最终分: 17.0 | 风险: P0.00/U0.00/F0.00/H0/L0 | 提取质量: 🟢high | 留白率: 0% | 低质量率: 0%
2026-06-28 06:44:43 | INFO     | 
🔍 [正在处理] ANS_CO_422 | 启动 3WD 流水线...
2026-06-28 06:44:43 | INFO     | 📢 [总进度] 28/47 份试卷已归档。
2026-06-28 06:46:13 | INFO     | ✅ [批改完成] ANS_CO_418 | 路由: BND | 最终分: 7.0 | 风险: P0.18/U0.00/F0.30/H0/L1 | 提取质量: 🟢high | 留白率: 22% | 低质量率: 0%
2026-06-28 06:46:13 | INFO     | 
🔍 [正在处理] ANS_CO_426 | 启动 3WD 流水线...
2026-06-28 06:46:13 | INFO     | 📢 [总进度] 29/47 份试卷已归档。
2026-06-28 06:49:07 | INFO     | ✅ [批改完成] ANS_CO_422 | 路由: BND | 最终分: 7.8 | 风险: P0.09/U0.03/F0.30/H0/L1 | 提取质量: 🟢high | 留白率: 11% | 低质量率: 0%
2026-06-28 06:49:07 | INFO     | 
🔍 [正在处理] ANS_CO_428 | 启动 3WD 流水线...
2026-06-28 06:49:07 | INFO     | 📢 [总进度] 30/47 份试卷已归档。
2026-06-28 06:49:22 | INFO     | ✅ [批改完成] ANS_CO_426 | 路由: BND | 最终分: 10.0 | 风险: P0.09/U0.00/F0.30/H0/L1 | 提取质量: 🟢high | 留白率: 11% | 低质量率: 0%
2026-06-28 06:49:22 | INFO     | 
🔍 [正在处理] ANS_CO_429 | 启动 3WD 流水线...
2026-06-28 06:49:22 | INFO     | 📢 [总进度] 31/47 份试卷已归档。
2026-06-28 06:54:25 | INFO     | ✅ [批改完成] ANS_CO_428 | 路由: BND | 最终分: 10.3 | 风险: P0.09/U0.06/F0.30/H0/L1 | 提取质量: 🟢high | 留白率: 11% | 低质量率: 0%
2026-06-28 06:54:25 | INFO     | 
🔍 [正在处理] ANS_CO_430 | 启动 3WD 流水线...
2026-06-28 06:54:25 | INFO     | 📢 [总进度] 32/47 份试卷已归档。
2026-06-28 06:57:22 | INFO     | ✅ [批改完成] ANS_CO_429 | 路由: BND | 最终分: 7.7 | 风险: P0.09/U0.05/F0.40/H0/L1 | 提取质量: 🟢high | 留白率: 11% | 低质量率: 0%
2026-06-28 06:57:22 | INFO     | 
🔍 [正在处理] ANS_CO_431 | 启动 3WD 流水线...
2026-06-28 06:57:22 | INFO     | 📢 [总进度] 33/47 份试卷已归档。
2026-06-28 07:04:17 | INFO     | ✅ [批改完成] ANS_CO_431 | 路由: BND | 最终分: 10.7 | 风险: P0.09/U0.05/F0.30/H0/L1 | 提取质量: 🟢high | 留白率: 11% | 低质量率: 0%
2026-06-28 07:04:17 | INFO     | 
🔍 [正在处理] ANS_CO_432 | 启动 3WD 流水线...
2026-06-28 07:04:17 | INFO     | 📢 [总进度] 34/47 份试卷已归档。
2026-06-28 07:07:58 | INFO     | ✅ [批改完成] ANS_CO_432 | 路由: BND | 最终分: 10.7 | 风险: P0.09/U0.06/F0.30/H0/L1 | 提取质量: 🟢high | 留白率: 11% | 低质量率: 0%
2026-06-28 07:07:58 | INFO     | 
🔍 [正在处理] ANS_CO_434 | 启动 3WD 流水线...
2026-06-28 07:07:58 | INFO     | 📢 [总进度] 35/47 份试卷已归档。
2026-06-28 07:09:00 | INFO     | ✅ [批改完成] ANS_CO_430 | 路由: BND | 最终分: 10.2 | 风险: P0.00/U0.05/F0.35/H0/L1 | 提取质量: 🟢high | 留白率: 0% | 低质量率: 0%
2026-06-28 07:09:00 | INFO     | 
🔍 [正在处理] ANS_CO_436 | 启动 3WD 流水线...
2026-06-28 07:09:00 | INFO     | 📢 [总进度] 36/47 份试卷已归档。
2026-06-28 07:11:54 | INFO     | ✅ [批改完成] ANS_CO_436 | 路由: BND | 最终分: 2.3 | 风险: P0.00/U0.02/F0.80/H0/L1 | 提取质量: 🟢high | 留白率: 0% | 低质量率: 0%
2026-06-28 07:11:54 | INFO     | 
🔍 [正在处理] ANS_CO_437 | 启动 3WD 流水线...
2026-06-28 07:11:54 | INFO     | 📢 [总进度] 37/47 份试卷已归档。
2026-06-28 07:13:18 | INFO     | ✅ [批改完成] ANS_CO_434 | 路由: BND | 最终分: 10.7 | 风险: P0.09/U0.02/F0.10/H0/L1 | 提取质量: 🟢high | 留白率: 11% | 低质量率: 0%
2026-06-28 07:13:18 | INFO     | 
🔍 [正在处理] ANS_CO_438 | 启动 3WD 流水线...
2026-06-28 07:13:18 | INFO     | 📢 [总进度] 38/47 份试卷已归档。
2026-06-28 07:15:06 | INFO     | ✅ [批改完成] ANS_CO_438 | 路由: BND | 最终分: 4.0 | 风险: P0.36/U0.00/F0.40/H0/L0 | 提取质量: 🟢high | 留白率: 44% | 低质量率: 0%
2026-06-28 07:15:06 | INFO     | 
🔍 [正在处理] ANS_CO_439 | 启动 3WD 流水线...
2026-06-28 07:15:06 | INFO     | 📢 [总进度] 39/47 份试卷已归档。
2026-06-28 07:16:12 | INFO     | ✅ [批改完成] ANS_CO_439 | 路由: BND | 最终分: 0 | 风险: P0.80/U0.00/F0.00/H0/L0 | 提取质量: 🟡low | 留白率: 100% | 低质量率: 0%
2026-06-28 07:16:12 | INFO     | 
🔍 [正在处理] ANS_CO_440 | 启动 3WD 流水线...
2026-06-28 07:16:12 | INFO     | 📢 [总进度] 40/47 份试卷已归档。
2026-06-28 07:18:10 | INFO     | ✅ [批改完成] ANS_CO_440 | 路由: BND | 最终分: 4.0 | 风险: P0.36/U0.00/F0.40/H0/L0 | 提取质量: 🟢high | 留白率: 44% | 低质量率: 0%
2026-06-28 07:18:10 | INFO     | 
🔍 [正在处理] ANS_CO_441 | 启动 3WD 流水线...
2026-06-28 07:18:10 | INFO     | 📢 [总进度] 41/47 份试卷已归档。
2026-06-28 07:19:14 | INFO     | ✅ [批改完成] ANS_CO_437 | 路由: BND | 最终分: 8.7 | 风险: P0.27/U0.01/F0.30/H0/L1 | 提取质量: 🟢high | 留白率: 33% | 低质量率: 0%
2026-06-28 07:19:14 | INFO     | 
🔍 [正在处理] ANS_CO_442 | 启动 3WD 流水线...
2026-06-28 07:19:14 | INFO     | 📢 [总进度] 42/47 份试卷已归档。
2026-06-28 07:21:33 | INFO     | ✅ [批改完成] ANS_CO_442 | 路由: BND | 最终分: 6.0 | 风险: P0.36/U0.07/F0.10/H0/L0 | 提取质量: 🟢high | 留白率: 44% | 低质量率: 0%
2026-06-28 07:21:33 | INFO     | 
🔍 [正在处理] ANS_CO_443 | 启动 3WD 流水线...
2026-06-28 07:21:33 | INFO     | 📢 [总进度] 43/47 份试卷已归档。
2026-06-28 07:23:39 | INFO     | ✅ [批改完成] ANS_CO_441 | 路由: BND | 最终分: 10.7 | 风险: P0.00/U0.02/F0.00/H0/L1 | 提取质量: 🟢high | 留白率: 0% | 低质量率: 0%
2026-06-28 07:23:39 | INFO     | 
🔍 [正在处理] ANS_CO_444 | 启动 3WD 流水线...
2026-06-28 07:23:39 | INFO     | 📢 [总进度] 44/47 份试卷已归档。
2026-06-28 07:23:50 | INFO     | ✅ [批改完成] ANS_CO_443 | 路由: BND | 最终分: 4.0 | 风险: P0.44/U0.00/F0.30/H0/L0 | 提取质量: 🟡low | 留白率: 56% | 低质量率: 0%
2026-06-28 07:23:50 | INFO     | 
🔍 [正在处理] ANS_CO_445 | 启动 3WD 流水线...
2026-06-28 07:23:50 | INFO     | 📢 [总进度] 45/47 份试卷已归档。
2026-06-28 07:24:53 | INFO     | ✅ [批改完成] ANS_CO_445 | 路由: BND | 最终分: 0 | 风险: P0.44/U0.00/F0.50/H0/L0 | 提取质量: 🟡low | 留白率: 56% | 低质量率: 0%
2026-06-28 07:24:53 | INFO     | 📢 [总进度] 46/47 份试卷已归档。
2026-06-28 07:25:22 | INFO     | ✅ [批改完成] ANS_CO_444 | 路由: BND | 最终分: 4.0 | 风险: P0.44/U0.00/F0.30/H0/L0 | 提取质量: 🟡low | 留白率: 56% | 低质量率: 0%
2026-06-28 07:25:22 | INFO     | 📢 [总进度] 47/47 份试卷已归档。
2026-06-28 07:25:22 | INFO     | 🗂️ 所有线程交卷完毕，正在整理数据... (共收集 47/47 份结果)
2026-06-28 07:25:22 | INFO     | 💾 正常批改结果已保存: /home/E125221219/projects/refgrader/results_runs/csbench_co1_co2_co3_co4_co5_co6_co7_full/CO_6_graded_results.json (47 人)
2026-06-28 07:25:22 | INFO     | ✅ 无拒绝域案例。
2026-06-28 07:25:22 | INFO     | [result consistency] CO_6: checkpoint=47, graded=47, rejected=0, failed=0, expected=47
2026-06-28 07:25:22 | INFO     | 
🚀 [标准模式] 开始处理: CO_7
2026-06-28 07:25:22 | INFO     | ⚡ 已加载本地标准: /home/E125221219/projects/refgrader/data/csbench/rubrics/optimized/CO/CO_7_rubric_standard.json
2026-06-28 07:25:22 | INFO     | [PaddleOCR] preparing 1/53 visual-answer cache entries...
2026-06-28 07:25:29 | INFO     | Initialize PaddleOCR | device=gpu:0 | lang=ch | pending=1/1
[1/1] completed: ANS_CO_472.jpg | tokens=13 | mean_conf=0.871359 | output=/home/E125221219/projects/refgrader/ocr_cache/csbench/CO_7/ANS_CO_472.json
summary: completed=1, skipped=0, failed=0
2026-06-28 07:25:45 | INFO     | ⚡ 脱敏清单已预生成，53 名学生共享复用。
2026-06-28 07:25:45 | INFO     | 🏃 开始批改 53 张试卷 (⚡ 开启多线程模式)...
2026-06-28 07:25:45 | INFO     | 
🔍 [正在处理] ANS_CO_447 | 启动 3WD 流水线...
2026-06-28 07:25:45 | INFO     | 
🔍 [正在处理] ANS_CO_448 | 启动 3WD 流水线...
2026-06-28 07:25:45 | INFO     | ⏳ [主线程] 已提交 53 个任务，等待结果回收...
2026-06-28 07:26:45 | INFO     | ✅ [批改完成] ANS_CO_448 | 路由: BND | 最终分: 8.5 | 风险: P0.00/U0.00/F0.00/H0/L0 | 提取质量: 🟢high | 留白率: 0% | 低质量率: 0%
2026-06-28 07:26:45 | INFO     | 
🔍 [正在处理] ANS_CO_449 | 启动 3WD 流水线...
2026-06-28 07:26:45 | INFO     | 📢 [总进度] 1/53 份试卷已归档。
2026-06-28 07:27:40 | INFO     | ✅ [批改完成] ANS_CO_447 | 路由: BND | 最终分: 8.2 | 风险: P0.00/U0.05/F0.00/H0/L0 | 提取质量: 🟢high | 留白率: 0% | 低质量率: 0%
2026-06-28 07:27:40 | INFO     | 
🔍 [正在处理] ANS_CO_450 | 启动 3WD 流水线...
2026-06-28 07:27:40 | INFO     | 📢 [总进度] 2/53 份试卷已归档。
2026-06-28 07:29:21 | INFO     | ✅ [批改完成] ANS_CO_449 | 路由: BND | 最终分: 2.7 | 风险: P0.00/U0.05/F0.40/H0/L1 | 提取质量: 🟢high | 留白率: 0% | 低质量率: 0%
2026-06-28 07:29:21 | INFO     | 
🔍 [正在处理] ANS_CO_451 | 启动 3WD 流水线...
2026-06-28 07:29:21 | INFO     | 📢 [总进度] 3/53 份试卷已归档。
2026-06-28 07:30:28 | INFO     | ✅ [批改完成] ANS_CO_451 | 路由: BND | 最终分: 8.5 | 风险: P0.00/U0.00/F0.00/H0/L0 | 提取质量: 🟢high | 留白率: 0% | 低质量率: 0%
2026-06-28 07:30:28 | INFO     | 
🔍 [正在处理] ANS_CO_452 | 启动 3WD 流水线...
2026-06-28 07:30:28 | INFO     | 📢 [总进度] 4/53 份试卷已归档。
2026-06-28 07:31:16 | INFO     | ✅ [批改完成] ANS_CO_450 | 路由: BND | 最终分: 3.8 | 风险: P0.00/U0.02/F0.20/H0/L1 | 提取质量: 🟢high | 留白率: 0% | 低质量率: 0%
2026-06-28 07:31:16 | INFO     | 
🔍 [正在处理] ANS_CO_454 | 启动 3WD 流水线...
2026-06-28 07:31:16 | INFO     | 📢 [总进度] 5/53 份试卷已归档。
2026-06-28 07:32:35 | INFO     | ✅ [批改完成] ANS_CO_452 | 路由: BND | 最终分: 8.5 | 风险: P0.00/U0.00/F0.00/H0/L0 | 提取质量: 🟢high | 留白率: 0% | 低质量率: 0%
2026-06-28 07:32:35 | INFO     | 
🔍 [正在处理] ANS_CO_455 | 启动 3WD 流水线...
2026-06-28 07:32:35 | INFO     | 📢 [总进度] 6/53 份试卷已归档。
2026-06-28 07:33:38 | INFO     | ✅ [批改完成] ANS_CO_454 | 路由: BND | 最终分: 3.7 | 风险: P0.00/U0.05/F0.40/H0/L1 | 提取质量: 🟢high | 留白率: 0% | 低质量率: 0%
2026-06-28 07:33:38 | INFO     | 
🔍 [正在处理] ANS_CO_456 | 启动 3WD 流水线...
2026-06-28 07:33:38 | INFO     | 📢 [总进度] 7/53 份试卷已归档。
2026-06-28 07:34:27 | INFO     | ✅ [批改完成] ANS_CO_456 | 路由: BND | 最终分: 8.5 | 风险: P0.00/U0.00/F0.00/H0/L0 | 提取质量: 🟢high | 留白率: 0% | 低质量率: 0%
2026-06-28 07:34:27 | INFO     | 
🔍 [正在处理] ANS_CO_460 | 启动 3WD 流水线...
2026-06-28 07:34:27 | INFO     | 📢 [总进度] 8/53 份试卷已归档。
2026-06-28 07:35:38 | INFO     | ✅ [批改完成] ANS_CO_460 | 路由: BND | 最终分: 8.5 | 风险: P0.00/U0.00/F0.00/H0/L0 | 提取质量: 🟢high | 留白率: 0% | 低质量率: 0%
2026-06-28 07:35:38 | INFO     | 
🔍 [正在处理] ANS_CO_461 | 启动 3WD 流水线...
2026-06-28 07:35:38 | INFO     | 📢 [总进度] 9/53 份试卷已归档。
2026-06-28 07:39:16 | INFO     | ✅ [批改完成] ANS_CO_455 | 路由: BND | 最终分: 3.0 | 风险: P0.00/U0.00/F0.70/H0/L1 | 提取质量: 🟢high | 留白率: 0% | 低质量率: 0%
2026-06-28 07:39:16 | INFO     | 
🔍 [正在处理] ANS_CO_462 | 启动 3WD 流水线...
2026-06-28 07:39:16 | INFO     | 📢 [总进度] 10/53 份试卷已归档。
2026-06-28 07:39:20 | INFO     | ✅ [批改完成] ANS_CO_461 | 路由: BND | 最终分: 7.5 | 风险: P0.00/U0.00/F0.00/H0/L0 | 提取质量: 🟢high | 留白率: 0% | 低质量率: 0%
2026-06-28 07:39:20 | INFO     | 
🔍 [正在处理] ANS_CO_465 | 启动 3WD 流水线...
2026-06-28 07:39:20 | INFO     | 📢 [总进度] 11/53 份试卷已归档。
2026-06-28 07:39:52 | INFO     | ✅ [批改完成] ANS_CO_462 | 路由: POS | 最终分: 10.0 | 风险: P0.00/U0.00/F0.00/H0/L0 | 提取质量: 🟢high | 留白率: 0% | 低质量率: 0%
2026-06-28 07:39:52 | INFO     | 
🔍 [正在处理] ANS_CO_466 | 启动 3WD 流水线...
2026-06-28 07:39:52 | INFO     | 📢 [总进度] 12/53 份试卷已归档。
2026-06-28 07:40:40 | INFO     | ✅ [批改完成] ANS_CO_466 | 路由: BND | 最终分: 8.5 | 风险: P0.00/U0.00/F0.00/H0/L0 | 提取质量: 🟢high | 留白率: 0% | 低质量率: 0%
2026-06-28 07:40:40 | INFO     | 
🔍 [正在处理] ANS_CO_467 | 启动 3WD 流水线...
2026-06-28 07:40:40 | INFO     | 📢 [总进度] 13/53 份试卷已归档。
2026-06-28 07:43:35 | INFO     | ✅ [批改完成] ANS_CO_465 | 路由: BND | 最终分: 8.0 | 风险: P0.00/U0.11/F0.00/H0/L0 | 提取质量: 🟢high | 留白率: 0% | 低质量率: 0%
2026-06-28 07:43:35 | INFO     | 
🔍 [正在处理] ANS_CO_468 | 启动 3WD 流水线...
2026-06-28 07:43:35 | INFO     | 📢 [总进度] 14/53 份试卷已归档。
2026-06-28 07:44:12 | INFO     | ✅ [批改完成] ANS_CO_467 | 路由: BND | 最终分: 8.3 | 风险: P0.00/U0.04/F0.00/H0/L0 | 提取质量: 🟢high | 留白率: 0% | 低质量率: 0%
2026-06-28 07:44:12 | INFO     | 
🔍 [正在处理] ANS_CO_469 | 启动 3WD 流水线...
2026-06-28 07:44:12 | INFO     | 📢 [总进度] 15/53 份试卷已归档。
2026-06-28 07:44:46 | INFO     | ✅ [批改完成] ANS_CO_468 | 路由: BND | 最终分: 10.0 | 风险: P0.00/U0.00/F0.00/H0/L0 | 提取质量: 🟢high | 留白率: 0% | 低质量率: 0%
2026-06-28 07:44:46 | INFO     | 
🔍 [正在处理] ANS_CO_470 | 启动 3WD 流水线...
2026-06-28 07:44:46 | INFO     | 📢 [总进度] 16/53 份试卷已归档。
2026-06-28 07:46:02 | INFO     | ✅ [批改完成] ANS_CO_470 | 路由: POS | 最终分: 10.0 | 风险: P0.00/U0.00/F0.00/H0/L0 | 提取质量: 🟢high | 留白率: 0% | 低质量率: 0%
2026-06-28 07:46:02 | INFO     | 
🔍 [正在处理] ANS_CO_472 | 启动 3WD 流水线...
2026-06-28 07:46:02 | INFO     | 📢 [总进度] 17/53 份试卷已归档。
2026-06-28 07:46:51 | INFO     | ✅ [批改完成] ANS_CO_469 | 路由: BND | 最终分: 8.5 | 风险: P0.00/U0.00/F0.00/H0/L0 | 提取质量: 🟢high | 留白率: 0% | 低质量率: 0%
2026-06-28 07:46:51 | INFO     | 
🔍 [正在处理] ANS_CO_476 | 启动 3WD 流水线...
2026-06-28 07:46:51 | INFO     | 📢 [总进度] 18/53 份试卷已归档。
2026-06-28 07:47:57 | INFO     | ✅ [批改完成] ANS_CO_476 | 路由: BND | 最终分: 8.5 | 风险: P0.00/U0.00/F0.00/H0/L0 | 提取质量: 🟢high | 留白率: 0% | 低质量率: 0%
2026-06-28 07:47:57 | INFO     | 
🔍 [正在处理] ANS_CO_477 | 启动 3WD 流水线...
2026-06-28 07:47:57 | INFO     | 📢 [总进度] 19/53 份试卷已归档。
2026-06-28 07:48:48 | INFO     | ✅ [批改完成] ANS_CO_472 | 路由: BND | 最终分: 3.3 | 风险: P0.00/U0.05/F0.40/H0/L1 | 提取质量: 🟢high | 留白率: 0% | 低质量率: 0%
2026-06-28 07:48:48 | INFO     | 
🔍 [正在处理] ANS_CO_478 | 启动 3WD 流水线...
2026-06-28 07:48:48 | INFO     | 📢 [总进度] 20/53 份试卷已归档。
2026-06-28 07:51:13 | INFO     | ✅ [批改完成] ANS_CO_477 | 路由: BND | 最终分: 3.2 | 风险: P0.00/U0.05/F0.40/H0/L1 | 提取质量: 🟢high | 留白率: 0% | 低质量率: 0%
2026-06-28 07:51:13 | INFO     | 
🔍 [正在处理] ANS_CO_479 | 启动 3WD 流水线...
2026-06-28 07:51:13 | INFO     | 📢 [总进度] 21/53 份试卷已归档。
2026-06-28 07:53:37 | INFO     | ✅ [批改完成] ANS_CO_479 | 路由: BND | 最终分: 3.3 | 风险: P0.00/U0.05/F0.40/H0/L1 | 提取质量: 🟢high | 留白率: 0% | 低质量率: 0%
2026-06-28 07:53:37 | INFO     | 
🔍 [正在处理] ANS_CO_480 | 启动 3WD 流水线...
2026-06-28 07:53:37 | INFO     | 📢 [总进度] 22/53 份试卷已归档。
2026-06-28 07:53:58 | INFO     | ✅ [批改完成] ANS_CO_478 | 路由: BND | 最终分: 3.7 | 风险: P0.00/U0.05/F0.40/H0/L1 | 提取质量: 🟢high | 留白率: 0% | 低质量率: 0%
2026-06-28 07:53:58 | INFO     | 
🔍 [正在处理] ANS_CO_481 | 启动 3WD 流水线...
2026-06-28 07:53:58 | INFO     | 📢 [总进度] 23/53 份试卷已归档。
2026-06-28 07:54:39 | INFO     | ✅ [批改完成] ANS_CO_480 | 路由: BND | 最终分: 0 | 风险: P0.80/U0.00/F0.00/H0/L0 | 提取质量: 🟡low | 留白率: 100% | 低质量率: 0%
2026-06-28 07:54:39 | INFO     | 
🔍 [正在处理] ANS_CO_482 | 启动 3WD 流水线...
2026-06-28 07:54:39 | INFO     | 📢 [总进度] 24/53 份试卷已归档。
2026-06-28 07:57:20 | INFO     | ✅ [批改完成] ANS_CO_482 | 路由: BND | 最终分: 4.3 | 风险: P0.00/U0.12/F0.40/H0/L1 | 提取质量: 🟢high | 留白率: 0% | 低质量率: 0%
2026-06-28 07:57:20 | INFO     | 
🔍 [正在处理] ANS_CO_483 | 启动 3WD 流水线...
2026-06-28 07:57:20 | INFO     | 📢 [总进度] 25/53 份试卷已归档。
2026-06-28 07:57:36 | INFO     | ✅ [批改完成] ANS_CO_481 | 路由: BND | 最终分: 3.0 | 风险: P0.00/U0.08/F0.40/H0/L1 | 提取质量: 🟢high | 留白率: 0% | 低质量率: 0%
2026-06-28 07:57:36 | INFO     | 
🔍 [正在处理] ANS_CO_484 | 启动 3WD 流水线...
2026-06-28 07:57:36 | INFO     | 📢 [总进度] 26/53 份试卷已归档。
2026-06-28 07:58:32 | INFO     | ✅ [批改完成] ANS_CO_484 | 路由: BND | 最终分: 8.5 | 风险: P0.00/U0.00/F0.00/H0/L0 | 提取质量: 🟢high | 留白率: 0% | 低质量率: 0%
2026-06-28 07:58:32 | INFO     | 
🔍 [正在处理] ANS_CO_485 | 启动 3WD 流水线...
2026-06-28 07:58:32 | INFO     | 📢 [总进度] 27/53 份试卷已归档。
2026-06-28 07:59:29 | INFO     | ✅ [批改完成] ANS_CO_483 | 路由: BND | 最终分: 1.7 | 风险: P0.00/U0.12/F0.40/H0/L1 | 提取质量: 🟢high | 留白率: 0% | 低质量率: 0%
2026-06-28 07:59:29 | INFO     | 
🔍 [正在处理] ANS_CO_486 | 启动 3WD 流水线...
2026-06-28 07:59:29 | INFO     | 📢 [总进度] 28/53 份试卷已归档。
2026-06-28 08:00:27 | INFO     | ✅ [批改完成] ANS_CO_486 | 路由: BND | 最终分: 8.5 | 风险: P0.00/U0.00/F0.00/H0/L0 | 提取质量: 🟢high | 留白率: 0% | 低质量率: 0%
2026-06-28 08:00:27 | INFO     | 
🔍 [正在处理] ANS_CO_487 | 启动 3WD 流水线...
2026-06-28 08:00:27 | INFO     | 📢 [总进度] 29/53 份试卷已归档。
2026-06-28 08:01:06 | INFO     | ✅ [批改完成] ANS_CO_485 | 路由: BND | 最终分: 3.7 | 风险: P0.00/U0.05/F0.40/H0/L1 | 提取质量: 🟢high | 留白率: 0% | 低质量率: 0%
2026-06-28 08:01:06 | INFO     | 
🔍 [正在处理] ANS_CO_488 | 启动 3WD 流水线...
2026-06-28 08:01:06 | INFO     | 📢 [总进度] 30/53 份试卷已归档。
2026-06-28 08:01:47 | INFO     | ✅ [批改完成] ANS_CO_487 | 路由: BND | 最终分: 8.5 | 风险: P0.00/U0.00/F0.00/H0/L0 | 提取质量: 🟢high | 留白率: 0% | 低质量率: 0%
2026-06-28 08:01:47 | INFO     | 
🔍 [正在处理] ANS_CO_489 | 启动 3WD 流水线...
2026-06-28 08:01:47 | INFO     | 📢 [总进度] 31/53 份试卷已归档。
2026-06-28 08:02:27 | INFO     | ✅ [批改完成] ANS_CO_488 | 路由: BND | 最终分: 8.5 | 风险: P0.00/U0.00/F0.00/H0/L0 | 提取质量: 🟢high | 留白率: 0% | 低质量率: 0%
2026-06-28 08:02:27 | INFO     | 
🔍 [正在处理] ANS_CO_490 | 启动 3WD 流水线...
2026-06-28 08:02:27 | INFO     | 📢 [总进度] 32/53 份试卷已归档。
2026-06-28 08:03:32 | INFO     | ✅ [批改完成] ANS_CO_490 | 路由: BND | 最终分: 8.5 | 风险: P0.00/U0.00/F0.00/H0/L0 | 提取质量: 🟢high | 留白率: 0% | 低质量率: 0%
2026-06-28 08:03:32 | INFO     | 
🔍 [正在处理] ANS_CO_491 | 启动 3WD 流水线...
2026-06-28 08:03:32 | INFO     | 📢 [总进度] 33/53 份试卷已归档。
2026-06-28 08:04:20 | INFO     | ✅ [批改完成] ANS_CO_491 | 路由: BND | 最终分: 8.5 | 风险: P0.00/U0.00/F0.00/H0/L0 | 提取质量: 🟢high | 留白率: 0% | 低质量率: 0%
2026-06-28 08:04:20 | INFO     | 
🔍 [正在处理] ANS_CO_492 | 启动 3WD 流水线...
2026-06-28 08:04:20 | INFO     | 📢 [总进度] 34/53 份试卷已归档。
2026-06-28 08:04:27 | INFO     | ✅ [批改完成] ANS_CO_489 | 路由: BND | 最终分: 6.0 | 风险: P0.00/U0.07/F0.20/H0/L1 | 提取质量: 🟢high | 留白率: 0% | 低质量率: 0%
2026-06-28 08:04:27 | INFO     | 
🔍 [正在处理] ANS_CO_493 | 启动 3WD 流水线...
2026-06-28 08:04:27 | INFO     | 📢 [总进度] 35/53 份试卷已归档。
2026-06-28 08:05:34 | INFO     | ✅ [批改完成] ANS_CO_492 | 路由: BND | 最终分: 10.0 | 风险: P0.00/U0.00/F0.00/H0/L0 | 提取质量: 🟢high | 留白率: 0% | 低质量率: 0%
2026-06-28 08:05:34 | INFO     | 
🔍 [正在处理] ANS_CO_496 | 启动 3WD 流水线...
2026-06-28 08:05:34 | INFO     | 📢 [总进度] 36/53 份试卷已归档。
2026-06-28 08:06:15 | INFO     | ✅ [批改完成] ANS_CO_496 | 路由: POS | 最终分: 10.0 | 风险: P0.00/U0.00/F0.00/H0/L0 | 提取质量: 🟢high | 留白率: 0% | 低质量率: 0%
2026-06-28 08:06:15 | INFO     | 
🔍 [正在处理] ANS_CO_499 | 启动 3WD 流水线...
2026-06-28 08:06:15 | INFO     | 📢 [总进度] 37/53 份试卷已归档。
2026-06-28 08:06:44 | INFO     | ✅ [批改完成] ANS_CO_493 | 路由: BND | 最终分: 1.3 | 风险: P0.00/U0.09/F0.40/H0/L1 | 提取质量: 🟢high | 留白率: 0% | 低质量率: 0%
2026-06-28 08:06:44 | INFO     | 
🔍 [正在处理] ANS_CO_501 | 启动 3WD 流水线...
2026-06-28 08:06:44 | INFO     | 📢 [总进度] 38/53 份试卷已归档。
2026-06-28 08:07:20 | INFO     | ✅ [批改完成] ANS_CO_499 | 路由: BND | 最终分: 8.5 | 风险: P0.00/U0.00/F0.00/H0/L0 | 提取质量: 🟢high | 留白率: 0% | 低质量率: 0%
2026-06-28 08:07:20 | INFO     | 
🔍 [正在处理] ANS_CO_502 | 启动 3WD 流水线...
2026-06-28 08:07:20 | INFO     | 📢 [总进度] 39/53 份试卷已归档。
2026-06-28 08:07:49 | INFO     | ✅ [批改完成] ANS_CO_501 | 路由: BND | 最终分: 8.5 | 风险: P0.00/U0.00/F0.00/H0/L0 | 提取质量: 🟢high | 留白率: 0% | 低质量率: 0%
2026-06-28 08:07:49 | INFO     | 
🔍 [正在处理] ANS_CO_504 | 启动 3WD 流水线...
2026-06-28 08:07:49 | INFO     | 📢 [总进度] 40/53 份试卷已归档。
2026-06-28 08:09:11 | INFO     | ✅ [批改完成] ANS_CO_504 | 路由: BND | 最终分: 8.5 | 风险: P0.00/U0.00/F0.00/H0/L0 | 提取质量: 🟢high | 留白率: 0% | 低质量率: 0%
2026-06-28 08:09:11 | INFO     | 
🔍 [正在处理] ANS_CO_505 | 启动 3WD 流水线...
2026-06-28 08:09:11 | INFO     | 📢 [总进度] 41/53 份试卷已归档。
2026-06-28 08:10:13 | INFO     | ✅ [批改完成] ANS_CO_502 | 路由: BND | 最终分: 3.3 | 风险: P0.00/U0.05/F0.40/H0/L1 | 提取质量: 🟢high | 留白率: 0% | 低质量率: 0%
2026-06-28 08:10:13 | INFO     | 
🔍 [正在处理] ANS_CO_506 | 启动 3WD 流水线...
2026-06-28 08:10:13 | INFO     | 📢 [总进度] 42/53 份试卷已归档。
2026-06-28 08:11:24 | INFO     | ✅ [批改完成] ANS_CO_505 | 路由: BND | 最终分: 5.0 | 风险: P0.00/U0.14/F0.40/H0/L1 | 提取质量: 🟢high | 留白率: 0% | 低质量率: 0%
2026-06-28 08:11:24 | INFO     | 
🔍 [正在处理] ANS_CO_507 | 启动 3WD 流水线...
2026-06-28 08:11:24 | INFO     | 📢 [总进度] 43/53 份试卷已归档。
2026-06-28 08:12:06 | INFO     | ✅ [批改完成] ANS_CO_507 | 路由: BND | 最终分: 8.5 | 风险: P0.00/U0.00/F0.00/H0/L0 | 提取质量: 🟢high | 留白率: 0% | 低质量率: 0%
2026-06-28 08:12:06 | INFO     | 
🔍 [正在处理] ANS_CO_508 | 启动 3WD 流水线...
2026-06-28 08:12:06 | INFO     | 📢 [总进度] 44/53 份试卷已归档。
2026-06-28 08:12:48 | INFO     | ✅ [批改完成] ANS_CO_506 | 路由: BND | 最终分: 2.3 | 风险: P0.00/U0.05/F0.40/H0/L1 | 提取质量: 🟢high | 留白率: 0% | 低质量率: 0%
2026-06-28 08:12:48 | INFO     | 
🔍 [正在处理] ANS_CO_509 | 启动 3WD 流水线...
2026-06-28 08:12:48 | INFO     | 📢 [总进度] 45/53 份试卷已归档。
2026-06-28 08:13:07 | INFO     | ✅ [批改完成] ANS_CO_508 | 路由: BND | 最终分: 8.5 | 风险: P0.00/U0.00/F0.00/H0/L0 | 提取质量: 🟢high | 留白率: 0% | 低质量率: 0%
2026-06-28 08:13:07 | INFO     | 
🔍 [正在处理] ANS_CO_510 | 启动 3WD 流水线...
2026-06-28 08:13:07 | INFO     | 📢 [总进度] 46/53 份试卷已归档。
2026-06-28 08:14:05 | INFO     | ✅ [批改完成] ANS_CO_510 | 路由: BND | 最终分: 8.5 | 风险: P0.00/U0.00/F0.00/H0/L0 | 提取质量: 🟢high | 留白率: 0% | 低质量率: 0%
2026-06-28 08:14:05 | INFO     | 
🔍 [正在处理] ANS_CO_511 | 启动 3WD 流水线...
2026-06-28 08:14:05 | INFO     | 📢 [总进度] 47/53 份试卷已归档。
2026-06-28 08:15:09 | INFO     | ✅ [批改完成] ANS_CO_509 | 路由: BND | 最终分: 5.3 | 风险: P0.00/U0.05/F0.20/H0/L1 | 提取质量: 🟢high | 留白率: 0% | 低质量率: 0%
2026-06-28 08:15:09 | INFO     | 
🔍 [正在处理] ANS_CO_512 | 启动 3WD 流水线...
2026-06-28 08:15:09 | INFO     | 📢 [总进度] 48/53 份试卷已归档。
2026-06-28 08:15:57 | INFO     | ✅ [批改完成] ANS_CO_512 | 路由: BND | 最终分: 8.5 | 风险: P0.00/U0.00/F0.00/H0/L0 | 提取质量: 🟢high | 留白率: 0% | 低质量率: 0%
2026-06-28 08:15:57 | INFO     | 
🔍 [正在处理] ANS_CO_513 | 启动 3WD 流水线...
2026-06-28 08:15:57 | INFO     | 📢 [总进度] 49/53 份试卷已归档。
2026-06-28 08:16:51 | INFO     | ✅ [批改完成] ANS_CO_511 | 路由: BND | 最终分: 1.7 | 风险: P0.00/U0.12/F0.40/H0/L1 | 提取质量: 🟢high | 留白率: 0% | 低质量率: 0%
2026-06-28 08:16:51 | INFO     | 
🔍 [正在处理] ANS_CO_514 | 启动 3WD 流水线...
2026-06-28 08:16:51 | INFO     | 📢 [总进度] 50/53 份试卷已归档。
2026-06-28 08:16:55 | INFO     | ✅ [批改完成] ANS_CO_513 | 路由: BND | 最终分: 8.5 | 风险: P0.00/U0.00/F0.00/H0/L0 | 提取质量: 🟢high | 留白率: 0% | 低质量率: 0%
2026-06-28 08:16:55 | INFO     | 
🔍 [正在处理] ANS_CO_515 | 启动 3WD 流水线...
2026-06-28 08:16:55 | INFO     | 📢 [总进度] 51/53 份试卷已归档。
2026-06-28 08:17:34 | INFO     | ✅ [批改完成] ANS_CO_515 | 路由: BND | 最终分: 8.5 | 风险: P0.00/U0.00/F0.00/H0/L0 | 提取质量: 🟢high | 留白率: 0% | 低质量率: 0%
2026-06-28 08:17:34 | INFO     | 📢 [总进度] 52/53 份试卷已归档。
2026-06-28 08:18:02 | INFO     | ✅ [批改完成] ANS_CO_514 | 路由: POS | 最终分: 6.0 | 风险: P0.00/U0.00/F0.40/H0/L1 | 提取质量: 🟢high | 留白率: 0% | 低质量率: 0%
2026-06-28 08:18:02 | INFO     | 📢 [总进度] 53/53 份试卷已归档。
2026-06-28 08:18:03 | INFO     | 🗂️ 所有线程交卷完毕，正在整理数据... (共收集 53/53 份结果)
2026-06-28 08:18:03 | INFO     | 💾 正常批改结果已保存: /home/E125221219/projects/refgrader/results_runs/csbench_co1_co2_co3_co4_co5_co6_co7_full/CO_7_graded_results.json (53 人)
2026-06-28 08:18:03 | INFO     | ✅ 无拒绝域案例。
2026-06-28 08:18:03 | INFO     | [result consistency] CO_7: checkpoint=53, graded=53, rejected=0, failed=0, expected=53
2026-06-28 08:18:03 | INFO     | 
🏆 任务完成！
