2026-07-27 07:32:57 | INFO     | ==================================================
2026-07-27 07:32:57 | INFO     | 📂 正在加载试卷数据库...
2026-07-27 07:32:57 | INFO     |    运行模式: FULL
2026-07-27 07:32:57 | INFO     |    题目范围: ['ISC_1', 'ISC_2', 'ISC_3', 'ISC_4', 'ISC_5', 'ISC_6', 'ISC_7', 'ISC_8', 'ISC_9']
2026-07-27 07:32:57 | INFO     |    文本模型: glm5 -> glm-5.2 (thinking=disabled)
2026-07-27 07:32:57 | INFO     |    提取后端: csbench_hybrid
2026-07-27 07:32:57 | INFO     |    题库文件: D:\users\王鑫020420\Desktop\refgrader-main\data\csbench\exam_database.json
2026-07-27 07:32:57 | INFO     |    教师分文件: D:\users\王鑫020420\Desktop\refgrader-main\data\csbench\teacher_scores.json
2026-07-27 07:32:57 | INFO     |    Sample quality policy: raw (mode=raw, excluded=0, corrected=0)
2026-07-27 07:32:57 | INFO     |    答案元数据: D:\users\王鑫020420\Desktop\refgrader-main\data\csbench\answer_metadata.jsonl
2026-07-27 07:32:57 | INFO     |    并发数:   2
2026-07-27 07:32:57 | INFO     |    结果目录: D:\users\王鑫020420\Desktop\refgrader-main\results_runs\csbench_isc1_isc2_isc3_isc4_isc5_isc6_isc7_isc8_isc9_all\runs\teacher_audit_isc_1_9_20260725_192008
2026-07-27 07:32:57 | INFO     |    Rubric目录: D:\users\王鑫020420\Desktop\refgrader-main\data\csbench\rubrics\optimized
2026-07-27 07:32:57 | INFO     |    初始Rubric目录: D:\users\王鑫020420\Desktop\refgrader-main\data\csbench\rubrics\initial
2026-07-27 07:32:57 | INFO     |    允许回退初始Rubric: False
2026-07-27 07:32:57 | INFO     |    进度文件: D:\users\王鑫020420\Desktop\refgrader-main\results_runs\csbench_isc1_isc2_isc3_isc4_isc5_isc6_isc7_isc8_isc9_all\runs\teacher_audit_isc_1_9_20260725_192008\progress.json
2026-07-27 07:32:57 | INFO     |    日志文件: logs\experiment_teacher_audit_isc_1_9_20260725_192008.log
2026-07-27 07:32:57 | INFO     | 🚀 当前处于【精准批改模式】
2026-07-27 07:32:57 | INFO     | 
🚀 [标准模式] 开始处理: ISC_1
2026-07-27 07:32:57 | INFO     | ⚡ 已加载本地标准: D:\users\王鑫020420\Desktop\refgrader-main\data\csbench\rubrics\optimized\ISC\ISC_1_rubric_standard.json
2026-07-27 07:33:01 | INFO     | ⚡ 脱敏清单已预生成，70 名学生共享复用。
2026-07-27 07:33:01 | INFO     | 🏃 开始批改 70 张试卷 (⚡ 开启多线程模式)...
2026-07-27 07:33:01 | INFO     | ⏳ [主线程] 已提交 70 个任务，等待结果回收...
2026-07-27 07:33:01 | INFO     | 📦 成功加载教师真实成绩单数据库！共包含 3326 名考生的数据。
2026-07-27 07:33:01 | INFO     | 📦 成功加载教师真实成绩单数据库！共包含 3326 名考生的数据。
2026-07-27 07:33:01 | INFO     | 
🔍 [正在处理] ANS_ISC_386 | 启动 3WD 流水线...
2026-07-27 07:33:02 | INFO     | [metadata] loaded 3326 answer records from D:\users\王鑫020420\Desktop\refgrader-main\data\csbench\answer_metadata.jsonl
2026-07-27 07:33:02 | INFO     | 
🔍 [正在处理] ANS_ISC_387 | 启动 3WD 流水线...
2026-07-27 07:33:29 | INFO     | ✅ [批改完成] ANS_ISC_387 | 路由: BND | 最终分: 3.1 | 风险: P0.27/U0.03/F0.00/H0/L0 | 提取质量: 🟢high | 留白率: 33% | 低质量率: 0%
2026-07-27 07:33:29 | INFO     | 
🔍 [正在处理] ANS_ISC_388 | 启动 3WD 流水线...
2026-07-27 07:33:29 | INFO     | 📢 [总进度] 1/70 份试卷已归档。
2026-07-27 07:33:45 | INFO     | ✅ [批改完成] ANS_ISC_386 | 路由: BND | 最终分: 4.4 | 风险: P0.00/U0.10/F0.00/H0/L0 | 提取质量: 🟢high | 留白率: 0% | 低质量率: 0%
2026-07-27 07:33:45 | INFO     | 
🔍 [正在处理] ANS_ISC_389 | 启动 3WD 流水线...
2026-07-27 07:33:45 | INFO     | 📢 [总进度] 2/70 份试卷已归档。
2026-07-27 07:34:06 | INFO     | ✅ [批改完成] ANS_ISC_388 | 路由: BND | 最终分: 1.1 | 风险: P0.27/U0.16/F0.33/H0/L1 | 提取质量: 🟢high | 留白率: 33% | 低质量率: 0%
2026-07-27 07:34:06 | INFO     | 
🔍 [正在处理] ANS_ISC_390 | 启动 3WD 流水线...
2026-07-27 07:34:06 | INFO     | 📢 [总进度] 3/70 份试卷已归档。
2026-07-27 07:34:13 | INFO     | ✅ [批改完成] ANS_ISC_389 | 路由: BND | 最终分: 1.0 | 风险: P0.53/U0.00/F0.00/H0/L0 | 提取质量: 🟡low | 留白率: 67% | 低质量率: 0%
2026-07-27 07:34:13 | INFO     | 
🔍 [正在处理] ANS_ISC_391 | 启动 3WD 流水线...
2026-07-27 07:34:13 | INFO     | 📢 [总进度] 4/70 份试卷已归档。
2026-07-27 07:34:31 | INFO     | ✅ [批改完成] ANS_ISC_390 | 路由: BND | 最终分: 0.9 | 风险: P0.53/U0.02/F0.00/H0/L0 | 提取质量: 🟡low | 留白率: 67% | 低质量率: 0%
2026-07-27 07:34:31 | INFO     | 
🔍 [正在处理] ANS_ISC_392 | 启动 3WD 流水线...
2026-07-27 07:34:31 | INFO     | 📢 [总进度] 5/70 份试卷已归档。
2026-07-27 07:34:45 | INFO     | ✅ [批改完成] ANS_ISC_391 | 路由: BND | 最终分: 0.2 | 风险: P0.53/U0.05/F0.00/H0/L0 | 提取质量: 🟡low | 留白率: 67% | 低质量率: 0%
2026-07-27 07:34:45 | INFO     | 
🔍 [正在处理] ANS_ISC_394 | 启动 3WD 流水线...
2026-07-27 07:34:45 | INFO     | 📢 [总进度] 6/70 份试卷已归档。
2026-07-27 07:34:59 | INFO     | ✅ [批改完成] ANS_ISC_392 | 路由: BND | 最终分: 0 | 风险: P0.53/U0.00/F0.33/H0/L0 | 提取质量: 🟡low | 留白率: 67% | 低质量率: 0%
2026-07-27 07:34:59 | INFO     | 
🔍 [正在处理] ANS_ISC_395 | 启动 3WD 流水线...
2026-07-27 07:34:59 | INFO     | 📢 [总进度] 7/70 份试卷已归档。
2026-07-27 07:35:10 | INFO     | ✅ [批改完成] ANS_ISC_394 | 路由: POS | 最终分: 2.6 | 风险: P0.00/U0.02/F0.00/H0/L1 | 提取质量: 🟢high | 留白率: 0% | 低质量率: 0%
2026-07-27 07:35:10 | INFO     | 
🔍 [正在处理] ANS_ISC_396 | 启动 3WD 流水线...
2026-07-27 07:35:10 | INFO     | 📢 [总进度] 8/70 份试卷已归档。
2026-07-27 07:35:32 | INFO     | ✅ [批改完成] ANS_ISC_395 | 路由: BND | 最终分: 0.3 | 风险: P0.27/U0.08/F0.67/H0/L1 | 提取质量: 🟢high | 留白率: 33% | 低质量率: 0%
2026-07-27 07:35:32 | INFO     | 
🔍 [正在处理] ANS_ISC_397 | 启动 3WD 流水线...
2026-07-27 07:35:32 | INFO     | 📢 [总进度] 9/70 份试卷已归档。
2026-07-27 07:35:34 | INFO     | ✅ [批改完成] ANS_ISC_396 | 路由: POS | 最终分: 3.2 | 风险: P0.00/U0.02/F0.00/H0/L0 | 提取质量: 🟢high | 留白率: 0% | 低质量率: 0%
2026-07-27 07:35:34 | INFO     | 
🔍 [正在处理] ANS_ISC_398 | 启动 3WD 流水线...
2026-07-27 07:35:34 | INFO     | 📢 [总进度] 10/70 份试卷已归档。
2026-07-27 07:35:56 | INFO     | ✅ [批改完成] ANS_ISC_397 | 路由: BND | 最终分: 0 | 风险: P0.27/U0.00/F0.67/H0/L1 | 提取质量: 🟢high | 留白率: 33% | 低质量率: 0%
2026-07-27 07:35:56 | INFO     | 
🔍 [正在处理] ANS_ISC_399 | 启动 3WD 流水线...
2026-07-27 07:35:56 | INFO     | 📢 [总进度] 11/70 份试卷已归档。
2026-07-27 07:35:58 | INFO     | ✅ [批改完成] ANS_ISC_398 | 路由: NEG | 最终分: 0 | 风险: P0.80/U0.00/F0.00/H0/L0 | 提取质量: 🟡low | 留白率: 100% | 低质量率: 0%
2026-07-27 07:35:58 | INFO     | 
🔍 [正在处理] ANS_ISC_400 | 启动 3WD 流水线...
2026-07-27 07:35:58 | INFO     | 📢 [总进度] 12/70 份试卷已归档 [NEG-拒绝]。
2026-07-27 07:36:22 | INFO     | ✅ [批改完成] ANS_ISC_399 | 路由: BND | 最终分: 2.6 | 风险: P0.27/U0.02/F0.00/H0/L1 | 提取质量: 🟢high | 留白率: 33% | 低质量率: 0%
2026-07-27 07:36:22 | INFO     | 
🔍 [正在处理] ANS_ISC_401 | 启动 3WD 流水线...
2026-07-27 07:36:22 | INFO     | 📢 [总进度] 13/70 份试卷已归档。
2026-07-27 07:36:24 | INFO     | ✅ [批改完成] ANS_ISC_400 | 路由: BND | 最终分: 4.2 | 风险: P0.00/U0.18/F0.00/H0/L0 | 提取质量: 🟢high | 留白率: 0% | 低质量率: 0%
2026-07-27 07:36:24 | INFO     | 
🔍 [正在处理] ANS_ISC_402 | 启动 3WD 流水线...
2026-07-27 07:36:24 | INFO     | 📢 [总进度] 14/70 份试卷已归档。
2026-07-27 07:36:50 | INFO     | ✅ [批改完成] ANS_ISC_401 | 路由: BND | 最终分: 1.0 | 风险: P0.27/U0.00/F0.33/H0/L1 | 提取质量: 🟢high | 留白率: 33% | 低质量率: 0%
2026-07-27 07:36:50 | INFO     | 
🔍 [正在处理] ANS_ISC_403 | 启动 3WD 流水线...
2026-07-27 07:36:50 | INFO     | 📢 [总进度] 15/70 份试卷已归档。
2026-07-27 07:37:12 | INFO     | ✅ [批改完成] ANS_ISC_402 | 路由: BND | 最终分: 0 | 风险: P0.53/U0.00/F0.00/H0/L0 | 提取质量: 🟡low | 留白率: 67% | 低质量率: 0%
2026-07-27 07:37:12 | INFO     | 
🔍 [正在处理] ANS_ISC_404 | 启动 3WD 流水线...
2026-07-27 07:37:12 | INFO     | 📢 [总进度] 16/70 份试卷已归档。
2026-07-27 07:37:18 | INFO     | ✅ [批改完成] ANS_ISC_403 | 路由: BND | 最终分: 0 | 风险: P0.53/U0.00/F0.33/H0/L0 | 提取质量: 🟡low | 留白率: 67% | 低质量率: 0%
2026-07-27 07:37:18 | INFO     | 
🔍 [正在处理] ANS_ISC_405 | 启动 3WD 流水线...
2026-07-27 07:37:18 | INFO     | 📢 [总进度] 17/70 份试卷已归档。
2026-07-27 07:37:43 | INFO     | ✅ [批改完成] ANS_ISC_404 | 路由: BND | 最终分: 1.7 | 风险: P0.27/U0.02/F0.00/H0/L1 | 提取质量: 🟢high | 留白率: 33% | 低质量率: 0%
2026-07-27 07:37:43 | INFO     | 
🔍 [正在处理] ANS_ISC_406 | 启动 3WD 流水线...
2026-07-27 07:37:43 | INFO     | 📢 [总进度] 18/70 份试卷已归档。
2026-07-27 07:37:48 | INFO     | ✅ [批改完成] ANS_ISC_405 | 路由: BND | 最终分: 0.8 | 风险: P0.27/U0.04/F0.33/H0/L1 | 提取质量: 🟢high | 留白率: 33% | 低质量率: 0%
2026-07-27 07:37:48 | INFO     | 
🔍 [正在处理] ANS_ISC_407 | 启动 3WD 流水线...
2026-07-27 07:37:48 | INFO     | 📢 [总进度] 19/70 份试卷已归档。
2026-07-27 07:38:17 | INFO     | ✅ [批改完成] ANS_ISC_406 | 路由: BND | 最终分: 0.8 | 风险: P0.27/U0.00/F0.33/H0/L1 | 提取质量: 🟢high | 留白率: 33% | 低质量率: 0%
2026-07-27 07:38:17 | INFO     | 
🔍 [正在处理] ANS_ISC_408 | 启动 3WD 流水线...
2026-07-27 07:38:17 | INFO     | 📢 [总进度] 20/70 份试卷已归档。
2026-07-27 07:38:25 | INFO     | ✅ [批改完成] ANS_ISC_407 | 路由: BND | 最终分: 1.56 | 风险: P0.27/U0.07/F0.00/H0/L1 | 提取质量: 🟢high | 留白率: 33% | 低质量率: 0%
2026-07-27 07:38:25 | INFO     | 
🔍 [正在处理] ANS_ISC_409 | 启动 3WD 流水线...
2026-07-27 07:38:25 | INFO     | 📢 [总进度] 21/70 份试卷已归档。
2026-07-27 07:38:37 | INFO     | ✅ [批改完成] ANS_ISC_408 | 路由: NEG | 最终分: 0 | 风险: P0.80/U0.00/F0.00/H0/L0 | 提取质量: 🟡low | 留白率: 100% | 低质量率: 0%
2026-07-27 07:38:37 | INFO     | 
🔍 [正在处理] ANS_ISC_410 | 启动 3WD 流水线...
2026-07-27 07:38:37 | INFO     | 📢 [总进度] 22/70 份试卷已归档 [NEG-拒绝]。
2026-07-27 07:39:03 | INFO     | ✅ [批改完成] ANS_ISC_409 | 路由: BND | 最终分: 3.3 | 风险: P0.27/U0.00/F0.00/H0/L0 | 提取质量: 🟢high | 留白率: 33% | 低质量率: 0%
2026-07-27 07:39:03 | INFO     | 
🔍 [正在处理] ANS_ISC_411 | 启动 3WD 流水线...
2026-07-27 07:39:03 | INFO     | 📢 [总进度] 23/70 份试卷已归档。
2026-07-27 07:39:12 | INFO     | ✅ [批改完成] ANS_ISC_410 | 路由: BND | 最终分: 1.2 | 风险: P0.27/U0.07/F0.00/H0/L1 | 提取质量: 🟢high | 留白率: 33% | 低质量率: 0%
2026-07-27 07:39:12 | INFO     | 
🔍 [正在处理] ANS_ISC_412 | 启动 3WD 流水线...
2026-07-27 07:39:12 | INFO     | 📢 [总进度] 24/70 份试卷已归档。
2026-07-27 07:39:38 | INFO     | ✅ [批改完成] ANS_ISC_412 | 路由: NEG | 最终分: 0.5 | 风险: P0.53/U0.07/F0.00/H0/L0 | 提取质量: 🟡low | 留白率: 67% | 低质量率: 0%
2026-07-27 07:39:38 | INFO     | 
🔍 [正在处理] ANS_ISC_413 | 启动 3WD 流水线...
2026-07-27 07:39:38 | INFO     | 📢 [总进度] 25/70 份试卷已归档 [NEG-拒绝]。
2026-07-27 07:39:44 | INFO     | ✅ [批改完成] ANS_ISC_411 | 路由: BND | 最终分: 3.1 | 风险: P0.27/U0.08/F0.00/H0/L0 | 提取质量: 🟢high | 留白率: 33% | 低质量率: 0%
2026-07-27 07:39:44 | INFO     | 
🔍 [正在处理] ANS_ISC_414 | 启动 3WD 流水线...
2026-07-27 07:39:44 | INFO     | 📢 [总进度] 26/70 份试卷已归档。
2026-07-27 07:39:57 | INFO     | ✅ [批改完成] ANS_ISC_413 | 路由: NEG | 最终分: 0 | 风险: P0.80/U0.00/F0.00/H0/L0 | 提取质量: 🟡low | 留白率: 100% | 低质量率: 0%
2026-07-27 07:39:57 | INFO     | 
🔍 [正在处理] ANS_ISC_416 | 启动 3WD 流水线...
2026-07-27 07:39:57 | INFO     | 📢 [总进度] 27/70 份试卷已归档 [NEG-拒绝]。
2026-07-27 07:40:17 | INFO     | ✅ [批改完成] ANS_ISC_414 | 路由: BND | 最终分: 0.9 | 风险: P0.27/U0.02/F0.33/H0/L1 | 提取质量: 🟢high | 留白率: 33% | 低质量率: 0%
2026-07-27 07:40:17 | INFO     | 
🔍 [正在处理] ANS_ISC_419 | 启动 3WD 流水线...
2026-07-27 07:40:17 | INFO     | 📢 [总进度] 28/70 份试卷已归档。
2026-07-27 07:40:25 | INFO     | ✅ [批改完成] ANS_ISC_416 | 路由: BND | 最终分: 1.2 | 风险: P0.27/U0.07/F0.33/H0/L1 | 提取质量: 🟢high | 留白率: 33% | 低质量率: 0%
2026-07-27 07:40:25 | INFO     | 
🔍 [正在处理] ANS_ISC_420 | 启动 3WD 流水线...
2026-07-27 07:40:25 | INFO     | 📢 [总进度] 29/70 份试卷已归档。
2026-07-27 07:40:44 | INFO     | ✅ [批改完成] ANS_ISC_419 | 路由: BND | 最终分: 2.6 | 风险: P0.27/U0.02/F0.00/H0/L1 | 提取质量: 🟢high | 留白率: 33% | 低质量率: 0%
2026-07-27 07:40:44 | INFO     | 
🔍 [正在处理] ANS_ISC_421 | 启动 3WD 流水线...
2026-07-27 07:40:44 | INFO     | 📢 [总进度] 30/70 份试卷已归档。
2026-07-27 07:40:45 | INFO     | ✅ [批改完成] ANS_ISC_420 | 路由: NEG | 最终分: 0.5 | 风险: P0.53/U0.08/F0.00/H0/L0 | 提取质量: 🟡low | 留白率: 67% | 低质量率: 0%
2026-07-27 07:40:45 | INFO     | 
🔍 [正在处理] ANS_ISC_422 | 启动 3WD 流水线...
2026-07-27 07:40:45 | INFO     | 📢 [总进度] 31/70 份试卷已归档 [NEG-拒绝]。
2026-07-27 07:41:03 | INFO     | ✅ [批改完成] ANS_ISC_421 | 路由: NEG | 最终分: 1.2 | 风险: P0.53/U0.07/F0.00/H0/L0 | 提取质量: 🟡low | 留白率: 67% | 低质量率: 0%
2026-07-27 07:41:03 | INFO     | 
🔍 [正在处理] ANS_ISC_423 | 启动 3WD 流水线...
2026-07-27 07:41:03 | INFO     | 📢 [总进度] 32/70 份试卷已归档 [NEG-拒绝]。
2026-07-27 07:41:13 | INFO     | ✅ [批改完成] ANS_ISC_422 | 路由: BND | 最终分: 1.7 | 风险: P0.53/U0.00/F0.00/H0/L0 | 提取质量: 🟡low | 留白率: 67% | 低质量率: 0%
2026-07-27 07:41:13 | INFO     | 
🔍 [正在处理] ANS_ISC_424 | 启动 3WD 流水线...
2026-07-27 07:41:13 | INFO     | 📢 [总进度] 33/70 份试卷已归档。
2026-07-27 07:41:36 | INFO     | ✅ [批改完成] ANS_ISC_424 | 路由: BND | 最终分: 1.1 | 风险: P0.53/U0.06/F0.00/H0/L0 | 提取质量: 🟡low | 留白率: 67% | 低质量率: 0%
2026-07-27 07:41:36 | INFO     | 
🔍 [正在处理] ANS_ISC_425 | 启动 3WD 流水线...
2026-07-27 07:41:36 | INFO     | 📢 [总进度] 34/70 份试卷已归档。
2026-07-27 07:41:37 | INFO     | ✅ [批改完成] ANS_ISC_423 | 路由: BND | 最终分: 0.5 | 风险: P0.27/U0.03/F0.00/H0/L1 | 提取质量: 🟢high | 留白率: 33% | 低质量率: 0%
2026-07-27 07:41:37 | INFO     | 
🔍 [正在处理] ANS_ISC_426 | 启动 3WD 流水线...
2026-07-27 07:41:37 | INFO     | 📢 [总进度] 35/70 份试卷已归档。
2026-07-27 07:41:55 | INFO     | ✅ [批改完成] ANS_ISC_426 | 路由: NEG | 最终分: 0.3 | 风险: P0.53/U0.09/F0.00/H0/L0 | 提取质量: 🟡low | 留白率: 67% | 低质量率: 0%
2026-07-27 07:41:55 | INFO     | 
🔍 [正在处理] ANS_ISC_427 | 启动 3WD 流水线...
2026-07-27 07:41:55 | INFO     | 📢 [总进度] 36/70 份试卷已归档 [NEG-拒绝]。
2026-07-27 07:42:05 | INFO     | ✅ [批改完成] ANS_ISC_425 | 路由: BND | 最终分: 0.8 | 风险: P0.27/U0.12/F0.00/H0/L1 | 提取质量: 🟢high | 留白率: 33% | 低质量率: 0%
2026-07-27 07:42:05 | INFO     | 
🔍 [正在处理] ANS_ISC_428 | 启动 3WD 流水线...
2026-07-27 07:42:05 | INFO     | 📢 [总进度] 37/70 份试卷已归档。
2026-07-27 07:42:28 | INFO     | ✅ [批改完成] ANS_ISC_428 | 路由: BND | 最终分: 2.6 | 风险: P0.27/U0.14/F0.00/H0/L1 | 提取质量: 🟢high | 留白率: 33% | 低质量率: 0%
2026-07-27 07:42:28 | INFO     | 
🔍 [正在处理] ANS_ISC_429 | 启动 3WD 流水线...
2026-07-27 07:42:28 | INFO     | 📢 [总进度] 38/70 份试卷已归档。
2026-07-27 07:42:48 | INFO     | ✅ [批改完成] ANS_ISC_429 | 路由: POS | 最终分: 1.0 | 风险: P0.00/U0.00/F0.00/H0/L1 | 提取质量: 🟢high | 留白率: 0% | 低质量率: 0%
2026-07-27 07:42:48 | INFO     | 
🔍 [正在处理] ANS_ISC_430 | 启动 3WD 流水线...
2026-07-27 07:42:48 | INFO     | 📢 [总进度] 39/70 份试卷已归档。
2026-07-27 07:42:48 | INFO     | ✅ [批改完成] ANS_ISC_427 | 路由: BND | 最终分: 3.1 | 风险: P0.00/U0.09/F0.00/H0/L0 | 提取质量: 🟢high | 留白率: 0% | 低质量率: 0%
2026-07-27 07:42:48 | INFO     | 
🔍 [正在处理] ANS_ISC_431 | 启动 3WD 流水线...
2026-07-27 07:42:48 | INFO     | 📢 [总进度] 40/70 份试卷已归档。
2026-07-27 07:43:15 | INFO     | ✅ [批改完成] ANS_ISC_430 | 路由: BND | 最终分: 3.1 | 风险: P0.27/U0.06/F0.00/H0/L0 | 提取质量: 🟢high | 留白率: 33% | 低质量率: 0%
2026-07-27 07:43:15 | INFO     | 
🔍 [正在处理] ANS_ISC_432 | 启动 3WD 流水线...
2026-07-27 07:43:15 | INFO     | 📢 [总进度] 41/70 份试卷已归档。
2026-07-27 07:43:17 | INFO     | ✅ [批改完成] ANS_ISC_431 | 路由: BND | 最终分: 1.4 | 风险: P0.27/U0.08/F0.33/H0/L1 | 提取质量: 🟢high | 留白率: 33% | 低质量率: 0%
2026-07-27 07:43:17 | INFO     | 
🔍 [正在处理] ANS_ISC_433 | 启动 3WD 流水线...
2026-07-27 07:43:17 | INFO     | 📢 [总进度] 42/70 份试卷已归档。
2026-07-27 07:43:41 | INFO     | ✅ [批改完成] ANS_ISC_432 | 路由: NEG | 最终分: 0 | 风险: P0.80/U0.00/F0.00/H0/L0 | 提取质量: 🟡low | 留白率: 100% | 低质量率: 0%
2026-07-27 07:43:41 | INFO     | 
🔍 [正在处理] ANS_ISC_434 | 启动 3WD 流水线...
2026-07-27 07:43:41 | INFO     | 📢 [总进度] 43/70 份试卷已归档 [NEG-拒绝]。
2026-07-27 07:43:57 | INFO     | ✅ [批改完成] ANS_ISC_433 | 路由: BND | 最终分: 3.4 | 风险: P0.00/U0.20/F0.00/H0/L0 | 提取质量: 🟢high | 留白率: 0% | 低质量率: 0%
2026-07-27 07:43:57 | INFO     | 
🔍 [正在处理] ANS_ISC_435 | 启动 3WD 流水线...
2026-07-27 07:43:57 | INFO     | 📢 [总进度] 44/70 份试卷已归档。
2026-07-27 07:44:11 | INFO     | ✅ [批改完成] ANS_ISC_434 | 路由: BND | 最终分: 0 | 风险: P0.27/U0.00/F0.67/H0/L1 | 提取质量: 🟢high | 留白率: 33% | 低质量率: 0%
2026-07-27 07:44:11 | INFO     | 
🔍 [正在处理] ANS_ISC_438 | 启动 3WD 流水线...
2026-07-27 07:44:11 | INFO     | 📢 [总进度] 45/70 份试卷已归档。
2026-07-27 07:44:19 | INFO     | ✅ [批改完成] ANS_ISC_435 | 路由: NEG | 最终分: 0 | 风险: P0.80/U0.00/F0.00/H0/L0 | 提取质量: 🟡low | 留白率: 100% | 低质量率: 0%
2026-07-27 07:44:19 | INFO     | 
🔍 [正在处理] ANS_ISC_439 | 启动 3WD 流水线...
2026-07-27 07:44:19 | INFO     | 📢 [总进度] 46/70 份试卷已归档 [NEG-拒绝]。
2026-07-27 07:44:37 | INFO     | ✅ [批改完成] ANS_ISC_438 | 路由: NEG | 最终分: 1.2 | 风险: P0.53/U0.07/F0.00/H0/L0 | 提取质量: 🟡low | 留白率: 67% | 低质量率: 0%
2026-07-27 07:44:37 | INFO     | 
🔍 [正在处理] ANS_ISC_440 | 启动 3WD 流水线...
2026-07-27 07:44:37 | INFO     | 📢 [总进度] 47/70 份试卷已归档 [NEG-拒绝]。
2026-07-27 07:44:47 | INFO     | ✅ [批改完成] ANS_ISC_439 | 路由: BND | 最终分: 0 | 风险: P0.27/U0.00/F0.67/H0/L1 | 提取质量: 🟢high | 留白率: 33% | 低质量率: 0%
2026-07-27 07:44:47 | INFO     | 
🔍 [正在处理] ANS_ISC_441 | 启动 3WD 流水线...
2026-07-27 07:44:47 | INFO     | 📢 [总进度] 48/70 份试卷已归档。
2026-07-27 07:45:08 | INFO     | ✅ [批改完成] ANS_ISC_440 | 路由: BND | 最终分: 0.9 | 风险: P0.00/U0.08/F0.67/H0/L1 | 提取质量: 🟢high | 留白率: 0% | 低质量率: 0%
2026-07-27 07:45:08 | INFO     | 
🔍 [正在处理] ANS_ISC_442 | 启动 3WD 流水线...
2026-07-27 07:45:08 | INFO     | 📢 [总进度] 49/70 份试卷已归档。
2026-07-27 07:45:17 | INFO     | ✅ [批改完成] ANS_ISC_441 | 路由: BND | 最终分: 0.6 | 风险: P0.27/U0.16/F0.67/H0/L1 | 提取质量: 🟢high | 留白率: 33% | 低质量率: 0%
2026-07-27 07:45:17 | INFO     | 
🔍 [正在处理] ANS_ISC_443 | 启动 3WD 流水线...
2026-07-27 07:45:17 | INFO     | 📢 [总进度] 50/70 份试卷已归档。
2026-07-27 07:45:37 | INFO     | ✅ [批改完成] ANS_ISC_442 | 路由: BND | 最终分: 4.1 | 风险: P0.00/U0.15/F0.00/H0/L0 | 提取质量: 🟢high | 留白率: 0% | 低质量率: 0%
2026-07-27 07:45:37 | INFO     | 
🔍 [正在处理] ANS_ISC_444 | 启动 3WD 流水线...
2026-07-27 07:45:37 | INFO     | 📢 [总进度] 51/70 份试卷已归档。
2026-07-27 07:45:46 | INFO     | ✅ [批改完成] ANS_ISC_443 | 路由: BND | 最终分: 2.3 | 风险: P0.27/U0.14/F0.00/H0/L1 | 提取质量: 🟢high | 留白率: 33% | 低质量率: 0%
2026-07-27 07:45:46 | INFO     | 
🔍 [正在处理] ANS_ISC_445 | 启动 3WD 流水线...
2026-07-27 07:45:46 | INFO     | 📢 [总进度] 52/70 份试卷已归档。
2026-07-27 07:46:03 | INFO     | ✅ [批改完成] ANS_ISC_444 | 路由: BND | 最终分: 1.7 | 风险: P0.53/U0.00/F0.00/H0/L0 | 提取质量: 🟡low | 留白率: 67% | 低质量率: 0%
2026-07-27 07:46:03 | INFO     | 
🔍 [正在处理] ANS_ISC_446 | 启动 3WD 流水线...
2026-07-27 07:46:03 | INFO     | 📢 [总进度] 53/70 份试卷已归档。
2026-07-27 07:46:07 | INFO     | ✅ [批改完成] ANS_ISC_445 | 路由: NEG | 最终分: 0.3 | 风险: P0.53/U0.08/F0.33/H0/L0 | 提取质量: 🟡low | 留白率: 67% | 低质量率: 0%
2026-07-27 07:46:07 | INFO     | 
🔍 [正在处理] ANS_ISC_447 | 启动 3WD 流水线...
2026-07-27 07:46:07 | INFO     | 📢 [总进度] 54/70 份试卷已归档 [NEG-拒绝]。
2026-07-27 07:46:51 | INFO     | ✅ [批改完成] ANS_ISC_447 | 路由: BND | 最终分: 1.9 | 风险: P0.37/U0.13/F0.00/H0/L1 | 提取质量: 🟢high | 留白率: 33% | 低质量率: 0%
2026-07-27 07:46:51 | INFO     | 
🔍 [正在处理] ANS_ISC_448 | 启动 3WD 流水线...
2026-07-27 07:46:51 | INFO     | 📢 [总进度] 55/70 份试卷已归档。
2026-07-27 07:46:52 | INFO     | ✅ [批改完成] ANS_ISC_446 | 路由: BND | 最终分: 2.6 | 风险: P0.27/U0.12/F0.00/H0/L1 | 提取质量: 🟢high | 留白率: 33% | 低质量率: 0%
2026-07-27 07:46:52 | INFO     | 
🔍 [正在处理] ANS_ISC_449 | 启动 3WD 流水线...
2026-07-27 07:46:52 | INFO     | 📢 [总进度] 56/70 份试卷已归档。
2026-07-27 07:47:22 | INFO     | ✅ [批改完成] ANS_ISC_448 | 路由: BND | 最终分: 0.7 | 风险: P0.27/U0.06/F0.33/H0/L1 | 提取质量: 🟢high | 留白率: 33% | 低质量率: 0%
2026-07-27 07:47:22 | INFO     | 
🔍 [正在处理] ANS_ISC_450 | 启动 3WD 流水线...
2026-07-27 07:47:22 | INFO     | 📢 [总进度] 57/70 份试卷已归档。
2026-07-27 07:47:23 | INFO     | ✅ [批改完成] ANS_ISC_449 | 路由: BND | 最终分: 1.3 | 风险: P0.27/U0.02/F0.00/H0/L1 | 提取质量: 🟢high | 留白率: 33% | 低质量率: 0%
2026-07-27 07:47:23 | INFO     | 
🔍 [正在处理] ANS_ISC_451 | 启动 3WD 流水线...
2026-07-27 07:47:23 | INFO     | 📢 [总进度] 58/70 份试卷已归档。
2026-07-27 07:47:45 | INFO     | ✅ [批改完成] ANS_ISC_451 | 路由: BND | 最终分: 0 | 风险: P0.53/U0.00/F0.33/H0/L0 | 提取质量: 🟡low | 留白率: 67% | 低质量率: 0%
2026-07-27 07:47:45 | INFO     | 
🔍 [正在处理] ANS_ISC_452 | 启动 3WD 流水线...
2026-07-27 07:47:45 | INFO     | 📢 [总进度] 59/70 份试卷已归档。
2026-07-27 07:47:48 | INFO     | ✅ [批改完成] ANS_ISC_450 | 路由: BND | 最终分: 1.7 | 风险: P0.27/U0.00/F0.33/H0/L1 | 提取质量: 🟢high | 留白率: 33% | 低质量率: 0%
2026-07-27 07:47:48 | INFO     | 
🔍 [正在处理] ANS_ISC_453 | 启动 3WD 流水线...
2026-07-27 07:47:48 | INFO     | 📢 [总进度] 60/70 份试卷已归档。
2026-07-27 07:48:26 | INFO     | ✅ [批改完成] ANS_ISC_453 | 路由: BND | 最终分: 1.4 | 风险: P0.27/U0.06/F0.00/H0/L1 | 提取质量: 🟢high | 留白率: 33% | 低质量率: 0%
2026-07-27 07:48:26 | INFO     | 
🔍 [正在处理] ANS_ISC_454 | 启动 3WD 流水线...
2026-07-27 07:48:26 | INFO     | 📢 [总进度] 61/70 份试卷已归档。
2026-07-27 07:48:44 | INFO     | ✅ [批改完成] ANS_ISC_452 | 路由: BND | 最终分: 0.2 | 风险: P0.27/U0.05/F0.67/H0/L1 | 提取质量: 🟢high | 留白率: 33% | 低质量率: 0%
2026-07-27 07:48:44 | INFO     | 
🔍 [正在处理] ANS_ISC_455 | 启动 3WD 流水线...
2026-07-27 07:48:44 | INFO     | 📢 [总进度] 62/70 份试卷已归档。
2026-07-27 07:48:52 | INFO     | ✅ [批改完成] ANS_ISC_454 | 路由: BND | 最终分: 1.2 | 风险: P0.00/U0.06/F0.67/H0/L1 | 提取质量: 🟢high | 留白率: 0% | 低质量率: 0%
2026-07-27 07:48:52 | INFO     | 
🔍 [正在处理] ANS_ISC_457 | 启动 3WD 流水线...
2026-07-27 07:48:52 | INFO     | 📢 [总进度] 63/70 份试卷已归档。
2026-07-27 07:49:13 | INFO     | ✅ [批改完成] ANS_ISC_457 | 路由: BND | 最终分: 0.8 | 风险: P0.53/U0.04/F0.00/H0/L0 | 提取质量: 🟡low | 留白率: 67% | 低质量率: 0%
2026-07-27 07:49:13 | INFO     | 
🔍 [正在处理] ANS_ISC_458 | 启动 3WD 流水线...
2026-07-27 07:49:13 | INFO     | 📢 [总进度] 64/70 份试卷已归档。
2026-07-27 07:49:17 | INFO     | ✅ [批改完成] ANS_ISC_455 | 路由: BND | 最终分: 1.9 | 风险: P0.27/U0.09/F0.33/H0/L1 | 提取质量: 🟢high | 留白率: 33% | 低质量率: 0%
2026-07-27 07:49:17 | INFO     | 
🔍 [正在处理] ANS_ISC_459 | 启动 3WD 流水线...
2026-07-27 07:49:17 | INFO     | 📢 [总进度] 65/70 份试卷已归档。
2026-07-27 07:49:40 | INFO     | ✅ [批改完成] ANS_ISC_458 | 路由: BND | 最终分: 3.1 | 风险: P0.27/U0.06/F0.00/H0/L0 | 提取质量: 🟢high | 留白率: 33% | 低质量率: 0%
2026-07-27 07:49:40 | INFO     | 
🔍 [正在处理] ANS_ISC_460 | 启动 3WD 流水线...
2026-07-27 07:49:40 | INFO     | 📢 [总进度] 66/70 份试卷已归档。
2026-07-27 07:49:47 | INFO     | ✅ [批改完成] ANS_ISC_459 | 路由: BND | 最终分: 1.1 | 风险: P0.27/U0.31/F0.00/H0/L1 | 提取质量: 🟢high | 留白率: 33% | 低质量率: 0%
2026-07-27 07:49:47 | INFO     | 
🔍 [正在处理] ANS_ISC_461 | 启动 3WD 流水线...
2026-07-27 07:49:47 | INFO     | 📢 [总进度] 67/70 份试卷已归档。
2026-07-27 07:50:10 | INFO     | ✅ [批改完成] ANS_ISC_460 | 路由: BND | 最终分: 3.1 | 风险: P0.00/U0.10/F0.00/H0/L0 | 提取质量: 🟢high | 留白率: 0% | 低质量率: 0%
2026-07-27 07:50:10 | INFO     | 
🔍 [正在处理] ANS_ISC_462 | 启动 3WD 流水线...
2026-07-27 07:50:10 | INFO     | 📢 [总进度] 68/70 份试卷已归档。
2026-07-27 07:50:15 | INFO     | ✅ [批改完成] ANS_ISC_461 | 路由: BND | 最终分: 2.18 | 风险: P0.27/U0.07/F0.00/H0/L1 | 提取质量: 🟢high | 留白率: 33% | 低质量率: 0%
2026-07-27 07:50:15 | INFO     | 📢 [总进度] 69/70 份试卷已归档。
2026-07-27 07:50:35 | INFO     | ✅ [批改完成] ANS_ISC_462 | 路由: NEG | 最终分: 0 | 风险: P0.80/U0.00/F0.00/H0/L0 | 提取质量: 🟡low | 留白率: 100% | 低质量率: 0%
2026-07-27 07:50:35 | INFO     | 📢 [总进度] 70/70 份试卷已归档 [NEG-拒绝]。
2026-07-27 07:50:35 | INFO     | 🗂️ 所有线程交卷完毕，正在整理数据... (共收集 70/70 份结果)
2026-07-27 07:50:35 | INFO     | 💾 正常批改结果已保存: D:\users\王鑫020420\Desktop\refgrader-main\results_runs\csbench_isc1_isc2_isc3_isc4_isc5_isc6_isc7_isc8_isc9_all\runs\teacher_audit_isc_1_9_20260725_192008\ISC_1_graded_results.json (58 人)
2026-07-27 07:50:35 | INFO     | 🛑 拒绝域结果已单独保存: D:\users\王鑫020420\Desktop\refgrader-main\results_runs\csbench_isc1_isc2_isc3_isc4_isc5_isc6_isc7_isc8_isc9_all\runs\teacher_audit_isc_1_9_20260725_192008\ISC_1_rejected.json (12 人)
2026-07-27 07:50:35 | INFO     | [result consistency] ISC_1: checkpoint=70, graded=58, rejected=12, failed=0, expected=70
2026-07-27 07:50:35 | INFO     | 
🚀 [标准模式] 开始处理: ISC_2
2026-07-27 07:50:35 | INFO     | ⚡ 已加载本地标准: D:\users\王鑫020420\Desktop\refgrader-main\data\csbench\rubrics\optimized\ISC\ISC_2_rubric_standard.json
2026-07-27 07:50:38 | INFO     | ⚡ 脱敏清单已预生成，72 名学生共享复用。
2026-07-27 07:50:38 | INFO     | 🏃 开始批改 72 张试卷 (⚡ 开启多线程模式)...
2026-07-27 07:50:38 | INFO     | 
🔍 [正在处理] ANS_ISC_463 | 启动 3WD 流水线...
2026-07-27 07:50:38 | INFO     | 
🔍 [正在处理] ANS_ISC_464 | 启动 3WD 流水线...
2026-07-27 07:50:38 | INFO     | ⏳ [主线程] 已提交 72 个任务，等待结果回收...
2026-07-27 07:50:59 | INFO     | ✅ [批改完成] ANS_ISC_464 | 路由: POS | 最终分: 3.8 | 风险: P0.00/U0.05/F0.00/H0/L0 | 提取质量: 🟢high | 留白率: 0% | 低质量率: 0%
2026-07-27 07:50:59 | INFO     | 
🔍 [正在处理] ANS_ISC_465 | 启动 3WD 流水线...
2026-07-27 07:50:59 | INFO     | 📢 [总进度] 1/72 份试卷已归档。
2026-07-27 07:50:59 | INFO     | ✅ [批改完成] ANS_ISC_463 | 路由: BND | 最终分: 2.3 | 风险: P0.30/U0.05/F0.00/H0/L1 | 提取质量: 🟢high | 留白率: 0% | 低质量率: 0%
2026-07-27 07:50:59 | INFO     | 
🔍 [正在处理] ANS_ISC_466 | 启动 3WD 流水线...
2026-07-27 07:50:59 | INFO     | 📢 [总进度] 2/72 份试卷已归档。
2026-07-27 07:51:17 | INFO     | ✅ [批改完成] ANS_ISC_465 | 路由: POS | 最终分: 3.8 | 风险: P0.00/U0.05/F0.00/H0/L0 | 提取质量: 🟢high | 留白率: 0% | 低质量率: 0%
2026-07-27 07:51:17 | INFO     | 
🔍 [正在处理] ANS_ISC_467 | 启动 3WD 流水线...
2026-07-27 07:51:17 | INFO     | 📢 [总进度] 3/72 份试卷已归档。
2026-07-27 07:51:20 | INFO     | ✅ [批改完成] ANS_ISC_466 | 路由: POS | 最终分: 3.5 | 风险: P0.00/U0.00/F0.00/H0/L0 | 提取质量: 🟢high | 留白率: 0% | 低质量率: 0%
2026-07-27 07:51:20 | INFO     | 
🔍 [正在处理] ANS_ISC_468 | 启动 3WD 流水线...
2026-07-27 07:51:20 | INFO     | 📢 [总进度] 4/72 份试卷已归档。
2026-07-27 07:51:38 | INFO     | ✅ [批改完成] ANS_ISC_467 | 路由: POS | 最终分: 3.5 | 风险: P0.00/U0.00/F0.00/H0/L0 | 提取质量: 🟢high | 留白率: 0% | 低质量率: 0%
2026-07-27 07:51:38 | INFO     | 
🔍 [正在处理] ANS_ISC_469 | 启动 3WD 流水线...
2026-07-27 07:51:38 | INFO     | 📢 [总进度] 5/72 份试卷已归档。
2026-07-27 07:51:44 | INFO     | ✅ [批改完成] ANS_ISC_468 | 路由: BND | 最终分: 0.7 | 风险: P0.00/U0.09/F0.00/H0/L1 | 提取质量: 🟢high | 留白率: 0% | 低质量率: 0%
2026-07-27 07:51:44 | INFO     | 
🔍 [正在处理] ANS_ISC_470 | 启动 3WD 流水线...
2026-07-27 07:51:44 | INFO     | 📢 [总进度] 6/72 份试卷已归档。
2026-07-27 07:51:56 | INFO     | ✅ [批改完成] ANS_ISC_470 | 路由: POS | 最终分: 4.0 | 风险: P0.00/U0.00/F0.00/H0/L0 | 提取质量: 🟢high | 留白率: 0% | 低质量率: 0%
2026-07-27 07:51:56 | INFO     | 
🔍 [正在处理] ANS_ISC_471 | 启动 3WD 流水线...
2026-07-27 07:51:56 | INFO     | 📢 [总进度] 7/72 份试卷已归档。
2026-07-27 07:52:13 | INFO     | ✅ [批改完成] ANS_ISC_471 | 路由: POS | 最终分: 4.2 | 风险: P0.00/U0.05/F0.00/H0/L0 | 提取质量: 🟢high | 留白率: 0% | 低质量率: 0%
2026-07-27 07:52:13 | INFO     | 
🔍 [正在处理] ANS_ISC_472 | 启动 3WD 流水线...
2026-07-27 07:52:13 | INFO     | 📢 [总进度] 8/72 份试卷已归档。
2026-07-27 07:52:13 | INFO     | ✅ [批改完成] ANS_ISC_469 | 路由: POS | 最终分: 3.2 | 风险: P0.00/U0.05/F0.00/H0/L0 | 提取质量: 🟢high | 留白率: 0% | 低质量率: 0%
2026-07-27 07:52:13 | INFO     | 
🔍 [正在处理] ANS_ISC_473 | 启动 3WD 流水线...
2026-07-27 07:52:13 | INFO     | 📢 [总进度] 9/72 份试卷已归档。
2026-07-27 07:52:29 | INFO     | ✅ [批改完成] ANS_ISC_473 | 路由: POS | 最终分: 2.5 | 风险: P0.00/U0.00/F0.00/H0/L1 | 提取质量: 🟢high | 留白率: 0% | 低质量率: 0%
2026-07-27 07:52:29 | INFO     | 
🔍 [正在处理] ANS_ISC_474 | 启动 3WD 流水线...
2026-07-27 07:52:29 | INFO     | 📢 [总进度] 10/72 份试卷已归档。
2026-07-27 07:52:38 | INFO     | ✅ [批改完成] ANS_ISC_472 | 路由: BND | 最终分: 4.3 | 风险: P0.00/U0.09/F0.00/H0/L0 | 提取质量: 🟢high | 留白率: 0% | 低质量率: 0%
2026-07-27 07:52:38 | INFO     | 
🔍 [正在处理] ANS_ISC_475 | 启动 3WD 流水线...
2026-07-27 07:52:38 | INFO     | 📢 [总进度] 11/72 份试卷已归档。
2026-07-27 07:52:45 | INFO     | ✅ [批改完成] ANS_ISC_474 | 路由: POS | 最终分: 4.2 | 风险: P0.00/U0.05/F0.00/H0/L0 | 提取质量: 🟢high | 留白率: 0% | 低质量率: 0%
2026-07-27 07:52:45 | INFO     | 
🔍 [正在处理] ANS_ISC_476 | 启动 3WD 流水线...
2026-07-27 07:52:45 | INFO     | 📢 [总进度] 12/72 份试卷已归档。
2026-07-27 07:53:01 | INFO     | ✅ [批改完成] ANS_ISC_476 | 路由: POS | 最终分: 1.8 | 风险: P0.00/U0.05/F0.00/H0/L1 | 提取质量: 🟢high | 留白率: 0% | 低质量率: 0%
2026-07-27 07:53:01 | INFO     | 
🔍 [正在处理] ANS_ISC_477 | 启动 3WD 流水线...
2026-07-27 07:53:01 | INFO     | 📢 [总进度] 13/72 份试卷已归档。
2026-07-27 07:53:02 | INFO     | ✅ [批改完成] ANS_ISC_475 | 路由: POS | 最终分: 3.2 | 风险: P0.00/U0.05/F0.00/H0/L0 | 提取质量: 🟢high | 留白率: 0% | 低质量率: 0%
2026-07-27 07:53:02 | INFO     | 
🔍 [正在处理] ANS_ISC_478 | 启动 3WD 流水线...
2026-07-27 07:53:02 | INFO     | 📢 [总进度] 14/72 份试卷已归档。
2026-07-27 07:53:17 | INFO     | ✅ [批改完成] ANS_ISC_477 | 路由: POS | 最终分: 3.8 | 风险: P0.00/U0.05/F0.00/H0/L0 | 提取质量: 🟢high | 留白率: 0% | 低质量率: 0%
2026-07-27 07:53:17 | INFO     | 
🔍 [正在处理] ANS_ISC_479 | 启动 3WD 流水线...
2026-07-27 07:53:17 | INFO     | 📢 [总进度] 15/72 份试卷已归档。
2026-07-27 07:53:17 | INFO     | ✅ [批改完成] ANS_ISC_478 | 路由: POS | 最终分: 3.5 | 风险: P0.00/U0.00/F0.00/H0/L0 | 提取质量: 🟢high | 留白率: 0% | 低质量率: 0%
2026-07-27 07:53:17 | INFO     | 
🔍 [正在处理] ANS_ISC_480 | 启动 3WD 流水线...
2026-07-27 07:53:17 | INFO     | 📢 [总进度] 16/72 份试卷已归档。
2026-07-27 07:53:32 | INFO     | ✅ [批改完成] ANS_ISC_480 | 路由: POS | 最终分: 3.7 | 风险: P0.00/U0.05/F0.00/H0/L0 | 提取质量: 🟢high | 留白率: 0% | 低质量率: 0%
2026-07-27 07:53:32 | INFO     | 
🔍 [正在处理] ANS_ISC_481 | 启动 3WD 流水线...
2026-07-27 07:53:32 | INFO     | 📢 [总进度] 17/72 份试卷已归档。
2026-07-27 07:53:38 | INFO     | ✅ [批改完成] ANS_ISC_479 | 路由: POS | 最终分: 2.5 | 风险: P0.00/U0.00/F0.00/H0/L1 | 提取质量: 🟢high | 留白率: 0% | 低质量率: 0%
2026-07-27 07:53:38 | INFO     | 
🔍 [正在处理] ANS_ISC_482 | 启动 3WD 流水线...
2026-07-27 07:53:38 | INFO     | 📢 [总进度] 18/72 份试卷已归档。
2026-07-27 07:53:46 | INFO     | ✅ [批改完成] ANS_ISC_481 | 路由: POS | 最终分: 3.2 | 风险: P0.00/U0.05/F0.00/H0/L0 | 提取质量: 🟢high | 留白率: 0% | 低质量率: 0%
2026-07-27 07:53:46 | INFO     | 
🔍 [正在处理] ANS_ISC_483 | 启动 3WD 流水线...
2026-07-27 07:53:46 | INFO     | 📢 [总进度] 19/72 份试卷已归档。
2026-07-27 07:53:59 | INFO     | ✅ [批改完成] ANS_ISC_482 | 路由: BND | 最终分: 3.3 | 风险: P0.00/U0.09/F0.00/H0/L0 | 提取质量: 🟢high | 留白率: 0% | 低质量率: 0%
2026-07-27 07:53:59 | INFO     | 
🔍 [正在处理] ANS_ISC_484 | 启动 3WD 流水线...
2026-07-27 07:53:59 | INFO     | 📢 [总进度] 20/72 份试卷已归档。
2026-07-27 07:54:02 | INFO     | ✅ [批改完成] ANS_ISC_483 | 路由: POS | 最终分: 4.3 | 风险: P0.00/U0.05/F0.00/H0/L0 | 提取质量: 🟢high | 留白率: 0% | 低质量率: 0%
2026-07-27 07:54:02 | INFO     | 
🔍 [正在处理] ANS_ISC_485 | 启动 3WD 流水线...
2026-07-27 07:54:02 | INFO     | 📢 [总进度] 21/72 份试卷已归档。
2026-07-27 07:54:29 | INFO     | ✅ [批改完成] ANS_ISC_484 | 路由: POS | 最终分: 3.7 | 风险: P0.00/U0.05/F0.00/H0/L0 | 提取质量: 🟢high | 留白率: 0% | 低质量率: 0%
2026-07-27 07:54:29 | INFO     | 
🔍 [正在处理] ANS_ISC_486 | 启动 3WD 流水线...
2026-07-27 07:54:29 | INFO     | 📢 [总进度] 22/72 份试卷已归档。
2026-07-27 07:54:32 | INFO     | ✅ [批改完成] ANS_ISC_485 | 路由: BND | 最终分: 3.2 | 风险: P0.00/U0.12/F0.00/H0/L0 | 提取质量: 🟢high | 留白率: 0% | 低质量率: 0%
2026-07-27 07:54:32 | INFO     | 
🔍 [正在处理] ANS_ISC_487 | 启动 3WD 流水线...
2026-07-27 07:54:32 | INFO     | 📢 [总进度] 23/72 份试卷已归档。
2026-07-27 07:54:48 | INFO     | ✅ [批改完成] ANS_ISC_486 | 路由: POS | 最终分: 4.0 | 风险: P0.00/U0.00/F0.00/H0/L0 | 提取质量: 🟢high | 留白率: 0% | 低质量率: 0%
2026-07-27 07:54:48 | INFO     | 
🔍 [正在处理] ANS_ISC_488 | 启动 3WD 流水线...
2026-07-27 07:54:48 | INFO     | 📢 [总进度] 24/72 份试卷已归档。
2026-07-27 07:54:51 | INFO     | ✅ [批改完成] ANS_ISC_487 | 路由: POS | 最终分: 2.5 | 风险: P0.00/U0.00/F0.00/H0/L1 | 提取质量: 🟢high | 留白率: 0% | 低质量率: 0%
2026-07-27 07:54:51 | INFO     | 
🔍 [正在处理] ANS_ISC_489 | 启动 3WD 流水线...
2026-07-27 07:54:51 | INFO     | 📢 [总进度] 25/72 份试卷已归档。
2026-07-27 07:55:15 | INFO     | ✅ [批改完成] ANS_ISC_488 | 路由: POS | 最终分: 4.3 | 风险: P0.00/U0.05/F0.00/H0/L0 | 提取质量: 🟢high | 留白率: 0% | 低质量率: 0%
2026-07-27 07:55:15 | INFO     | 
🔍 [正在处理] ANS_ISC_490 | 启动 3WD 流水线...
2026-07-27 07:55:15 | INFO     | 📢 [总进度] 26/72 份试卷已归档。
2026-07-27 07:55:18 | INFO     | ✅ [批改完成] ANS_ISC_489 | 路由: POS | 最终分: 4.0 | 风险: P0.00/U0.00/F0.00/H0/L0 | 提取质量: 🟢high | 留白率: 0% | 低质量率: 0%
2026-07-27 07:55:18 | INFO     | 
🔍 [正在处理] ANS_ISC_491 | 启动 3WD 流水线...
2026-07-27 07:55:18 | INFO     | 📢 [总进度] 27/72 份试卷已归档。
2026-07-27 07:55:42 | INFO     | ✅ [批改完成] ANS_ISC_490 | 路由: BND | 最终分: 4.5 | 风险: P0.00/U0.08/F0.00/H0/L0 | 提取质量: 🟢high | 留白率: 0% | 低质量率: 0%
2026-07-27 07:55:42 | INFO     | 
🔍 [正在处理] ANS_ISC_493 | 启动 3WD 流水线...
2026-07-27 07:55:42 | INFO     | 📢 [总进度] 28/72 份试卷已归档。
2026-07-27 07:55:56 | INFO     | ✅ [批改完成] ANS_ISC_493 | 路由: POS | 最终分: 5.0 | 风险: P0.00/U0.00/F0.00/H0/L0 | 提取质量: 🟢high | 留白率: 0% | 低质量率: 0%
2026-07-27 07:55:56 | INFO     | 
🔍 [正在处理] ANS_ISC_495 | 启动 3WD 流水线...
2026-07-27 07:55:56 | INFO     | 📢 [总进度] 29/72 份试卷已归档。
2026-07-27 07:55:57 | INFO     | ✅ [批改完成] ANS_ISC_491 | 路由: BND | 最终分: 4.5 | 风险: P0.00/U0.08/F0.00/H0/L0 | 提取质量: 🟢high | 留白率: 0% | 低质量率: 0%
2026-07-27 07:55:57 | INFO     | 
🔍 [正在处理] ANS_ISC_496 | 启动 3WD 流水线...
2026-07-27 07:55:57 | INFO     | 📢 [总进度] 30/72 份试卷已归档。
2026-07-27 07:56:13 | INFO     | ✅ [批改完成] ANS_ISC_496 | 路由: POS | 最终分: 2.8 | 风险: P0.00/U0.05/F0.00/H0/L1 | 提取质量: 🟢high | 留白率: 0% | 低质量率: 0%
2026-07-27 07:56:13 | INFO     | 
🔍 [正在处理] ANS_ISC_497 | 启动 3WD 流水线...
2026-07-27 07:56:13 | INFO     | 📢 [总进度] 31/72 份试卷已归档。
2026-07-27 07:56:14 | INFO     | ✅ [批改完成] ANS_ISC_495 | 路由: POS | 最终分: 3.8 | 风险: P0.00/U0.05/F0.00/H0/L0 | 提取质量: 🟢high | 留白率: 0% | 低质量率: 0%
2026-07-27 07:56:14 | INFO     | 
🔍 [正在处理] ANS_ISC_498 | 启动 3WD 流水线...
2026-07-27 07:56:14 | INFO     | 📢 [总进度] 32/72 份试卷已归档。
2026-07-27 07:56:32 | INFO     | ✅ [批改完成] ANS_ISC_498 | 路由: POS | 最终分: 3.3 | 风险: P0.00/U0.05/F0.00/H0/L0 | 提取质量: 🟢high | 留白率: 0% | 低质量率: 0%
2026-07-27 07:56:32 | INFO     | 
🔍 [正在处理] ANS_ISC_499 | 启动 3WD 流水线...
2026-07-27 07:56:32 | INFO     | 📢 [总进度] 33/72 份试卷已归档。
2026-07-27 07:56:41 | INFO     | ✅ [批改完成] ANS_ISC_497 | 路由: POS | 最终分: 2.5 | 风险: P0.00/U0.00/F0.00/H0/L1 | 提取质量: 🟢high | 留白率: 0% | 低质量率: 0%
2026-07-27 07:56:41 | INFO     | 
🔍 [正在处理] ANS_ISC_500 | 启动 3WD 流水线...
2026-07-27 07:56:41 | INFO     | 📢 [总进度] 34/72 份试卷已归档。
2026-07-27 07:56:49 | INFO     | ✅ [批改完成] ANS_ISC_499 | 路由: POS | 最终分: 3.0 | 风险: P0.00/U0.00/F0.00/H0/L1 | 提取质量: 🟢high | 留白率: 0% | 低质量率: 0%
2026-07-27 07:56:49 | INFO     | 
🔍 [正在处理] ANS_ISC_501 | 启动 3WD 流水线...
2026-07-27 07:56:49 | INFO     | 📢 [总进度] 35/72 份试卷已归档。
2026-07-27 07:57:05 | INFO     | ✅ [批改完成] ANS_ISC_501 | 路由: POS | 最终分: 2.7 | 风险: P0.00/U0.05/F0.00/H0/L1 | 提取质量: 🟢high | 留白率: 0% | 低质量率: 0%
2026-07-27 07:57:05 | INFO     | 
🔍 [正在处理] ANS_ISC_502 | 启动 3WD 流水线...
2026-07-27 07:57:05 | INFO     | 📢 [总进度] 36/72 份试卷已归档。
2026-07-27 07:57:11 | INFO     | ✅ [批改完成] ANS_ISC_500 | 路由: BND | 最终分: 4.0 | 风险: P0.00/U0.08/F0.00/H0/L0 | 提取质量: 🟢high | 留白率: 0% | 低质量率: 0%
2026-07-27 07:57:11 | INFO     | 
🔍 [正在处理] ANS_ISC_503 | 启动 3WD 流水线...
2026-07-27 07:57:11 | INFO     | 📢 [总进度] 37/72 份试卷已归档。
2026-07-27 07:57:20 | INFO     | ✅ [批改完成] ANS_ISC_502 | 路由: POS | 最终分: 2.7 | 风险: P0.00/U0.05/F0.00/H0/L1 | 提取质量: 🟢high | 留白率: 0% | 低质量率: 0%
2026-07-27 07:57:20 | INFO     | 
🔍 [正在处理] ANS_ISC_504 | 启动 3WD 流水线...
2026-07-27 07:57:20 | INFO     | 📢 [总进度] 38/72 份试卷已归档。
2026-07-27 07:57:24 | INFO     | ✅ [批改完成] ANS_ISC_503 | 路由: POS | 最终分: 2.3 | 风险: P0.00/U0.05/F0.00/H0/L1 | 提取质量: 🟢high | 留白率: 0% | 低质量率: 0%
2026-07-27 07:57:24 | INFO     | 
🔍 [正在处理] ANS_ISC_505 | 启动 3WD 流水线...
2026-07-27 07:57:24 | INFO     | 📢 [总进度] 39/72 份试卷已归档。
2026-07-27 07:57:41 | INFO     | ✅ [批改完成] ANS_ISC_505 | 路由: POS | 最终分: 2.8 | 风险: P0.00/U0.05/F0.00/H0/L1 | 提取质量: 🟢high | 留白率: 0% | 低质量率: 0%
2026-07-27 07:57:41 | INFO     | 
🔍 [正在处理] ANS_ISC_506 | 启动 3WD 流水线...
2026-07-27 07:57:41 | INFO     | 📢 [总进度] 40/72 份试卷已归档。
2026-07-27 07:57:49 | INFO     | ✅ [批改完成] ANS_ISC_504 | 路由: BND | 最终分: 4.5 | 风险: P0.00/U0.08/F0.00/H0/L0 | 提取质量: 🟢high | 留白率: 0% | 低质量率: 0%
2026-07-27 07:57:49 | INFO     | 
🔍 [正在处理] ANS_ISC_507 | 启动 3WD 流水线...
2026-07-27 07:57:49 | INFO     | 📢 [总进度] 41/72 份试卷已归档。
2026-07-27 07:57:57 | INFO     | ✅ [批改完成] ANS_ISC_506 | 路由: POS | 最终分: 3.7 | 风险: P0.00/U0.05/F0.00/H0/L0 | 提取质量: 🟢high | 留白率: 0% | 低质量率: 0%
2026-07-27 07:57:57 | INFO     | 
🔍 [正在处理] ANS_ISC_508 | 启动 3WD 流水线...
2026-07-27 07:57:57 | INFO     | 📢 [总进度] 42/72 份试卷已归档。
2026-07-27 07:58:16 | INFO     | ✅ [批改完成] ANS_ISC_507 | 路由: BND | 最终分: 3.5 | 风险: P0.00/U0.08/F0.00/H0/L0 | 提取质量: 🟢high | 留白率: 0% | 低质量率: 0%
2026-07-27 07:58:16 | INFO     | 
🔍 [正在处理] ANS_ISC_509 | 启动 3WD 流水线...
2026-07-27 07:58:16 | INFO     | 📢 [总进度] 43/72 份试卷已归档。
2026-07-27 07:58:20 | INFO     | ✅ [批改完成] ANS_ISC_508 | 路由: BND | 最终分: 3.0 | 风险: P0.00/U0.08/F0.00/H0/L1 | 提取质量: 🟢high | 留白率: 0% | 低质量率: 0%
2026-07-27 07:58:20 | INFO     | 
🔍 [正在处理] ANS_ISC_510 | 启动 3WD 流水线...
2026-07-27 07:58:20 | INFO     | 📢 [总进度] 44/72 份试卷已归档。
2026-07-27 07:58:35 | INFO     | ✅ [批改完成] ANS_ISC_509 | 路由: POS | 最终分: 4.3 | 风险: P0.00/U0.05/F0.00/H0/L0 | 提取质量: 🟢high | 留白率: 0% | 低质量率: 0%
2026-07-27 07:58:35 | INFO     | 
🔍 [正在处理] ANS_ISC_511 | 启动 3WD 流水线...
2026-07-27 07:58:35 | INFO     | 📢 [总进度] 45/72 份试卷已归档。
2026-07-27 07:58:38 | INFO     | ✅ [批改完成] ANS_ISC_510 | 路由: POS | 最终分: 4.3 | 风险: P0.00/U0.05/F0.00/H0/L0 | 提取质量: 🟢high | 留白率: 0% | 低质量率: 0%
2026-07-27 07:58:38 | INFO     | 
🔍 [正在处理] ANS_ISC_512 | 启动 3WD 流水线...
2026-07-27 07:58:38 | INFO     | 📢 [总进度] 46/72 份试卷已归档。
2026-07-27 07:58:54 | INFO     | ✅ [批改完成] ANS_ISC_511 | 路由: BND | 最终分: 4.7 | 风险: P0.00/U0.05/F0.00/H0/L0 | 提取质量: 🟢high | 留白率: 0% | 低质量率: 0%
2026-07-27 07:58:54 | INFO     | 
🔍 [正在处理] ANS_ISC_515 | 启动 3WD 流水线...
2026-07-27 07:58:54 | INFO     | 📢 [总进度] 47/72 份试卷已归档。
2026-07-27 07:58:59 | INFO     | ✅ [批改完成] ANS_ISC_512 | 路由: BND | 最终分: 4.8 | 风险: P0.00/U0.05/F0.00/H0/L0 | 提取质量: 🟢high | 留白率: 0% | 低质量率: 0%
2026-07-27 07:58:59 | INFO     | 
🔍 [正在处理] ANS_ISC_516 | 启动 3WD 流水线...
2026-07-27 07:58:59 | INFO     | 📢 [总进度] 48/72 份试卷已归档。
2026-07-27 07:59:12 | INFO     | ✅ [批改完成] ANS_ISC_515 | 路由: POS | 最终分: 2.8 | 风险: P0.00/U0.05/F0.00/H0/L1 | 提取质量: 🟢high | 留白率: 0% | 低质量率: 0%
2026-07-27 07:59:12 | INFO     | 
🔍 [正在处理] ANS_ISC_517 | 启动 3WD 流水线...
2026-07-27 07:59:12 | INFO     | 📢 [总进度] 49/72 份试卷已归档。
2026-07-27 07:59:22 | INFO     | ✅ [批改完成] ANS_ISC_516 | 路由: POS | 最终分: 2.5 | 风险: P0.00/U0.00/F0.00/H0/L1 | 提取质量: 🟢high | 留白率: 0% | 低质量率: 0%
2026-07-27 07:59:22 | INFO     | 
🔍 [正在处理] ANS_ISC_518 | 启动 3WD 流水线...
2026-07-27 07:59:22 | INFO     | 📢 [总进度] 50/72 份试卷已归档。
2026-07-27 07:59:32 | INFO     | ✅ [批改完成] ANS_ISC_517 | 路由: POS | 最终分: 3.8 | 风险: P0.00/U0.05/F0.00/H0/L0 | 提取质量: 🟢high | 留白率: 0% | 低质量率: 0%
2026-07-27 07:59:32 | INFO     | 
🔍 [正在处理] ANS_ISC_519 | 启动 3WD 流水线...
2026-07-27 07:59:32 | INFO     | 📢 [总进度] 51/72 份试卷已归档。
2026-07-27 07:59:36 | INFO     | ✅ [批改完成] ANS_ISC_518 | 路由: POS | 最终分: 2.8 | 风险: P0.00/U0.05/F0.00/H0/L1 | 提取质量: 🟢high | 留白率: 0% | 低质量率: 0%
2026-07-27 07:59:36 | INFO     | 
🔍 [正在处理] ANS_ISC_520 | 启动 3WD 流水线...
2026-07-27 07:59:36 | INFO     | 📢 [总进度] 52/72 份试卷已归档。
2026-07-27 07:59:52 | INFO     | ✅ [批改完成] ANS_ISC_519 | 路由: POS | 最终分: 2.8 | 风险: P0.00/U0.05/F0.00/H0/L1 | 提取质量: 🟢high | 留白率: 0% | 低质量率: 0%
2026-07-27 07:59:52 | INFO     | 
🔍 [正在处理] ANS_ISC_521 | 启动 3WD 流水线...
2026-07-27 07:59:52 | INFO     | 📢 [总进度] 53/72 份试卷已归档。
2026-07-27 07:59:55 | INFO     | ✅ [批改完成] ANS_ISC_520 | 路由: POS | 最终分: 3.2 | 风险: P0.00/U0.05/F0.00/H0/L0 | 提取质量: 🟢high | 留白率: 0% | 低质量率: 0%
2026-07-27 07:59:55 | INFO     | 
🔍 [正在处理] ANS_ISC_522 | 启动 3WD 流水线...
2026-07-27 07:59:55 | INFO     | 📢 [总进度] 54/72 份试卷已归档。
2026-07-27 08:00:10 | INFO     | ✅ [批改完成] ANS_ISC_521 | 路由: POS | 最终分: 2.8 | 风险: P0.00/U0.05/F0.00/H0/L1 | 提取质量: 🟢high | 留白率: 0% | 低质量率: 0%
2026-07-27 08:00:10 | INFO     | 
🔍 [正在处理] ANS_ISC_523 | 启动 3WD 流水线...
2026-07-27 08:00:10 | INFO     | 📢 [总进度] 55/72 份试卷已归档。
2026-07-27 08:00:13 | INFO     | ✅ [批改完成] ANS_ISC_522 | 路由: POS | 最终分: 3.2 | 风险: P0.00/U0.05/F0.00/H0/L0 | 提取质量: 🟢high | 留白率: 0% | 低质量率: 0%
2026-07-27 08:00:13 | INFO     | 
🔍 [正在处理] ANS_ISC_524 | 启动 3WD 流水线...
2026-07-27 08:00:13 | INFO     | 📢 [总进度] 56/72 份试卷已归档。
2026-07-27 08:00:33 | INFO     | ✅ [批改完成] ANS_ISC_523 | 路由: BND | 最终分: 3.3 | 风险: P0.00/U0.12/F0.00/H0/L0 | 提取质量: 🟢high | 留白率: 0% | 低质量率: 0%
2026-07-27 08:00:33 | INFO     | 
🔍 [正在处理] ANS_ISC_525 | 启动 3WD 流水线...
2026-07-27 08:00:33 | INFO     | 📢 [总进度] 57/72 份试卷已归档。
2026-07-27 08:00:37 | INFO     | ✅ [批改完成] ANS_ISC_524 | 路由: BND | 最终分: 3.5 | 风险: P0.00/U0.08/F0.00/H0/L0 | 提取质量: 🟢high | 留白率: 0% | 低质量率: 0%
2026-07-27 08:00:37 | INFO     | 
🔍 [正在处理] ANS_ISC_526 | 启动 3WD 流水线...
2026-07-27 08:00:37 | INFO     | 📢 [总进度] 58/72 份试卷已归档。
2026-07-27 08:00:52 | INFO     | ✅ [批改完成] ANS_ISC_525 | 路由: POS | 最终分: 2.5 | 风险: P0.00/U0.00/F0.00/H0/L1 | 提取质量: 🟢high | 留白率: 0% | 低质量率: 0%
2026-07-27 08:00:52 | INFO     | 
🔍 [正在处理] ANS_ISC_527 | 启动 3WD 流水线...
2026-07-27 08:00:52 | INFO     | 📢 [总进度] 59/72 份试卷已归档。
2026-07-27 08:01:01 | INFO     | ✅ [批改完成] ANS_ISC_526 | 路由: BND | 最终分: 0.8 | 风险: P0.00/U0.12/F0.00/H0/L1 | 提取质量: 🟢high | 留白率: 0% | 低质量率: 0%
2026-07-27 08:01:01 | INFO     | 
🔍 [正在处理] ANS_ISC_528 | 启动 3WD 流水线...
2026-07-27 08:01:01 | INFO     | 📢 [总进度] 60/72 份试卷已归档。
2026-07-27 08:01:12 | INFO     | ✅ [批改完成] ANS_ISC_527 | 路由: POS | 最终分: 2.2 | 风险: P0.00/U0.05/F0.00/H0/L1 | 提取质量: 🟢high | 留白率: 0% | 低质量率: 0%
2026-07-27 08:01:12 | INFO     | 
🔍 [正在处理] ANS_ISC_529 | 启动 3WD 流水线...
2026-07-27 08:01:12 | INFO     | 📢 [总进度] 61/72 份试卷已归档。
2026-07-27 08:01:23 | INFO     | ✅ [批改完成] ANS_ISC_528 | 路由: BND | 最终分: 4.7 | 风险: P0.00/U0.09/F0.00/H0/L0 | 提取质量: 🟢high | 留白率: 0% | 低质量率: 0%
2026-07-27 08:01:23 | INFO     | 
🔍 [正在处理] ANS_ISC_530 | 启动 3WD 流水线...
2026-07-27 08:01:23 | INFO     | 📢 [总进度] 62/72 份试卷已归档。
2026-07-27 08:01:38 | INFO     | ✅ [批改完成] ANS_ISC_529 | 路由: BND | 最终分: 3.7 | 风险: P0.00/U0.09/F0.00/H0/L0 | 提取质量: 🟢high | 留白率: 0% | 低质量率: 0%
2026-07-27 08:01:38 | INFO     | 
🔍 [正在处理] ANS_ISC_531 | 启动 3WD 流水线...
2026-07-27 08:01:38 | INFO     | 📢 [总进度] 63/72 份试卷已归档。
2026-07-27 08:01:55 | INFO     | ✅ [批改完成] ANS_ISC_530 | 路由: BND | 最终分: 3.0 | 风险: P0.00/U0.08/F0.00/H0/L0 | 提取质量: 🟢high | 留白率: 0% | 低质量率: 0%
2026-07-27 08:01:55 | INFO     | 
🔍 [正在处理] ANS_ISC_532 | 启动 3WD 流水线...
2026-07-27 08:01:55 | INFO     | 📢 [总进度] 64/72 份试卷已归档。
2026-07-27 08:02:10 | INFO     | ✅ [批改完成] ANS_ISC_531 | 路由: BND | 最终分: 3.0 | 风险: P0.00/U0.08/F0.00/H0/L1 | 提取质量: 🟢high | 留白率: 0% | 低质量率: 0%
2026-07-27 08:02:10 | INFO     | 
🔍 [正在处理] ANS_ISC_534 | 启动 3WD 流水线...
2026-07-27 08:02:10 | INFO     | 📢 [总进度] 65/72 份试卷已归档。
2026-07-27 08:02:22 | INFO     | ✅ [批改完成] ANS_ISC_532 | 路由: POS | 最终分: 3.8 | 风险: P0.00/U0.05/F0.00/H0/L0 | 提取质量: 🟢high | 留白率: 0% | 低质量率: 0%
2026-07-27 08:02:22 | INFO     | 
🔍 [正在处理] ANS_ISC_535 | 启动 3WD 流水线...
2026-07-27 08:02:22 | INFO     | 📢 [总进度] 66/72 份试卷已归档。
2026-07-27 08:02:34 | INFO     | ✅ [批改完成] ANS_ISC_534 | 路由: POS | 最终分: 2.7 | 风险: P0.00/U0.05/F0.00/H0/L1 | 提取质量: 🟢high | 留白率: 0% | 低质量率: 0%
2026-07-27 08:02:34 | INFO     | 
🔍 [正在处理] ANS_ISC_536 | 启动 3WD 流水线...
2026-07-27 08:02:34 | INFO     | 📢 [总进度] 67/72 份试卷已归档。
2026-07-27 08:02:50 | INFO     | ✅ [批改完成] ANS_ISC_535 | 路由: BND | 最终分: 4.3 | 风险: P0.00/U0.09/F0.00/H0/L0 | 提取质量: 🟢high | 留白率: 0% | 低质量率: 0%
2026-07-27 08:02:50 | INFO     | 
🔍 [正在处理] ANS_ISC_537 | 启动 3WD 流水线...
2026-07-27 08:02:50 | INFO     | 📢 [总进度] 68/72 份试卷已归档。
2026-07-27 08:02:51 | INFO     | ✅ [批改完成] ANS_ISC_536 | 路由: POS | 最终分: 3.2 | 风险: P0.00/U0.05/F0.00/H0/L0 | 提取质量: 🟢high | 留白率: 0% | 低质量率: 0%
2026-07-27 08:02:51 | INFO     | 
🔍 [正在处理] ANS_ISC_538 | 启动 3WD 流水线...
2026-07-27 08:02:51 | INFO     | 📢 [总进度] 69/72 份试卷已归档。
2026-07-27 08:03:08 | INFO     | ✅ [批改完成] ANS_ISC_537 | 路由: POS | 最终分: 4.2 | 风险: P0.00/U0.05/F0.00/H0/L0 | 提取质量: 🟢high | 留白率: 0% | 低质量率: 0%
2026-07-27 08:03:08 | INFO     | 
🔍 [正在处理] ANS_ISC_539 | 启动 3WD 流水线...
2026-07-27 08:03:08 | INFO     | 📢 [总进度] 70/72 份试卷已归档。
2026-07-27 08:03:17 | INFO     | ✅ [批改完成] ANS_ISC_538 | 路由: BND | 最终分: 4.8 | 风险: P0.00/U0.05/F0.00/H0/L0 | 提取质量: 🟢high | 留白率: 0% | 低质量率: 0%
2026-07-27 08:03:17 | INFO     | 📢 [总进度] 71/72 份试卷已归档。
2026-07-27 08:03:31 | INFO     | ✅ [批改完成] ANS_ISC_539 | 路由: NEG | 最终分: 0 | 风险: P0.80/U0.00/F0.00/H0/L0 | 提取质量: 🟡low | 留白率: 100% | 低质量率: 0%
2026-07-27 08:03:31 | INFO     | 📢 [总进度] 72/72 份试卷已归档 [NEG-拒绝]。
2026-07-27 08:03:31 | INFO     | 🗂️ 所有线程交卷完毕，正在整理数据... (共收集 72/72 份结果)
2026-07-27 08:03:31 | INFO     | 💾 正常批改结果已保存: D:\users\王鑫020420\Desktop\refgrader-main\results_runs\csbench_isc1_isc2_isc3_isc4_isc5_isc6_isc7_isc8_isc9_all\runs\teacher_audit_isc_1_9_20260725_192008\ISC_2_graded_results.json (71 人)
2026-07-27 08:03:31 | INFO     | 🛑 拒绝域结果已单独保存: D:\users\王鑫020420\Desktop\refgrader-main\results_runs\csbench_isc1_isc2_isc3_isc4_isc5_isc6_isc7_isc8_isc9_all\runs\teacher_audit_isc_1_9_20260725_192008\ISC_2_rejected.json (1 人)
2026-07-27 08:03:31 | INFO     | [result consistency] ISC_2: checkpoint=72, graded=71, rejected=1, failed=0, expected=72
2026-07-27 08:03:31 | INFO     | 
🚀 [标准模式] 开始处理: ISC_3
2026-07-27 08:03:31 | INFO     | ⚡ 已加载本地标准: D:\users\王鑫020420\Desktop\refgrader-main\data\csbench\rubrics\optimized\ISC\ISC_3_rubric_standard.json
2026-07-27 08:03:35 | INFO     | ⚡ 脱敏清单已预生成，71 名学生共享复用。
2026-07-27 08:03:35 | INFO     | 🏃 开始批改 71 张试卷 (⚡ 开启多线程模式)...
2026-07-27 08:03:35 | INFO     | 
🔍 [正在处理] ANS_ISC_540 | 启动 3WD 流水线...
2026-07-27 08:03:35 | INFO     | 
🔍 [正在处理] ANS_ISC_541 | 启动 3WD 流水线...
2026-07-27 08:03:35 | INFO     | ⏳ [主线程] 已提交 71 个任务，等待结果回收...
2026-07-27 08:03:58 | INFO     | ✅ [批改完成] ANS_ISC_541 | 路由: POS | 最终分: 2.0 | 风险: P0.00/U0.00/F0.00/H0/L1 | 提取质量: 🟢high | 留白率: 0% | 低质量率: 0%
2026-07-27 08:03:58 | INFO     | 
🔍 [正在处理] ANS_ISC_542 | 启动 3WD 流水线...
2026-07-27 08:03:58 | INFO     | 📢 [总进度] 1/71 份试卷已归档。
2026-07-27 08:04:07 | INFO     | ✅ [批改完成] ANS_ISC_540 | 路由: BND | 最终分: 2.0 | 风险: P0.30/U0.09/F0.00/H0/L1 | 提取质量: 🟢high | 留白率: 0% | 低质量率: 0%
2026-07-27 08:04:07 | INFO     | 
🔍 [正在处理] ANS_ISC_543 | 启动 3WD 流水线...
2026-07-27 08:04:07 | INFO     | 📢 [总进度] 2/71 份试卷已归档。
2026-07-27 08:04:19 | INFO     | ✅ [批改完成] ANS_ISC_542 | 路由: POS | 最终分: 3.0 | 风险: P0.00/U0.05/F0.00/H0/L1 | 提取质量: 🟢high | 留白率: 0% | 低质量率: 0%
2026-07-27 08:04:19 | INFO     | 
🔍 [正在处理] ANS_ISC_544 | 启动 3WD 流水线...
2026-07-27 08:04:19 | INFO     | 📢 [总进度] 3/71 份试卷已归档。
2026-07-27 08:04:34 | INFO     | ✅ [批改完成] ANS_ISC_543 | 路由: BND | 最终分: 4.0 | 风险: P0.30/U0.08/F0.00/H0/L0 | 提取质量: 🟢high | 留白率: 0% | 低质量率: 0%
2026-07-27 08:04:34 | INFO     | 
🔍 [正在处理] ANS_ISC_545 | 启动 3WD 流水线...
2026-07-27 08:04:34 | INFO     | 📢 [总进度] 4/71 份试卷已归档。
2026-07-27 08:04:40 | INFO     | ✅ [批改完成] ANS_ISC_544 | 路由: BND | 最终分: 3.2 | 风险: P0.30/U0.05/F0.00/H0/L0 | 提取质量: 🟢high | 留白率: 0% | 低质量率: 0%
2026-07-27 08:04:40 | INFO     | 
🔍 [正在处理] ANS_ISC_546 | 启动 3WD 流水线...
2026-07-27 08:04:40 | INFO     | 📢 [总进度] 5/71 份试卷已归档。
2026-07-27 08:04:50 | ERROR    | ❌ [进程报错] ANS_ISC_545 | 错误原因: 'str' object has no attribute 'get'
2026-07-27 08:04:55 | INFO     | 
🔍 [正在处理] ANS_ISC_545 | 启动 3WD 流水线...(重试)
2026-07-27 08:05:09 | INFO     | ✅ [批改完成] ANS_ISC_546 | 路由: BND | 最终分: 4.5 | 风险: P0.00/U0.09/F0.00/H0/L0 | 提取质量: 🟢high | 留白率: 0% | 低质量率: 0%
2026-07-27 08:05:09 | INFO     | 
🔍 [正在处理] ANS_ISC_547 | 启动 3WD 流水线...
2026-07-27 08:05:09 | INFO     | 📢 [总进度] 6/71 份试卷已归档。
2026-07-27 08:05:19 | INFO     | ✅ [批改完成] ANS_ISC_545 | 路由: BND | 最终分: 3.0 | 风险: P0.30/U0.05/F0.00/H0/L1 | 提取质量: 🟢high | 留白率: 0% | 低质量率: 0%
2026-07-27 08:05:19 | INFO     | 
🔍 [正在处理] ANS_ISC_548 | 启动 3WD 流水线...
2026-07-27 08:05:19 | INFO     | 📢 [总进度] 7/71 份试卷已归档。
2026-07-27 08:05:35 | INFO     | ✅ [批改完成] ANS_ISC_547 | 路由: BND | 最终分: 3.3 | 风险: P0.30/U0.05/F0.00/H0/L0 | 提取质量: 🟢high | 留白率: 0% | 低质量率: 0%
2026-07-27 08:05:35 | INFO     | 
🔍 [正在处理] ANS_ISC_549 | 启动 3WD 流水线...
2026-07-27 08:05:35 | INFO     | 📢 [总进度] 8/71 份试卷已归档。
2026-07-27 08:05:49 | INFO     | ✅ [批改完成] ANS_ISC_548 | 路由: BND | 最终分: 4.0 | 风险: P0.30/U0.05/F0.00/H0/L1 | 提取质量: 🟢high | 留白率: 0% | 低质量率: 0%
2026-07-27 08:05:49 | INFO     | 
🔍 [正在处理] ANS_ISC_550 | 启动 3WD 流水线...
2026-07-27 08:05:49 | INFO     | 📢 [总进度] 9/71 份试卷已归档。
2026-07-27 08:06:04 | INFO     | ✅ [批改完成] ANS_ISC_549 | 路由: BND | 最终分: 2.2 | 风险: P0.30/U0.12/F0.00/H0/L1 | 提取质量: 🟢high | 留白率: 0% | 低质量率: 0%
2026-07-27 08:06:04 | INFO     | 
🔍 [正在处理] ANS_ISC_551 | 启动 3WD 流水线...
2026-07-27 08:06:04 | INFO     | 📢 [总进度] 10/71 份试卷已归档。
2026-07-27 08:06:16 | INFO     | ✅ [批改完成] ANS_ISC_550 | 路由: BND | 最终分: 2.0 | 风险: P0.30/U0.03/F0.00/H0/L1 | 提取质量: 🟢high | 留白率: 0% | 低质量率: 0%
2026-07-27 08:06:16 | INFO     | 
🔍 [正在处理] ANS_ISC_552 | 启动 3WD 流水线...
2026-07-27 08:06:16 | INFO     | 📢 [总进度] 11/71 份试卷已归档。
2026-07-27 08:06:29 | INFO     | ✅ [批改完成] ANS_ISC_551 | 路由: BND | 最终分: 2.5 | 风险: P0.30/U0.08/F0.00/H0/L1 | 提取质量: 🟢high | 留白率: 0% | 低质量率: 0%
2026-07-27 08:06:29 | INFO     | 
🔍 [正在处理] ANS_ISC_553 | 启动 3WD 流水线...
2026-07-27 08:06:29 | INFO     | 📢 [总进度] 12/71 份试卷已归档。
2026-07-27 08:06:41 | INFO     | ✅ [批改完成] ANS_ISC_552 | 路由: BND | 最终分: 2.5 | 风险: P0.30/U0.04/F0.00/H0/L1 | 提取质量: 🟢high | 留白率: 0% | 低质量率: 0%
2026-07-27 08:06:41 | INFO     | 
🔍 [正在处理] ANS_ISC_554 | 启动 3WD 流水线...
2026-07-27 08:06:41 | INFO     | 📢 [总进度] 13/71 份试卷已归档。
2026-07-27 08:06:58 | INFO     | ✅ [批改完成] ANS_ISC_553 | 路由: BND | 最终分: 3.34 | 风险: P0.30/U0.07/F0.00/H0/L1 | 提取质量: 🟢high | 留白率: 0% | 低质量率: 0%
2026-07-27 08:06:58 | INFO     | 
🔍 [正在处理] ANS_ISC_555 | 启动 3WD 流水线...
2026-07-27 08:06:58 | INFO     | 📢 [总进度] 14/71 份试卷已归档。
2026-07-27 08:07:04 | INFO     | ✅ [批改完成] ANS_ISC_554 | 路由: BND | 最终分: 4.2 | 风险: P0.30/U0.05/F0.00/H0/L0 | 提取质量: 🟢high | 留白率: 0% | 低质量率: 0%
2026-07-27 08:07:04 | INFO     | 
🔍 [正在处理] ANS_ISC_556 | 启动 3WD 流水线...
2026-07-27 08:07:04 | INFO     | 📢 [总进度] 15/71 份试卷已归档。
2026-07-27 08:07:23 | INFO     | ✅ [批改完成] ANS_ISC_555 | 路由: BND | 最终分: 3.5 | 风险: P0.00/U0.09/F0.00/H0/L1 | 提取质量: 🟢high | 留白率: 0% | 低质量率: 0%
2026-07-27 08:07:23 | INFO     | 
🔍 [正在处理] ANS_ISC_557 | 启动 3WD 流水线...
2026-07-27 08:07:23 | INFO     | 📢 [总进度] 16/71 份试卷已归档。
2026-07-27 08:07:27 | INFO     | ✅ [批改完成] ANS_ISC_556 | 路由: BND | 最终分: 3.7 | 风险: P0.30/U0.09/F0.00/H0/L0 | 提取质量: 🟢high | 留白率: 0% | 低质量率: 0%
2026-07-27 08:07:27 | INFO     | 
🔍 [正在处理] ANS_ISC_558 | 启动 3WD 流水线...
2026-07-27 08:07:27 | INFO     | 📢 [总进度] 17/71 份试卷已归档。
2026-07-27 08:07:45 | INFO     | ✅ [批改完成] ANS_ISC_557 | 路由: BND | 最终分: 3.5 | 风险: P0.30/U0.08/F0.00/H0/L0 | 提取质量: 🟢high | 留白率: 0% | 低质量率: 0%
2026-07-27 08:07:45 | INFO     | 
🔍 [正在处理] ANS_ISC_559 | 启动 3WD 流水线...
2026-07-27 08:07:45 | INFO     | 📢 [总进度] 18/71 份试卷已归档。
2026-07-27 08:07:55 | INFO     | ✅ [批改完成] ANS_ISC_558 | 路由: BND | 最终分: 3.5 | 风险: P0.30/U0.08/F0.00/H0/L0 | 提取质量: 🟢high | 留白率: 0% | 低质量率: 0%
2026-07-27 08:07:55 | INFO     | 
🔍 [正在处理] ANS_ISC_560 | 启动 3WD 流水线...
2026-07-27 08:07:55 | INFO     | 📢 [总进度] 19/71 份试卷已归档。
2026-07-27 08:08:13 | INFO     | ✅ [批改完成] ANS_ISC_559 | 路由: BND | 最终分: 4.0 | 风险: P0.00/U0.07/F0.00/H0/L0 | 提取质量: 🟢high | 留白率: 0% | 低质量率: 0%
2026-07-27 08:08:13 | INFO     | 
🔍 [正在处理] ANS_ISC_561 | 启动 3WD 流水线...
2026-07-27 08:08:13 | INFO     | 📢 [总进度] 20/71 份试卷已归档。
2026-07-27 08:08:21 | INFO     | ✅ [批改完成] ANS_ISC_560 | 路由: POS | 最终分: 3.0 | 风险: P0.00/U0.05/F0.00/H0/L1 | 提取质量: 🟢high | 留白率: 0% | 低质量率: 0%
2026-07-27 08:08:21 | INFO     | 
🔍 [正在处理] ANS_ISC_562 | 启动 3WD 流水线...
2026-07-27 08:08:21 | INFO     | 📢 [总进度] 21/71 份试卷已归档。
2026-07-27 08:08:41 | INFO     | ✅ [批改完成] ANS_ISC_561 | 路由: POS | 最终分: 3.3 | 风险: P0.00/U0.05/F0.00/H0/L0 | 提取质量: 🟢high | 留白率: 0% | 低质量率: 0%
2026-07-27 08:08:41 | INFO     | 
🔍 [正在处理] ANS_ISC_563 | 启动 3WD 流水线...
2026-07-27 08:08:41 | INFO     | 📢 [总进度] 22/71 份试卷已归档。
2026-07-27 08:08:52 | INFO     | ✅ [批改完成] ANS_ISC_562 | 路由: BND | 最终分: 2.0 | 风险: P0.30/U0.00/F0.00/H0/L1 | 提取质量: 🟢high | 留白率: 0% | 低质量率: 0%
2026-07-27 08:08:52 | INFO     | 
🔍 [正在处理] ANS_ISC_564 | 启动 3WD 流水线...
2026-07-27 08:08:52 | INFO     | 📢 [总进度] 23/71 份试卷已归档。
2026-07-27 08:09:26 | INFO     | ✅ [批改完成] ANS_ISC_564 | 路由: BND | 最终分: 2.0 | 风险: P0.30/U0.08/F0.00/H0/L1 | 提取质量: 🟢high | 留白率: 0% | 低质量率: 0%
2026-07-27 08:09:26 | INFO     | 
🔍 [正在处理] ANS_ISC_565 | 启动 3WD 流水线...
2026-07-27 08:09:26 | INFO     | 📢 [总进度] 24/71 份试卷已归档。
2026-07-27 08:09:28 | INFO     | ✅ [批改完成] ANS_ISC_563 | 路由: BND | 最终分: 3.5 | 风险: P0.30/U0.05/F0.00/H0/L1 | 提取质量: 🟢high | 留白率: 0% | 低质量率: 0%
2026-07-27 08:09:28 | INFO     | 
🔍 [正在处理] ANS_ISC_566 | 启动 3WD 流水线...
2026-07-27 08:09:28 | INFO     | 📢 [总进度] 25/71 份试卷已归档。
2026-07-27 08:09:46 | INFO     | ✅ [批改完成] ANS_ISC_566 | 路由: POS | 最终分: 3.8 | 风险: P0.00/U0.05/F0.00/H0/L0 | 提取质量: 🟢high | 留白率: 0% | 低质量率: 0%
2026-07-27 08:09:46 | INFO     | 
🔍 [正在处理] ANS_ISC_567 | 启动 3WD 流水线...
2026-07-27 08:09:46 | INFO     | 📢 [总进度] 26/71 份试卷已归档。
2026-07-27 08:09:56 | INFO     | ✅ [批改完成] ANS_ISC_565 | 路由: BND | 最终分: 3.0 | 风险: P0.30/U0.05/F0.00/H0/L1 | 提取质量: 🟢high | 留白率: 0% | 低质量率: 0%
2026-07-27 08:09:56 | INFO     | 
🔍 [正在处理] ANS_ISC_568 | 启动 3WD 流水线...
2026-07-27 08:09:56 | INFO     | 📢 [总进度] 27/71 份试卷已归档。
2026-07-27 08:10:12 | INFO     | ✅ [批改完成] ANS_ISC_567 | 路由: BND | 最终分: 3.5 | 风险: P0.30/U0.09/F0.00/H0/L0 | 提取质量: 🟢high | 留白率: 0% | 低质量率: 0%
2026-07-27 08:10:12 | INFO     | 
🔍 [正在处理] ANS_ISC_570 | 启动 3WD 流水线...
2026-07-27 08:10:12 | INFO     | 📢 [总进度] 28/71 份试卷已归档。
2026-07-27 08:10:20 | INFO     | ✅ [批改完成] ANS_ISC_568 | 路由: BND | 最终分: 3.3 | 风险: P0.00/U0.09/F0.00/H0/L0 | 提取质量: 🟢high | 留白率: 0% | 低质量率: 0%
2026-07-27 08:10:20 | INFO     | 
🔍 [正在处理] ANS_ISC_572 | 启动 3WD 流水线...
2026-07-27 08:10:20 | INFO     | 📢 [总进度] 29/71 份试卷已归档。
2026-07-27 08:10:38 | INFO     | ✅ [批改完成] ANS_ISC_570 | 路由: BND | 最终分: 4.2 | 风险: P0.30/U0.05/F0.00/H0/L0 | 提取质量: 🟢high | 留白率: 0% | 低质量率: 0%
2026-07-27 08:10:38 | INFO     | 
🔍 [正在处理] ANS_ISC_573 | 启动 3WD 流水线...
2026-07-27 08:10:38 | INFO     | 📢 [总进度] 30/71 份试卷已归档。
2026-07-27 08:10:45 | INFO     | ✅ [批改完成] ANS_ISC_572 | 路由: BND | 最终分: 3.0 | 风险: P0.30/U0.08/F0.00/H0/L1 | 提取质量: 🟢high | 留白率: 0% | 低质量率: 0%
2026-07-27 08:10:45 | INFO     | 
🔍 [正在处理] ANS_ISC_574 | 启动 3WD 流水线...
2026-07-27 08:10:45 | INFO     | 📢 [总进度] 31/71 份试卷已归档。
2026-07-27 08:11:00 | INFO     | ✅ [批改完成] ANS_ISC_573 | 路由: BND | 最终分: 3.0 | 风险: P0.30/U0.00/F0.00/H0/L1 | 提取质量: 🟢high | 留白率: 0% | 低质量率: 0%
2026-07-27 08:11:00 | INFO     | 
🔍 [正在处理] ANS_ISC_575 | 启动 3WD 流水线...
2026-07-27 08:11:00 | INFO     | 📢 [总进度] 32/71 份试卷已归档。
2026-07-27 08:11:07 | INFO     | ✅ [批改完成] ANS_ISC_574 | 路由: BND | 最终分: 2.0 | 风险: P0.30/U0.08/F0.00/H0/L1 | 提取质量: 🟢high | 留白率: 0% | 低质量率: 0%
2026-07-27 08:11:07 | INFO     | 
🔍 [正在处理] ANS_ISC_576 | 启动 3WD 流水线...
2026-07-27 08:11:07 | INFO     | 📢 [总进度] 33/71 份试卷已归档。
2026-07-27 08:11:26 | INFO     | ✅ [批改完成] ANS_ISC_575 | 路由: BND | 最终分: 3.5 | 风险: P0.30/U0.08/F0.00/H0/L1 | 提取质量: 🟢high | 留白率: 0% | 低质量率: 0%
2026-07-27 08:11:26 | INFO     | 
🔍 [正在处理] ANS_ISC_577 | 启动 3WD 流水线...
2026-07-27 08:11:26 | INFO     | 📢 [总进度] 34/71 份试卷已归档。
2026-07-27 08:11:32 | INFO     | ✅ [批改完成] ANS_ISC_576 | 路由: BND | 最终分: 3.2 | 风险: P0.30/U0.05/F0.00/H0/L0 | 提取质量: 🟢high | 留白率: 0% | 低质量率: 0%
2026-07-27 08:11:32 | INFO     | 
🔍 [正在处理] ANS_ISC_578 | 启动 3WD 流水线...
2026-07-27 08:11:32 | INFO     | 📢 [总进度] 35/71 份试卷已归档。
2026-07-27 08:11:47 | INFO     | ✅ [批改完成] ANS_ISC_577 | 路由: BND | 最终分: 3.0 | 风险: P0.30/U0.00/F0.00/H0/L1 | 提取质量: 🟢high | 留白率: 0% | 低质量率: 0%
2026-07-27 08:11:47 | INFO     | 
🔍 [正在处理] ANS_ISC_579 | 启动 3WD 流水线...
2026-07-27 08:11:47 | INFO     | 📢 [总进度] 36/71 份试卷已归档。
2026-07-27 08:11:56 | INFO     | ✅ [批改完成] ANS_ISC_578 | 路由: POS | 最终分: 3.0 | 风险: P0.00/U0.05/F0.00/H0/L1 | 提取质量: 🟢high | 留白率: 0% | 低质量率: 0%
2026-07-27 08:11:56 | INFO     | 
🔍 [正在处理] ANS_ISC_580 | 启动 3WD 流水线...
2026-07-27 08:11:56 | INFO     | 📢 [总进度] 37/71 份试卷已归档。
2026-07-27 08:12:18 | INFO     | ✅ [批改完成] ANS_ISC_579 | 路由: BND | 最终分: 3.0 | 风险: P0.30/U0.08/F0.00/H0/L1 | 提取质量: 🟢high | 留白率: 0% | 低质量率: 0%
2026-07-27 08:12:18 | INFO     | 
🔍 [正在处理] ANS_ISC_581 | 启动 3WD 流水线...
2026-07-27 08:12:18 | INFO     | 📢 [总进度] 38/71 份试卷已归档。
2026-07-27 08:12:19 | INFO     | ✅ [批改完成] ANS_ISC_580 | 路由: BND | 最终分: 3.0 | 风险: P0.30/U0.05/F0.00/H0/L1 | 提取质量: 🟢high | 留白率: 0% | 低质量率: 0%
2026-07-27 08:12:19 | INFO     | 
🔍 [正在处理] ANS_ISC_582 | 启动 3WD 流水线...
2026-07-27 08:12:19 | INFO     | 📢 [总进度] 39/71 份试卷已归档。
2026-07-27 08:12:39 | INFO     | ✅ [批改完成] ANS_ISC_582 | 路由: BND | 最终分: 3.5 | 风险: P0.30/U0.08/F0.00/H0/L0 | 提取质量: 🟢high | 留白率: 0% | 低质量率: 0%
2026-07-27 08:12:39 | INFO     | 
🔍 [正在处理] ANS_ISC_583 | 启动 3WD 流水线...
2026-07-27 08:12:39 | INFO     | 📢 [总进度] 40/71 份试卷已归档。
2026-07-27 08:12:46 | INFO     | ✅ [批改完成] ANS_ISC_581 | 路由: BND | 最终分: 3.6 | 风险: P0.30/U0.06/F0.00/H0/L0 | 提取质量: 🟢high | 留白率: 0% | 低质量率: 0%
2026-07-27 08:12:46 | INFO     | 
🔍 [正在处理] ANS_ISC_584 | 启动 3WD 流水线...
2026-07-27 08:12:46 | INFO     | 📢 [总进度] 41/71 份试卷已归档。
2026-07-27 08:13:02 | INFO     | ✅ [批改完成] ANS_ISC_583 | 路由: BND | 最终分: 3.5 | 风险: P0.30/U0.00/F0.00/H0/L1 | 提取质量: 🟢high | 留白率: 0% | 低质量率: 0%
2026-07-27 08:13:02 | INFO     | 
🔍 [正在处理] ANS_ISC_585 | 启动 3WD 流水线...
2026-07-27 08:13:02 | INFO     | 📢 [总进度] 42/71 份试卷已归档。
2026-07-27 08:13:11 | INFO     | ✅ [批改完成] ANS_ISC_584 | 路由: BND | 最终分: 4.3 | 风险: P0.30/U0.09/F0.00/H0/L0 | 提取质量: 🟢high | 留白率: 0% | 低质量率: 0%
2026-07-27 08:13:11 | INFO     | 
🔍 [正在处理] ANS_ISC_586 | 启动 3WD 流水线...
2026-07-27 08:13:11 | INFO     | 📢 [总进度] 43/71 份试卷已归档。
2026-07-27 08:13:35 | INFO     | ✅ [批改完成] ANS_ISC_585 | 路由: BND | 最终分: 4.0 | 风险: P0.30/U0.08/F0.00/H0/L0 | 提取质量: 🟢high | 留白率: 0% | 低质量率: 0%
2026-07-27 08:13:35 | INFO     | 
🔍 [正在处理] ANS_ISC_587 | 启动 3WD 流水线...
2026-07-27 08:13:35 | INFO     | 📢 [总进度] 44/71 份试卷已归档。
2026-07-27 08:13:35 | INFO     | ✅ [批改完成] ANS_ISC_586 | 路由: BND | 最终分: 3.2 | 风险: P0.00/U0.11/F0.00/H0/L0 | 提取质量: 🟢high | 留白率: 0% | 低质量率: 0%
2026-07-27 08:13:35 | INFO     | 
🔍 [正在处理] ANS_ISC_588 | 启动 3WD 流水线...
2026-07-27 08:13:35 | INFO     | 📢 [总进度] 45/71 份试卷已归档。
2026-07-27 08:13:54 | INFO     | ✅ [批改完成] ANS_ISC_588 | 路由: BND | 最终分: 1.0 | 风险: P0.30/U0.09/F0.00/H0/L1 | 提取质量: 🟢high | 留白率: 0% | 低质量率: 0%
2026-07-27 08:13:54 | INFO     | 
🔍 [正在处理] ANS_ISC_589 | 启动 3WD 流水线...
2026-07-27 08:13:54 | INFO     | 📢 [总进度] 46/71 份试卷已归档。
2026-07-27 08:13:58 | INFO     | ✅ [批改完成] ANS_ISC_587 | 路由: BND | 最终分: 2.0 | 风险: P0.30/U0.05/F0.00/H0/L1 | 提取质量: 🟢high | 留白率: 0% | 低质量率: 0%
2026-07-27 08:13:58 | INFO     | 
🔍 [正在处理] ANS_ISC_592 | 启动 3WD 流水线...
2026-07-27 08:13:58 | INFO     | 📢 [总进度] 47/71 份试卷已归档。
2026-07-27 08:14:11 | INFO     | ✅ [批改完成] ANS_ISC_589 | 路由: POS | 最终分: 2.5 | 风险: P0.00/U0.05/F0.00/H0/L1 | 提取质量: 🟢high | 留白率: 0% | 低质量率: 0%
2026-07-27 08:14:11 | INFO     | 
🔍 [正在处理] ANS_ISC_593 | 启动 3WD 流水线...
2026-07-27 08:14:11 | INFO     | 📢 [总进度] 48/71 份试卷已归档。
2026-07-27 08:14:16 | ERROR    | ❌ [进程报错] ANS_ISC_592 | 错误原因: 'str' object has no attribute 'get'
2026-07-27 08:14:21 | INFO     | 
🔍 [正在处理] ANS_ISC_592 | 启动 3WD 流水线...(重试)
2026-07-27 08:14:38 | INFO     | ✅ [批改完成] ANS_ISC_593 | 路由: BND | 最终分: 3.5 | 风险: P0.30/U0.05/F0.00/H0/L1 | 提取质量: 🟢high | 留白率: 0% | 低质量率: 0%
2026-07-27 08:14:38 | INFO     | 
🔍 [正在处理] ANS_ISC_594 | 启动 3WD 流水线...
2026-07-27 08:14:38 | INFO     | 📢 [总进度] 49/71 份试卷已归档。
2026-07-27 08:14:44 | INFO     | ✅ [批改完成] ANS_ISC_592 | 路由: BND | 最终分: 3.3 | 风险: P0.30/U0.09/F0.00/H0/L0 | 提取质量: 🟢high | 留白率: 0% | 低质量率: 0%
2026-07-27 08:14:44 | INFO     | 
🔍 [正在处理] ANS_ISC_595 | 启动 3WD 流水线...
2026-07-27 08:14:44 | INFO     | 📢 [总进度] 50/71 份试卷已归档。
2026-07-27 08:14:59 | INFO     | ✅ [批改完成] ANS_ISC_594 | 路由: POS | 最终分: 3.3 | 风险: P0.00/U0.05/F0.00/H0/L0 | 提取质量: 🟢high | 留白率: 0% | 低质量率: 0%
2026-07-27 08:14:59 | INFO     | 
🔍 [正在处理] ANS_ISC_596 | 启动 3WD 流水线...
2026-07-27 08:14:59 | INFO     | 📢 [总进度] 51/71 份试卷已归档。
2026-07-27 08:15:18 | INFO     | ✅ [批改完成] ANS_ISC_595 | 路由: BND | 最终分: 2.5 | 风险: P0.30/U0.07/F0.00/H0/L1 | 提取质量: 🟢high | 留白率: 0% | 低质量率: 0%
2026-07-27 08:15:18 | INFO     | 
🔍 [正在处理] ANS_ISC_597 | 启动 3WD 流水线...
2026-07-27 08:15:18 | INFO     | 📢 [总进度] 52/71 份试卷已归档。
2026-07-27 08:15:28 | INFO     | ✅ [批改完成] ANS_ISC_596 | 路由: POS | 最终分: 2.5 | 风险: P0.00/U0.00/F0.00/H0/L1 | 提取质量: 🟢high | 留白率: 0% | 低质量率: 0%
2026-07-27 08:15:28 | INFO     | 
🔍 [正在处理] ANS_ISC_598 | 启动 3WD 流水线...
2026-07-27 08:15:28 | INFO     | 📢 [总进度] 53/71 份试卷已归档。
2026-07-27 08:15:40 | INFO     | ✅ [批改完成] ANS_ISC_597 | 路由: POS | 最终分: 3.0 | 风险: P0.00/U0.05/F0.00/H0/L1 | 提取质量: 🟢high | 留白率: 0% | 低质量率: 0%
2026-07-27 08:15:40 | INFO     | 
🔍 [正在处理] ANS_ISC_599 | 启动 3WD 流水线...
2026-07-27 08:15:40 | INFO     | 📢 [总进度] 54/71 份试卷已归档。
2026-07-27 08:16:01 | INFO     | ✅ [批改完成] ANS_ISC_598 | 路由: BND | 最终分: 2.5 | 风险: P0.30/U0.05/F0.00/H0/L1 | 提取质量: 🟢high | 留白率: 0% | 低质量率: 0%
2026-07-27 08:16:01 | INFO     | 
🔍 [正在处理] ANS_ISC_600 | 启动 3WD 流水线...
2026-07-27 08:16:01 | INFO     | 📢 [总进度] 55/71 份试卷已归档。
2026-07-27 08:16:13 | INFO     | ✅ [批改完成] ANS_ISC_599 | 路由: BND | 最终分: 3.0 | 风险: P0.30/U0.05/F0.00/H0/L1 | 提取质量: 🟢high | 留白率: 0% | 低质量率: 0%
2026-07-27 08:16:13 | INFO     | 
🔍 [正在处理] ANS_ISC_602 | 启动 3WD 流水线...
2026-07-27 08:16:13 | INFO     | 📢 [总进度] 56/71 份试卷已归档。
2026-07-27 08:16:29 | INFO     | ✅ [批改完成] ANS_ISC_600 | 路由: BND | 最终分: 3.5 | 风险: P0.30/U0.05/F0.00/H0/L1 | 提取质量: 🟢high | 留白率: 0% | 低质量率: 0%
2026-07-27 08:16:29 | INFO     | 
🔍 [正在处理] ANS_ISC_603 | 启动 3WD 流水线...
2026-07-27 08:16:29 | INFO     | 📢 [总进度] 57/71 份试卷已归档。
2026-07-27 08:16:45 | INFO     | ✅ [批改完成] ANS_ISC_602 | 路由: BND | 最终分: 4.0 | 风险: P0.30/U0.00/F0.00/H0/L0 | 提取质量: 🟢high | 留白率: 0% | 低质量率: 0%
2026-07-27 08:16:45 | INFO     | 
🔍 [正在处理] ANS_ISC_604 | 启动 3WD 流水线...
2026-07-27 08:16:45 | INFO     | 📢 [总进度] 58/71 份试卷已归档。
2026-07-27 08:16:50 | INFO     | ✅ [批改完成] ANS_ISC_603 | 路由: POS | 最终分: 3.0 | 风险: P0.00/U0.05/F0.00/H0/L1 | 提取质量: 🟢high | 留白率: 0% | 低质量率: 0%
2026-07-27 08:16:50 | INFO     | 
🔍 [正在处理] ANS_ISC_605 | 启动 3WD 流水线...
2026-07-27 08:16:50 | INFO     | 📢 [总进度] 59/71 份试卷已归档。
2026-07-27 08:17:15 | INFO     | ✅ [批改完成] ANS_ISC_604 | 路由: BND | 最终分: 3.9 | 风险: P0.30/U0.06/F0.00/H0/L0 | 提取质量: 🟢high | 留白率: 0% | 低质量率: 0%
2026-07-27 08:17:15 | INFO     | 
🔍 [正在处理] ANS_ISC_606 | 启动 3WD 流水线...
2026-07-27 08:17:15 | INFO     | 📢 [总进度] 60/71 份试卷已归档。
2026-07-27 08:17:18 | INFO     | ✅ [批改完成] ANS_ISC_605 | 路由: BND | 最终分: 3.5 | 风险: P0.30/U0.08/F0.00/H0/L0 | 提取质量: 🟢high | 留白率: 0% | 低质量率: 0%
2026-07-27 08:17:18 | INFO     | 
🔍 [正在处理] ANS_ISC_607 | 启动 3WD 流水线...
2026-07-27 08:17:18 | INFO     | 📢 [总进度] 61/71 份试卷已归档。
2026-07-27 08:17:33 | INFO     | ✅ [批改完成] ANS_ISC_606 | 路由: POS | 最终分: 3.8 | 风险: P0.00/U0.05/F0.00/H0/L0 | 提取质量: 🟢high | 留白率: 0% | 低质量率: 0%
2026-07-27 08:17:33 | INFO     | 
🔍 [正在处理] ANS_ISC_608 | 启动 3WD 流水线...
2026-07-27 08:17:33 | INFO     | 📢 [总进度] 62/71 份试卷已归档。
2026-07-27 08:17:40 | INFO     | ✅ [批改完成] ANS_ISC_607 | 路由: BND | 最终分: 2.0 | 风险: P0.30/U0.04/F0.00/H0/L1 | 提取质量: 🟢high | 留白率: 0% | 低质量率: 0%
2026-07-27 08:17:40 | INFO     | 
🔍 [正在处理] ANS_ISC_609 | 启动 3WD 流水线...
2026-07-27 08:17:40 | INFO     | 📢 [总进度] 63/71 份试卷已归档。
2026-07-27 08:18:00 | INFO     | ✅ [批改完成] ANS_ISC_608 | 路由: BND | 最终分: 2.5 | 风险: P0.30/U0.05/F0.00/H0/L1 | 提取质量: 🟢high | 留白率: 0% | 低质量率: 0%
2026-07-27 08:18:00 | INFO     | 
🔍 [正在处理] ANS_ISC_610 | 启动 3WD 流水线...
2026-07-27 08:18:00 | INFO     | 📢 [总进度] 64/71 份试卷已归档。
2026-07-27 08:18:06 | INFO     | ✅ [批改完成] ANS_ISC_609 | 路由: BND | 最终分: 2.0 | 风险: P0.30/U0.03/F0.00/H0/L1 | 提取质量: 🟢high | 留白率: 0% | 低质量率: 0%
2026-07-27 08:18:06 | INFO     | 
🔍 [正在处理] ANS_ISC_611 | 启动 3WD 流水线...
2026-07-27 08:18:06 | INFO     | 📢 [总进度] 65/71 份试卷已归档。
2026-07-27 08:18:32 | INFO     | ✅ [批改完成] ANS_ISC_610 | 路由: BND | 最终分: 4.0 | 风险: P0.00/U0.08/F0.00/H0/L1 | 提取质量: 🟢high | 留白率: 0% | 低质量率: 0%
2026-07-27 08:18:32 | INFO     | 
🔍 [正在处理] ANS_ISC_613 | 启动 3WD 流水线...
2026-07-27 08:18:32 | INFO     | 📢 [总进度] 66/71 份试卷已归档。
2026-07-27 08:18:32 | INFO     | ✅ [批改完成] ANS_ISC_611 | 路由: BND | 最终分: 2.5 | 风险: P0.30/U0.00/F0.00/H0/L1 | 提取质量: 🟢high | 留白率: 0% | 低质量率: 0%
2026-07-27 08:18:32 | INFO     | 
🔍 [正在处理] ANS_ISC_614 | 启动 3WD 流水线...
2026-07-27 08:18:32 | INFO     | 📢 [总进度] 67/71 份试卷已归档。
2026-07-27 08:18:52 | INFO     | ✅ [批改完成] ANS_ISC_614 | 路由: POS | 最终分: 3.8 | 风险: P0.00/U0.05/F0.00/H0/L0 | 提取质量: 🟢high | 留白率: 0% | 低质量率: 0%
2026-07-27 08:18:52 | INFO     | 
🔍 [正在处理] ANS_ISC_615 | 启动 3WD 流水线...
2026-07-27 08:18:52 | INFO     | 📢 [总进度] 68/71 份试卷已归档。
2026-07-27 08:19:04 | INFO     | ✅ [批改完成] ANS_ISC_613 | 路由: BND | 最终分: 4.0 | 风险: P0.30/U0.08/F0.00/H0/L1 | 提取质量: 🟢high | 留白率: 0% | 低质量率: 0%
2026-07-27 08:19:04 | INFO     | 
🔍 [正在处理] ANS_ISC_616 | 启动 3WD 流水线...
2026-07-27 08:19:04 | INFO     | 📢 [总进度] 69/71 份试卷已归档。
2026-07-27 08:19:26 | INFO     | ✅ [批改完成] ANS_ISC_616 | 路由: NEG | 最终分: 0 | 风险: P0.80/U0.00/F0.00/H0/L0 | 提取质量: 🟡low | 留白率: 100% | 低质量率: 0%
2026-07-27 08:19:26 | INFO     | 📢 [总进度] 70/71 份试卷已归档 [NEG-拒绝]。
2026-07-27 08:19:27 | INFO     | ✅ [批改完成] ANS_ISC_615 | 路由: BND | 最终分: 3.0 | 风险: P0.30/U0.00/F0.00/H0/L1 | 提取质量: 🟢high | 留白率: 0% | 低质量率: 0%
2026-07-27 08:19:27 | INFO     | 📢 [总进度] 71/71 份试卷已归档。
2026-07-27 08:19:27 | INFO     | 🗂️ 所有线程交卷完毕，正在整理数据... (共收集 71/71 份结果)
2026-07-27 08:19:27 | INFO     | 💾 正常批改结果已保存: D:\users\王鑫020420\Desktop\refgrader-main\results_runs\csbench_isc1_isc2_isc3_isc4_isc5_isc6_isc7_isc8_isc9_all\runs\teacher_audit_isc_1_9_20260725_192008\ISC_3_graded_results.json (70 人)
2026-07-27 08:19:27 | INFO     | 🛑 拒绝域结果已单独保存: D:\users\王鑫020420\Desktop\refgrader-main\results_runs\csbench_isc1_isc2_isc3_isc4_isc5_isc6_isc7_isc8_isc9_all\runs\teacher_audit_isc_1_9_20260725_192008\ISC_3_rejected.json (1 人)
2026-07-27 08:19:28 | INFO     | [result consistency] ISC_3: checkpoint=71, graded=70, rejected=1, failed=0, expected=71
2026-07-27 08:19:28 | INFO     | 
🚀 [标准模式] 开始处理: ISC_4
2026-07-27 08:19:28 | INFO     | ⚡ 已加载本地标准: D:\users\王鑫020420\Desktop\refgrader-main\data\csbench\rubrics\optimized\ISC\ISC_4_rubric_standard.json
2026-07-27 08:19:28 | INFO     | [PaddleOCR] preparing 7/70 visual-answer cache entries...
2026-07-27 08:19:40 | INFO     | Initialize PaddleOCR | device=cpu | lang=ch | pending=1/1 | model_cache=D:\paddlex_cache
[1/1] completed: ANS_ISC_620.jpg | tokens=3 | mean_conf=0.97552 | output=D:\users\王鑫020420\Desktop\refgrader-main\ocr_cache\csbench\ISC_4\ANS_ISC_620.json
summary: completed=1, skipped=0, failed=0
2026-07-27 08:19:48 | INFO     | Initialize PaddleOCR | device=cpu | lang=ch | pending=1/1 | model_cache=D:\paddlex_cache
[1/1] completed: ANS_ISC_640.jpg | tokens=3 | mean_conf=0.892584 | output=D:\users\王鑫020420\Desktop\refgrader-main\ocr_cache\csbench\ISC_4\ANS_ISC_640.json
summary: completed=1, skipped=0, failed=0
2026-07-27 08:19:57 | INFO     | Initialize PaddleOCR | device=cpu | lang=ch | pending=1/1 | model_cache=D:\paddlex_cache
[1/1] completed: ANS_ISC_643.jpg | tokens=4 | mean_conf=0.951994 | output=D:\users\王鑫020420\Desktop\refgrader-main\ocr_cache\csbench\ISC_4\ANS_ISC_643.json
summary: completed=1, skipped=0, failed=0
2026-07-27 08:20:05 | INFO     | Initialize PaddleOCR | device=cpu | lang=ch | pending=1/1 | model_cache=D:\paddlex_cache
[1/1] completed: ANS_ISC_663.jpg | tokens=4 | mean_conf=0.960539 | output=D:\users\王鑫020420\Desktop\refgrader-main\ocr_cache\csbench\ISC_4\ANS_ISC_663.json
summary: completed=1, skipped=0, failed=0
2026-07-27 08:20:13 | INFO     | Initialize PaddleOCR | device=cpu | lang=ch | pending=1/1 | model_cache=D:\paddlex_cache
[1/1] completed: ANS_ISC_670.jpg | tokens=2 | mean_conf=0.964872 | output=D:\users\王鑫020420\Desktop\refgrader-main\ocr_cache\csbench\ISC_4\ANS_ISC_670.json
summary: completed=1, skipped=0, failed=0
2026-07-27 08:20:21 | INFO     | Initialize PaddleOCR | device=cpu | lang=ch | pending=1/1 | model_cache=D:\paddlex_cache
[1/1] completed: ANS_ISC_673.jpg | tokens=4 | mean_conf=0.982228 | output=D:\users\王鑫020420\Desktop\refgrader-main\ocr_cache\csbench\ISC_4\ANS_ISC_673.json
summary: completed=1, skipped=0, failed=0
2026-07-27 08:20:30 | INFO     | Initialize PaddleOCR | device=cpu | lang=ch | pending=1/1 | model_cache=D:\paddlex_cache
[1/1] completed: ANS_ISC_680.jpg | tokens=5 | mean_conf=0.895098 | output=D:\users\王鑫020420\Desktop\refgrader-main\ocr_cache\csbench\ISC_4\ANS_ISC_680.json
summary: completed=1, skipped=0, failed=0
2026-07-27 08:20:35 | INFO     | ⚡ 脱敏清单已预生成，70 名学生共享复用。
2026-07-27 08:20:35 | INFO     | 🏃 开始批改 70 张试卷 (⚡ 开启多线程模式)...
2026-07-27 08:20:35 | INFO     | 
🔍 [正在处理] ANS_ISC_617 | 启动 3WD 流水线...
2026-07-27 08:20:35 | INFO     | 
🔍 [正在处理] ANS_ISC_618 | 启动 3WD 流水线...
2026-07-27 08:20:35 | INFO     | ⏳ [主线程] 已提交 70 个任务，等待结果回收...
2026-07-27 08:20:50 | INFO     | ✅ [批改完成] ANS_ISC_618 | 路由: POS | 最终分: 2.5 | 风险: P0.00/U0.00/F0.50/H0/L1 | 提取质量: 🟢high | 留白率: 0% | 低质量率: 0%
2026-07-27 08:20:50 | INFO     | 
🔍 [正在处理] ANS_ISC_619 | 启动 3WD 流水线...
2026-07-27 08:20:50 | INFO     | 📢 [总进度] 1/70 份试卷已归档。
2026-07-27 08:20:52 | INFO     | ✅ [批改完成] ANS_ISC_617 | 路由: POS | 最终分: 1.3 | 风险: P0.00/U0.02/F0.50/H0/L1 | 提取质量: 🟢high | 留白率: 0% | 低质量率: 0%
2026-07-27 08:20:52 | INFO     | 
🔍 [正在处理] ANS_ISC_620 | 启动 3WD 流水线...
2026-07-27 08:20:52 | INFO     | 📢 [总进度] 2/70 份试卷已归档。
2026-07-27 08:21:10 | INFO     | ✅ [批改完成] ANS_ISC_619 | 路由: POS | 最终分: 2.5 | 风险: P0.00/U0.00/F0.50/H0/L1 | 提取质量: 🟢high | 留白率: 0% | 低质量率: 0%
2026-07-27 08:21:10 | INFO     | 
🔍 [正在处理] ANS_ISC_621 | 启动 3WD 流水线...
2026-07-27 08:21:10 | INFO     | 📢 [总进度] 3/70 份试卷已归档。
2026-07-27 08:21:33 | INFO     | ✅ [批改完成] ANS_ISC_621 | 路由: POS | 最终分: 2.5 | 风险: P0.00/U0.00/F0.50/H0/L1 | 提取质量: 🟢high | 留白率: 0% | 低质量率: 0%
2026-07-27 08:21:33 | INFO     | 
🔍 [正在处理] ANS_ISC_622 | 启动 3WD 流水线...
2026-07-27 08:21:33 | INFO     | 📢 [总进度] 4/70 份试卷已归档。
2026-07-27 08:21:34 | INFO     | ✅ [批改完成] ANS_ISC_620 | 路由: BND | 最终分: 0.4 | 风险: P0.00/U0.12/F0.50/H0/L1 | 提取质量: 🟢high | 留白率: 0% | 低质量率: 0%
2026-07-27 08:21:34 | INFO     | 
🔍 [正在处理] ANS_ISC_623 | 启动 3WD 流水线...
2026-07-27 08:21:34 | INFO     | 📢 [总进度] 5/70 份试卷已归档。
2026-07-27 08:21:52 | INFO     | ✅ [批改完成] ANS_ISC_622 | 路由: POS | 最终分: 2.5 | 风险: P0.00/U0.00/F0.50/H0/L1 | 提取质量: 🟢high | 留白率: 0% | 低质量率: 0%
2026-07-27 08:21:52 | INFO     | 
🔍 [正在处理] ANS_ISC_624 | 启动 3WD 流水线...
2026-07-27 08:21:52 | INFO     | 📢 [总进度] 6/70 份试卷已归档。
2026-07-27 08:21:56 | INFO     | ✅ [批改完成] ANS_ISC_623 | 路由: POS | 最终分: 2.5 | 风险: P0.00/U0.00/F0.50/H0/L1 | 提取质量: 🟢high | 留白率: 0% | 低质量率: 0%
2026-07-27 08:21:56 | INFO     | 
🔍 [正在处理] ANS_ISC_625 | 启动 3WD 流水线...
2026-07-27 08:21:56 | INFO     | 📢 [总进度] 7/70 份试卷已归档。
2026-07-27 08:22:06 | INFO     | ✅ [批改完成] ANS_ISC_624 | 路由: POS | 最终分: 2.5 | 风险: P0.00/U0.00/F0.50/H0/L1 | 提取质量: 🟢high | 留白率: 0% | 低质量率: 0%
2026-07-27 08:22:06 | INFO     | 
🔍 [正在处理] ANS_ISC_626 | 启动 3WD 流水线...
2026-07-27 08:22:06 | INFO     | 📢 [总进度] 8/70 份试卷已归档。
2026-07-27 08:22:13 | INFO     | ✅ [批改完成] ANS_ISC_625 | 路由: POS | 最终分: 2.5 | 风险: P0.00/U0.00/F0.50/H0/L1 | 提取质量: 🟢high | 留白率: 0% | 低质量率: 0%
2026-07-27 08:22:13 | INFO     | 
🔍 [正在处理] ANS_ISC_627 | 启动 3WD 流水线...
2026-07-27 08:22:13 | INFO     | 📢 [总进度] 9/70 份试卷已归档。
2026-07-27 08:22:21 | INFO     | ✅ [批改完成] ANS_ISC_626 | 路由: POS | 最终分: 2.5 | 风险: P0.00/U0.00/F0.50/H0/L1 | 提取质量: 🟢high | 留白率: 0% | 低质量率: 0%
2026-07-27 08:22:21 | INFO     | 
🔍 [正在处理] ANS_ISC_628 | 启动 3WD 流水线...
2026-07-27 08:22:21 | INFO     | 📢 [总进度] 10/70 份试卷已归档。
2026-07-27 08:22:34 | INFO     | ✅ [批改完成] ANS_ISC_627 | 路由: BND | 最终分: 1.4 | 风险: P0.40/U0.02/F0.00/H0/L0 | 提取质量: 🟡low | 留白率: 50% | 低质量率: 0%
2026-07-27 08:22:34 | INFO     | 
🔍 [正在处理] ANS_ISC_629 | 启动 3WD 流水线...
2026-07-27 08:22:34 | INFO     | 📢 [总进度] 11/70 份试卷已归档。
2026-07-27 08:22:52 | INFO     | ✅ [批改完成] ANS_ISC_629 | 路由: POS | 最终分: 0 | 风险: P0.00/U0.00/F1.00/H0/L1 | 提取质量: 🟢high | 留白率: 0% | 低质量率: 0%
2026-07-27 08:22:52 | INFO     | 
🔍 [正在处理] ANS_ISC_630 | 启动 3WD 流水线...
2026-07-27 08:22:52 | INFO     | 📢 [总进度] 12/70 份试卷已归档。
2026-07-27 08:23:09 | INFO     | ✅ [批改完成] ANS_ISC_630 | 路由: POS | 最终分: 2.5 | 风险: P0.00/U0.00/F0.50/H0/L1 | 提取质量: 🟢high | 留白率: 0% | 低质量率: 0%
2026-07-27 08:23:09 | INFO     | 
🔍 [正在处理] ANS_ISC_632 | 启动 3WD 流水线...
2026-07-27 08:23:09 | INFO     | 📢 [总进度] 13/70 份试卷已归档。
2026-07-27 08:23:31 | INFO     | ✅ [批改完成] ANS_ISC_632 | 路由: POS | 最终分: 2.5 | 风险: P0.00/U0.00/F0.50/H0/L1 | 提取质量: 🟢high | 留白率: 0% | 低质量率: 0%
2026-07-27 08:23:31 | INFO     | 
🔍 [正在处理] ANS_ISC_633 | 启动 3WD 流水线...
2026-07-27 08:23:31 | INFO     | 📢 [总进度] 14/70 份试卷已归档。
2026-07-27 08:23:54 | INFO     | ✅ [批改完成] ANS_ISC_633 | 路由: POS | 最终分: 2.5 | 风险: P0.00/U0.00/F0.00/H0/L1 | 提取质量: 🟢high | 留白率: 0% | 低质量率: 0%
2026-07-27 08:23:54 | INFO     | 
🔍 [正在处理] ANS_ISC_634 | 启动 3WD 流水线...
2026-07-27 08:23:54 | INFO     | 📢 [总进度] 15/70 份试卷已归档。
2026-07-27 08:24:18 | INFO     | ✅ [批改完成] ANS_ISC_634 | 路由: POS | 最终分: 2.5 | 风险: P0.00/U0.00/F0.50/H0/L1 | 提取质量: 🟢high | 留白率: 0% | 低质量率: 0%
2026-07-27 08:24:18 | INFO     | 
🔍 [正在处理] ANS_ISC_635 | 启动 3WD 流水线...
2026-07-27 08:24:18 | INFO     | 📢 [总进度] 16/70 份试卷已归档。
2026-07-27 08:24:41 | INFO     | ✅ [批改完成] ANS_ISC_635 | 路由: POS | 最终分: 2.5 | 风险: P0.00/U0.00/F0.50/H0/L1 | 提取质量: 🟢high | 留白率: 0% | 低质量率: 0%
2026-07-27 08:24:41 | INFO     | 
🔍 [正在处理] ANS_ISC_636 | 启动 3WD 流水线...
2026-07-27 08:24:41 | INFO     | 📢 [总进度] 17/70 份试卷已归档。
2026-07-27 08:24:55 | INFO     | ✅ [批改完成] ANS_ISC_628 | 路由: BND | 最终分: 1.8 | 风险: P0.00/U0.09/F0.50/H0/L1 | 提取质量: 🟢high | 留白率: 0% | 低质量率: 0%
2026-07-27 08:24:55 | INFO     | 
🔍 [正在处理] ANS_ISC_637 | 启动 3WD 流水线...
2026-07-27 08:24:55 | INFO     | 📢 [总进度] 18/70 份试卷已归档。
2026-07-27 08:25:06 | INFO     | ✅ [批改完成] ANS_ISC_636 | 路由: POS | 最终分: 2.5 | 风险: P0.00/U0.00/F0.50/H0/L1 | 提取质量: 🟢high | 留白率: 0% | 低质量率: 0%
2026-07-27 08:25:06 | INFO     | 
🔍 [正在处理] ANS_ISC_638 | 启动 3WD 流水线...
2026-07-27 08:25:06 | INFO     | 📢 [总进度] 19/70 份试卷已归档。
2026-07-27 08:25:09 | INFO     | ✅ [批改完成] ANS_ISC_637 | 路由: POS | 最终分: 2.5 | 风险: P0.00/U0.00/F0.00/H0/L1 | 提取质量: 🟢high | 留白率: 0% | 低质量率: 0%
2026-07-27 08:25:09 | INFO     | 
🔍 [正在处理] ANS_ISC_639 | 启动 3WD 流水线...
2026-07-27 08:25:09 | INFO     | 📢 [总进度] 20/70 份试卷已归档。
2026-07-27 08:25:27 | INFO     | ✅ [批改完成] ANS_ISC_638 | 路由: POS | 最终分: 2.5 | 风险: P0.00/U0.00/F0.00/H0/L1 | 提取质量: 🟢high | 留白率: 0% | 低质量率: 0%
2026-07-27 08:25:27 | INFO     | 
🔍 [正在处理] ANS_ISC_640 | 启动 3WD 流水线...
2026-07-27 08:25:27 | INFO     | 📢 [总进度] 21/70 份试卷已归档。
2026-07-27 08:25:33 | INFO     | ✅ [批改完成] ANS_ISC_639 | 路由: POS | 最终分: 2.5 | 风险: P0.00/U0.00/F0.50/H0/L1 | 提取质量: 🟢high | 留白率: 0% | 低质量率: 0%
2026-07-27 08:25:33 | INFO     | 
🔍 [正在处理] ANS_ISC_641 | 启动 3WD 流水线...
2026-07-27 08:25:33 | INFO     | 📢 [总进度] 22/70 份试卷已归档。
2026-07-27 08:25:58 | INFO     | ✅ [批改完成] ANS_ISC_641 | 路由: NEG | 最终分: 0 | 风险: P0.80/U0.00/F0.00/H0/L0 | 提取质量: 🟡low | 留白率: 100% | 低质量率: 0%
2026-07-27 08:25:58 | INFO     | 
🔍 [正在处理] ANS_ISC_642 | 启动 3WD 流水线...
2026-07-27 08:25:58 | INFO     | 📢 [总进度] 23/70 份试卷已归档 [NEG-拒绝]。
2026-07-27 08:26:01 | INFO     | ✅ [批改完成] ANS_ISC_640 | 路由: POS | 最终分: 2.5 | 风险: P0.00/U0.00/F0.50/H0/L1 | 提取质量: 🟢high | 留白率: 0% | 低质量率: 0%
2026-07-27 08:26:01 | INFO     | 
🔍 [正在处理] ANS_ISC_643 | 启动 3WD 流水线...
2026-07-27 08:26:01 | INFO     | 📢 [总进度] 24/70 份试卷已归档。
2026-07-27 08:26:19 | INFO     | ✅ [批改完成] ANS_ISC_642 | 路由: POS | 最终分: 2.5 | 风险: P0.00/U0.00/F0.00/H0/L1 | 提取质量: 🟢high | 留白率: 0% | 低质量率: 0%
2026-07-27 08:26:19 | INFO     | 
🔍 [正在处理] ANS_ISC_644 | 启动 3WD 流水线...
2026-07-27 08:26:19 | INFO     | 📢 [总进度] 25/70 份试卷已归档。
2026-07-27 08:26:33 | INFO     | ✅ [批改完成] ANS_ISC_644 | 路由: POS | 最终分: 2.5 | 风险: P0.00/U0.00/F0.50/H0/L1 | 提取质量: 🟢high | 留白率: 0% | 低质量率: 0%
2026-07-27 08:26:33 | INFO     | 
🔍 [正在处理] ANS_ISC_645 | 启动 3WD 流水线...
2026-07-27 08:26:33 | INFO     | 📢 [总进度] 26/70 份试卷已归档。
2026-07-27 08:26:35 | INFO     | ✅ [批改完成] ANS_ISC_643 | 路由: POS | 最终分: 2.5 | 风险: P0.00/U0.00/F0.50/H0/L1 | 提取质量: 🟢high | 留白率: 0% | 低质量率: 0%
2026-07-27 08:26:35 | INFO     | 
🔍 [正在处理] ANS_ISC_647 | 启动 3WD 流水线...
2026-07-27 08:26:35 | INFO     | 📢 [总进度] 27/70 份试卷已归档。
2026-07-27 08:26:57 | INFO     | ✅ [批改完成] ANS_ISC_645 | 路由: POS | 最终分: 2.5 | 风险: P0.00/U0.00/F0.50/H0/L1 | 提取质量: 🟢high | 留白率: 0% | 低质量率: 0%
2026-07-27 08:26:57 | INFO     | 
🔍 [正在处理] ANS_ISC_649 | 启动 3WD 流水线...
2026-07-27 08:26:57 | INFO     | 📢 [总进度] 28/70 份试卷已归档。
2026-07-27 08:26:58 | INFO     | ✅ [批改完成] ANS_ISC_647 | 路由: POS | 最终分: 2.5 | 风险: P0.00/U0.00/F0.00/H0/L1 | 提取质量: 🟢high | 留白率: 0% | 低质量率: 0%
2026-07-27 08:26:58 | INFO     | 
🔍 [正在处理] ANS_ISC_650 | 启动 3WD 流水线...
2026-07-27 08:26:58 | INFO     | 📢 [总进度] 29/70 份试卷已归档。
2026-07-27 08:27:22 | INFO     | ✅ [批改完成] ANS_ISC_649 | 路由: POS | 最终分: 2.5 | 风险: P0.00/U0.00/F0.50/H0/L1 | 提取质量: 🟢high | 留白率: 0% | 低质量率: 0%
2026-07-27 08:27:22 | INFO     | 
🔍 [正在处理] ANS_ISC_651 | 启动 3WD 流水线...
2026-07-27 08:27:22 | INFO     | 📢 [总进度] 30/70 份试卷已归档。
2026-07-27 08:27:27 | INFO     | ✅ [批改完成] ANS_ISC_650 | 路由: BND | 最终分: 0.4 | 风险: P0.40/U0.12/F0.50/H0/L0 | 提取质量: 🟡low | 留白率: 50% | 低质量率: 0%
2026-07-27 08:27:27 | INFO     | 
🔍 [正在处理] ANS_ISC_652 | 启动 3WD 流水线...
2026-07-27 08:27:27 | INFO     | 📢 [总进度] 31/70 份试卷已归档。
2026-07-27 08:27:46 | INFO     | ✅ [批改完成] ANS_ISC_651 | 路由: BND | 最终分: 0.4 | 风险: P0.40/U0.12/F0.50/H0/L0 | 提取质量: 🟡low | 留白率: 50% | 低质量率: 0%
2026-07-27 08:27:46 | INFO     | 
🔍 [正在处理] ANS_ISC_653 | 启动 3WD 流水线...
2026-07-27 08:27:46 | INFO     | 📢 [总进度] 32/70 份试卷已归档。
2026-07-27 08:27:46 | INFO     | ✅ [批改完成] ANS_ISC_652 | 路由: POS | 最终分: 2.5 | 风险: P0.00/U0.00/F0.50/H0/L1 | 提取质量: 🟢high | 留白率: 0% | 低质量率: 0%
2026-07-27 08:27:46 | INFO     | 
🔍 [正在处理] ANS_ISC_654 | 启动 3WD 流水线...
2026-07-27 08:27:46 | INFO     | 📢 [总进度] 33/70 份试卷已归档。
2026-07-27 08:28:03 | INFO     | ✅ [批改完成] ANS_ISC_653 | 路由: POS | 最终分: 2.5 | 风险: P0.00/U0.00/F0.50/H0/L1 | 提取质量: 🟢high | 留白率: 0% | 低质量率: 0%
2026-07-27 08:28:03 | INFO     | 
🔍 [正在处理] ANS_ISC_655 | 启动 3WD 流水线...
2026-07-27 08:28:03 | INFO     | 📢 [总进度] 34/70 份试卷已归档。
2026-07-27 08:28:03 | INFO     | ✅ [批改完成] ANS_ISC_654 | 路由: POS | 最终分: 2.5 | 风险: P0.00/U0.00/F0.50/H0/L1 | 提取质量: 🟢high | 留白率: 0% | 低质量率: 0%
2026-07-27 08:28:03 | INFO     | 
🔍 [正在处理] ANS_ISC_656 | 启动 3WD 流水线...
2026-07-27 08:28:03 | INFO     | 📢 [总进度] 35/70 份试卷已归档。
2026-07-27 08:28:18 | INFO     | ✅ [批改完成] ANS_ISC_655 | 路由: POS | 最终分: 2.5 | 风险: P0.00/U0.00/F0.50/H0/L1 | 提取质量: 🟢high | 留白率: 0% | 低质量率: 0%
2026-07-27 08:28:18 | INFO     | 
🔍 [正在处理] ANS_ISC_657 | 启动 3WD 流水线...
2026-07-27 08:28:18 | INFO     | 📢 [总进度] 36/70 份试卷已归档。
2026-07-27 08:28:20 | INFO     | ✅ [批改完成] ANS_ISC_656 | 路由: POS | 最终分: 2.5 | 风险: P0.00/U0.00/F0.50/H0/L1 | 提取质量: 🟢high | 留白率: 0% | 低质量率: 0%
2026-07-27 08:28:20 | INFO     | 
🔍 [正在处理] ANS_ISC_658 | 启动 3WD 流水线...
2026-07-27 08:28:20 | INFO     | 📢 [总进度] 37/70 份试卷已归档。
2026-07-27 08:28:29 | INFO     | ✅ [批改完成] ANS_ISC_657 | 路由: NEG | 最终分: 0 | 风险: P0.80/U0.00/F0.00/H0/L0 | 提取质量: 🟡low | 留白率: 100% | 低质量率: 0%
2026-07-27 08:28:29 | INFO     | 
🔍 [正在处理] ANS_ISC_659 | 启动 3WD 流水线...
2026-07-27 08:28:29 | INFO     | 📢 [总进度] 38/70 份试卷已归档 [NEG-拒绝]。
2026-07-27 08:28:53 | INFO     | ✅ [批改完成] ANS_ISC_658 | 路由: BND | 最终分: 3.3 | 风险: P0.00/U0.09/F0.50/H0/L1 | 提取质量: 🟢high | 留白率: 0% | 低质量率: 0%
2026-07-27 08:28:53 | INFO     | 
🔍 [正在处理] ANS_ISC_660 | 启动 3WD 流水线...
2026-07-27 08:28:53 | INFO     | 📢 [总进度] 39/70 份试卷已归档。
2026-07-27 08:28:53 | INFO     | ✅ [批改完成] ANS_ISC_659 | 路由: POS | 最终分: 2.5 | 风险: P0.00/U0.00/F0.00/H0/L1 | 提取质量: 🟢high | 留白率: 0% | 低质量率: 0%
2026-07-27 08:28:53 | INFO     | 
🔍 [正在处理] ANS_ISC_661 | 启动 3WD 流水线...
2026-07-27 08:28:53 | INFO     | 📢 [总进度] 40/70 份试卷已归档。
2026-07-27 08:29:16 | INFO     | ✅ [批改完成] ANS_ISC_660 | 路由: POS | 最终分: 2.5 | 风险: P0.00/U0.00/F0.50/H0/L1 | 提取质量: 🟢high | 留白率: 0% | 低质量率: 0%
2026-07-27 08:29:16 | INFO     | 
🔍 [正在处理] ANS_ISC_662 | 启动 3WD 流水线...
2026-07-27 08:29:16 | INFO     | 📢 [总进度] 41/70 份试卷已归档。
2026-07-27 08:29:16 | INFO     | ✅ [批改完成] ANS_ISC_661 | 路由: POS | 最终分: 2.5 | 风险: P0.00/U0.00/F0.50/H0/L1 | 提取质量: 🟢high | 留白率: 0% | 低质量率: 0%
2026-07-27 08:29:16 | INFO     | 
🔍 [正在处理] ANS_ISC_663 | 启动 3WD 流水线...
2026-07-27 08:29:16 | INFO     | 📢 [总进度] 42/70 份试卷已归档。
2026-07-27 08:29:42 | INFO     | ✅ [批改完成] ANS_ISC_662 | 路由: POS | 最终分: 0 | 风险: P0.00/U0.00/F1.00/H0/L1 | 提取质量: 🟢high | 留白率: 0% | 低质量率: 0%
2026-07-27 08:29:42 | INFO     | 
🔍 [正在处理] ANS_ISC_664 | 启动 3WD 流水线...
2026-07-27 08:29:42 | INFO     | 📢 [总进度] 43/70 份试卷已归档。
2026-07-27 08:29:59 | INFO     | ✅ [批改完成] ANS_ISC_663 | 路由: POS | 最终分: 2.5 | 风险: P0.00/U0.00/F0.50/H0/L1 | 提取质量: 🟢high | 留白率: 0% | 低质量率: 0%
2026-07-27 08:29:59 | INFO     | 
🔍 [正在处理] ANS_ISC_665 | 启动 3WD 流水线...
2026-07-27 08:29:59 | INFO     | 📢 [总进度] 44/70 份试卷已归档。
2026-07-27 08:30:05 | INFO     | ✅ [批改完成] ANS_ISC_664 | 路由: POS | 最终分: 2.5 | 风险: P0.00/U0.00/F0.50/H0/L1 | 提取质量: 🟢high | 留白率: 0% | 低质量率: 0%
2026-07-27 08:30:05 | INFO     | 
🔍 [正在处理] ANS_ISC_666 | 启动 3WD 流水线...
2026-07-27 08:30:05 | INFO     | 📢 [总进度] 45/70 份试卷已归档。
2026-07-27 08:30:31 | INFO     | ✅ [批改完成] ANS_ISC_665 | 路由: BND | 最终分: 0 | 风险: P0.40/U0.00/F0.50/H0/L0 | 提取质量: 🟡low | 留白率: 50% | 低质量率: 0%
2026-07-27 08:30:31 | INFO     | 
🔍 [正在处理] ANS_ISC_669 | 启动 3WD 流水线...
2026-07-27 08:30:31 | INFO     | 📢 [总进度] 46/70 份试卷已归档。
2026-07-27 08:30:41 | INFO     | ✅ [批改完成] ANS_ISC_666 | 路由: BND | 最终分: 2.9 | 风险: P0.00/U0.12/F0.50/H0/L1 | 提取质量: 🟢high | 留白率: 0% | 低质量率: 0%
2026-07-27 08:30:41 | INFO     | 
🔍 [正在处理] ANS_ISC_670 | 启动 3WD 流水线...
2026-07-27 08:30:41 | INFO     | 📢 [总进度] 47/70 份试卷已归档。
2026-07-27 08:30:49 | INFO     | ✅ [批改完成] ANS_ISC_669 | 路由: POS | 最终分: 2.5 | 风险: P0.00/U0.00/F0.50/H0/L1 | 提取质量: 🟢high | 留白率: 0% | 低质量率: 0%
2026-07-27 08:30:49 | INFO     | 
🔍 [正在处理] ANS_ISC_671 | 启动 3WD 流水线...
2026-07-27 08:30:49 | INFO     | 📢 [总进度] 48/70 份试卷已归档。
2026-07-27 08:31:06 | INFO     | ✅ [批改完成] ANS_ISC_671 | 路由: POS | 最终分: 2.5 | 风险: P0.00/U0.00/F0.50/H0/L1 | 提取质量: 🟢high | 留白率: 0% | 低质量率: 0%
2026-07-27 08:31:06 | INFO     | 
🔍 [正在处理] ANS_ISC_672 | 启动 3WD 流水线...
2026-07-27 08:31:06 | INFO     | 📢 [总进度] 49/70 份试卷已归档。
2026-07-27 08:31:13 | INFO     | ✅ [批改完成] ANS_ISC_670 | 路由: POS | 最终分: 2.5 | 风险: P0.00/U0.00/F0.50/H0/L1 | 提取质量: 🟢high | 留白率: 0% | 低质量率: 0%
2026-07-27 08:31:13 | INFO     | 
🔍 [正在处理] ANS_ISC_673 | 启动 3WD 流水线...
2026-07-27 08:31:13 | INFO     | 📢 [总进度] 50/70 份试卷已归档。
2026-07-27 08:31:20 | INFO     | ✅ [批改完成] ANS_ISC_672 | 路由: POS | 最终分: 2.5 | 风险: P0.00/U0.00/F0.50/H0/L1 | 提取质量: 🟢high | 留白率: 0% | 低质量率: 0%
2026-07-27 08:31:20 | INFO     | 
🔍 [正在处理] ANS_ISC_674 | 启动 3WD 流水线...
2026-07-27 08:31:20 | INFO     | 📢 [总进度] 51/70 份试卷已归档。
2026-07-27 08:31:37 | INFO     | ✅ [批改完成] ANS_ISC_674 | 路由: POS | 最终分: 2.5 | 风险: P0.00/U0.00/F0.50/H0/L1 | 提取质量: 🟢high | 留白率: 0% | 低质量率: 0%
2026-07-27 08:31:37 | INFO     | 
🔍 [正在处理] ANS_ISC_675 | 启动 3WD 流水线...
2026-07-27 08:31:37 | INFO     | 📢 [总进度] 52/70 份试卷已归档。
2026-07-27 08:31:37 | INFO     | ✅ [批改完成] ANS_ISC_673 | 路由: POS | 最终分: 2.5 | 风险: P0.00/U0.00/F0.50/H0/L1 | 提取质量: 🟢high | 留白率: 0% | 低质量率: 0%
2026-07-27 08:31:37 | INFO     | 
🔍 [正在处理] ANS_ISC_676 | 启动 3WD 流水线...
2026-07-27 08:31:37 | INFO     | 📢 [总进度] 53/70 份试卷已归档。
2026-07-27 08:31:53 | INFO     | ✅ [批改完成] ANS_ISC_675 | 路由: POS | 最终分: 2.5 | 风险: P0.00/U0.00/F0.50/H0/L1 | 提取质量: 🟢high | 留白率: 0% | 低质量率: 0%
2026-07-27 08:31:53 | INFO     | 
🔍 [正在处理] ANS_ISC_677 | 启动 3WD 流水线...
2026-07-27 08:31:53 | INFO     | 📢 [总进度] 54/70 份试卷已归档。
2026-07-27 08:31:53 | INFO     | ✅ [批改完成] ANS_ISC_676 | 路由: POS | 最终分: 2.5 | 风险: P0.00/U0.00/F0.50/H0/L1 | 提取质量: 🟢high | 留白率: 0% | 低质量率: 0%
2026-07-27 08:31:53 | INFO     | 
🔍 [正在处理] ANS_ISC_678 | 启动 3WD 流水线...
2026-07-27 08:31:53 | INFO     | 📢 [总进度] 55/70 份试卷已归档。
2026-07-27 08:32:08 | INFO     | ✅ [批改完成] ANS_ISC_677 | 路由: POS | 最终分: 2.5 | 风险: P0.00/U0.00/F0.00/H0/L1 | 提取质量: 🟢high | 留白率: 0% | 低质量率: 0%
2026-07-27 08:32:08 | INFO     | 
🔍 [正在处理] ANS_ISC_679 | 启动 3WD 流水线...
2026-07-27 08:32:08 | INFO     | 📢 [总进度] 56/70 份试卷已归档。
2026-07-27 08:32:09 | INFO     | ✅ [批改完成] ANS_ISC_678 | 路由: POS | 最终分: 2.5 | 风险: P0.00/U0.00/F0.50/H0/L1 | 提取质量: 🟢high | 留白率: 0% | 低质量率: 0%
2026-07-27 08:32:09 | INFO     | 
🔍 [正在处理] ANS_ISC_680 | 启动 3WD 流水线...
2026-07-27 08:32:09 | INFO     | 📢 [总进度] 57/70 份试卷已归档。
2026-07-27 08:32:24 | INFO     | ✅ [批改完成] ANS_ISC_679 | 路由: POS | 最终分: 2.5 | 风险: P0.00/U0.00/F0.50/H0/L1 | 提取质量: 🟢high | 留白率: 0% | 低质量率: 0%
2026-07-27 08:32:24 | INFO     | 
🔍 [正在处理] ANS_ISC_682 | 启动 3WD 流水线...
2026-07-27 08:32:24 | INFO     | 📢 [总进度] 58/70 份试卷已归档。
2026-07-27 08:32:37 | INFO     | ✅ [批改完成] ANS_ISC_680 | 路由: POS | 最终分: 2.5 | 风险: P0.00/U0.00/F0.50/H0/L1 | 提取质量: 🟢high | 留白率: 0% | 低质量率: 0%
2026-07-27 08:32:37 | INFO     | 
🔍 [正在处理] ANS_ISC_683 | 启动 3WD 流水线...
2026-07-27 08:32:37 | INFO     | 📢 [总进度] 59/70 份试卷已归档。
2026-07-27 08:32:41 | INFO     | ✅ [批改完成] ANS_ISC_682 | 路由: POS | 最终分: 2.5 | 风险: P0.00/U0.00/F0.00/H0/L1 | 提取质量: 🟢high | 留白率: 0% | 低质量率: 0%
2026-07-27 08:32:41 | INFO     | 
🔍 [正在处理] ANS_ISC_684 | 启动 3WD 流水线...
2026-07-27 08:32:41 | INFO     | 📢 [总进度] 60/70 份试卷已归档。
2026-07-27 08:32:53 | INFO     | ✅ [批改完成] ANS_ISC_683 | 路由: POS | 最终分: 2.5 | 风险: P0.00/U0.00/F0.00/H0/L1 | 提取质量: 🟢high | 留白率: 0% | 低质量率: 0%
2026-07-27 08:32:53 | INFO     | 
🔍 [正在处理] ANS_ISC_685 | 启动 3WD 流水线...
2026-07-27 08:32:53 | INFO     | 📢 [总进度] 61/70 份试卷已归档。
2026-07-27 08:33:10 | INFO     | ✅ [批改完成] ANS_ISC_684 | 路由: BND | 最终分: 3.2 | 风险: P0.00/U0.09/F0.00/H0/L0 | 提取质量: 🟢high | 留白率: 0% | 低质量率: 0%
2026-07-27 08:33:10 | INFO     | 
🔍 [正在处理] ANS_ISC_686 | 启动 3WD 流水线...
2026-07-27 08:33:10 | INFO     | 📢 [总进度] 62/70 份试卷已归档。
2026-07-27 08:33:17 | INFO     | ✅ [批改完成] ANS_ISC_685 | 路由: POS | 最终分: 2.5 | 风险: P0.00/U0.00/F0.50/H0/L1 | 提取质量: 🟢high | 留白率: 0% | 低质量率: 0%
2026-07-27 08:33:17 | INFO     | 
🔍 [正在处理] ANS_ISC_688 | 启动 3WD 流水线...
2026-07-27 08:33:17 | INFO     | 📢 [总进度] 63/70 份试卷已归档。
2026-07-27 08:33:41 | INFO     | ✅ [批改完成] ANS_ISC_686 | 路由: BND | 最终分: 0.8 | 风险: P0.40/U0.24/F0.50/H0/L0 | 提取质量: 🟡low | 留白率: 50% | 低质量率: 0%
2026-07-27 08:33:41 | INFO     | 
🔍 [正在处理] ANS_ISC_689 | 启动 3WD 流水线...
2026-07-27 08:33:41 | INFO     | 📢 [总进度] 64/70 份试卷已归档。
2026-07-27 08:33:49 | INFO     | ✅ [批改完成] ANS_ISC_688 | 路由: NEG | 最终分: 0 | 风险: P0.80/U0.00/F0.00/H0/L0 | 提取质量: 🟡low | 留白率: 100% | 低质量率: 0%
2026-07-27 08:33:49 | INFO     | 
🔍 [正在处理] ANS_ISC_690 | 启动 3WD 流水线...
2026-07-27 08:33:49 | INFO     | 📢 [总进度] 65/70 份试卷已归档 [NEG-拒绝]。
2026-07-27 08:34:02 | INFO     | ✅ [批改完成] ANS_ISC_689 | 路由: POS | 最终分: 2.5 | 风险: P0.00/U0.00/F0.50/H0/L1 | 提取质量: 🟢high | 留白率: 0% | 低质量率: 0%
2026-07-27 08:34:02 | INFO     | 
🔍 [正在处理] ANS_ISC_691 | 启动 3WD 流水线...
2026-07-27 08:34:02 | INFO     | 📢 [总进度] 66/70 份试卷已归档。
2026-07-27 08:34:09 | INFO     | ✅ [批改完成] ANS_ISC_690 | 路由: POS | 最终分: 2.5 | 风险: P0.00/U0.00/F0.50/H0/L1 | 提取质量: 🟢high | 留白率: 0% | 低质量率: 0%
2026-07-27 08:34:09 | INFO     | 
🔍 [正在处理] ANS_ISC_692 | 启动 3WD 流水线...
2026-07-27 08:34:09 | INFO     | 📢 [总进度] 67/70 份试卷已归档。
2026-07-27 08:34:19 | INFO     | ✅ [批改完成] ANS_ISC_691 | 路由: POS | 最终分: 2.5 | 风险: P0.00/U0.00/F0.50/H0/L1 | 提取质量: 🟢high | 留白率: 0% | 低质量率: 0%
2026-07-27 08:34:19 | INFO     | 
🔍 [正在处理] ANS_ISC_693 | 启动 3WD 流水线...
2026-07-27 08:34:19 | INFO     | 📢 [总进度] 68/70 份试卷已归档。
2026-07-27 08:34:26 | INFO     | ✅ [批改完成] ANS_ISC_692 | 路由: POS | 最终分: 2.5 | 风险: P0.00/U0.00/F0.50/H0/L1 | 提取质量: 🟢high | 留白率: 0% | 低质量率: 0%
2026-07-27 08:34:26 | INFO     | 📢 [总进度] 69/70 份试卷已归档。
2026-07-27 08:34:45 | INFO     | ✅ [批改完成] ANS_ISC_693 | 路由: NEG | 最终分: 0 | 风险: P0.80/U0.00/F0.00/H0/L0 | 提取质量: 🟡low | 留白率: 100% | 低质量率: 0%
2026-07-27 08:34:45 | INFO     | 📢 [总进度] 70/70 份试卷已归档 [NEG-拒绝]。
2026-07-27 08:34:45 | INFO     | 🗂️ 所有线程交卷完毕，正在整理数据... (共收集 70/70 份结果)
2026-07-27 08:34:45 | INFO     | 💾 正常批改结果已保存: D:\users\王鑫020420\Desktop\refgrader-main\results_runs\csbench_isc1_isc2_isc3_isc4_isc5_isc6_isc7_isc8_isc9_all\runs\teacher_audit_isc_1_9_20260725_192008\ISC_4_graded_results.json (66 人)
2026-07-27 08:34:45 | INFO     | 🛑 拒绝域结果已单独保存: D:\users\王鑫020420\Desktop\refgrader-main\results_runs\csbench_isc1_isc2_isc3_isc4_isc5_isc6_isc7_isc8_isc9_all\runs\teacher_audit_isc_1_9_20260725_192008\ISC_4_rejected.json (4 人)
2026-07-27 08:34:45 | INFO     | [result consistency] ISC_4: checkpoint=70, graded=66, rejected=4, failed=0, expected=70
2026-07-27 08:34:45 | INFO     | 
🚀 [标准模式] 开始处理: ISC_5
2026-07-27 08:34:45 | INFO     | ⚡ 已加载本地标准: D:\users\王鑫020420\Desktop\refgrader-main\data\csbench\rubrics\optimized\ISC\ISC_5_rubric_standard.json
2026-07-27 08:34:51 | INFO     | ⚡ 脱敏清单已预生成，53 名学生共享复用。
2026-07-27 08:34:51 | INFO     | 🏃 开始批改 53 张试卷 (⚡ 开启多线程模式)...
2026-07-27 08:34:51 | INFO     | 
🔍 [正在处理] ANS_ISC_01 | 启动 3WD 流水线...
2026-07-27 08:34:51 | INFO     | 
🔍 [正在处理] ANS_ISC_02 | 启动 3WD 流水线...
2026-07-27 08:34:51 | INFO     | ⏳ [主线程] 已提交 53 个任务，等待结果回收...
2026-07-27 08:35:26 | INFO     | ✅ [批改完成] ANS_ISC_01 | 路由: BND | 最终分: 4.8 | 风险: P0.20/U0.22/F0.25/H0/L0 | 提取质量: 🟢high | 留白率: 0% | 低质量率: 0%
2026-07-27 08:35:26 | INFO     | 
🔍 [正在处理] ANS_ISC_05 | 启动 3WD 流水线...
2026-07-27 08:35:26 | INFO     | 📢 [总进度] 1/53 份试卷已归档。
2026-07-27 08:35:27 | INFO     | ✅ [批改完成] ANS_ISC_02 | 路由: BND | 最终分: 5.2 | 风险: P0.10/U0.08/F0.00/H0/L0 | 提取质量: 🟢high | 留白率: 0% | 低质量率: 0%
2026-07-27 08:35:27 | INFO     | 
🔍 [正在处理] ANS_ISC_06 | 启动 3WD 流水线...
2026-07-27 08:35:27 | INFO     | 📢 [总进度] 2/53 份试卷已归档。
2026-07-27 08:36:00 | INFO     | ✅ [批改完成] ANS_ISC_06 | 路由: BND | 最终分: 1.8 | 风险: P0.10/U0.08/F0.00/H0/L1 | 提取质量: 🟢high | 留白率: 0% | 低质量率: 0%
2026-07-27 08:36:00 | INFO     | 
🔍 [正在处理] ANS_ISC_08 | 启动 3WD 流水线...
2026-07-27 08:36:00 | INFO     | 📢 [总进度] 3/53 份试卷已归档。
2026-07-27 08:36:07 | INFO     | ✅ [批改完成] ANS_ISC_05 | 路由: BND | 最终分: 6.0 | 风险: P0.20/U0.00/F0.00/H0/L0 | 提取质量: 🟢high | 留白率: 0% | 低质量率: 0%
2026-07-27 08:36:07 | INFO     | 
🔍 [正在处理] ANS_ISC_10 | 启动 3WD 流水线...
2026-07-27 08:36:07 | INFO     | 📢 [总进度] 4/53 份试卷已归档。
2026-07-27 08:36:32 | INFO     | ✅ [批改完成] ANS_ISC_08 | 路由: BND | 最终分: 5.1 | 风险: P0.10/U0.11/F0.00/H0/L0 | 提取质量: 🟢high | 留白率: 0% | 低质量率: 0%
2026-07-27 08:36:32 | INFO     | 
🔍 [正在处理] ANS_ISC_11 | 启动 3WD 流水线...
2026-07-27 08:36:32 | INFO     | 📢 [总进度] 5/53 份试卷已归档。
2026-07-27 08:36:39 | INFO     | ✅ [批改完成] ANS_ISC_10 | 路由: BND | 最终分: 5.8 | 风险: P0.10/U0.06/F0.00/H0/L0 | 提取质量: 🟢high | 留白率: 0% | 低质量率: 0%
2026-07-27 08:36:39 | INFO     | 
🔍 [正在处理] ANS_ISC_12 | 启动 3WD 流水线...
2026-07-27 08:36:39 | INFO     | 📢 [总进度] 6/53 份试卷已归档。
2026-07-27 08:37:09 | INFO     | ✅ [批改完成] ANS_ISC_11 | 路由: BND | 最终分: 5.5 | 风险: P0.10/U0.00/F0.00/H0/L0 | 提取质量: 🟢high | 留白率: 0% | 低质量率: 0%
2026-07-27 08:37:09 | INFO     | 
🔍 [正在处理] ANS_ISC_13 | 启动 3WD 流水线...
2026-07-27 08:37:09 | INFO     | 📢 [总进度] 7/53 份试卷已归档。
2026-07-27 08:37:18 | INFO     | ✅ [批改完成] ANS_ISC_12 | 路由: BND | 最终分: 6.0 | 风险: P0.10/U0.10/F0.25/H0/L0 | 提取质量: 🟢high | 留白率: 0% | 低质量率: 0%
2026-07-27 08:37:18 | INFO     | 
🔍 [正在处理] ANS_ISC_14 | 启动 3WD 流水线...
2026-07-27 08:37:18 | INFO     | 📢 [总进度] 8/53 份试卷已归档。
2026-07-27 08:37:57 | INFO     | ✅ [批改完成] ANS_ISC_13 | 路由: BND | 最终分: 5.7 | 风险: P0.10/U0.08/F0.00/H0/L0 | 提取质量: 🟢high | 留白率: 0% | 低质量率: 0%
2026-07-27 08:37:57 | INFO     | 
🔍 [正在处理] ANS_ISC_15 | 启动 3WD 流水线...
2026-07-27 08:37:57 | INFO     | 📢 [总进度] 9/53 份试卷已归档。
2026-07-27 08:38:03 | INFO     | ✅ [批改完成] ANS_ISC_14 | 路由: BND | 最终分: 2.2 | 风险: P0.10/U0.12/F0.00/H0/L1 | 提取质量: 🟢high | 留白率: 0% | 低质量率: 0%
2026-07-27 08:38:03 | INFO     | 
🔍 [正在处理] ANS_ISC_18 | 启动 3WD 流水线...
2026-07-27 08:38:03 | INFO     | 📢 [总进度] 10/53 份试卷已归档。
2026-07-27 08:38:42 | INFO     | ✅ [批改完成] ANS_ISC_18 | 路由: BND | 最终分: 5.9 | 风险: P0.20/U0.04/F0.00/H0/L0 | 提取质量: 🟢high | 留白率: 0% | 低质量率: 0%
2026-07-27 08:38:42 | INFO     | 
🔍 [正在处理] ANS_ISC_20 | 启动 3WD 流水线...
2026-07-27 08:38:42 | INFO     | 📢 [总进度] 11/53 份试卷已归档。
2026-07-27 08:38:48 | INFO     | ✅ [批改完成] ANS_ISC_15 | 路由: BND | 最终分: 6.0 | 风险: P0.10/U0.08/F0.00/H0/L0 | 提取质量: 🟢high | 留白率: 0% | 低质量率: 0%
2026-07-27 08:38:48 | INFO     | 
🔍 [正在处理] ANS_ISC_21 | 启动 3WD 流水线...
2026-07-27 08:38:48 | INFO     | 📢 [总进度] 12/53 份试卷已归档。
2026-07-27 08:39:19 | INFO     | ✅ [批改完成] ANS_ISC_20 | 路由: BND | 最终分: 1.6 | 风险: P0.10/U0.14/F0.00/H0/L1 | 提取质量: 🟢high | 留白率: 0% | 低质量率: 0%
2026-07-27 08:39:19 | INFO     | 
🔍 [正在处理] ANS_ISC_23 | 启动 3WD 流水线...
2026-07-27 08:39:19 | INFO     | 📢 [总进度] 13/53 份试卷已归档。
2026-07-27 08:39:29 | INFO     | ✅ [批改完成] ANS_ISC_21 | 路由: BND | 最终分: 3.8 | 风险: P0.10/U0.31/F0.25/H0/L0 | 提取质量: 🟢high | 留白率: 0% | 低质量率: 0%
2026-07-27 08:39:29 | INFO     | 
🔍 [正在处理] ANS_ISC_24 | 启动 3WD 流水线...
2026-07-27 08:39:29 | INFO     | 📢 [总进度] 14/53 份试卷已归档。
2026-07-27 08:40:03 | INFO     | ✅ [批改完成] ANS_ISC_23 | 路由: BND | 最终分: 6.0 | 风险: P0.10/U0.00/F0.00/H0/L0 | 提取质量: 🟢high | 留白率: 0% | 低质量率: 0%
2026-07-27 08:40:03 | INFO     | 
🔍 [正在处理] ANS_ISC_25 | 启动 3WD 流水线...
2026-07-27 08:40:03 | INFO     | 📢 [总进度] 15/53 份试卷已归档。
2026-07-27 08:40:07 | INFO     | ✅ [批改完成] ANS_ISC_24 | 路由: BND | 最终分: 5.5 | 风险: P0.10/U0.12/F0.00/H0/L0 | 提取质量: 🟢high | 留白率: 0% | 低质量率: 0%
2026-07-27 08:40:07 | INFO     | 
🔍 [正在处理] ANS_ISC_26 | 启动 3WD 流水线...
2026-07-27 08:40:07 | INFO     | 📢 [总进度] 16/53 份试卷已归档。
2026-07-27 08:40:33 | INFO     | ✅ [批改完成] ANS_ISC_25 | 路由: BND | 最终分: 4.3 | 风险: P0.10/U0.07/F0.00/H0/L0 | 提取质量: 🟢high | 留白率: 0% | 低质量率: 0%
2026-07-27 08:40:33 | INFO     | 
🔍 [正在处理] ANS_ISC_28 | 启动 3WD 流水线...
2026-07-27 08:40:33 | INFO     | 📢 [总进度] 17/53 份试卷已归档。
2026-07-27 08:40:33 | INFO     | ✅ [批改完成] ANS_ISC_26 | 路由: BND | 最终分: 3.9 | 风险: P0.10/U0.02/F0.00/H0/L0 | 提取质量: 🟢high | 留白率: 0% | 低质量率: 0%
2026-07-27 08:40:33 | INFO     | 
🔍 [正在处理] ANS_ISC_29 | 启动 3WD 流水线...
2026-07-27 08:40:33 | INFO     | 📢 [总进度] 18/53 份试卷已归档。
2026-07-27 08:40:54 | INFO     | ✅ [批改完成] ANS_ISC_29 | 路由: POS | 最终分: 0.2 | 风险: P0.00/U0.02/F0.75/H0/L1 | 提取质量: 🟢high | 留白率: 0% | 低质量率: 0%
2026-07-27 08:40:54 | INFO     | 
🔍 [正在处理] ANS_ISC_33 | 启动 3WD 流水线...
2026-07-27 08:40:54 | INFO     | 📢 [总进度] 19/53 份试卷已归档。
2026-07-27 08:41:00 | INFO     | ✅ [批改完成] ANS_ISC_28 | 路由: BND | 最终分: 6.0 | 风险: P0.20/U0.00/F0.00/H0/L0 | 提取质量: 🟢high | 留白率: 0% | 低质量率: 0%
2026-07-27 08:41:00 | INFO     | 
🔍 [正在处理] ANS_ISC_34 | 启动 3WD 流水线...
2026-07-27 08:41:00 | INFO     | 📢 [总进度] 20/53 份试卷已归档。
2026-07-27 08:41:25 | INFO     | ✅ [批改完成] ANS_ISC_33 | 路由: BND | 最终分: 0 | 风险: P0.20/U0.24/F0.50/H0/L1 | 提取质量: 🟢high | 留白率: 0% | 低质量率: 0%
2026-07-27 08:41:25 | INFO     | 
🔍 [正在处理] ANS_ISC_35 | 启动 3WD 流水线...
2026-07-27 08:41:25 | INFO     | 📢 [总进度] 21/53 份试卷已归档。
2026-07-27 08:41:35 | INFO     | ✅ [批改完成] ANS_ISC_34 | 路由: BND | 最终分: 5.7 | 风险: P0.10/U0.04/F0.00/H0/L0 | 提取质量: 🟢high | 留白率: 0% | 低质量率: 0%
2026-07-27 08:41:35 | INFO     | 
🔍 [正在处理] ANS_ISC_36 | 启动 3WD 流水线...
2026-07-27 08:41:35 | INFO     | 📢 [总进度] 22/53 份试卷已归档。
2026-07-27 08:42:06 | INFO     | ✅ [批改完成] ANS_ISC_36 | 路由: BND | 最终分: 0 | 风险: P0.63/U0.00/F0.50/H0/L0 | 提取质量: 🟡low | 留白率: 67% | 低质量率: 0%
2026-07-27 08:42:06 | INFO     | 
🔍 [正在处理] ANS_ISC_37 | 启动 3WD 流水线...
2026-07-27 08:42:06 | INFO     | 📢 [总进度] 23/53 份试卷已归档。
2026-07-27 08:42:14 | INFO     | ✅ [批改完成] ANS_ISC_35 | 路由: BND | 最终分: 1.9 | 风险: P0.20/U0.23/F0.00/H0/L1 | 提取质量: 🟢high | 留白率: 0% | 低质量率: 0%
2026-07-27 08:42:14 | INFO     | 
🔍 [正在处理] ANS_ISC_38 | 启动 3WD 流水线...
2026-07-27 08:42:14 | INFO     | 📢 [总进度] 24/53 份试卷已归档。
2026-07-27 08:42:42 | INFO     | ✅ [批改完成] ANS_ISC_37 | 路由: BND | 最终分: 6.0 | 风险: P0.10/U0.00/F0.00/H0/L0 | 提取质量: 🟢high | 留白率: 0% | 低质量率: 0%
2026-07-27 08:42:42 | INFO     | 
🔍 [正在处理] ANS_ISC_39 | 启动 3WD 流水线...
2026-07-27 08:42:42 | INFO     | 📢 [总进度] 25/53 份试卷已归档。
2026-07-27 08:42:49 | INFO     | ✅ [批改完成] ANS_ISC_38 | 路由: BND | 最终分: 2.8 | 风险: P0.10/U0.09/F0.00/H0/L1 | 提取质量: 🟢high | 留白率: 0% | 低质量率: 0%
2026-07-27 08:42:49 | INFO     | 
🔍 [正在处理] ANS_ISC_40 | 启动 3WD 流水线...
2026-07-27 08:42:49 | INFO     | 📢 [总进度] 26/53 份试卷已归档。
2026-07-27 08:43:14 | INFO     | ✅ [批改完成] ANS_ISC_39 | 路由: BND | 最终分: 6.0 | 风险: P0.20/U0.00/F0.00/H0/L0 | 提取质量: 🟢high | 留白率: 0% | 低质量率: 0%
2026-07-27 08:43:14 | INFO     | 
🔍 [正在处理] ANS_ISC_41 | 启动 3WD 流水线...
2026-07-27 08:43:14 | INFO     | 📢 [总进度] 27/53 份试卷已归档。
2026-07-27 08:43:26 | INFO     | ✅ [批改完成] ANS_ISC_40 | 路由: BND | 最终分: 6.0 | 风险: P0.20/U0.00/F0.00/H0/L0 | 提取质量: 🟢high | 留白率: 0% | 低质量率: 0%
2026-07-27 08:43:26 | INFO     | 
🔍 [正在处理] ANS_ISC_45 | 启动 3WD 流水线...
2026-07-27 08:43:26 | INFO     | 📢 [总进度] 28/53 份试卷已归档。
2026-07-27 08:43:47 | INFO     | ✅ [批改完成] ANS_ISC_41 | 路由: BND | 最终分: 0 | 风险: P0.20/U0.16/F0.75/H0/L1 | 提取质量: 🟢high | 留白率: 0% | 低质量率: 0%
2026-07-27 08:43:47 | INFO     | 
🔍 [正在处理] ANS_ISC_46 | 启动 3WD 流水线...
2026-07-27 08:43:47 | INFO     | 📢 [总进度] 29/53 份试卷已归档。
2026-07-27 08:43:59 | INFO     | ✅ [批改完成] ANS_ISC_45 | 路由: BND | 最终分: 3.0 | 风险: P0.63/U0.00/F0.00/H0/L0 | 提取质量: 🟡low | 留白率: 67% | 低质量率: 0%
2026-07-27 08:43:59 | INFO     | 
🔍 [正在处理] ANS_ISC_47 | 启动 3WD 流水线...
2026-07-27 08:43:59 | INFO     | 📢 [总进度] 30/53 份试卷已归档。
2026-07-27 08:44:29 | INFO     | ✅ [批改完成] ANS_ISC_46 | 路由: BND | 最终分: 6.0 | 风险: P0.10/U0.08/F0.00/H0/L0 | 提取质量: 🟢high | 留白率: 0% | 低质量率: 0%
2026-07-27 08:44:29 | INFO     | 
🔍 [正在处理] ANS_ISC_51 | 启动 3WD 流水线...
2026-07-27 08:44:29 | INFO     | 📢 [总进度] 31/53 份试卷已归档。
2026-07-27 08:44:40 | INFO     | ✅ [批改完成] ANS_ISC_47 | 路由: BND | 最终分: 6.0 | 风险: P0.10/U0.00/F0.00/H0/L0 | 提取质量: 🟢high | 留白率: 0% | 低质量率: 0%
2026-07-27 08:44:40 | INFO     | 
🔍 [正在处理] ANS_ISC_53 | 启动 3WD 流水线...
2026-07-27 08:44:40 | INFO     | 📢 [总进度] 32/53 份试卷已归档。
2026-07-27 08:45:13 | INFO     | ✅ [批改完成] ANS_ISC_51 | 路由: BND | 最终分: 5.3 | 风险: P0.10/U0.02/F0.00/H0/L0 | 提取质量: 🟢high | 留白率: 0% | 低质量率: 0%
2026-07-27 08:45:13 | INFO     | 
🔍 [正在处理] ANS_ISC_54 | 启动 3WD 流水线...
2026-07-27 08:45:13 | INFO     | 📢 [总进度] 33/53 份试卷已归档。
2026-07-27 08:45:28 | INFO     | ✅ [批改完成] ANS_ISC_53 | 路由: BND | 最终分: 1.7 | 风险: P0.10/U0.07/F0.75/H0/L1 | 提取质量: 🟢high | 留白率: 0% | 低质量率: 0%
2026-07-27 08:45:28 | INFO     | 
🔍 [正在处理] ANS_ISC_56 | 启动 3WD 流水线...
2026-07-27 08:45:28 | INFO     | 📢 [总进度] 34/53 份试卷已归档。
2026-07-27 08:45:48 | INFO     | ✅ [批改完成] ANS_ISC_54 | 路由: BND | 最终分: 1.2 | 风险: P0.10/U0.20/F0.00/H0/L1 | 提取质量: 🟢high | 留白率: 0% | 低质量率: 0%
2026-07-27 08:45:48 | INFO     | 
🔍 [正在处理] ANS_ISC_57 | 启动 3WD 流水线...
2026-07-27 08:45:48 | INFO     | 📢 [总进度] 35/53 份试卷已归档。
2026-07-27 08:46:05 | INFO     | ✅ [批改完成] ANS_ISC_56 | 路由: BND | 最终分: 6.0 | 风险: P0.10/U0.00/F0.00/H0/L0 | 提取质量: 🟢high | 留白率: 0% | 低质量率: 0%
2026-07-27 08:46:05 | INFO     | 
🔍 [正在处理] ANS_ISC_58 | 启动 3WD 流水线...
2026-07-27 08:46:05 | INFO     | 📢 [总进度] 36/53 份试卷已归档。
2026-07-27 08:46:33 | INFO     | ✅ [批改完成] ANS_ISC_57 | 路由: BND | 最终分: 1.6 | 风险: P0.10/U0.16/F0.00/H0/L1 | 提取质量: 🟢high | 留白率: 0% | 低质量率: 0%
2026-07-27 08:46:33 | INFO     | 
🔍 [正在处理] ANS_ISC_59 | 启动 3WD 流水线...
2026-07-27 08:46:33 | INFO     | 📢 [总进度] 37/53 份试卷已归档。
2026-07-27 08:46:47 | INFO     | ✅ [批改完成] ANS_ISC_58 | 路由: BND | 最终分: 0 | 风险: P0.10/U0.00/F1.00/H0/L1 | 提取质量: 🟢high | 留白率: 0% | 低质量率: 0%
2026-07-27 08:46:47 | INFO     | 
🔍 [正在处理] ANS_ISC_60 | 启动 3WD 流水线...
2026-07-27 08:46:47 | INFO     | 📢 [总进度] 38/53 份试卷已归档。
2026-07-27 08:47:20 | INFO     | ✅ [批改完成] ANS_ISC_59 | 路由: BND | 最终分: 0.4 | 风险: P0.00/U0.10/F1.00/H0/L1 | 提取质量: 🟢high | 留白率: 0% | 低质量率: 0%
2026-07-27 08:47:20 | INFO     | 
🔍 [正在处理] ANS_ISC_61 | 启动 3WD 流水线...
2026-07-27 08:47:20 | INFO     | 📢 [总进度] 39/53 份试卷已归档。
2026-07-27 08:47:24 | INFO     | ✅ [批改完成] ANS_ISC_60 | 路由: BND | 最终分: 2.4 | 风险: P0.10/U0.07/F0.00/H0/L0 | 提取质量: 🟢high | 留白率: 0% | 低质量率: 0%
2026-07-27 08:47:24 | INFO     | 
🔍 [正在处理] ANS_ISC_62 | 启动 3WD 流水线...
2026-07-27 08:47:24 | INFO     | 📢 [总进度] 40/53 份试卷已归档。
2026-07-27 08:47:52 | INFO     | ✅ [批改完成] ANS_ISC_61 | 路由: BND | 最终分: 6.0 | 风险: P0.10/U0.00/F0.00/H0/L0 | 提取质量: 🟢high | 留白率: 0% | 低质量率: 0%
2026-07-27 08:47:52 | INFO     | 
🔍 [正在处理] ANS_ISC_63 | 启动 3WD 流水线...
2026-07-27 08:47:52 | INFO     | 📢 [总进度] 41/53 份试卷已归档。
2026-07-27 08:47:57 | INFO     | ✅ [批改完成] ANS_ISC_62 | 路由: BND | 最终分: 6.0 | 风险: P0.10/U0.00/F0.00/H0/L0 | 提取质量: 🟢high | 留白率: 0% | 低质量率: 0%
2026-07-27 08:47:57 | INFO     | 
🔍 [正在处理] ANS_ISC_64 | 启动 3WD 流水线...
2026-07-27 08:47:57 | INFO     | 📢 [总进度] 42/53 份试卷已归档。
2026-07-27 08:48:23 | INFO     | ✅ [批改完成] ANS_ISC_63 | 路由: BND | 最终分: 6.0 | 风险: P0.10/U0.00/F0.00/H0/L0 | 提取质量: 🟢high | 留白率: 0% | 低质量率: 0%
2026-07-27 08:48:23 | INFO     | 
🔍 [正在处理] ANS_ISC_65 | 启动 3WD 流水线...
2026-07-27 08:48:23 | INFO     | 📢 [总进度] 43/53 份试卷已归档。
2026-07-27 08:48:32 | INFO     | ✅ [批改完成] ANS_ISC_64 | 路由: BND | 最终分: 6.0 | 风险: P0.20/U0.00/F0.00/H0/L0 | 提取质量: 🟢high | 留白率: 0% | 低质量率: 0%
2026-07-27 08:48:32 | INFO     | 
🔍 [正在处理] ANS_ISC_66 | 启动 3WD 流水线...
2026-07-27 08:48:32 | INFO     | 📢 [总进度] 44/53 份试卷已归档。
2026-07-27 08:49:03 | INFO     | ✅ [批改完成] ANS_ISC_65 | 路由: BND | 最终分: 4.8 | 风险: P0.10/U0.16/F0.00/H0/L0 | 提取质量: 🟢high | 留白率: 0% | 低质量率: 0%
2026-07-27 08:49:03 | INFO     | 
🔍 [正在处理] ANS_ISC_67 | 启动 3WD 流水线...
2026-07-27 08:49:03 | INFO     | 📢 [总进度] 45/53 份试卷已归档。
2026-07-27 08:49:14 | INFO     | ✅ [批改完成] ANS_ISC_66 | 路由: BND | 最终分: 5.4 | 风险: P0.10/U0.02/F0.00/H0/L0 | 提取质量: 🟢high | 留白率: 0% | 低质量率: 0%
2026-07-27 08:49:14 | INFO     | 
🔍 [正在处理] ANS_ISC_68 | 启动 3WD 流水线...
2026-07-27 08:49:14 | INFO     | 📢 [总进度] 46/53 份试卷已归档。
2026-07-27 08:49:48 | INFO     | ✅ [批改完成] ANS_ISC_67 | 路由: BND | 最终分: 1.2 | 风险: P0.20/U0.07/F0.50/H0/L1 | 提取质量: 🟢high | 留白率: 0% | 低质量率: 0%
2026-07-27 08:49:48 | INFO     | 
🔍 [正在处理] ANS_ISC_71 | 启动 3WD 流水线...
2026-07-27 08:49:48 | INFO     | 📢 [总进度] 47/53 份试卷已归档。
2026-07-27 08:49:51 | INFO     | ✅ [批改完成] ANS_ISC_68 | 路由: BND | 最终分: 1.2 | 风险: P0.20/U0.10/F0.50/H0/L1 | 提取质量: 🟢high | 留白率: 0% | 低质量率: 0%
2026-07-27 08:49:51 | INFO     | 
🔍 [正在处理] ANS_ISC_72 | 启动 3WD 流水线...
2026-07-27 08:49:51 | INFO     | 📢 [总进度] 48/53 份试卷已归档。
2026-07-27 08:50:11 | INFO     | ✅ [批改完成] ANS_ISC_72 | 路由: NEG | 最终分: 0 | 风险: P0.80/U0.00/F0.00/H0/L0 | 提取质量: 🟡low | 留白率: 100% | 低质量率: 0%
2026-07-27 08:50:11 | INFO     | 
🔍 [正在处理] ANS_ISC_73 | 启动 3WD 流水线...
2026-07-27 08:50:11 | INFO     | 📢 [总进度] 49/53 份试卷已归档 [NEG-拒绝]。
2026-07-27 08:50:23 | INFO     | ✅ [批改完成] ANS_ISC_71 | 路由: BND | 最终分: 6.0 | 风险: P0.10/U0.08/F0.00/H0/L0 | 提取质量: 🟢high | 留白率: 0% | 低质量率: 0%
2026-07-27 08:50:23 | INFO     | 
🔍 [正在处理] ANS_ISC_76 | 启动 3WD 流水线...
2026-07-27 08:50:23 | INFO     | 📢 [总进度] 50/53 份试卷已归档。
2026-07-27 08:50:39 | INFO     | ✅ [批改完成] ANS_ISC_73 | 路由: BND | 最终分: 5.5 | 风险: P0.20/U0.12/F0.00/H0/L0 | 提取质量: 🟢high | 留白率: 0% | 低质量率: 0%
2026-07-27 08:50:39 | INFO     | 
🔍 [正在处理] ANS_ISC_77 | 启动 3WD 流水线...
2026-07-27 08:50:39 | INFO     | 📢 [总进度] 51/53 份试卷已归档。
2026-07-27 08:51:00 | INFO     | ✅ [批改完成] ANS_ISC_76 | 路由: BND | 最终分: 3.3 | 风险: P0.10/U0.04/F0.00/H0/L1 | 提取质量: 🟢high | 留白率: 0% | 低质量率: 0%
2026-07-27 08:51:00 | INFO     | 📢 [总进度] 52/53 份试卷已归档。
2026-07-27 08:51:01 | INFO     | ✅ [批改完成] ANS_ISC_77 | 路由: NEG | 最终分: 0 | 风险: P0.80/U0.00/F0.00/H0/L0 | 提取质量: 🟡low | 留白率: 100% | 低质量率: 0%
2026-07-27 08:51:01 | INFO     | 📢 [总进度] 53/53 份试卷已归档 [NEG-拒绝]。
2026-07-27 08:51:01 | INFO     | 🗂️ 所有线程交卷完毕，正在整理数据... (共收集 53/53 份结果)
2026-07-27 08:51:01 | INFO     | 💾 正常批改结果已保存: D:\users\王鑫020420\Desktop\refgrader-main\results_runs\csbench_isc1_isc2_isc3_isc4_isc5_isc6_isc7_isc8_isc9_all\runs\teacher_audit_isc_1_9_20260725_192008\ISC_5_graded_results.json (51 人)
2026-07-27 08:51:01 | INFO     | 🛑 拒绝域结果已单独保存: D:\users\王鑫020420\Desktop\refgrader-main\results_runs\csbench_isc1_isc2_isc3_isc4_isc5_isc6_isc7_isc8_isc9_all\runs\teacher_audit_isc_1_9_20260725_192008\ISC_5_rejected.json (2 人)
2026-07-27 08:51:01 | INFO     | [result consistency] ISC_5: checkpoint=53, graded=51, rejected=2, failed=0, expected=53
2026-07-27 08:51:01 | INFO     | 
🚀 [标准模式] 开始处理: ISC_6
2026-07-27 08:51:01 | INFO     | ⚡ 已加载本地标准: D:\users\王鑫020420\Desktop\refgrader-main\data\csbench\rubrics\optimized\ISC\ISC_6_rubric_standard.json
2026-07-27 08:51:05 | INFO     | ⚡ 脱敏清单已预生成，73 名学生共享复用。
2026-07-27 08:51:05 | INFO     | 🏃 开始批改 73 张试卷 (⚡ 开启多线程模式)...
2026-07-27 08:51:05 | INFO     | 
🔍 [正在处理] ANS_ISC_100 | 启动 3WD 流水线...
2026-07-27 08:51:05 | INFO     | 
🔍 [正在处理] ANS_ISC_101 | 启动 3WD 流水线...
2026-07-27 08:51:05 | INFO     | ⏳ [主线程] 已提交 73 个任务，等待结果回收...
2026-07-27 08:51:40 | INFO     | ✅ [批改完成] ANS_ISC_100 | 路由: BND | 最终分: 1.5 | 风险: P0.60/U0.00/F0.00/H0/L0 | 提取质量: 🟡low | 留白率: 75% | 低质量率: 0%
2026-07-27 08:51:40 | INFO     | 
🔍 [正在处理] ANS_ISC_102 | 启动 3WD 流水线...
2026-07-27 08:51:40 | INFO     | 📢 [总进度] 1/73 份试卷已归档。
2026-07-27 08:51:48 | INFO     | ✅ [批改完成] ANS_ISC_101 | 路由: POS | 最终分: 6.0 | 风险: P0.00/U0.00/F0.00/H0/L0 | 提取质量: 🟢high | 留白率: 0% | 低质量率: 0%
2026-07-27 08:51:48 | INFO     | 
🔍 [正在处理] ANS_ISC_103 | 启动 3WD 流水线...
2026-07-27 08:51:48 | INFO     | 📢 [总进度] 2/73 份试卷已归档。
2026-07-27 08:52:11 | INFO     | ✅ [批改完成] ANS_ISC_102 | 路由: BND | 最终分: 3.8 | 风险: P0.00/U0.12/F0.00/H0/L0 | 提取质量: 🟢high | 留白率: 0% | 低质量率: 0%
2026-07-27 08:52:11 | INFO     | 
🔍 [正在处理] ANS_ISC_104 | 启动 3WD 流水线...
2026-07-27 08:52:11 | INFO     | 📢 [总进度] 3/73 份试卷已归档。
2026-07-27 08:52:30 | INFO     | ✅ [批改完成] ANS_ISC_103 | 路由: BND | 最终分: 1.3 | 风险: P0.40/U0.12/F0.00/H0/L0 | 提取质量: 🟡low | 留白率: 50% | 低质量率: 0%
2026-07-27 08:52:30 | INFO     | 
🔍 [正在处理] ANS_ISC_105 | 启动 3WD 流水线...
2026-07-27 08:52:30 | INFO     | 📢 [总进度] 4/73 份试卷已归档。
2026-07-27 08:52:41 | INFO     | ✅ [批改完成] ANS_ISC_104 | 路由: BND | 最终分: 3.0 | 风险: P0.40/U0.00/F0.00/H0/L0 | 提取质量: 🟡low | 留白率: 50% | 低质量率: 0%
2026-07-27 08:52:41 | INFO     | 
🔍 [正在处理] ANS_ISC_106 | 启动 3WD 流水线...
2026-07-27 08:52:41 | INFO     | 📢 [总进度] 5/73 份试卷已归档。
2026-07-27 08:52:59 | INFO     | ✅ [批改完成] ANS_ISC_105 | 路由: POS | 最终分: 6.0 | 风险: P0.00/U0.00/F0.00/H0/L0 | 提取质量: 🟢high | 留白率: 0% | 低质量率: 0%
2026-07-27 08:52:59 | INFO     | 
🔍 [正在处理] ANS_ISC_108 | 启动 3WD 流水线...
2026-07-27 08:52:59 | INFO     | 📢 [总进度] 6/73 份试卷已归档。
2026-07-27 08:53:14 | INFO     | ✅ [批改完成] ANS_ISC_106 | 路由: BND | 最终分: 3.0 | 风险: P0.40/U0.00/F0.00/H0/L0 | 提取质量: 🟡low | 留白率: 50% | 低质量率: 0%
2026-07-27 08:53:14 | INFO     | 
🔍 [正在处理] ANS_ISC_110 | 启动 3WD 流水线...
2026-07-27 08:53:14 | INFO     | 📢 [总进度] 7/73 份试卷已归档。
2026-07-27 08:53:33 | INFO     | ✅ [批改完成] ANS_ISC_110 | 路由: POS | 最终分: 6.0 | 风险: P0.00/U0.00/F0.00/H0/L0 | 提取质量: 🟢high | 留白率: 0% | 低质量率: 0%
2026-07-27 08:53:33 | INFO     | 
🔍 [正在处理] ANS_ISC_111 | 启动 3WD 流水线...
2026-07-27 08:53:33 | INFO     | 📢 [总进度] 8/73 份试卷已归档。
2026-07-27 08:53:42 | INFO     | ✅ [批改完成] ANS_ISC_108 | 路由: POS | 最终分: 6.0 | 风险: P0.00/U0.00/F0.00/H0/L0 | 提取质量: 🟢high | 留白率: 0% | 低质量率: 0%
2026-07-27 08:53:42 | INFO     | 
🔍 [正在处理] ANS_ISC_112 | 启动 3WD 流水线...
2026-07-27 08:53:42 | INFO     | 📢 [总进度] 9/73 份试卷已归档。
2026-07-27 08:54:11 | INFO     | ✅ [批改完成] ANS_ISC_111 | 路由: POS | 最终分: 6.0 | 风险: P0.00/U0.00/F0.00/H0/L0 | 提取质量: 🟢high | 留白率: 0% | 低质量率: 0%
2026-07-27 08:54:11 | INFO     | 
🔍 [正在处理] ANS_ISC_113 | 启动 3WD 流水线...
2026-07-27 08:54:11 | INFO     | 📢 [总进度] 10/73 份试卷已归档。
2026-07-27 08:54:13 | INFO     | ✅ [批改完成] ANS_ISC_112 | 路由: BND | 最终分: 3.2 | 风险: P0.40/U0.12/F0.00/H0/L0 | 提取质量: 🟡low | 留白率: 50% | 低质量率: 0%
2026-07-27 08:54:13 | INFO     | 
🔍 [正在处理] ANS_ISC_114 | 启动 3WD 流水线...
2026-07-27 08:54:13 | INFO     | 📢 [总进度] 11/73 份试卷已归档。
2026-07-27 08:54:51 | INFO     | ✅ [批改完成] ANS_ISC_114 | 路由: BND | 最终分: 4.5 | 风险: P0.20/U0.00/F0.00/H0/L0 | 提取质量: 🟢high | 留白率: 25% | 低质量率: 0%
2026-07-27 08:54:51 | INFO     | 
🔍 [正在处理] ANS_ISC_115 | 启动 3WD 流水线...
2026-07-27 08:54:51 | INFO     | 📢 [总进度] 12/73 份试卷已归档。
2026-07-27 08:54:53 | INFO     | ✅ [批改完成] ANS_ISC_113 | 路由: POS | 最终分: 6.0 | 风险: P0.00/U0.00/F0.00/H0/L0 | 提取质量: 🟢high | 留白率: 0% | 低质量率: 0%
2026-07-27 08:54:53 | INFO     | 
🔍 [正在处理] ANS_ISC_116 | 启动 3WD 流水线...
2026-07-27 08:54:53 | INFO     | 📢 [总进度] 13/73 份试卷已归档。
2026-07-27 08:55:22 | INFO     | ✅ [批改完成] ANS_ISC_116 | 路由: POS | 最终分: 6.0 | 风险: P0.00/U0.00/F0.00/H0/L0 | 提取质量: 🟢high | 留白率: 0% | 低质量率: 0%
2026-07-27 08:55:22 | INFO     | 
🔍 [正在处理] ANS_ISC_117 | 启动 3WD 流水线...
2026-07-27 08:55:22 | INFO     | 📢 [总进度] 14/73 份试卷已归档。
2026-07-27 08:55:38 | INFO     | ✅ [批改完成] ANS_ISC_115 | 路由: POS | 最终分: 6.0 | 风险: P0.00/U0.00/F0.00/H0/L0 | 提取质量: 🟢high | 留白率: 0% | 低质量率: 0%
2026-07-27 08:55:38 | INFO     | 
🔍 [正在处理] ANS_ISC_118 | 启动 3WD 流水线...
2026-07-27 08:55:38 | INFO     | 📢 [总进度] 15/73 份试卷已归档。
2026-07-27 08:56:05 | INFO     | ✅ [批改完成] ANS_ISC_117 | 路由: BND | 最终分: 3.8 | 风险: P0.20/U0.12/F0.00/H0/L0 | 提取质量: 🟢high | 留白率: 25% | 低质量率: 0%
2026-07-27 08:56:05 | INFO     | 
🔍 [正在处理] ANS_ISC_119 | 启动 3WD 流水线...
2026-07-27 08:56:05 | INFO     | 📢 [总进度] 16/73 份试卷已归档。
2026-07-27 08:56:18 | INFO     | ✅ [批改完成] ANS_ISC_118 | 路由: POS | 最终分: 6.0 | 风险: P0.00/U0.00/F0.00/H0/L0 | 提取质量: 🟢high | 留白率: 0% | 低质量率: 0%
2026-07-27 08:56:18 | INFO     | 
🔍 [正在处理] ANS_ISC_120 | 启动 3WD 流水线...
2026-07-27 08:56:18 | INFO     | 📢 [总进度] 17/73 份试卷已归档。
2026-07-27 08:56:43 | INFO     | ✅ [批改完成] ANS_ISC_120 | 路由: BND | 最终分: 3.0 | 风险: P0.40/U0.00/F0.00/H0/L0 | 提取质量: 🟡low | 留白率: 50% | 低质量率: 0%
2026-07-27 08:56:43 | INFO     | 
🔍 [正在处理] ANS_ISC_121 | 启动 3WD 流水线...
2026-07-27 08:56:43 | INFO     | 📢 [总进度] 18/73 份试卷已归档。
2026-07-27 08:56:48 | INFO     | ✅ [批改完成] ANS_ISC_119 | 路由: BND | 最终分: 5.5 | 风险: P0.20/U0.12/F0.00/H0/L0 | 提取质量: 🟢high | 留白率: 25% | 低质量率: 0%
2026-07-27 08:56:48 | INFO     | 
🔍 [正在处理] ANS_ISC_122 | 启动 3WD 流水线...
2026-07-27 08:56:48 | INFO     | 📢 [总进度] 19/73 份试卷已归档。
2026-07-27 08:57:19 | INFO     | ✅ [批改完成] ANS_ISC_121 | 路由: BND | 最终分: 4.5 | 风险: P0.20/U0.00/F0.00/H0/L0 | 提取质量: 🟢high | 留白率: 25% | 低质量率: 0%
2026-07-27 08:57:19 | INFO     | 
🔍 [正在处理] ANS_ISC_123 | 启动 3WD 流水线...
2026-07-27 08:57:19 | INFO     | 📢 [总进度] 20/73 份试卷已归档。
2026-07-27 08:57:42 | INFO     | ✅ [批改完成] ANS_ISC_122 | 路由: BND | 最终分: 3.8 | 风险: P0.00/U0.12/F0.00/H0/L0 | 提取质量: 🟢high | 留白率: 0% | 低质量率: 0%
2026-07-27 08:57:42 | INFO     | 
🔍 [正在处理] ANS_ISC_124 | 启动 3WD 流水线...
2026-07-27 08:57:42 | INFO     | 📢 [总进度] 21/73 份试卷已归档。
2026-07-27 08:57:48 | INFO     | ✅ [批改完成] ANS_ISC_123 | 路由: BND | 最终分: 4.5 | 风险: P0.20/U0.00/F0.00/H0/L0 | 提取质量: 🟢high | 留白率: 25% | 低质量率: 0%
2026-07-27 08:57:48 | INFO     | 
🔍 [正在处理] ANS_ISC_125 | 启动 3WD 流水线...
2026-07-27 08:57:48 | INFO     | 📢 [总进度] 22/73 份试卷已归档。
2026-07-27 08:58:20 | INFO     | ✅ [批改完成] ANS_ISC_124 | 路由: POS | 最终分: 6.0 | 风险: P0.00/U0.00/F0.00/H0/L0 | 提取质量: 🟢high | 留白率: 0% | 低质量率: 0%
2026-07-27 08:58:20 | INFO     | 
🔍 [正在处理] ANS_ISC_126 | 启动 3WD 流水线...
2026-07-27 08:58:20 | INFO     | 📢 [总进度] 23/73 份试卷已归档。
2026-07-27 08:58:27 | INFO     | ✅ [批改完成] ANS_ISC_125 | 路由: POS | 最终分: 6.0 | 风险: P0.00/U0.00/F0.00/H0/L0 | 提取质量: 🟢high | 留白率: 0% | 低质量率: 0%
2026-07-27 08:58:27 | INFO     | 
🔍 [正在处理] ANS_ISC_127 | 启动 3WD 流水线...
2026-07-27 08:58:27 | INFO     | 📢 [总进度] 24/73 份试卷已归档。
2026-07-27 08:58:39 | INFO     | ✅ [批改完成] ANS_ISC_126 | 路由: POS | 最终分: 4.5 | 风险: P0.00/U0.00/F0.00/H0/L0 | 提取质量: 🟢high | 留白率: 0% | 低质量率: 0%
2026-07-27 08:58:39 | INFO     | 
🔍 [正在处理] ANS_ISC_128 | 启动 3WD 流水线...
2026-07-27 08:58:39 | INFO     | 📢 [总进度] 25/73 份试卷已归档。
2026-07-27 08:59:05 | INFO     | ✅ [批改完成] ANS_ISC_128 | 路由: BND | 最终分: 4.5 | 风险: P0.20/U0.00/F0.00/H0/L0 | 提取质量: 🟢high | 留白率: 25% | 低质量率: 0%
2026-07-27 08:59:05 | INFO     | 
🔍 [正在处理] ANS_ISC_130 | 启动 3WD 流水线...
2026-07-27 08:59:05 | INFO     | 📢 [总进度] 26/73 份试卷已归档。
2026-07-27 08:59:22 | INFO     | ✅ [批改完成] ANS_ISC_127 | 路由: BND | 最终分: 3.8 | 风险: P0.00/U0.12/F0.00/H0/L0 | 提取质量: 🟢high | 留白率: 0% | 低质量率: 0%
2026-07-27 08:59:22 | INFO     | 
🔍 [正在处理] ANS_ISC_131 | 启动 3WD 流水线...
2026-07-27 08:59:22 | INFO     | 📢 [总进度] 27/73 份试卷已归档。
2026-07-27 08:59:30 | INFO     | ✅ [批改完成] ANS_ISC_130 | 路由: BND | 最终分: 4.5 | 风险: P0.20/U0.00/F0.00/H0/L0 | 提取质量: 🟢high | 留白率: 25% | 低质量率: 0%
2026-07-27 08:59:30 | INFO     | 
🔍 [正在处理] ANS_ISC_132 | 启动 3WD 流水线...
2026-07-27 08:59:30 | INFO     | 📢 [总进度] 28/73 份试卷已归档。
2026-07-27 08:59:59 | INFO     | ✅ [批改完成] ANS_ISC_132 | 路由: BND | 最终分: 3.0 | 风险: P0.20/U0.00/F0.00/H0/L1 | 提取质量: 🟢high | 留白率: 25% | 低质量率: 0%
2026-07-27 08:59:59 | INFO     | 
🔍 [正在处理] ANS_ISC_133 | 启动 3WD 流水线...
2026-07-27 08:59:59 | INFO     | 📢 [总进度] 29/73 份试卷已归档。
2026-07-27 09:00:04 | INFO     | ✅ [批改完成] ANS_ISC_131 | 路由: POS | 最终分: 4.5 | 风险: P0.00/U0.00/F0.00/H0/L0 | 提取质量: 🟢high | 留白率: 0% | 低质量率: 0%
2026-07-27 09:00:04 | INFO     | 
🔍 [正在处理] ANS_ISC_134 | 启动 3WD 流水线...
2026-07-27 09:00:04 | INFO     | 📢 [总进度] 30/73 份试卷已归档。
2026-07-27 09:00:27 | INFO     | ✅ [批改完成] ANS_ISC_134 | 路由: POS | 最终分: 6.0 | 风险: P0.00/U0.00/F0.00/H0/L0 | 提取质量: 🟢high | 留白率: 0% | 低质量率: 0%
2026-07-27 09:00:27 | INFO     | 
🔍 [正在处理] ANS_ISC_135 | 启动 3WD 流水线...
2026-07-27 09:00:27 | INFO     | 📢 [总进度] 31/73 份试卷已归档。
2026-07-27 09:00:52 | INFO     | ✅ [批改完成] ANS_ISC_135 | 路由: BND | 最终分: 3.0 | 风险: P0.40/U0.00/F0.00/H0/L0 | 提取质量: 🟡low | 留白率: 50% | 低质量率: 0%
2026-07-27 09:00:52 | INFO     | 
🔍 [正在处理] ANS_ISC_136 | 启动 3WD 流水线...
2026-07-27 09:00:52 | INFO     | 📢 [总进度] 32/73 份试卷已归档。
2026-07-27 09:00:57 | INFO     | ✅ [批改完成] ANS_ISC_133 | 路由: BND | 最终分: 3.8 | 风险: P0.00/U0.24/F0.00/H0/L0 | 提取质量: 🟢high | 留白率: 0% | 低质量率: 0%
2026-07-27 09:00:57 | INFO     | 
🔍 [正在处理] ANS_ISC_137 | 启动 3WD 流水线...
2026-07-27 09:00:57 | INFO     | 📢 [总进度] 33/73 份试卷已归档。
2026-07-27 09:01:27 | INFO     | ✅ [批改完成] ANS_ISC_136 | 路由: BND | 最终分: 3.0 | 风险: P0.40/U0.00/F0.00/H0/L0 | 提取质量: 🟡low | 留白率: 50% | 低质量率: 0%
2026-07-27 09:01:27 | INFO     | 
🔍 [正在处理] ANS_ISC_138 | 启动 3WD 流水线...
2026-07-27 09:01:27 | INFO     | 📢 [总进度] 34/73 份试卷已归档。
2026-07-27 09:01:39 | INFO     | ✅ [批改完成] ANS_ISC_137 | 路由: POS | 最终分: 6.0 | 风险: P0.00/U0.00/F0.00/H0/L0 | 提取质量: 🟢high | 留白率: 0% | 低质量率: 0%
2026-07-27 09:01:39 | INFO     | 
🔍 [正在处理] ANS_ISC_139 | 启动 3WD 流水线...
2026-07-27 09:01:39 | INFO     | 📢 [总进度] 35/73 份试卷已归档。
2026-07-27 09:02:06 | INFO     | ✅ [批改完成] ANS_ISC_138 | 路由: POS | 最终分: 6.0 | 风险: P0.00/U0.00/F0.00/H0/L0 | 提取质量: 🟢high | 留白率: 0% | 低质量率: 0%
2026-07-27 09:02:06 | INFO     | 
🔍 [正在处理] ANS_ISC_140 | 启动 3WD 流水线...
2026-07-27 09:02:06 | INFO     | 📢 [总进度] 36/73 份试卷已归档。
2026-07-27 09:02:26 | INFO     | ✅ [批改完成] ANS_ISC_139 | 路由: BND | 最终分: 3.8 | 风险: P0.00/U0.12/F0.00/H0/L0 | 提取质量: 🟢high | 留白率: 0% | 低质量率: 0%
2026-07-27 09:02:26 | INFO     | 
🔍 [正在处理] ANS_ISC_141 | 启动 3WD 流水线...
2026-07-27 09:02:26 | INFO     | 📢 [总进度] 37/73 份试卷已归档。
2026-07-27 09:02:33 | INFO     | ✅ [批改完成] ANS_ISC_140 | 路由: POS | 最终分: 6.0 | 风险: P0.00/U0.00/F0.00/H0/L0 | 提取质量: 🟢high | 留白率: 0% | 低质量率: 0%
2026-07-27 09:02:33 | INFO     | 
🔍 [正在处理] ANS_ISC_142 | 启动 3WD 流水线...
2026-07-27 09:02:33 | INFO     | 📢 [总进度] 38/73 份试卷已归档。
2026-07-27 09:02:53 | INFO     | ✅ [批改完成] ANS_ISC_141 | 路由: POS | 最终分: 6.0 | 风险: P0.00/U0.00/F0.00/H0/L0 | 提取质量: 🟢high | 留白率: 0% | 低质量率: 0%
2026-07-27 09:02:53 | INFO     | 
🔍 [正在处理] ANS_ISC_143 | 启动 3WD 流水线...
2026-07-27 09:02:53 | INFO     | 📢 [总进度] 39/73 份试卷已归档。
2026-07-27 09:02:57 | INFO     | ✅ [批改完成] ANS_ISC_142 | 路由: POS | 最终分: 6.0 | 风险: P0.00/U0.00/F0.00/H0/L0 | 提取质量: 🟢high | 留白率: 0% | 低质量率: 0%
2026-07-27 09:02:57 | INFO     | 
🔍 [正在处理] ANS_ISC_144 | 启动 3WD 流水线...
2026-07-27 09:02:57 | INFO     | 📢 [总进度] 40/73 份试卷已归档。
2026-07-27 09:03:21 | INFO     | ✅ [批改完成] ANS_ISC_143 | 路由: POS | 最终分: 6.0 | 风险: P0.00/U0.00/F0.00/H0/L0 | 提取质量: 🟢high | 留白率: 0% | 低质量率: 0%
2026-07-27 09:03:21 | INFO     | 
🔍 [正在处理] ANS_ISC_145 | 启动 3WD 流水线...
2026-07-27 09:03:21 | INFO     | 📢 [总进度] 41/73 份试卷已归档。
2026-07-27 09:03:32 | INFO     | ✅ [批改完成] ANS_ISC_144 | 路由: BND | 最终分: 4.5 | 风险: P0.20/U0.00/F0.00/H0/L0 | 提取质量: 🟢high | 留白率: 25% | 低质量率: 0%
2026-07-27 09:03:32 | INFO     | 
🔍 [正在处理] ANS_ISC_146 | 启动 3WD 流水线...
2026-07-27 09:03:32 | INFO     | 📢 [总进度] 42/73 份试卷已归档。
2026-07-27 09:03:49 | INFO     | ✅ [批改完成] ANS_ISC_145 | 路由: POS | 最终分: 6.0 | 风险: P0.00/U0.00/F0.00/H0/L0 | 提取质量: 🟢high | 留白率: 0% | 低质量率: 0%
2026-07-27 09:03:49 | INFO     | 
🔍 [正在处理] ANS_ISC_147 | 启动 3WD 流水线...
2026-07-27 09:03:49 | INFO     | 📢 [总进度] 43/73 份试卷已归档。
2026-07-27 09:04:13 | INFO     | ✅ [批改完成] ANS_ISC_146 | 路由: POS | 最终分: 4.5 | 风险: P0.00/U0.00/F0.00/H0/L0 | 提取质量: 🟢high | 留白率: 0% | 低质量率: 0%
2026-07-27 09:04:13 | INFO     | 
🔍 [正在处理] ANS_ISC_148 | 启动 3WD 流水线...
2026-07-27 09:04:13 | INFO     | 📢 [总进度] 44/73 份试卷已归档。
2026-07-27 09:04:24 | INFO     | ✅ [批改完成] ANS_ISC_147 | 路由: BND | 最终分: 0.8 | 风险: P0.40/U0.12/F0.00/H0/L0 | 提取质量: 🟡low | 留白率: 50% | 低质量率: 0%
2026-07-27 09:04:24 | INFO     | 
🔍 [正在处理] ANS_ISC_149 | 启动 3WD 流水线...
2026-07-27 09:04:24 | INFO     | 📢 [总进度] 45/73 份试卷已归档。
2026-07-27 09:04:41 | INFO     | ✅ [批改完成] ANS_ISC_148 | 路由: POS | 最终分: 6.0 | 风险: P0.00/U0.00/F0.00/H0/L0 | 提取质量: 🟢high | 留白率: 0% | 低质量率: 0%
2026-07-27 09:04:41 | INFO     | 
🔍 [正在处理] ANS_ISC_150 | 启动 3WD 流水线...
2026-07-27 09:04:41 | INFO     | 📢 [总进度] 46/73 份试卷已归档。
2026-07-27 09:04:59 | INFO     | ✅ [批改完成] ANS_ISC_149 | 路由: BND | 最终分: 3.0 | 风险: P0.40/U0.00/F0.00/H0/L0 | 提取质量: 🟡low | 留白率: 50% | 低质量率: 0%
2026-07-27 09:04:59 | INFO     | 
🔍 [正在处理] ANS_ISC_151 | 启动 3WD 流水线...
2026-07-27 09:04:59 | INFO     | 📢 [总进度] 47/73 份试卷已归档。
2026-07-27 09:05:22 | INFO     | ✅ [批改完成] ANS_ISC_150 | 路由: BND | 最终分: 2.8 | 风险: P0.00/U0.24/F0.00/H0/L0 | 提取质量: 🟢high | 留白率: 0% | 低质量率: 0%
2026-07-27 09:05:22 | INFO     | 
🔍 [正在处理] ANS_ISC_152 | 启动 3WD 流水线...
2026-07-27 09:05:22 | INFO     | 📢 [总进度] 48/73 份试卷已归档。
2026-07-27 09:05:49 | INFO     | ✅ [批改完成] ANS_ISC_151 | 路由: POS | 最终分: 4.5 | 风险: P0.00/U0.00/F0.00/H0/L0 | 提取质量: 🟢high | 留白率: 0% | 低质量率: 0%
2026-07-27 09:05:49 | INFO     | 
🔍 [正在处理] ANS_ISC_153 | 启动 3WD 流水线...
2026-07-27 09:05:49 | INFO     | 📢 [总进度] 49/73 份试卷已归档。
2026-07-27 09:06:16 | INFO     | ✅ [批改完成] ANS_ISC_152 | 路由: POS | 最终分: 6.0 | 风险: P0.00/U0.00/F0.00/H0/L0 | 提取质量: 🟢high | 留白率: 0% | 低质量率: 0%
2026-07-27 09:06:16 | INFO     | 
🔍 [正在处理] ANS_ISC_154 | 启动 3WD 流水线...
2026-07-27 09:06:16 | INFO     | 📢 [总进度] 50/73 份试卷已归档。
2026-07-27 09:06:25 | INFO     | ✅ [批改完成] ANS_ISC_153 | 路由: POS | 最终分: 6.0 | 风险: P0.00/U0.00/F0.00/H0/L0 | 提取质量: 🟢high | 留白率: 0% | 低质量率: 0%
2026-07-27 09:06:25 | INFO     | 
🔍 [正在处理] ANS_ISC_79 | 启动 3WD 流水线...
2026-07-27 09:06:25 | INFO     | 📢 [总进度] 51/73 份试卷已归档。
2026-07-27 09:06:42 | INFO     | ✅ [批改完成] ANS_ISC_154 | 路由: NEG | 最终分: 0 | 风险: P0.80/U0.00/F0.00/H0/L0 | 提取质量: 🟡low | 留白率: 100% | 低质量率: 0%
2026-07-27 09:06:42 | INFO     | 
🔍 [正在处理] ANS_ISC_80 | 启动 3WD 流水线...
2026-07-27 09:06:42 | INFO     | 📢 [总进度] 52/73 份试卷已归档 [NEG-拒绝]。
2026-07-27 09:06:50 | INFO     | ✅ [批改完成] ANS_ISC_79 | 路由: BND | 最终分: 0 | 风险: P0.60/U0.00/F0.25/H0/L0 | 提取质量: 🟡low | 留白率: 75% | 低质量率: 0%
2026-07-27 09:06:50 | INFO     | 
🔍 [正在处理] ANS_ISC_81 | 启动 3WD 流水线...
2026-07-27 09:06:50 | INFO     | 📢 [总进度] 53/73 份试卷已归档。
2026-07-27 09:07:05 | INFO     | ✅ [批改完成] ANS_ISC_80 | 路由: NEG | 最终分: 2.0 | 风险: P0.60/U0.12/F0.00/H0/L0 | 提取质量: 🟡low | 留白率: 75% | 低质量率: 0%
2026-07-27 09:07:05 | INFO     | 
🔍 [正在处理] ANS_ISC_82 | 启动 3WD 流水线...
2026-07-27 09:07:05 | INFO     | 📢 [总进度] 54/73 份试卷已归档 [NEG-拒绝]。
2026-07-27 09:07:29 | INFO     | ✅ [批改完成] ANS_ISC_81 | 路由: POS | 最终分: 6.0 | 风险: P0.00/U0.00/F0.00/H0/L0 | 提取质量: 🟢high | 留白率: 0% | 低质量率: 0%
2026-07-27 09:07:29 | INFO     | 
🔍 [正在处理] ANS_ISC_83 | 启动 3WD 流水线...
2026-07-27 09:07:29 | INFO     | 📢 [总进度] 55/73 份试卷已归档。
2026-07-27 09:07:29 | INFO     | ✅ [批改完成] ANS_ISC_82 | 路由: POS | 最终分: 6.0 | 风险: P0.00/U0.00/F0.00/H0/L0 | 提取质量: 🟢high | 留白率: 0% | 低质量率: 0%
2026-07-27 09:07:29 | INFO     | 
🔍 [正在处理] ANS_ISC_84 | 启动 3WD 流水线...
2026-07-27 09:07:29 | INFO     | 📢 [总进度] 56/73 份试卷已归档。
2026-07-27 09:07:51 | INFO     | ✅ [批改完成] ANS_ISC_83 | 路由: POS | 最终分: 6.0 | 风险: P0.00/U0.00/F0.00/H0/L0 | 提取质量: 🟢high | 留白率: 0% | 低质量率: 0%
2026-07-27 09:07:51 | INFO     | 
🔍 [正在处理] ANS_ISC_85 | 启动 3WD 流水线...
2026-07-27 09:07:51 | INFO     | 📢 [总进度] 57/73 份试卷已归档。
2026-07-27 09:08:03 | INFO     | ✅ [批改完成] ANS_ISC_84 | 路由: BND | 最终分: 4.3 | 风险: P0.00/U0.12/F0.00/H0/L0 | 提取质量: 🟢high | 留白率: 0% | 低质量率: 0%
2026-07-27 09:08:03 | INFO     | 
🔍 [正在处理] ANS_ISC_86 | 启动 3WD 流水线...
2026-07-27 09:08:03 | INFO     | 📢 [总进度] 58/73 份试卷已归档。
2026-07-27 09:08:24 | INFO     | ✅ [批改完成] ANS_ISC_85 | 路由: BND | 最终分: 1.2 | 风险: P0.40/U0.06/F0.00/H0/L0 | 提取质量: 🟡low | 留白率: 50% | 低质量率: 0%
2026-07-27 09:08:24 | INFO     | 
🔍 [正在处理] ANS_ISC_87 | 启动 3WD 流水线...
2026-07-27 09:08:24 | INFO     | 📢 [总进度] 59/73 份试卷已归档。
2026-07-27 09:08:45 | INFO     | ✅ [批改完成] ANS_ISC_86 | 路由: POS | 最终分: 4.5 | 风险: P0.00/U0.00/F0.00/H0/L0 | 提取质量: 🟢high | 留白率: 0% | 低质量率: 0%
2026-07-27 09:08:45 | INFO     | 
🔍 [正在处理] ANS_ISC_88 | 启动 3WD 流水线...
2026-07-27 09:08:45 | INFO     | 📢 [总进度] 60/73 份试卷已归档。
2026-07-27 09:08:48 | INFO     | ✅ [批改完成] ANS_ISC_87 | 路由: POS | 最终分: 6.0 | 风险: P0.00/U0.00/F0.00/H0/L0 | 提取质量: 🟢high | 留白率: 0% | 低质量率: 0%
2026-07-27 09:08:48 | INFO     | 
🔍 [正在处理] ANS_ISC_89 | 启动 3WD 流水线...
2026-07-27 09:08:48 | INFO     | 📢 [总进度] 61/73 份试卷已归档。
2026-07-27 09:09:06 | INFO     | ✅ [批改完成] ANS_ISC_89 | 路由: POS | 最终分: 6.0 | 风险: P0.00/U0.00/F0.00/H0/L0 | 提取质量: 🟢high | 留白率: 0% | 低质量率: 0%
2026-07-27 09:09:06 | INFO     | 
🔍 [正在处理] ANS_ISC_90 | 启动 3WD 流水线...
2026-07-27 09:09:06 | INFO     | 📢 [总进度] 62/73 份试卷已归档。
2026-07-27 09:09:21 | INFO     | ✅ [批改完成] ANS_ISC_88 | 路由: POS | 最终分: 6.0 | 风险: P0.00/U0.00/F0.00/H0/L0 | 提取质量: 🟢high | 留白率: 0% | 低质量率: 0%
2026-07-27 09:09:21 | INFO     | 
🔍 [正在处理] ANS_ISC_91 | 启动 3WD 流水线...
2026-07-27 09:09:21 | INFO     | 📢 [总进度] 63/73 份试卷已归档。
2026-07-27 09:09:47 | INFO     | ✅ [批改完成] ANS_ISC_90 | 路由: POS | 最终分: 6.0 | 风险: P0.00/U0.00/F0.00/H0/L0 | 提取质量: 🟢high | 留白率: 0% | 低质量率: 0%
2026-07-27 09:09:47 | INFO     | 
🔍 [正在处理] ANS_ISC_92 | 启动 3WD 流水线...
2026-07-27 09:09:47 | INFO     | 📢 [总进度] 64/73 份试卷已归档。
2026-07-27 09:10:14 | INFO     | ✅ [批改完成] ANS_ISC_91 | 路由: POS | 最终分: 6.0 | 风险: P0.00/U0.00/F0.00/H0/L0 | 提取质量: 🟢high | 留白率: 0% | 低质量率: 0%
2026-07-27 09:10:14 | INFO     | 
🔍 [正在处理] ANS_ISC_93 | 启动 3WD 流水线...
2026-07-27 09:10:14 | INFO     | 📢 [总进度] 65/73 份试卷已归档。
2026-07-27 09:10:48 | INFO     | ✅ [批改完成] ANS_ISC_92 | 路由: POS | 最终分: 6.0 | 风险: P0.00/U0.00/F0.00/H0/L0 | 提取质量: 🟢high | 留白率: 0% | 低质量率: 0%
2026-07-27 09:10:48 | INFO     | 
🔍 [正在处理] ANS_ISC_94 | 启动 3WD 流水线...
2026-07-27 09:10:48 | INFO     | 📢 [总进度] 66/73 份试卷已归档。
2026-07-27 09:10:50 | INFO     | ✅ [批改完成] ANS_ISC_93 | 路由: POS | 最终分: 4.5 | 风险: P0.00/U0.00/F0.00/H0/L0 | 提取质量: 🟢high | 留白率: 0% | 低质量率: 0%
2026-07-27 09:10:50 | INFO     | 
🔍 [正在处理] ANS_ISC_95 | 启动 3WD 流水线...
2026-07-27 09:10:50 | INFO     | 📢 [总进度] 67/73 份试卷已归档。
2026-07-27 09:11:18 | INFO     | ✅ [批改完成] ANS_ISC_94 | 路由: POS | 最终分: 6.0 | 风险: P0.00/U0.00/F0.00/H0/L0 | 提取质量: 🟢high | 留白率: 0% | 低质量率: 0%
2026-07-27 09:11:18 | INFO     | 
🔍 [正在处理] ANS_ISC_96 | 启动 3WD 流水线...
2026-07-27 09:11:18 | INFO     | 📢 [总进度] 68/73 份试卷已归档。
2026-07-27 09:11:34 | INFO     | ✅ [批改完成] ANS_ISC_95 | 路由: BND | 最终分: 2.8 | 风险: P0.00/U0.24/F0.00/H0/L0 | 提取质量: 🟢high | 留白率: 0% | 低质量率: 0%
2026-07-27 09:11:34 | INFO     | 
🔍 [正在处理] ANS_ISC_97 | 启动 3WD 流水线...
2026-07-27 09:11:34 | INFO     | 📢 [总进度] 69/73 份试卷已归档。
2026-07-27 09:11:54 | INFO     | ✅ [批改完成] ANS_ISC_96 | 路由: BND | 最终分: 4.5 | 风险: P0.20/U0.00/F0.00/H0/L0 | 提取质量: 🟢high | 留白率: 25% | 低质量率: 0%
2026-07-27 09:11:55 | INFO     | 
🔍 [正在处理] ANS_ISC_98 | 启动 3WD 流水线...
2026-07-27 09:11:55 | INFO     | 📢 [总进度] 70/73 份试卷已归档。
2026-07-27 09:12:25 | INFO     | ✅ [批改完成] ANS_ISC_98 | 路由: POS | 最终分: 6.0 | 风险: P0.00/U0.00/F0.00/H0/L0 | 提取质量: 🟢high | 留白率: 0% | 低质量率: 0%
2026-07-27 09:12:25 | INFO     | 
🔍 [正在处理] ANS_ISC_99 | 启动 3WD 流水线...
2026-07-27 09:12:25 | INFO     | 📢 [总进度] 71/73 份试卷已归档。
2026-07-27 09:12:47 | INFO     | ✅ [批改完成] ANS_ISC_97 | 路由: BND | 最终分: 4.3 | 风险: P0.00/U0.12/F0.00/H0/L0 | 提取质量: 🟢high | 留白率: 0% | 低质量率: 0%
2026-07-27 09:12:47 | INFO     | 📢 [总进度] 72/73 份试卷已归档。
2026-07-27 09:13:01 | INFO     | ✅ [批改完成] ANS_ISC_99 | 路由: BND | 最终分: 3.0 | 风险: P0.40/U0.00/F0.00/H0/L0 | 提取质量: 🟡low | 留白率: 50% | 低质量率: 0%
2026-07-27 09:13:01 | INFO     | 📢 [总进度] 73/73 份试卷已归档。
2026-07-27 09:13:01 | INFO     | 🗂️ 所有线程交卷完毕，正在整理数据... (共收集 73/73 份结果)
2026-07-27 09:13:01 | INFO     | 💾 正常批改结果已保存: D:\users\王鑫020420\Desktop\refgrader-main\results_runs\csbench_isc1_isc2_isc3_isc4_isc5_isc6_isc7_isc8_isc9_all\runs\teacher_audit_isc_1_9_20260725_192008\ISC_6_graded_results.json (71 人)
2026-07-27 09:13:01 | INFO     | 🛑 拒绝域结果已单独保存: D:\users\王鑫020420\Desktop\refgrader-main\results_runs\csbench_isc1_isc2_isc3_isc4_isc5_isc6_isc7_isc8_isc9_all\runs\teacher_audit_isc_1_9_20260725_192008\ISC_6_rejected.json (2 人)
2026-07-27 09:13:01 | INFO     | [result consistency] ISC_6: checkpoint=73, graded=71, rejected=2, failed=0, expected=73
2026-07-27 09:13:01 | INFO     | 
🚀 [标准模式] 开始处理: ISC_7
2026-07-27 09:13:01 | INFO     | ⚡ 已加载本地标准: D:\users\王鑫020420\Desktop\refgrader-main\data\csbench\rubrics\optimized\ISC\ISC_7_rubric_standard.json
2026-07-27 09:13:09 | INFO     | ⚡ 脱敏清单已预生成，70 名学生共享复用。
2026-07-27 09:13:09 | INFO     | 🏃 开始批改 70 张试卷 (⚡ 开启多线程模式)...
2026-07-27 09:13:09 | INFO     | 
🔍 [正在处理] ANS_ISC_155 | 启动 3WD 流水线...
2026-07-27 09:13:09 | INFO     | 
🔍 [正在处理] ANS_ISC_156 | 启动 3WD 流水线...
2026-07-27 09:13:09 | INFO     | ⏳ [主线程] 已提交 70 个任务，等待结果回收...
2026-07-27 09:13:37 | INFO     | ✅ [批改完成] ANS_ISC_155 | 路由: POS | 最终分: 0 | 风险: P0.00/U0.00/F1.00/H0/L1 | 提取质量: 🟢high | 留白率: 0% | 低质量率: 0%
2026-07-27 09:13:37 | INFO     | 
🔍 [正在处理] ANS_ISC_157 | 启动 3WD 流水线...
2026-07-27 09:13:37 | INFO     | 📢 [总进度] 1/70 份试卷已归档。
2026-07-27 09:13:45 | INFO     | ✅ [批改完成] ANS_ISC_156 | 路由: BND | 最终分: 0 | 风险: P0.40/U0.00/F0.50/H0/L0 | 提取质量: 🟡low | 留白率: 50% | 低质量率: 0%
2026-07-27 09:13:45 | INFO     | 
🔍 [正在处理] ANS_ISC_158 | 启动 3WD 流水线...
2026-07-27 09:13:45 | INFO     | 📢 [总进度] 2/70 份试卷已归档。
2026-07-27 09:14:03 | INFO     | ✅ [批改完成] ANS_ISC_157 | 路由: POS | 最终分: 0 | 风险: P0.00/U0.00/F1.00/H0/L1 | 提取质量: 🟢high | 留白率: 0% | 低质量率: 0%
2026-07-27 09:14:03 | INFO     | 
🔍 [正在处理] ANS_ISC_159 | 启动 3WD 流水线...
2026-07-27 09:14:03 | INFO     | 📢 [总进度] 3/70 份试卷已归档。
2026-07-27 09:14:22 | INFO     | ✅ [批改完成] ANS_ISC_158 | 路由: BND | 最终分: 0.7 | 风险: P0.00/U0.24/F1.00/H0/L1 | 提取质量: 🟢high | 留白率: 0% | 低质量率: 0%
2026-07-27 09:14:22 | INFO     | 
🔍 [正在处理] ANS_ISC_160 | 启动 3WD 流水线...
2026-07-27 09:14:22 | INFO     | 📢 [总进度] 4/70 份试卷已归档。
2026-07-27 09:14:31 | INFO     | ✅ [批改完成] ANS_ISC_159 | 路由: POS | 最终分: 4.0 | 风险: P0.00/U0.00/F0.00/H0/L0 | 提取质量: 🟢high | 留白率: 0% | 低质量率: 0%
2026-07-27 09:14:31 | INFO     | 
🔍 [正在处理] ANS_ISC_161 | 启动 3WD 流水线...
2026-07-27 09:14:31 | INFO     | 📢 [总进度] 5/70 份试卷已归档。
2026-07-27 09:14:40 | INFO     | ✅ [批改完成] ANS_ISC_160 | 路由: POS | 最终分: 0 | 风险: P0.00/U0.00/F1.00/H0/L1 | 提取质量: 🟢high | 留白率: 0% | 低质量率: 0%
2026-07-27 09:14:40 | INFO     | 
🔍 [正在处理] ANS_ISC_163 | 启动 3WD 流水线...
2026-07-27 09:14:40 | INFO     | 📢 [总进度] 6/70 份试卷已归档。
2026-07-27 09:15:06 | INFO     | ✅ [批改完成] ANS_ISC_161 | 路由: POS | 最终分: 2.0 | 风险: P0.00/U0.00/F0.00/H0/L1 | 提取质量: 🟢high | 留白率: 0% | 低质量率: 0%
2026-07-27 09:15:06 | INFO     | 
🔍 [正在处理] ANS_ISC_164 | 启动 3WD 流水线...
2026-07-27 09:15:06 | INFO     | 📢 [总进度] 7/70 份试卷已归档。
2026-07-27 09:15:24 | INFO     | ✅ [批改完成] ANS_ISC_163 | 路由: POS | 最终分: 0 | 风险: P0.00/U0.00/F1.00/H0/L1 | 提取质量: 🟢high | 留白率: 0% | 低质量率: 0%
2026-07-27 09:15:24 | INFO     | 
🔍 [正在处理] ANS_ISC_165 | 启动 3WD 流水线...
2026-07-27 09:15:24 | INFO     | 📢 [总进度] 8/70 份试卷已归档。
2026-07-27 09:15:29 | INFO     | ✅ [批改完成] ANS_ISC_164 | 路由: POS | 最终分: 4.0 | 风险: P0.00/U0.00/F0.00/H0/L0 | 提取质量: 🟢high | 留白率: 0% | 低质量率: 0%
2026-07-27 09:15:29 | INFO     | 
🔍 [正在处理] ANS_ISC_166 | 启动 3WD 流水线...
2026-07-27 09:15:29 | INFO     | 📢 [总进度] 9/70 份试卷已归档。
2026-07-27 09:15:43 | INFO     | ✅ [批改完成] ANS_ISC_165 | 路由: POS | 最终分: 4.0 | 风险: P0.00/U0.00/F0.00/H0/L0 | 提取质量: 🟢high | 留白率: 0% | 低质量率: 0%
2026-07-27 09:15:43 | INFO     | 
🔍 [正在处理] ANS_ISC_167 | 启动 3WD 流水线...
2026-07-27 09:15:43 | INFO     | 📢 [总进度] 10/70 份试卷已归档。
2026-07-27 09:15:47 | INFO     | ✅ [批改完成] ANS_ISC_166 | 路由: POS | 最终分: 2.0 | 风险: P0.00/U0.00/F0.00/H0/L1 | 提取质量: 🟢high | 留白率: 0% | 低质量率: 0%
2026-07-27 09:15:47 | INFO     | 
🔍 [正在处理] ANS_ISC_168 | 启动 3WD 流水线...
2026-07-27 09:15:47 | INFO     | 📢 [总进度] 11/70 份试卷已归档。
2026-07-27 09:16:05 | INFO     | ✅ [批改完成] ANS_ISC_168 | 路由: POS | 最终分: 4.0 | 风险: P0.00/U0.00/F0.00/H0/L0 | 提取质量: 🟢high | 留白率: 0% | 低质量率: 0%
2026-07-27 09:16:05 | INFO     | 
🔍 [正在处理] ANS_ISC_169 | 启动 3WD 流水线...
2026-07-27 09:16:05 | INFO     | 📢 [总进度] 12/70 份试卷已归档。
2026-07-27 09:16:05 | INFO     | ✅ [批改完成] ANS_ISC_167 | 路由: POS | 最终分: 4.0 | 风险: P0.00/U0.00/F0.00/H0/L0 | 提取质量: 🟢high | 留白率: 0% | 低质量率: 0%
2026-07-27 09:16:05 | INFO     | 
🔍 [正在处理] ANS_ISC_170 | 启动 3WD 流水线...
2026-07-27 09:16:05 | INFO     | 📢 [总进度] 13/70 份试卷已归档。
2026-07-27 09:16:21 | INFO     | ✅ [批改完成] ANS_ISC_169 | 路由: POS | 最终分: 2.0 | 风险: P0.00/U0.00/F0.00/H0/L1 | 提取质量: 🟢high | 留白率: 0% | 低质量率: 0%
2026-07-27 09:16:21 | INFO     | 
🔍 [正在处理] ANS_ISC_171 | 启动 3WD 流水线...
2026-07-27 09:16:21 | INFO     | 📢 [总进度] 14/70 份试卷已归档。
2026-07-27 09:16:23 | INFO     | ✅ [批改完成] ANS_ISC_170 | 路由: POS | 最终分: 2.0 | 风险: P0.00/U0.00/F0.00/H0/L1 | 提取质量: 🟢high | 留白率: 0% | 低质量率: 0%
2026-07-27 09:16:23 | INFO     | 
🔍 [正在处理] ANS_ISC_172 | 启动 3WD 流水线...
2026-07-27 09:16:23 | INFO     | 📢 [总进度] 15/70 份试卷已归档。
2026-07-27 09:16:38 | INFO     | ✅ [批改完成] ANS_ISC_171 | 路由: POS | 最终分: 4.0 | 风险: P0.00/U0.00/F0.00/H0/L0 | 提取质量: 🟢high | 留白率: 0% | 低质量率: 0%
2026-07-27 09:16:38 | INFO     | 
🔍 [正在处理] ANS_ISC_173 | 启动 3WD 流水线...
2026-07-27 09:16:38 | INFO     | 📢 [总进度] 16/70 份试卷已归档。
2026-07-27 09:16:41 | INFO     | ✅ [批改完成] ANS_ISC_172 | 路由: POS | 最终分: 4.0 | 风险: P0.00/U0.00/F0.00/H0/L0 | 提取质量: 🟢high | 留白率: 0% | 低质量率: 0%
2026-07-27 09:16:41 | INFO     | 
🔍 [正在处理] ANS_ISC_174 | 启动 3WD 流水线...
2026-07-27 09:16:41 | INFO     | 📢 [总进度] 17/70 份试卷已归档。
2026-07-27 09:17:00 | INFO     | ✅ [批改完成] ANS_ISC_174 | 路由: POS | 最终分: 0 | 风险: P0.00/U0.00/F1.00/H0/L1 | 提取质量: 🟢high | 留白率: 0% | 低质量率: 0%
2026-07-27 09:17:00 | INFO     | 
🔍 [正在处理] ANS_ISC_175 | 启动 3WD 流水线...
2026-07-27 09:17:00 | INFO     | 📢 [总进度] 18/70 份试卷已归档。
2026-07-27 09:17:02 | INFO     | ✅ [批改完成] ANS_ISC_173 | 路由: BND | 最终分: 0 | 风险: P0.40/U0.00/F0.50/H0/L0 | 提取质量: 🟡low | 留白率: 50% | 低质量率: 0%
2026-07-27 09:17:02 | INFO     | 
🔍 [正在处理] ANS_ISC_176 | 启动 3WD 流水线...
2026-07-27 09:17:02 | INFO     | 📢 [总进度] 19/70 份试卷已归档。
2026-07-27 09:17:12 | INFO     | ✅ [批改完成] ANS_ISC_175 | 路由: POS | 最终分: 0 | 风险: P0.00/U0.00/F1.00/H0/L1 | 提取质量: 🟢high | 留白率: 0% | 低质量率: 0%
2026-07-27 09:17:12 | INFO     | 
🔍 [正在处理] ANS_ISC_177 | 启动 3WD 流水线...
2026-07-27 09:17:12 | INFO     | 📢 [总进度] 20/70 份试卷已归档。
2026-07-27 09:17:20 | INFO     | ✅ [批改完成] ANS_ISC_176 | 路由: POS | 最终分: 4.0 | 风险: P0.00/U0.00/F0.00/H0/L0 | 提取质量: 🟢high | 留白率: 0% | 低质量率: 0%
2026-07-27 09:17:20 | INFO     | 
🔍 [正在处理] ANS_ISC_178 | 启动 3WD 流水线...
2026-07-27 09:17:20 | INFO     | 📢 [总进度] 21/70 份试卷已归档。
2026-07-27 09:18:14 | INFO     | ✅ [批改完成] ANS_ISC_178 | 路由: POS | 最终分: 2.0 | 风险: P0.00/U0.00/F0.00/H0/L1 | 提取质量: 🟢high | 留白率: 0% | 低质量率: 0%
2026-07-27 09:18:14 | INFO     | 
🔍 [正在处理] ANS_ISC_179 | 启动 3WD 流水线...
2026-07-27 09:18:14 | INFO     | 📢 [总进度] 22/70 份试卷已归档。
2026-07-27 09:18:16 | INFO     | ✅ [批改完成] ANS_ISC_177 | 路由: BND | 最终分: 1.9 | 风险: P0.00/U0.24/F0.00/H0/L0 | 提取质量: 🟢high | 留白率: 0% | 低质量率: 0%
2026-07-27 09:18:16 | INFO     | 
🔍 [正在处理] ANS_ISC_180 | 启动 3WD 流水线...
2026-07-27 09:18:16 | INFO     | 📢 [总进度] 23/70 份试卷已归档。
2026-07-27 09:18:42 | INFO     | ✅ [批改完成] ANS_ISC_179 | 路由: NEG | 最终分: 0 | 风险: P0.80/U0.00/F0.00/H0/L0 | 提取质量: 🟡low | 留白率: 100% | 低质量率: 0%
2026-07-27 09:18:42 | INFO     | 
🔍 [正在处理] ANS_ISC_181 | 启动 3WD 流水线...
2026-07-27 09:18:42 | INFO     | 📢 [总进度] 24/70 份试卷已归档 [NEG-拒绝]。
2026-07-27 09:18:45 | INFO     | ✅ [批改完成] ANS_ISC_180 | 路由: POS | 最终分: 4.0 | 风险: P0.00/U0.00/F0.00/H0/L0 | 提取质量: 🟢high | 留白率: 0% | 低质量率: 0%
2026-07-27 09:18:45 | INFO     | 
🔍 [正在处理] ANS_ISC_182 | 启动 3WD 流水线...
2026-07-27 09:18:45 | INFO     | 📢 [总进度] 25/70 份试卷已归档。
2026-07-27 09:19:10 | INFO     | ✅ [批改完成] ANS_ISC_181 | 路由: POS | 最终分: 4.0 | 风险: P0.00/U0.00/F0.00/H0/L0 | 提取质量: 🟢high | 留白率: 0% | 低质量率: 0%
2026-07-27 09:19:10 | INFO     | 
🔍 [正在处理] ANS_ISC_183 | 启动 3WD 流水线...
2026-07-27 09:19:10 | INFO     | 📢 [总进度] 26/70 份试卷已归档。
2026-07-27 09:19:21 | INFO     | ✅ [批改完成] ANS_ISC_182 | 路由: BND | 最终分: 2.0 | 风险: P0.40/U0.00/F0.00/H0/L0 | 提取质量: 🟡low | 留白率: 50% | 低质量率: 0%
2026-07-27 09:19:21 | INFO     | 
🔍 [正在处理] ANS_ISC_185 | 启动 3WD 流水线...
2026-07-27 09:19:21 | INFO     | 📢 [总进度] 27/70 份试卷已归档。
2026-07-27 09:19:32 | INFO     | ✅ [批改完成] ANS_ISC_183 | 路由: POS | 最终分: 4.0 | 风险: P0.00/U0.00/F0.00/H0/L0 | 提取质量: 🟢high | 留白率: 0% | 低质量率: 0%
2026-07-27 09:19:32 | INFO     | 
🔍 [正在处理] ANS_ISC_187 | 启动 3WD 流水线...
2026-07-27 09:19:32 | INFO     | 📢 [总进度] 28/70 份试卷已归档。
2026-07-27 09:19:40 | INFO     | ✅ [批改完成] ANS_ISC_185 | 路由: NEG | 最终分: 0 | 风险: P0.80/U0.00/F0.00/H0/L0 | 提取质量: 🟡low | 留白率: 100% | 低质量率: 0%
2026-07-27 09:19:40 | INFO     | 
🔍 [正在处理] ANS_ISC_188 | 启动 3WD 流水线...
2026-07-27 09:19:40 | INFO     | 📢 [总进度] 29/70 份试卷已归档 [NEG-拒绝]。
2026-07-27 09:19:49 | INFO     | ✅ [批改完成] ANS_ISC_187 | 路由: POS | 最终分: 4.0 | 风险: P0.00/U0.00/F0.00/H0/L0 | 提取质量: 🟢high | 留白率: 0% | 低质量率: 0%
2026-07-27 09:19:49 | INFO     | 
🔍 [正在处理] ANS_ISC_189 | 启动 3WD 流水线...
2026-07-27 09:19:49 | INFO     | 📢 [总进度] 30/70 份试卷已归档。
2026-07-27 09:19:55 | INFO     | ✅ [批改完成] ANS_ISC_188 | 路由: POS | 最终分: 0 | 风险: P0.00/U0.00/F1.00/H0/L1 | 提取质量: 🟢high | 留白率: 0% | 低质量率: 0%
2026-07-27 09:19:55 | INFO     | 
🔍 [正在处理] ANS_ISC_193 | 启动 3WD 流水线...
2026-07-27 09:19:55 | INFO     | 📢 [总进度] 31/70 份试卷已归档。
2026-07-27 09:20:13 | INFO     | ✅ [批改完成] ANS_ISC_189 | 路由: BND | 最终分: 0 | 风险: P0.40/U0.00/F0.50/H0/L0 | 提取质量: 🟡low | 留白率: 50% | 低质量率: 0%
2026-07-27 09:20:13 | INFO     | 
🔍 [正在处理] ANS_ISC_194 | 启动 3WD 流水线...
2026-07-27 09:20:13 | INFO     | 📢 [总进度] 32/70 份试卷已归档。
2026-07-27 09:20:15 | INFO     | ✅ [批改完成] ANS_ISC_193 | 路由: POS | 最终分: 0 | 风险: P0.00/U0.00/F1.00/H0/L1 | 提取质量: 🟢high | 留白率: 0% | 低质量率: 0%
2026-07-27 09:20:15 | INFO     | 
🔍 [正在处理] ANS_ISC_195 | 启动 3WD 流水线...
2026-07-27 09:20:15 | INFO     | 📢 [总进度] 33/70 份试卷已归档。
2026-07-27 09:20:33 | INFO     | ✅ [批改完成] ANS_ISC_194 | 路由: POS | 最终分: 4.0 | 风险: P0.00/U0.00/F0.00/H0/L0 | 提取质量: 🟢high | 留白率: 0% | 低质量率: 0%
2026-07-27 09:20:33 | INFO     | 
🔍 [正在处理] ANS_ISC_196 | 启动 3WD 流水线...
2026-07-27 09:20:33 | INFO     | 📢 [总进度] 34/70 份试卷已归档。
2026-07-27 09:20:36 | INFO     | ✅ [批改完成] ANS_ISC_195 | 路由: POS | 最终分: 4.0 | 风险: P0.00/U0.00/F0.00/H0/L0 | 提取质量: 🟢high | 留白率: 0% | 低质量率: 0%
2026-07-27 09:20:36 | INFO     | 
🔍 [正在处理] ANS_ISC_197 | 启动 3WD 流水线...
2026-07-27 09:20:36 | INFO     | 📢 [总进度] 35/70 份试卷已归档。
2026-07-27 09:20:54 | INFO     | ✅ [批改完成] ANS_ISC_196 | 路由: POS | 最终分: 2.0 | 风险: P0.00/U0.00/F0.00/H0/L1 | 提取质量: 🟢high | 留白率: 0% | 低质量率: 0%
2026-07-27 09:20:54 | INFO     | 
🔍 [正在处理] ANS_ISC_198 | 启动 3WD 流水线...
2026-07-27 09:20:54 | INFO     | 📢 [总进度] 36/70 份试卷已归档。
2026-07-27 09:21:10 | INFO     | ✅ [批改完成] ANS_ISC_197 | 路由: BND | 最终分: 2.0 | 风险: P0.40/U0.00/F0.00/H0/L0 | 提取质量: 🟡low | 留白率: 50% | 低质量率: 0%
2026-07-27 09:21:10 | INFO     | 
🔍 [正在处理] ANS_ISC_199 | 启动 3WD 流水线...
2026-07-27 09:21:10 | INFO     | 📢 [总进度] 37/70 份试卷已归档。
2026-07-27 09:21:13 | INFO     | ✅ [批改完成] ANS_ISC_198 | 路由: POS | 最终分: 0 | 风险: P0.00/U0.00/F1.00/H0/L1 | 提取质量: 🟢high | 留白率: 0% | 低质量率: 0%
2026-07-27 09:21:13 | INFO     | 
🔍 [正在处理] ANS_ISC_200 | 启动 3WD 流水线...
2026-07-27 09:21:13 | INFO     | 📢 [总进度] 38/70 份试卷已归档。
2026-07-27 09:21:26 | INFO     | ✅ [批改完成] ANS_ISC_199 | 路由: POS | 最终分: 2.0 | 风险: P0.00/U0.00/F0.00/H0/L1 | 提取质量: 🟢high | 留白率: 0% | 低质量率: 0%
2026-07-27 09:21:26 | INFO     | 
🔍 [正在处理] ANS_ISC_201 | 启动 3WD 流水线...
2026-07-27 09:21:26 | INFO     | 📢 [总进度] 39/70 份试卷已归档。
2026-07-27 09:21:32 | INFO     | ✅ [批改完成] ANS_ISC_200 | 路由: BND | 最终分: 2.0 | 风险: P0.40/U0.00/F0.00/H0/L0 | 提取质量: 🟡low | 留白率: 50% | 低质量率: 0%
2026-07-27 09:21:32 | INFO     | 
🔍 [正在处理] ANS_ISC_202 | 启动 3WD 流水线...
2026-07-27 09:21:32 | INFO     | 📢 [总进度] 40/70 份试卷已归档。
2026-07-27 09:21:55 | INFO     | ✅ [批改完成] ANS_ISC_202 | 路由: POS | 最终分: 4.0 | 风险: P0.00/U0.00/F0.00/H0/L0 | 提取质量: 🟢high | 留白率: 0% | 低质量率: 0%
2026-07-27 09:21:55 | INFO     | 
🔍 [正在处理] ANS_ISC_203 | 启动 3WD 流水线...
2026-07-27 09:21:55 | INFO     | 📢 [总进度] 41/70 份试卷已归档。
2026-07-27 09:21:57 | INFO     | ✅ [批改完成] ANS_ISC_201 | 路由: BND | 最终分: 2.0 | 风险: P0.40/U0.00/F0.00/H0/L0 | 提取质量: 🟡low | 留白率: 50% | 低质量率: 0%
2026-07-27 09:21:57 | INFO     | 
🔍 [正在处理] ANS_ISC_204 | 启动 3WD 流水线...
2026-07-27 09:21:57 | INFO     | 📢 [总进度] 42/70 份试卷已归档。
2026-07-27 09:22:14 | INFO     | ✅ [批改完成] ANS_ISC_203 | 路由: POS | 最终分: 0 | 风险: P0.00/U0.00/F1.00/H0/L1 | 提取质量: 🟢high | 留白率: 0% | 低质量率: 0%
2026-07-27 09:22:14 | INFO     | 
🔍 [正在处理] ANS_ISC_205 | 启动 3WD 流水线...
2026-07-27 09:22:14 | INFO     | 📢 [总进度] 43/70 份试卷已归档。
2026-07-27 09:22:20 | INFO     | ✅ [批改完成] ANS_ISC_204 | 路由: NEG | 最终分: 0 | 风险: P0.80/U0.00/F0.00/H0/L0 | 提取质量: 🟡low | 留白率: 100% | 低质量率: 0%
2026-07-27 09:22:20 | INFO     | 
🔍 [正在处理] ANS_ISC_207 | 启动 3WD 流水线...
2026-07-27 09:22:20 | INFO     | 📢 [总进度] 44/70 份试卷已归档 [NEG-拒绝]。
2026-07-27 09:22:46 | INFO     | ✅ [批改完成] ANS_ISC_207 | 路由: NEG | 最终分: 0 | 风险: P0.80/U0.00/F0.00/H0/L0 | 提取质量: 🟡low | 留白率: 100% | 低质量率: 0%
2026-07-27 09:22:46 | INFO     | 
🔍 [正在处理] ANS_ISC_208 | 启动 3WD 流水线...
2026-07-27 09:22:46 | INFO     | 📢 [总进度] 45/70 份试卷已归档 [NEG-拒绝]。
2026-07-27 09:22:51 | INFO     | ✅ [批改完成] ANS_ISC_205 | 路由: BND | 最终分: 2.0 | 风险: P0.40/U0.00/F0.00/H0/L0 | 提取质量: 🟡low | 留白率: 50% | 低质量率: 0%
2026-07-27 09:22:51 | INFO     | 
🔍 [正在处理] ANS_ISC_209 | 启动 3WD 流水线...
2026-07-27 09:22:51 | INFO     | 📢 [总进度] 46/70 份试卷已归档。
2026-07-27 09:23:13 | INFO     | ✅ [批改完成] ANS_ISC_209 | 路由: POS | 最终分: 2.0 | 风险: P0.00/U0.00/F0.00/H0/L1 | 提取质量: 🟢high | 留白率: 0% | 低质量率: 0%
2026-07-27 09:23:13 | INFO     | 
🔍 [正在处理] ANS_ISC_210 | 启动 3WD 流水线...
2026-07-27 09:23:13 | INFO     | 📢 [总进度] 47/70 份试卷已归档。
2026-07-27 09:23:29 | INFO     | ✅ [批改完成] ANS_ISC_208 | 路由: BND | 最终分: 2.0 | 风险: P0.40/U0.00/F0.00/H0/L0 | 提取质量: 🟡low | 留白率: 50% | 低质量率: 0%
2026-07-27 09:23:29 | INFO     | 
🔍 [正在处理] ANS_ISC_211 | 启动 3WD 流水线...
2026-07-27 09:23:29 | INFO     | 📢 [总进度] 48/70 份试卷已归档。
2026-07-27 09:23:40 | INFO     | ✅ [批改完成] ANS_ISC_210 | 路由: POS | 最终分: 0 | 风险: P0.00/U0.00/F1.00/H0/L1 | 提取质量: 🟢high | 留白率: 0% | 低质量率: 0%
2026-07-27 09:23:40 | INFO     | 
🔍 [正在处理] ANS_ISC_212 | 启动 3WD 流水线...
2026-07-27 09:23:40 | INFO     | 📢 [总进度] 49/70 份试卷已归档。
2026-07-27 09:23:48 | INFO     | ✅ [批改完成] ANS_ISC_211 | 路由: POS | 最终分: 0 | 风险: P0.00/U0.00/F1.00/H0/L1 | 提取质量: 🟢high | 留白率: 0% | 低质量率: 0%
2026-07-27 09:23:48 | INFO     | 
🔍 [正在处理] ANS_ISC_213 | 启动 3WD 流水线...
2026-07-27 09:23:48 | INFO     | 📢 [总进度] 50/70 份试卷已归档。
2026-07-27 09:24:11 | INFO     | ✅ [批改完成] ANS_ISC_212 | 路由: BND | 最终分: 2.0 | 风险: P0.40/U0.00/F0.00/H0/L0 | 提取质量: 🟡low | 留白率: 50% | 低质量率: 0%
2026-07-27 09:24:11 | INFO     | 
🔍 [正在处理] ANS_ISC_214 | 启动 3WD 流水线...
2026-07-27 09:24:11 | INFO     | 📢 [总进度] 51/70 份试卷已归档。
2026-07-27 09:24:15 | INFO     | ✅ [批改完成] ANS_ISC_213 | 路由: POS | 最终分: 2.0 | 风险: P0.00/U0.00/F0.00/H0/L1 | 提取质量: 🟢high | 留白率: 0% | 低质量率: 0%
2026-07-27 09:24:15 | INFO     | 
🔍 [正在处理] ANS_ISC_215 | 启动 3WD 流水线...
2026-07-27 09:24:15 | INFO     | 📢 [总进度] 52/70 份试卷已归档。
2026-07-27 09:24:38 | INFO     | ✅ [批改完成] ANS_ISC_215 | 路由: POS | 最终分: 4.0 | 风险: P0.00/U0.00/F0.00/H0/L0 | 提取质量: 🟢high | 留白率: 0% | 低质量率: 0%
2026-07-27 09:24:38 | INFO     | 
🔍 [正在处理] ANS_ISC_216 | 启动 3WD 流水线...
2026-07-27 09:24:38 | INFO     | 📢 [总进度] 53/70 份试卷已归档。
2026-07-27 09:24:40 | INFO     | ✅ [批改完成] ANS_ISC_214 | 路由: POS | 最终分: 4.0 | 风险: P0.00/U0.00/F0.00/H0/L0 | 提取质量: 🟢high | 留白率: 0% | 低质量率: 0%
2026-07-27 09:24:40 | INFO     | 
🔍 [正在处理] ANS_ISC_217 | 启动 3WD 流水线...
2026-07-27 09:24:40 | INFO     | 📢 [总进度] 54/70 份试卷已归档。
2026-07-27 09:25:18 | INFO     | ✅ [批改完成] ANS_ISC_217 | 路由: POS | 最终分: 2.0 | 风险: P0.00/U0.00/F0.00/H0/L1 | 提取质量: 🟢high | 留白率: 0% | 低质量率: 0%
2026-07-27 09:25:18 | INFO     | 
🔍 [正在处理] ANS_ISC_218 | 启动 3WD 流水线...
2026-07-27 09:25:18 | INFO     | 📢 [总进度] 55/70 份试卷已归档。
2026-07-27 09:25:20 | INFO     | ✅ [批改完成] ANS_ISC_216 | 路由: POS | 最终分: 2.0 | 风险: P0.00/U0.00/F0.00/H0/L1 | 提取质量: 🟢high | 留白率: 0% | 低质量率: 0%
2026-07-27 09:25:20 | INFO     | 
🔍 [正在处理] ANS_ISC_219 | 启动 3WD 流水线...
2026-07-27 09:25:20 | INFO     | 📢 [总进度] 56/70 份试卷已归档。
2026-07-27 09:25:46 | INFO     | ✅ [批改完成] ANS_ISC_218 | 路由: POS | 最终分: 0 | 风险: P0.00/U0.00/F1.00/H0/L1 | 提取质量: 🟢high | 留白率: 0% | 低质量率: 0%
2026-07-27 09:25:46 | INFO     | 
🔍 [正在处理] ANS_ISC_220 | 启动 3WD 流水线...
2026-07-27 09:25:46 | INFO     | 📢 [总进度] 57/70 份试卷已归档。
2026-07-27 09:25:56 | INFO     | ✅ [批改完成] ANS_ISC_219 | 路由: BND | 最终分: 2.0 | 风险: P0.40/U0.00/F0.00/H0/L0 | 提取质量: 🟡low | 留白率: 50% | 低质量率: 0%
2026-07-27 09:25:56 | INFO     | 
🔍 [正在处理] ANS_ISC_221 | 启动 3WD 流水线...
2026-07-27 09:25:56 | INFO     | 📢 [总进度] 58/70 份试卷已归档。
2026-07-27 09:26:13 | INFO     | ✅ [批改完成] ANS_ISC_220 | 路由: BND | 最终分: 0 | 风险: P0.40/U0.00/F0.50/H0/L0 | 提取质量: 🟡low | 留白率: 50% | 低质量率: 0%
2026-07-27 09:26:13 | INFO     | 
🔍 [正在处理] ANS_ISC_222 | 启动 3WD 流水线...
2026-07-27 09:26:13 | INFO     | 📢 [总进度] 59/70 份试卷已归档。
2026-07-27 09:26:29 | INFO     | ✅ [批改完成] ANS_ISC_221 | 路由: BND | 最终分: 0 | 风险: P0.40/U0.00/F0.50/H0/L0 | 提取质量: 🟡low | 留白率: 50% | 低质量率: 0%
2026-07-27 09:26:29 | INFO     | 
🔍 [正在处理] ANS_ISC_223 | 启动 3WD 流水线...
2026-07-27 09:26:29 | INFO     | 📢 [总进度] 60/70 份试卷已归档。
2026-07-27 09:26:48 | INFO     | ✅ [批改完成] ANS_ISC_222 | 路由: NEG | 最终分: 0 | 风险: P0.80/U0.00/F0.00/H0/L0 | 提取质量: 🟡low | 留白率: 100% | 低质量率: 0%
2026-07-27 09:26:48 | INFO     | 
🔍 [正在处理] ANS_ISC_224 | 启动 3WD 流水线...
2026-07-27 09:26:48 | INFO     | 📢 [总进度] 61/70 份试卷已归档 [NEG-拒绝]。
2026-07-27 09:27:08 | INFO     | ✅ [批改完成] ANS_ISC_224 | 路由: POS | 最终分: 0 | 风险: P0.00/U0.00/F1.00/H0/L1 | 提取质量: 🟢high | 留白率: 0% | 低质量率: 0%
2026-07-27 09:27:08 | INFO     | 
🔍 [正在处理] ANS_ISC_225 | 启动 3WD 流水线...
2026-07-27 09:27:08 | INFO     | 📢 [总进度] 62/70 份试卷已归档。
2026-07-27 09:27:08 | INFO     | ✅ [批改完成] ANS_ISC_223 | 路由: BND | 最终分: 0 | 风险: P0.40/U0.00/F0.50/H0/L0 | 提取质量: 🟡low | 留白率: 50% | 低质量率: 0%
2026-07-27 09:27:08 | INFO     | 
🔍 [正在处理] ANS_ISC_226 | 启动 3WD 流水线...
2026-07-27 09:27:08 | INFO     | 📢 [总进度] 63/70 份试卷已归档。
2026-07-27 09:27:37 | INFO     | ✅ [批改完成] ANS_ISC_225 | 路由: POS | 最终分: 4.0 | 风险: P0.00/U0.00/F0.00/H0/L0 | 提取质量: 🟢high | 留白率: 0% | 低质量率: 0%
2026-07-27 09:27:37 | INFO     | 
🔍 [正在处理] ANS_ISC_227 | 启动 3WD 流水线...
2026-07-27 09:27:37 | INFO     | 📢 [总进度] 64/70 份试卷已归档。
2026-07-27 09:27:47 | INFO     | ✅ [批改完成] ANS_ISC_226 | 路由: BND | 最终分: 0 | 风险: P0.40/U0.00/F0.50/H0/L0 | 提取质量: 🟡low | 留白率: 50% | 低质量率: 0%
2026-07-27 09:27:47 | INFO     | 
🔍 [正在处理] ANS_ISC_228 | 启动 3WD 流水线...
2026-07-27 09:27:47 | INFO     | 📢 [总进度] 65/70 份试卷已归档。
2026-07-27 09:28:03 | INFO     | ✅ [批改完成] ANS_ISC_227 | 路由: POS | 最终分: 0 | 风险: P0.00/U0.00/F1.00/H0/L1 | 提取质量: 🟢high | 留白率: 0% | 低质量率: 0%
2026-07-27 09:28:03 | INFO     | 
🔍 [正在处理] ANS_ISC_229 | 启动 3WD 流水线...
2026-07-27 09:28:03 | INFO     | 📢 [总进度] 66/70 份试卷已归档。
2026-07-27 09:28:14 | INFO     | ✅ [批改完成] ANS_ISC_228 | 路由: POS | 最终分: 4.0 | 风险: P0.00/U0.00/F0.00/H0/L0 | 提取质量: 🟢high | 留白率: 0% | 低质量率: 0%
2026-07-27 09:28:14 | INFO     | 
🔍 [正在处理] ANS_ISC_230 | 启动 3WD 流水线...
2026-07-27 09:28:14 | INFO     | 📢 [总进度] 67/70 份试卷已归档。
2026-07-27 09:28:56 | INFO     | ✅ [批改完成] ANS_ISC_230 | 路由: POS | 最终分: 0 | 风险: P0.00/U0.00/F1.00/H0/L1 | 提取质量: 🟢high | 留白率: 0% | 低质量率: 0%
2026-07-27 09:28:56 | INFO     | 
🔍 [正在处理] ANS_ISC_231 | 启动 3WD 流水线...
2026-07-27 09:28:56 | INFO     | 📢 [总进度] 68/70 份试卷已归档。
2026-07-27 09:28:57 | INFO     | ✅ [批改完成] ANS_ISC_229 | 路由: BND | 最终分: 0.3 | 风险: P0.40/U0.12/F0.50/H0/L0 | 提取质量: 🟡low | 留白率: 50% | 低质量率: 0%
2026-07-27 09:28:57 | INFO     | 📢 [总进度] 69/70 份试卷已归档。
2026-07-27 09:29:43 | INFO     | ✅ [批改完成] ANS_ISC_231 | 路由: NEG | 最终分: 0 | 风险: P0.80/U0.00/F0.00/H0/L0 | 提取质量: 🟡low | 留白率: 100% | 低质量率: 0%
2026-07-27 09:29:43 | INFO     | 📢 [总进度] 70/70 份试卷已归档 [NEG-拒绝]。
2026-07-27 09:29:43 | INFO     | 🗂️ 所有线程交卷完毕，正在整理数据... (共收集 70/70 份结果)
2026-07-27 09:29:43 | INFO     | 💾 正常批改结果已保存: D:\users\王鑫020420\Desktop\refgrader-main\results_runs\csbench_isc1_isc2_isc3_isc4_isc5_isc6_isc7_isc8_isc9_all\runs\teacher_audit_isc_1_9_20260725_192008\ISC_7_graded_results.json (64 人)
2026-07-27 09:29:43 | INFO     | 🛑 拒绝域结果已单独保存: D:\users\王鑫020420\Desktop\refgrader-main\results_runs\csbench_isc1_isc2_isc3_isc4_isc5_isc6_isc7_isc8_isc9_all\runs\teacher_audit_isc_1_9_20260725_192008\ISC_7_rejected.json (6 人)
2026-07-27 09:29:44 | INFO     | [result consistency] ISC_7: checkpoint=70, graded=64, rejected=6, failed=0, expected=70
2026-07-27 09:29:44 | INFO     | 
🚀 [标准模式] 开始处理: ISC_8
2026-07-27 09:29:44 | INFO     | ⚡ 已加载本地标准: D:\users\王鑫020420\Desktop\refgrader-main\data\csbench\rubrics\optimized\ISC\ISC_8_rubric_standard.json
2026-07-27 09:30:02 | INFO     | ⚡ 脱敏清单已预生成，69 名学生共享复用。
2026-07-27 09:30:02 | INFO     | 🏃 开始批改 69 张试卷 (⚡ 开启多线程模式)...
2026-07-27 09:30:02 | INFO     | 
🔍 [正在处理] ANS_ISC_232 | 启动 3WD 流水线...
2026-07-27 09:30:02 | INFO     | 
🔍 [正在处理] ANS_ISC_235 | 启动 3WD 流水线...
2026-07-27 09:30:02 | INFO     | ⏳ [主线程] 已提交 69 个任务，等待结果回收...
2026-07-27 09:30:33 | INFO     | ✅ [批改完成] ANS_ISC_235 | 路由: POS | 最终分: 4.0 | 风险: P0.00/U0.00/F0.00/H0/L0 | 提取质量: 🟢high | 留白率: 0% | 低质量率: 0%
2026-07-27 09:30:33 | INFO     | 
🔍 [正在处理] ANS_ISC_236 | 启动 3WD 流水线...
2026-07-27 09:30:33 | INFO     | 📢 [总进度] 1/69 份试卷已归档。
2026-07-27 09:30:45 | INFO     | ✅ [批改完成] ANS_ISC_232 | 路由: BND | 最终分: 2.8 | 风险: P0.00/U0.16/F0.00/H0/L0 | 提取质量: 🟢high | 留白率: 0% | 低质量率: 0%
2026-07-27 09:30:45 | INFO     | 
🔍 [正在处理] ANS_ISC_237 | 启动 3WD 流水线...
2026-07-27 09:30:45 | INFO     | 📢 [总进度] 2/69 份试卷已归档。
2026-07-27 09:31:01 | INFO     | ✅ [批改完成] ANS_ISC_236 | 路由: POS | 最终分: 2.0 | 风险: P0.00/U0.00/F0.50/H0/L1 | 提取质量: 🟢high | 留白率: 0% | 低质量率: 0%
2026-07-27 09:31:01 | INFO     | 
🔍 [正在处理] ANS_ISC_238 | 启动 3WD 流水线...
2026-07-27 09:31:01 | INFO     | 📢 [总进度] 3/69 份试卷已归档。
2026-07-27 09:31:19 | INFO     | ✅ [批改完成] ANS_ISC_237 | 路由: POS | 最终分: 4.0 | 风险: P0.00/U0.00/F0.00/H0/L0 | 提取质量: 🟢high | 留白率: 0% | 低质量率: 0%
2026-07-27 09:31:19 | INFO     | 
🔍 [正在处理] ANS_ISC_239 | 启动 3WD 流水线...
2026-07-27 09:31:19 | INFO     | 📢 [总进度] 4/69 份试卷已归档。
2026-07-27 09:31:28 | INFO     | ✅ [批改完成] ANS_ISC_238 | 路由: POS | 最终分: 4.0 | 风险: P0.00/U0.00/F0.00/H0/L0 | 提取质量: 🟢high | 留白率: 0% | 低质量率: 0%
2026-07-27 09:31:28 | INFO     | 
🔍 [正在处理] ANS_ISC_240 | 启动 3WD 流水线...
2026-07-27 09:31:28 | INFO     | 📢 [总进度] 5/69 份试卷已归档。
2026-07-27 09:32:06 | INFO     | ✅ [批改完成] ANS_ISC_239 | 路由: BND | 最终分: 3.4 | 风险: P0.00/U0.16/F0.00/H0/L0 | 提取质量: 🟢high | 留白率: 0% | 低质量率: 0%
2026-07-27 09:32:06 | INFO     | 
🔍 [正在处理] ANS_ISC_241 | 启动 3WD 流水线...
2026-07-27 09:32:06 | INFO     | 📢 [总进度] 6/69 份试卷已归档。
2026-07-27 09:32:30 | INFO     | ✅ [批改完成] ANS_ISC_240 | 路由: BND | 最终分: 1.9 | 风险: P0.00/U0.12/F0.00/H0/L0 | 提取质量: 🟢high | 留白率: 0% | 低质量率: 0%
2026-07-27 09:32:30 | INFO     | 
🔍 [正在处理] ANS_ISC_243 | 启动 3WD 流水线...
2026-07-27 09:32:30 | INFO     | 📢 [总进度] 7/69 份试卷已归档。
2026-07-27 09:32:50 | INFO     | ✅ [批改完成] ANS_ISC_241 | 路由: BND | 最终分: 3.2 | 风险: P0.00/U0.06/F0.00/H0/L0 | 提取质量: 🟢high | 留白率: 0% | 低质量率: 0%
2026-07-27 09:32:50 | INFO     | 
🔍 [正在处理] ANS_ISC_244 | 启动 3WD 流水线...
2026-07-27 09:32:50 | INFO     | 📢 [总进度] 8/69 份试卷已归档。
2026-07-27 09:33:06 | INFO     | ✅ [批改完成] ANS_ISC_243 | 路由: POS | 最终分: 4.0 | 风险: P0.00/U0.00/F0.00/H0/L0 | 提取质量: 🟢high | 留白率: 0% | 低质量率: 0%
2026-07-27 09:33:06 | INFO     | 
🔍 [正在处理] ANS_ISC_245 | 启动 3WD 流水线...
2026-07-27 09:33:06 | INFO     | 📢 [总进度] 9/69 份试卷已归档。
2026-07-27 09:33:37 | INFO     | ✅ [批改完成] ANS_ISC_244 | 路由: BND | 最终分: 3.7 | 风险: P0.00/U0.05/F0.00/H0/L0 | 提取质量: 🟢high | 留白率: 0% | 低质量率: 0%
2026-07-27 09:33:37 | INFO     | 
🔍 [正在处理] ANS_ISC_246 | 启动 3WD 流水线...
2026-07-27 09:33:37 | INFO     | 📢 [总进度] 10/69 份试卷已归档。
2026-07-27 09:33:48 | INFO     | ✅ [批改完成] ANS_ISC_245 | 路由: POS | 最终分: 3.0 | 风险: P0.00/U0.00/F0.00/H0/L0 | 提取质量: 🟢high | 留白率: 0% | 低质量率: 0%
2026-07-27 09:33:48 | INFO     | 
🔍 [正在处理] ANS_ISC_247 | 启动 3WD 流水线...
2026-07-27 09:33:48 | INFO     | 📢 [总进度] 11/69 份试卷已归档。
2026-07-27 09:34:36 | INFO     | ✅ [批改完成] ANS_ISC_247 | 路由: BND | 最终分: 4.0 | 风险: P0.00/U0.12/F0.00/H0/L0 | 提取质量: 🟢high | 留白率: 0% | 低质量率: 0%
2026-07-27 09:34:36 | INFO     | 
🔍 [正在处理] ANS_ISC_248 | 启动 3WD 流水线...
2026-07-27 09:34:36 | INFO     | 📢 [总进度] 12/69 份试卷已归档。
2026-07-27 09:34:38 | INFO     | ✅ [批改完成] ANS_ISC_246 | 路由: BND | 最终分: 2.5 | 风险: P0.00/U0.15/F0.00/H0/L0 | 提取质量: 🟢high | 留白率: 0% | 低质量率: 0%
2026-07-27 09:34:38 | INFO     | 
🔍 [正在处理] ANS_ISC_249 | 启动 3WD 流水线...
2026-07-27 09:34:38 | INFO     | 📢 [总进度] 13/69 份试卷已归档。
2026-07-27 09:35:21 | INFO     | ✅ [批改完成] ANS_ISC_248 | 路由: POS | 最终分: 3.0 | 风险: P0.00/U0.00/F0.00/H0/L0 | 提取质量: 🟢high | 留白率: 0% | 低质量率: 0%
2026-07-27 09:35:21 | INFO     | 
🔍 [正在处理] ANS_ISC_250 | 启动 3WD 流水线...
2026-07-27 09:35:21 | INFO     | 📢 [总进度] 14/69 份试卷已归档。
2026-07-27 09:35:46 | INFO     | ✅ [批改完成] ANS_ISC_249 | 路由: BND | 最终分: 1.8 | 风险: P0.00/U0.06/F0.00/H0/L1 | 提取质量: 🟢high | 留白率: 0% | 低质量率: 0%
2026-07-27 09:35:46 | INFO     | 
🔍 [正在处理] ANS_ISC_251 | 启动 3WD 流水线...
2026-07-27 09:35:46 | INFO     | 📢 [总进度] 15/69 份试卷已归档。
2026-07-27 09:36:15 | INFO     | ✅ [批改完成] ANS_ISC_251 | 路由: POS | 最终分: 4.0 | 风险: P0.00/U0.00/F0.00/H0/L0 | 提取质量: 🟢high | 留白率: 0% | 低质量率: 0%
2026-07-27 09:36:15 | INFO     | 
🔍 [正在处理] ANS_ISC_252 | 启动 3WD 流水线...
2026-07-27 09:36:15 | INFO     | 📢 [总进度] 16/69 份试卷已归档。
2026-07-27 09:36:35 | INFO     | ✅ [批改完成] ANS_ISC_250 | 路由: BND | 最终分: 2.5 | 风险: P0.00/U0.12/F0.00/H0/L0 | 提取质量: 🟢high | 留白率: 0% | 低质量率: 0%
2026-07-27 09:36:35 | INFO     | 
🔍 [正在处理] ANS_ISC_253 | 启动 3WD 流水线...
2026-07-27 09:36:35 | INFO     | 📢 [总进度] 17/69 份试卷已归档。
2026-07-27 09:36:51 | INFO     | ✅ [批改完成] ANS_ISC_252 | 路由: BND | 最终分: 0.5 | 风险: P0.27/U0.12/F0.25/H0/L1 | 提取质量: 🟢high | 留白率: 33% | 低质量率: 0%
2026-07-27 09:36:51 | INFO     | 
🔍 [正在处理] ANS_ISC_254 | 启动 3WD 流水线...
2026-07-27 09:36:51 | INFO     | 📢 [总进度] 18/69 份试卷已归档。
2026-07-27 09:37:11 | INFO     | ✅ [批改完成] ANS_ISC_253 | 路由: POS | 最终分: 4.0 | 风险: P0.00/U0.00/F0.00/H0/L0 | 提取质量: 🟢high | 留白率: 0% | 低质量率: 0%
2026-07-27 09:37:11 | INFO     | 
🔍 [正在处理] ANS_ISC_255 | 启动 3WD 流水线...
2026-07-27 09:37:11 | INFO     | 📢 [总进度] 19/69 份试卷已归档。
2026-07-27 09:37:22 | INFO     | ✅ [批改完成] ANS_ISC_254 | 路由: POS | 最终分: 4.0 | 风险: P0.00/U0.00/F0.00/H0/L0 | 提取质量: 🟢high | 留白率: 0% | 低质量率: 0%
2026-07-27 09:37:22 | INFO     | 
🔍 [正在处理] ANS_ISC_256 | 启动 3WD 流水线...
2026-07-27 09:37:22 | INFO     | 📢 [总进度] 20/69 份试卷已归档。
2026-07-27 09:37:59 | INFO     | ✅ [批改完成] ANS_ISC_255 | 路由: BND | 最终分: 0.7 | 风险: P0.00/U0.10/F0.25/H0/L1 | 提取质量: 🟢high | 留白率: 0% | 低质量率: 0%
2026-07-27 09:37:59 | INFO     | 
🔍 [正在处理] ANS_ISC_257 | 启动 3WD 流水线...
2026-07-27 09:37:59 | INFO     | 📢 [总进度] 21/69 份试卷已归档。
2026-07-27 09:38:00 | INFO     | ✅ [批改完成] ANS_ISC_256 | 路由: POS | 最终分: 4.0 | 风险: P0.00/U0.00/F0.00/H0/L0 | 提取质量: 🟢high | 留白率: 0% | 低质量率: 0%
2026-07-27 09:38:00 | INFO     | 
🔍 [正在处理] ANS_ISC_259 | 启动 3WD 流水线...
2026-07-27 09:38:00 | INFO     | 📢 [总进度] 22/69 份试卷已归档。
2026-07-27 09:38:33 | INFO     | ✅ [批改完成] ANS_ISC_259 | 路由: POS | 最终分: 4.0 | 风险: P0.00/U0.00/F0.00/H0/L0 | 提取质量: 🟢high | 留白率: 0% | 低质量率: 0%
2026-07-27 09:38:33 | INFO     | 
🔍 [正在处理] ANS_ISC_260 | 启动 3WD 流水线...
2026-07-27 09:38:33 | INFO     | 📢 [总进度] 23/69 份试卷已归档。
2026-07-27 09:38:37 | INFO     | ✅ [批改完成] ANS_ISC_257 | 路由: POS | 最终分: 4.0 | 风险: P0.00/U0.00/F0.00/H0/L0 | 提取质量: 🟢high | 留白率: 0% | 低质量率: 0%
2026-07-27 09:38:37 | INFO     | 
🔍 [正在处理] ANS_ISC_262 | 启动 3WD 流水线...
2026-07-27 09:38:37 | INFO     | 📢 [总进度] 24/69 份试卷已归档。
2026-07-27 09:39:22 | INFO     | ✅ [批改完成] ANS_ISC_260 | 路由: BND | 最终分: 1.9 | 风险: P0.00/U0.17/F0.00/H0/L1 | 提取质量: 🟢high | 留白率: 0% | 低质量率: 0%
2026-07-27 09:39:22 | INFO     | 
🔍 [正在处理] ANS_ISC_264 | 启动 3WD 流水线...
2026-07-27 09:39:22 | INFO     | 📢 [总进度] 25/69 份试卷已归档。
2026-07-27 09:39:25 | INFO     | ✅ [批改完成] ANS_ISC_262 | 路由: BND | 最终分: 1.9 | 风险: P0.00/U0.24/F0.50/H0/L0 | 提取质量: 🟢high | 留白率: 0% | 低质量率: 0%
2026-07-27 09:39:25 | INFO     | 
🔍 [正在处理] ANS_ISC_265 | 启动 3WD 流水线...
2026-07-27 09:39:25 | INFO     | 📢 [总进度] 26/69 份试卷已归档。
2026-07-27 09:40:08 | INFO     | ✅ [批改完成] ANS_ISC_265 | 路由: POS | 最终分: 4.0 | 风险: P0.00/U0.00/F0.00/H0/L0 | 提取质量: 🟢high | 留白率: 0% | 低质量率: 0%
2026-07-27 09:40:08 | INFO     | 
🔍 [正在处理] ANS_ISC_266 | 启动 3WD 流水线...
2026-07-27 09:40:08 | INFO     | 📢 [总进度] 27/69 份试卷已归档。
2026-07-27 09:40:21 | INFO     | ✅ [批改完成] ANS_ISC_264 | 路由: BND | 最终分: 3.3 | 风险: P0.00/U0.10/F0.00/H0/L0 | 提取质量: 🟢high | 留白率: 0% | 低质量率: 0%
2026-07-27 09:40:21 | INFO     | 
🔍 [正在处理] ANS_ISC_267 | 启动 3WD 流水线...
2026-07-27 09:40:21 | INFO     | 📢 [总进度] 28/69 份试卷已归档。
2026-07-27 09:40:36 | INFO     | ✅ [批改完成] ANS_ISC_266 | 路由: POS | 最终分: 3.8 | 风险: P0.00/U0.04/F0.00/H0/L0 | 提取质量: 🟢high | 留白率: 0% | 低质量率: 0%
2026-07-27 09:40:36 | INFO     | 
🔍 [正在处理] ANS_ISC_268 | 启动 3WD 流水线...
2026-07-27 09:40:36 | INFO     | 📢 [总进度] 29/69 份试卷已归档。
2026-07-27 09:40:49 | INFO     | ✅ [批改完成] ANS_ISC_267 | 路由: NEG | 最终分: 0 | 风险: P0.80/U0.00/F0.00/H0/L0 | 提取质量: 🟡low | 留白率: 100% | 低质量率: 0%
2026-07-27 09:40:49 | INFO     | 
🔍 [正在处理] ANS_ISC_269 | 启动 3WD 流水线...
2026-07-27 09:40:49 | INFO     | 📢 [总进度] 30/69 份试卷已归档 [NEG-拒绝]。
2026-07-27 09:41:06 | INFO     | ✅ [批改完成] ANS_ISC_268 | 路由: POS | 最终分: 4.0 | 风险: P0.00/U0.00/F0.00/H0/L0 | 提取质量: 🟢high | 留白率: 0% | 低质量率: 0%
2026-07-27 09:41:06 | INFO     | 
🔍 [正在处理] ANS_ISC_270 | 启动 3WD 流水线...
2026-07-27 09:41:06 | INFO     | 📢 [总进度] 31/69 份试卷已归档。
2026-07-27 09:41:21 | INFO     | ✅ [批改完成] ANS_ISC_269 | 路由: POS | 最终分: 4.0 | 风险: P0.00/U0.00/F0.00/H0/L0 | 提取质量: 🟢high | 留白率: 0% | 低质量率: 0%
2026-07-27 09:41:21 | INFO     | 
🔍 [正在处理] ANS_ISC_271 | 启动 3WD 流水线...
2026-07-27 09:41:21 | INFO     | 📢 [总进度] 32/69 份试卷已归档。
2026-07-27 09:41:32 | INFO     | ✅ [批改完成] ANS_ISC_270 | 路由: POS | 最终分: 4.0 | 风险: P0.00/U0.00/F0.00/H0/L0 | 提取质量: 🟢high | 留白率: 0% | 低质量率: 0%
2026-07-27 09:41:32 | INFO     | 
🔍 [正在处理] ANS_ISC_273 | 启动 3WD 流水线...
2026-07-27 09:41:32 | INFO     | 📢 [总进度] 33/69 份试卷已归档。
2026-07-27 09:41:58 | INFO     | ✅ [批改完成] ANS_ISC_271 | 路由: POS | 最终分: 2.0 | 风险: P0.00/U0.00/F0.00/H0/L1 | 提取质量: 🟢high | 留白率: 0% | 低质量率: 0%
2026-07-27 09:41:58 | INFO     | 
🔍 [正在处理] ANS_ISC_274 | 启动 3WD 流水线...
2026-07-27 09:41:58 | INFO     | 📢 [总进度] 34/69 份试卷已归档。
2026-07-27 09:42:07 | INFO     | ✅ [批改完成] ANS_ISC_273 | 路由: POS | 最终分: 3.6 | 风险: P0.00/U0.02/F0.00/H0/L0 | 提取质量: 🟢high | 留白率: 0% | 低质量率: 0%
2026-07-27 09:42:07 | INFO     | 
🔍 [正在处理] ANS_ISC_275 | 启动 3WD 流水线...
2026-07-27 09:42:07 | INFO     | 📢 [总进度] 35/69 份试卷已归档。
2026-07-27 09:42:35 | INFO     | ✅ [批改完成] ANS_ISC_275 | 路由: POS | 最终分: 4.0 | 风险: P0.00/U0.00/F0.00/H0/L0 | 提取质量: 🟢high | 留白率: 0% | 低质量率: 0%
2026-07-27 09:42:35 | INFO     | 
🔍 [正在处理] ANS_ISC_276 | 启动 3WD 流水线...
2026-07-27 09:42:35 | INFO     | 📢 [总进度] 36/69 份试卷已归档。
2026-07-27 09:43:11 | INFO     | ✅ [批改完成] ANS_ISC_276 | 路由: BND | 最终分: 2.0 | 风险: P0.00/U0.18/F0.50/H0/L1 | 提取质量: 🟢high | 留白率: 0% | 低质量率: 0%
2026-07-27 09:43:11 | INFO     | 
🔍 [正在处理] ANS_ISC_277 | 启动 3WD 流水线...
2026-07-27 09:43:11 | INFO     | 📢 [总进度] 37/69 份试卷已归档。
2026-07-27 09:43:38 | INFO     | ✅ [批改完成] ANS_ISC_277 | 路由: POS | 最终分: 2.2 | 风险: P0.00/U0.06/F0.00/H0/L1 | 提取质量: 🟢high | 留白率: 0% | 低质量率: 0%
2026-07-27 09:43:38 | INFO     | 
🔍 [正在处理] ANS_ISC_278 | 启动 3WD 流水线...
2026-07-27 09:43:38 | INFO     | 📢 [总进度] 38/69 份试卷已归档。
2026-07-27 09:43:38 | INFO     | ✅ [批改完成] ANS_ISC_274 | 路由: BND | 最终分: 3.0 | 风险: P0.00/U0.06/F0.00/H0/L1 | 提取质量: 🟢high | 留白率: 0% | 低质量率: 0%
2026-07-27 09:43:38 | INFO     | 
🔍 [正在处理] ANS_ISC_279 | 启动 3WD 流水线...
2026-07-27 09:43:38 | INFO     | 📢 [总进度] 39/69 份试卷已归档。
2026-07-27 09:44:06 | INFO     | ✅ [批改完成] ANS_ISC_279 | 路由: POS | 最终分: 2.0 | 风险: P0.00/U0.00/F0.50/H0/L1 | 提取质量: 🟢high | 留白率: 0% | 低质量率: 0%
2026-07-27 09:44:06 | INFO     | 
🔍 [正在处理] ANS_ISC_280 | 启动 3WD 流水线...
2026-07-27 09:44:06 | INFO     | 📢 [总进度] 40/69 份试卷已归档。
2026-07-27 09:44:19 | INFO     | ✅ [批改完成] ANS_ISC_278 | 路由: BND | 最终分: 1.9 | 风险: P0.00/U0.12/F0.00/H0/L0 | 提取质量: 🟢high | 留白率: 0% | 低质量率: 0%
2026-07-27 09:44:19 | INFO     | 
🔍 [正在处理] ANS_ISC_281 | 启动 3WD 流水线...
2026-07-27 09:44:19 | INFO     | 📢 [总进度] 41/69 份试卷已归档。
2026-07-27 09:44:45 | INFO     | ✅ [批改完成] ANS_ISC_280 | 路由: BND | 最终分: 3.5 | 风险: P0.00/U0.12/F0.00/H0/L0 | 提取质量: 🟢high | 留白率: 0% | 低质量率: 0%
2026-07-27 09:44:45 | INFO     | 
🔍 [正在处理] ANS_ISC_282 | 启动 3WD 流水线...
2026-07-27 09:44:45 | INFO     | 📢 [总进度] 42/69 份试卷已归档。
2026-07-27 09:45:09 | INFO     | ✅ [批改完成] ANS_ISC_281 | 路由: BND | 最终分: 2.1 | 风险: P0.00/U0.12/F0.75/H0/L1 | 提取质量: 🟢high | 留白率: 0% | 低质量率: 0%
2026-07-27 09:45:09 | INFO     | 
🔍 [正在处理] ANS_ISC_284 | 启动 3WD 流水线...
2026-07-27 09:45:09 | INFO     | 📢 [总进度] 43/69 份试卷已归档。
2026-07-27 09:45:19 | INFO     | ✅ [批改完成] ANS_ISC_282 | 路由: POS | 最终分: 3.2 | 风险: P0.00/U0.06/F0.00/H0/L0 | 提取质量: 🟢high | 留白率: 0% | 低质量率: 0%
2026-07-27 09:45:19 | INFO     | 
🔍 [正在处理] ANS_ISC_285 | 启动 3WD 流水线...
2026-07-27 09:45:19 | INFO     | 📢 [总进度] 44/69 份试卷已归档。
2026-07-27 09:45:46 | INFO     | ✅ [批改完成] ANS_ISC_285 | 路由: POS | 最终分: 4.0 | 风险: P0.00/U0.00/F0.00/H0/L0 | 提取质量: 🟢high | 留白率: 0% | 低质量率: 0%
2026-07-27 09:45:46 | INFO     | 
🔍 [正在处理] ANS_ISC_286 | 启动 3WD 流水线...
2026-07-27 09:45:46 | INFO     | 📢 [总进度] 45/69 份试卷已归档。
2026-07-27 09:46:03 | INFO     | ✅ [批改完成] ANS_ISC_284 | 路由: BND | 最终分: 0.5 | 风险: P0.00/U0.12/F1.00/H0/L1 | 提取质量: 🟢high | 留白率: 0% | 低质量率: 0%
2026-07-27 09:46:03 | INFO     | 
🔍 [正在处理] ANS_ISC_287 | 启动 3WD 流水线...
2026-07-27 09:46:03 | INFO     | 📢 [总进度] 46/69 份试卷已归档。
2026-07-27 09:46:18 | INFO     | ✅ [批改完成] ANS_ISC_286 | 路由: POS | 最终分: 4.0 | 风险: P0.00/U0.00/F0.00/H0/L0 | 提取质量: 🟢high | 留白率: 0% | 低质量率: 0%
2026-07-27 09:46:18 | INFO     | 
🔍 [正在处理] ANS_ISC_288 | 启动 3WD 流水线...
2026-07-27 09:46:18 | INFO     | 📢 [总进度] 47/69 份试卷已归档。
2026-07-27 09:46:46 | INFO     | ✅ [批改完成] ANS_ISC_287 | 路由: BND | 最终分: 2.7 | 风险: P0.00/U0.06/F0.00/H0/L0 | 提取质量: 🟢high | 留白率: 0% | 低质量率: 0%
2026-07-27 09:46:46 | INFO     | 
🔍 [正在处理] ANS_ISC_289 | 启动 3WD 流水线...
2026-07-27 09:46:46 | INFO     | 📢 [总进度] 48/69 份试卷已归档。
2026-07-27 09:46:55 | INFO     | ✅ [批改完成] ANS_ISC_288 | 路由: BND | 最终分: 2.2 | 风险: P0.00/U0.20/F0.50/H0/L0 | 提取质量: 🟢high | 留白率: 0% | 低质量率: 0%
2026-07-27 09:46:55 | INFO     | 
🔍 [正在处理] ANS_ISC_290 | 启动 3WD 流水线...
2026-07-27 09:46:55 | INFO     | 📢 [总进度] 49/69 份试卷已归档。
2026-07-27 09:47:27 | INFO     | ✅ [批改完成] ANS_ISC_289 | 路由: BND | 最终分: 3.4 | 风险: P0.00/U0.05/F0.00/H0/L0 | 提取质量: 🟢high | 留白率: 0% | 低质量率: 0%
2026-07-27 09:47:27 | INFO     | 
🔍 [正在处理] ANS_ISC_291 | 启动 3WD 流水线...
2026-07-27 09:47:27 | INFO     | 📢 [总进度] 50/69 份试卷已归档。
2026-07-27 09:47:33 | INFO     | ✅ [批改完成] ANS_ISC_290 | 路由: BND | 最终分: 1.7 | 风险: P0.00/U0.12/F0.25/H0/L1 | 提取质量: 🟢high | 留白率: 0% | 低质量率: 0%
2026-07-27 09:47:33 | INFO     | 
🔍 [正在处理] ANS_ISC_292 | 启动 3WD 流水线...
2026-07-27 09:47:33 | INFO     | 📢 [总进度] 51/69 份试卷已归档。
2026-07-27 09:47:56 | INFO     | ✅ [批改完成] ANS_ISC_291 | 路由: POS | 最终分: 3.0 | 风险: P0.00/U0.00/F0.00/H0/L0 | 提取质量: 🟢high | 留白率: 0% | 低质量率: 0%
2026-07-27 09:47:56 | INFO     | 
🔍 [正在处理] ANS_ISC_293 | 启动 3WD 流水线...
2026-07-27 09:47:56 | INFO     | 📢 [总进度] 52/69 份试卷已归档。
2026-07-27 09:48:15 | INFO     | ✅ [批改完成] ANS_ISC_292 | 路由: BND | 最终分: 4.0 | 风险: P0.00/U0.12/F0.00/H0/L0 | 提取质量: 🟢high | 留白率: 0% | 低质量率: 0%
2026-07-27 09:48:15 | INFO     | 
🔍 [正在处理] ANS_ISC_294 | 启动 3WD 流水线...
2026-07-27 09:48:15 | INFO     | 📢 [总进度] 53/69 份试卷已归档。
2026-07-27 09:49:02 | INFO     | ✅ [批改完成] ANS_ISC_293 | 路由: BND | 最终分: 2.3 | 风险: P0.00/U0.12/F0.50/H0/L1 | 提取质量: 🟢high | 留白率: 0% | 低质量率: 0%
2026-07-27 09:49:02 | INFO     | 
🔍 [正在处理] ANS_ISC_295 | 启动 3WD 流水线...
2026-07-27 09:49:02 | INFO     | 📢 [总进度] 54/69 份试卷已归档。
2026-07-27 09:49:12 | INFO     | ✅ [批改完成] ANS_ISC_294 | 路由: POS | 最终分: 4.0 | 风险: P0.00/U0.00/F0.00/H0/L0 | 提取质量: 🟢high | 留白率: 0% | 低质量率: 0%
2026-07-27 09:49:12 | INFO     | 
🔍 [正在处理] ANS_ISC_296 | 启动 3WD 流水线...
2026-07-27 09:49:12 | INFO     | 📢 [总进度] 55/69 份试卷已归档。
2026-07-27 09:49:38 | INFO     | ✅ [批改完成] ANS_ISC_296 | 路由: POS | 最终分: 2.0 | 风险: P0.00/U0.00/F0.50/H0/L1 | 提取质量: 🟢high | 留白率: 0% | 低质量率: 0%
2026-07-27 09:49:38 | INFO     | 
🔍 [正在处理] ANS_ISC_297 | 启动 3WD 流水线...
2026-07-27 09:49:38 | INFO     | 📢 [总进度] 56/69 份试卷已归档。
2026-07-27 09:49:48 | INFO     | ✅ [批改完成] ANS_ISC_295 | 路由: BND | 最终分: 2.2 | 风险: P0.00/U0.06/F0.00/H0/L1 | 提取质量: 🟢high | 留白率: 0% | 低质量率: 0%
2026-07-27 09:49:48 | INFO     | 
🔍 [正在处理] ANS_ISC_298 | 启动 3WD 流水线...
2026-07-27 09:49:48 | INFO     | 📢 [总进度] 57/69 份试卷已归档。
2026-07-27 09:50:08 | INFO     | ✅ [批改完成] ANS_ISC_297 | 路由: POS | 最终分: 2.0 | 风险: P0.00/U0.00/F0.50/H0/L1 | 提取质量: 🟢high | 留白率: 0% | 低质量率: 0%
2026-07-27 09:50:08 | INFO     | 
🔍 [正在处理] ANS_ISC_299 | 启动 3WD 流水线...
2026-07-27 09:50:08 | INFO     | 📢 [总进度] 58/69 份试卷已归档。
2026-07-27 09:50:21 | INFO     | ✅ [批改完成] ANS_ISC_298 | 路由: POS | 最终分: 4.0 | 风险: P0.00/U0.00/F0.00/H0/L0 | 提取质量: 🟢high | 留白率: 0% | 低质量率: 0%
2026-07-27 09:50:21 | INFO     | 
🔍 [正在处理] ANS_ISC_300 | 启动 3WD 流水线...
2026-07-27 09:50:21 | INFO     | 📢 [总进度] 59/69 份试卷已归档。
2026-07-27 09:50:46 | INFO     | ✅ [批改完成] ANS_ISC_300 | 路由: POS | 最终分: 3.0 | 风险: P0.00/U0.00/F0.00/H0/L0 | 提取质量: 🟢high | 留白率: 0% | 低质量率: 0%
2026-07-27 09:50:46 | INFO     | 
🔍 [正在处理] ANS_ISC_301 | 启动 3WD 流水线...
2026-07-27 09:50:46 | INFO     | 📢 [总进度] 60/69 份试卷已归档。
2026-07-27 09:50:51 | INFO     | ✅ [批改完成] ANS_ISC_299 | 路由: BND | 最终分: 3.7 | 风险: P0.00/U0.12/F0.00/H0/L0 | 提取质量: 🟢high | 留白率: 0% | 低质量率: 0%
2026-07-27 09:50:51 | INFO     | 
🔍 [正在处理] ANS_ISC_302 | 启动 3WD 流水线...
2026-07-27 09:50:51 | INFO     | 📢 [总进度] 61/69 份试卷已归档。
2026-07-27 09:51:13 | INFO     | ✅ [批改完成] ANS_ISC_301 | 路由: POS | 最终分: 4.0 | 风险: P0.00/U0.00/F0.00/H0/L0 | 提取质量: 🟢high | 留白率: 0% | 低质量率: 0%
2026-07-27 09:51:13 | INFO     | 
🔍 [正在处理] ANS_ISC_303 | 启动 3WD 流水线...
2026-07-27 09:51:13 | INFO     | 📢 [总进度] 62/69 份试卷已归档。
2026-07-27 09:51:20 | INFO     | ✅ [批改完成] ANS_ISC_302 | 路由: POS | 最终分: 4.0 | 风险: P0.00/U0.00/F0.00/H0/L0 | 提取质量: 🟢high | 留白率: 0% | 低质量率: 0%
2026-07-27 09:51:20 | INFO     | 
🔍 [正在处理] ANS_ISC_304 | 启动 3WD 流水线...
2026-07-27 09:51:20 | INFO     | 📢 [总进度] 63/69 份试卷已归档。
2026-07-27 09:51:55 | INFO     | ✅ [批改完成] ANS_ISC_303 | 路由: BND | 最终分: 2.7 | 风险: P0.00/U0.12/F0.00/H0/L0 | 提取质量: 🟢high | 留白率: 0% | 低质量率: 0%
2026-07-27 09:51:55 | INFO     | 
🔍 [正在处理] ANS_ISC_305 | 启动 3WD 流水线...
2026-07-27 09:51:55 | INFO     | 📢 [总进度] 64/69 份试卷已归档。
2026-07-27 09:52:07 | INFO     | ✅ [批改完成] ANS_ISC_304 | 路由: BND | 最终分: 1.9 | 风险: P0.00/U0.12/F0.00/H0/L0 | 提取质量: 🟢high | 留白率: 0% | 低质量率: 0%
2026-07-27 09:52:07 | INFO     | 
🔍 [正在处理] ANS_ISC_306 | 启动 3WD 流水线...
2026-07-27 09:52:07 | INFO     | 📢 [总进度] 65/69 份试卷已归档。
2026-07-27 09:52:38 | INFO     | ✅ [批改完成] ANS_ISC_305 | 路由: BND | 最终分: 3.6 | 风险: P0.00/U0.12/F0.00/H0/L0 | 提取质量: 🟢high | 留白率: 0% | 低质量率: 0%
2026-07-27 09:52:38 | INFO     | 
🔍 [正在处理] ANS_ISC_307 | 启动 3WD 流水线...
2026-07-27 09:52:38 | INFO     | 📢 [总进度] 66/69 份试卷已归档。
2026-07-27 09:52:54 | INFO     | ✅ [批改完成] ANS_ISC_306 | 路由: BND | 最终分: 1.7 | 风险: P0.00/U0.10/F0.00/H0/L0 | 提取质量: 🟢high | 留白率: 0% | 低质量率: 0%
2026-07-27 09:52:54 | INFO     | 
🔍 [正在处理] ANS_ISC_308 | 启动 3WD 流水线...
2026-07-27 09:52:54 | INFO     | 📢 [总进度] 67/69 份试卷已归档。
2026-07-27 09:53:29 | INFO     | ✅ [批改完成] ANS_ISC_307 | 路由: BND | 最终分: 2.3 | 风险: P0.00/U0.06/F0.00/H0/L1 | 提取质量: 🟢high | 留白率: 0% | 低质量率: 0%
2026-07-27 09:53:29 | INFO     | 📢 [总进度] 68/69 份试卷已归档。
2026-07-27 09:53:37 | INFO     | ✅ [批改完成] ANS_ISC_308 | 路由: NEG | 最终分: 0 | 风险: P0.80/U0.00/F0.00/H0/L0 | 提取质量: 🟡low | 留白率: 100% | 低质量率: 0%
2026-07-27 09:53:37 | INFO     | 📢 [总进度] 69/69 份试卷已归档 [NEG-拒绝]。
2026-07-27 09:53:37 | INFO     | 🗂️ 所有线程交卷完毕，正在整理数据... (共收集 69/69 份结果)
2026-07-27 09:53:37 | INFO     | 💾 正常批改结果已保存: D:\users\王鑫020420\Desktop\refgrader-main\results_runs\csbench_isc1_isc2_isc3_isc4_isc5_isc6_isc7_isc8_isc9_all\runs\teacher_audit_isc_1_9_20260725_192008\ISC_8_graded_results.json (67 人)
2026-07-27 09:53:37 | INFO     | 🛑 拒绝域结果已单独保存: D:\users\王鑫020420\Desktop\refgrader-main\results_runs\csbench_isc1_isc2_isc3_isc4_isc5_isc6_isc7_isc8_isc9_all\runs\teacher_audit_isc_1_9_20260725_192008\ISC_8_rejected.json (2 人)
2026-07-27 09:53:37 | INFO     | [result consistency] ISC_8: checkpoint=69, graded=67, rejected=2, failed=0, expected=69
2026-07-27 09:53:37 | INFO     | 
🚀 [标准模式] 开始处理: ISC_9
2026-07-27 09:53:37 | INFO     | ⚡ 已加载本地标准: D:\users\王鑫020420\Desktop\refgrader-main\data\csbench\rubrics\optimized\ISC\ISC_9_rubric_standard.json
2026-07-27 09:53:48 | INFO     | ⚡ 脱敏清单已预生成，76 名学生共享复用。
2026-07-27 09:53:48 | INFO     | 🏃 开始批改 76 张试卷 (⚡ 开启多线程模式)...
2026-07-27 09:53:48 | INFO     | 
🔍 [正在处理] ANS_ISC_309 | 启动 3WD 流水线...
2026-07-27 09:53:48 | INFO     | 
🔍 [正在处理] ANS_ISC_310 | 启动 3WD 流水线...
2026-07-27 09:53:48 | INFO     | ⏳ [主线程] 已提交 76 个任务，等待结果回收...
2026-07-27 09:54:16 | INFO     | ✅ [批改完成] ANS_ISC_309 | 路由: BND | 最终分: 1.7 | 风险: P0.00/U0.24/F1.00/H0/L1 | 提取质量: 🟢high | 留白率: 0% | 低质量率: 0%
2026-07-27 09:54:16 | INFO     | 
🔍 [正在处理] ANS_ISC_311 | 启动 3WD 流水线...
2026-07-27 09:54:16 | INFO     | 📢 [总进度] 1/76 份试卷已归档。
2026-07-27 09:54:28 | INFO     | ✅ [批改完成] ANS_ISC_310 | 路由: BND | 最终分: 0 | 风险: P0.00/U0.28/F1.00/H0/L1 | 提取质量: 🟢high | 留白率: 0% | 低质量率: 0%
2026-07-27 09:54:28 | INFO     | 
🔍 [正在处理] ANS_ISC_312 | 启动 3WD 流水线...
2026-07-27 09:54:28 | INFO     | 📢 [总进度] 2/76 份试卷已归档。
2026-07-27 09:54:56 | INFO     | ✅ [批改完成] ANS_ISC_311 | 路由: BND | 最终分: 1.7 | 风险: P0.00/U0.12/F0.50/H0/L1 | 提取质量: 🟢high | 留白率: 0% | 低质量率: 0%
2026-07-27 09:54:56 | INFO     | 
🔍 [正在处理] ANS_ISC_313 | 启动 3WD 流水线...
2026-07-27 09:54:56 | INFO     | 📢 [总进度] 3/76 份试卷已归档。
2026-07-27 09:55:05 | INFO     | ✅ [批改完成] ANS_ISC_312 | 路由: BND | 最终分: 6.7 | 风险: P0.00/U0.12/F0.00/H0/L0 | 提取质量: 🟢high | 留白率: 0% | 低质量率: 0%
2026-07-27 09:55:05 | INFO     | 
🔍 [正在处理] ANS_ISC_314 | 启动 3WD 流水线...
2026-07-27 09:55:05 | INFO     | 📢 [总进度] 4/76 份试卷已归档。
2026-07-27 09:55:30 | INFO     | ✅ [批改完成] ANS_ISC_313 | 路由: BND | 最终分: 0 | 风险: P0.00/U0.24/F1.00/H0/L1 | 提取质量: 🟢high | 留白率: 0% | 低质量率: 0%
2026-07-27 09:55:30 | INFO     | 
🔍 [正在处理] ANS_ISC_315 | 启动 3WD 流水线...
2026-07-27 09:55:30 | INFO     | 📢 [总进度] 5/76 份试卷已归档。
2026-07-27 09:55:35 | INFO     | ✅ [批改完成] ANS_ISC_314 | 路由: BND | 最终分: 5.0 | 风险: P0.40/U0.00/F0.00/H0/L0 | 提取质量: 🟡low | 留白率: 50% | 低质量率: 0%
2026-07-27 09:55:35 | INFO     | 
🔍 [正在处理] ANS_ISC_316 | 启动 3WD 流水线...
2026-07-27 09:55:35 | INFO     | 📢 [总进度] 6/76 份试卷已归档。
2026-07-27 09:55:55 | INFO     | ✅ [批改完成] ANS_ISC_316 | 路由: POS | 最终分: 10.0 | 风险: P0.00/U0.00/F0.00/H0/L0 | 提取质量: 🟢high | 留白率: 0% | 低质量率: 0%
2026-07-27 09:55:55 | INFO     | 
🔍 [正在处理] ANS_ISC_317 | 启动 3WD 流水线...
2026-07-27 09:55:55 | INFO     | 📢 [总进度] 7/76 份试卷已归档。
2026-07-27 09:56:01 | INFO     | ✅ [批改完成] ANS_ISC_315 | 路由: BND | 最终分: 1.7 | 风险: P0.00/U0.12/F0.50/H0/L1 | 提取质量: 🟢high | 留白率: 0% | 低质量率: 0%
2026-07-27 09:56:01 | INFO     | 
🔍 [正在处理] ANS_ISC_318 | 启动 3WD 流水线...
2026-07-27 09:56:01 | INFO     | 📢 [总进度] 8/76 份试卷已归档。
2026-07-27 09:56:20 | INFO     | ✅ [批改完成] ANS_ISC_318 | 路由: POS | 最终分: 10.0 | 风险: P0.00/U0.00/F0.00/H0/L0 | 提取质量: 🟢high | 留白率: 0% | 低质量率: 0%
2026-07-27 09:56:20 | INFO     | 
🔍 [正在处理] ANS_ISC_319 | 启动 3WD 流水线...
2026-07-27 09:56:20 | INFO     | 📢 [总进度] 9/76 份试卷已归档。
2026-07-27 09:56:21 | INFO     | ✅ [批改完成] ANS_ISC_317 | 路由: BND | 最终分: 0 | 风险: P0.40/U0.00/F0.50/H0/L0 | 提取质量: 🟡low | 留白率: 50% | 低质量率: 0%
2026-07-27 09:56:21 | INFO     | 
🔍 [正在处理] ANS_ISC_320 | 启动 3WD 流水线...
2026-07-27 09:56:21 | INFO     | 📢 [总进度] 10/76 份试卷已归档。
2026-07-27 09:57:03 | INFO     | ✅ [批改完成] ANS_ISC_320 | 路由: BND | 最终分: 3.3 | 风险: P0.00/U0.12/F0.50/H0/L1 | 提取质量: 🟢high | 留白率: 0% | 低质量率: 0%
2026-07-27 09:57:03 | INFO     | 
🔍 [正在处理] ANS_ISC_321 | 启动 3WD 流水线...
2026-07-27 09:57:03 | INFO     | 📢 [总进度] 11/76 份试卷已归档。
2026-07-27 09:57:35 | INFO     | ✅ [批改完成] ANS_ISC_319 | 路由: BND | 最终分: 9.7 | 风险: P0.00/U0.05/F0.00/H0/L0 | 提取质量: 🟢high | 留白率: 0% | 低质量率: 0%
2026-07-27 09:57:35 | INFO     | 
🔍 [正在处理] ANS_ISC_322 | 启动 3WD 流水线...
2026-07-27 09:57:35 | INFO     | 📢 [总进度] 12/76 份试卷已归档。
2026-07-27 09:57:53 | INFO     | ✅ [批改完成] ANS_ISC_321 | 路由: POS | 最终分: 0 | 风险: P0.00/U0.00/F1.00/H0/L1 | 提取质量: 🟢high | 留白率: 0% | 低质量率: 0%
2026-07-27 09:57:53 | INFO     | 
🔍 [正在处理] ANS_ISC_323 | 启动 3WD 流水线...
2026-07-27 09:57:53 | INFO     | 📢 [总进度] 13/76 份试卷已归档。
2026-07-27 09:58:28 | INFO     | ✅ [批改完成] ANS_ISC_323 | 路由: BND | 最终分: 4.2 | 风险: P0.00/U0.12/F0.50/H0/L1 | 提取质量: 🟢high | 留白率: 0% | 低质量率: 0%
2026-07-27 09:58:28 | INFO     | 
🔍 [正在处理] ANS_ISC_324 | 启动 3WD 流水线...
2026-07-27 09:58:28 | INFO     | 📢 [总进度] 14/76 份试卷已归档。
2026-07-27 09:58:36 | INFO     | ✅ [批改完成] ANS_ISC_322 | 路由: BND | 最终分: 6.7 | 风险: P0.00/U0.24/F0.00/H0/L0 | 提取质量: 🟢high | 留白率: 0% | 低质量率: 0%
2026-07-27 09:58:36 | INFO     | 
🔍 [正在处理] ANS_ISC_325 | 启动 3WD 流水线...
2026-07-27 09:58:36 | INFO     | 📢 [总进度] 15/76 份试卷已归档。
2026-07-27 09:59:05 | INFO     | ✅ [批改完成] ANS_ISC_324 | 路由: BND | 最终分: 6.7 | 风险: P0.00/U0.31/F0.00/H0/L0 | 提取质量: 🟢high | 留白率: 0% | 低质量率: 0%
2026-07-27 09:59:05 | INFO     | 
🔍 [正在处理] ANS_ISC_326 | 启动 3WD 流水线...
2026-07-27 09:59:05 | INFO     | 📢 [总进度] 16/76 份试卷已归档。
2026-07-27 09:59:35 | INFO     | ✅ [批改完成] ANS_ISC_325 | 路由: BND | 最终分: 0 | 风险: P0.00/U0.12/F0.50/H0/L1 | 提取质量: 🟢high | 留白率: 0% | 低质量率: 0%
2026-07-27 09:59:35 | INFO     | 
🔍 [正在处理] ANS_ISC_327 | 启动 3WD 流水线...
2026-07-27 09:59:35 | INFO     | 📢 [总进度] 17/76 份试卷已归档。
2026-07-27 09:59:45 | INFO     | ✅ [批改完成] ANS_ISC_326 | 路由: NEG | 最终分: 0 | 风险: P0.80/U0.00/F0.00/H0/L0 | 提取质量: 🟡low | 留白率: 100% | 低质量率: 0%
2026-07-27 09:59:45 | INFO     | 
🔍 [正在处理] ANS_ISC_328 | 启动 3WD 流水线...
2026-07-27 09:59:45 | INFO     | 📢 [总进度] 18/76 份试卷已归档 [NEG-拒绝]。
2026-07-27 10:00:07 | INFO     | ✅ [批改完成] ANS_ISC_328 | 路由: NEG | 最终分: 0 | 风险: P0.80/U0.00/F0.00/H0/L0 | 提取质量: 🟡low | 留白率: 100% | 低质量率: 0%
2026-07-27 10:00:07 | INFO     | 
🔍 [正在处理] ANS_ISC_329 | 启动 3WD 流水线...
2026-07-27 10:00:07 | INFO     | 📢 [总进度] 19/76 份试卷已归档 [NEG-拒绝]。
2026-07-27 10:00:23 | INFO     | ✅ [批改完成] ANS_ISC_327 | 路由: BND | 最终分: 2.2 | 风险: P0.00/U0.24/F0.50/H0/L1 | 提取质量: 🟢high | 留白率: 0% | 低质量率: 0%
2026-07-27 10:00:23 | INFO     | 
🔍 [正在处理] ANS_ISC_330 | 启动 3WD 流水线...
2026-07-27 10:00:23 | INFO     | 📢 [总进度] 20/76 份试卷已归档。
2026-07-27 10:00:48 | INFO     | ✅ [批改完成] ANS_ISC_329 | 路由: BND | 最终分: 3.0 | 风险: P0.40/U0.00/F0.00/H0/L0 | 提取质量: 🟡low | 留白率: 50% | 低质量率: 0%
2026-07-27 10:00:48 | INFO     | 
🔍 [正在处理] ANS_ISC_331 | 启动 3WD 流水线...
2026-07-27 10:00:48 | INFO     | 📢 [总进度] 21/76 份试卷已归档。
2026-07-27 10:01:14 | INFO     | ✅ [批改完成] ANS_ISC_330 | 路由: BND | 最终分: 1.7 | 风险: P0.00/U0.12/F0.50/H0/L1 | 提取质量: 🟢high | 留白率: 0% | 低质量率: 0%
2026-07-27 10:01:14 | INFO     | 
🔍 [正在处理] ANS_ISC_332 | 启动 3WD 流水线...
2026-07-27 10:01:14 | INFO     | 📢 [总进度] 22/76 份试卷已归档。
2026-07-27 10:01:38 | INFO     | ✅ [批改完成] ANS_ISC_331 | 路由: BND | 最终分: 5.8 | 风险: P0.00/U0.12/F0.50/H0/L1 | 提取质量: 🟢high | 留白率: 0% | 低质量率: 0%
2026-07-27 10:01:38 | INFO     | 
🔍 [正在处理] ANS_ISC_333 | 启动 3WD 流水线...
2026-07-27 10:01:38 | INFO     | 📢 [总进度] 23/76 份试卷已归档。
2026-07-27 10:01:41 | INFO     | ✅ [批改完成] ANS_ISC_332 | 路由: POS | 最终分: 10.0 | 风险: P0.00/U0.00/F0.00/H0/L0 | 提取质量: 🟢high | 留白率: 0% | 低质量率: 0%
2026-07-27 10:01:41 | INFO     | 
🔍 [正在处理] ANS_ISC_334 | 启动 3WD 流水线...
2026-07-27 10:01:41 | INFO     | 📢 [总进度] 24/76 份试卷已归档。
2026-07-27 10:02:09 | INFO     | ✅ [批改完成] ANS_ISC_334 | 路由: POS | 最终分: 2.2 | 风险: P0.00/U0.05/F0.50/H0/L1 | 提取质量: 🟢high | 留白率: 0% | 低质量率: 0%
2026-07-27 10:02:09 | INFO     | 
🔍 [正在处理] ANS_ISC_335 | 启动 3WD 流水线...
2026-07-27 10:02:09 | INFO     | 📢 [总进度] 25/76 份试卷已归档。
2026-07-27 10:02:14 | INFO     | ✅ [批改完成] ANS_ISC_333 | 路由: BND | 最终分: 0 | 风险: P0.00/U0.12/F1.00/H0/L1 | 提取质量: 🟢high | 留白率: 0% | 低质量率: 0%
2026-07-27 10:02:14 | INFO     | 
🔍 [正在处理] ANS_ISC_336 | 启动 3WD 流水线...
2026-07-27 10:02:14 | INFO     | 📢 [总进度] 26/76 份试卷已归档。
2026-07-27 10:02:41 | INFO     | ✅ [批改完成] ANS_ISC_335 | 路由: BND | 最终分: 1.3 | 风险: P0.00/U0.24/F0.50/H0/L1 | 提取质量: 🟢high | 留白率: 0% | 低质量率: 0%
2026-07-27 10:02:41 | INFO     | 
🔍 [正在处理] ANS_ISC_337 | 启动 3WD 流水线...
2026-07-27 10:02:41 | INFO     | 📢 [总进度] 27/76 份试卷已归档。
2026-07-27 10:03:02 | INFO     | ✅ [批改完成] ANS_ISC_337 | 路由: POS | 最终分: 10.0 | 风险: P0.00/U0.00/F0.00/H0/L0 | 提取质量: 🟢high | 留白率: 0% | 低质量率: 0%
2026-07-27 10:03:02 | INFO     | 
🔍 [正在处理] ANS_ISC_338 | 启动 3WD 流水线...
2026-07-27 10:03:02 | INFO     | 📢 [总进度] 28/76 份试卷已归档。
2026-07-27 10:03:07 | INFO     | ✅ [批改完成] ANS_ISC_336 | 路由: BND | 最终分: 5.0 | 风险: P0.40/U0.00/F0.00/H0/L0 | 提取质量: 🟡low | 留白率: 50% | 低质量率: 0%
2026-07-27 10:03:07 | INFO     | 
🔍 [正在处理] ANS_ISC_339 | 启动 3WD 流水线...
2026-07-27 10:03:07 | INFO     | 📢 [总进度] 29/76 份试卷已归档。
2026-07-27 10:03:33 | INFO     | ✅ [批改完成] ANS_ISC_339 | 路由: POS | 最终分: 2.2 | 风险: P0.00/U0.05/F0.50/H0/L1 | 提取质量: 🟢high | 留白率: 0% | 低质量率: 0%
2026-07-27 10:03:33 | INFO     | 
🔍 [正在处理] ANS_ISC_340 | 启动 3WD 流水线...
2026-07-27 10:03:33 | INFO     | 📢 [总进度] 30/76 份试卷已归档。
2026-07-27 10:03:39 | INFO     | ✅ [批改完成] ANS_ISC_338 | 路由: POS | 最终分: 2.5 | 风险: P0.00/U0.00/F0.50/H0/L1 | 提取质量: 🟢high | 留白率: 0% | 低质量率: 0%
2026-07-27 10:03:39 | INFO     | 
🔍 [正在处理] ANS_ISC_341 | 启动 3WD 流水线...
2026-07-27 10:03:39 | INFO     | 📢 [总进度] 31/76 份试卷已归档。
2026-07-27 10:04:01 | INFO     | ✅ [批改完成] ANS_ISC_341 | 路由: POS | 最终分: 5.0 | 风险: P0.00/U0.00/F0.00/H0/L1 | 提取质量: 🟢high | 留白率: 0% | 低质量率: 0%
2026-07-27 10:04:01 | INFO     | 
🔍 [正在处理] ANS_ISC_342 | 启动 3WD 流水线...
2026-07-27 10:04:01 | INFO     | 📢 [总进度] 32/76 份试卷已归档。
2026-07-27 10:04:19 | INFO     | ✅ [批改完成] ANS_ISC_340 | 路由: BND | 最终分: 0 | 风险: P0.00/U0.07/F1.00/H0/L1 | 提取质量: 🟢high | 留白率: 0% | 低质量率: 0%
2026-07-27 10:04:19 | INFO     | 
🔍 [正在处理] ANS_ISC_343 | 启动 3WD 流水线...
2026-07-27 10:04:19 | INFO     | 📢 [总进度] 33/76 份试卷已归档。
2026-07-27 10:04:38 | INFO     | ✅ [批改完成] ANS_ISC_342 | 路由: BND | 最终分: 0 | 风险: P0.00/U0.12/F0.50/H0/L1 | 提取质量: 🟢high | 留白率: 0% | 低质量率: 0%
2026-07-27 10:04:38 | INFO     | 
🔍 [正在处理] ANS_ISC_344 | 启动 3WD 流水线...
2026-07-27 10:04:38 | INFO     | 📢 [总进度] 34/76 份试卷已归档。
2026-07-27 10:04:44 | INFO     | ✅ [批改完成] ANS_ISC_343 | 路由: NEG | 最终分: 0 | 风险: P0.80/U0.00/F0.00/H0/L0 | 提取质量: 🟡low | 留白率: 100% | 低质量率: 0%
2026-07-27 10:04:44 | INFO     | 
🔍 [正在处理] ANS_ISC_345 | 启动 3WD 流水线...
2026-07-27 10:04:44 | INFO     | 📢 [总进度] 35/76 份试卷已归档 [NEG-拒绝]。
2026-07-27 10:05:11 | INFO     | ✅ [批改完成] ANS_ISC_344 | 路由: NEG | 最终分: 0 | 风险: P0.80/U0.00/F0.00/H0/L0 | 提取质量: 🟡low | 留白率: 100% | 低质量率: 0%
2026-07-27 10:05:11 | INFO     | 
🔍 [正在处理] ANS_ISC_346 | 启动 3WD 流水线...
2026-07-27 10:05:11 | INFO     | 📢 [总进度] 36/76 份试卷已归档 [NEG-拒绝]。
2026-07-27 10:05:31 | INFO     | ✅ [批改完成] ANS_ISC_345 | 路由: BND | 最终分: 0.8 | 风险: P0.00/U0.12/F1.00/H0/L1 | 提取质量: 🟢high | 留白率: 0% | 低质量率: 0%
2026-07-27 10:05:31 | INFO     | 
🔍 [正在处理] ANS_ISC_347 | 启动 3WD 流水线...
2026-07-27 10:05:31 | INFO     | 📢 [总进度] 37/76 份试卷已归档。
2026-07-27 10:05:53 | INFO     | ✅ [批改完成] ANS_ISC_346 | 路由: BND | 最终分: 1.7 | 风险: P0.00/U0.12/F0.50/H0/L1 | 提取质量: 🟢high | 留白率: 0% | 低质量率: 0%
2026-07-27 10:05:53 | INFO     | 
🔍 [正在处理] ANS_ISC_348 | 启动 3WD 流水线...
2026-07-27 10:05:53 | INFO     | 📢 [总进度] 38/76 份试卷已归档。
2026-07-27 10:06:24 | INFO     | ✅ [批改完成] ANS_ISC_347 | 路由: BND | 最终分: 0 | 风险: P0.40/U0.00/F0.50/H0/L0 | 提取质量: 🟡low | 留白率: 50% | 低质量率: 0%
2026-07-27 10:06:24 | INFO     | 
🔍 [正在处理] ANS_ISC_349 | 启动 3WD 流水线...
2026-07-27 10:06:24 | INFO     | 📢 [总进度] 39/76 份试卷已归档。
2026-07-27 10:06:28 | INFO     | ✅ [批改完成] ANS_ISC_348 | 路由: BND | 最终分: 0.9 | 风险: P0.00/U0.21/F1.00/H0/L1 | 提取质量: 🟢high | 留白率: 0% | 低质量率: 0%
2026-07-27 10:06:28 | INFO     | 
🔍 [正在处理] ANS_ISC_350 | 启动 3WD 流水线...
2026-07-27 10:06:28 | INFO     | 📢 [总进度] 40/76 份试卷已归档。
2026-07-27 10:06:57 | INFO     | ✅ [批改完成] ANS_ISC_349 | 路由: BND | 最终分: 0.8 | 风险: P0.00/U0.12/F1.00/H0/L1 | 提取质量: 🟢high | 留白率: 0% | 低质量率: 0%
2026-07-27 10:06:57 | INFO     | 
🔍 [正在处理] ANS_ISC_351 | 启动 3WD 流水线...
2026-07-27 10:06:57 | INFO     | 📢 [总进度] 41/76 份试卷已归档。
2026-07-27 10:07:05 | INFO     | ✅ [批改完成] ANS_ISC_350 | 路由: BND | 最终分: 4.2 | 风险: P0.00/U0.12/F0.50/H0/L1 | 提取质量: 🟢high | 留白率: 0% | 低质量率: 0%
2026-07-27 10:07:05 | INFO     | 
🔍 [正在处理] ANS_ISC_352 | 启动 3WD 流水线...
2026-07-27 10:07:05 | INFO     | 📢 [总进度] 42/76 份试卷已归档。
2026-07-27 10:07:31 | INFO     | ✅ [批改完成] ANS_ISC_352 | 路由: POS | 最终分: 0 | 风险: P0.00/U0.00/F1.00/H0/L1 | 提取质量: 🟢high | 留白率: 0% | 低质量率: 0%
2026-07-27 10:07:31 | INFO     | 
🔍 [正在处理] ANS_ISC_353 | 启动 3WD 流水线...
2026-07-27 10:07:31 | INFO     | 📢 [总进度] 43/76 份试卷已归档。
2026-07-27 10:07:36 | INFO     | ✅ [批改完成] ANS_ISC_351 | 路由: BND | 最终分: 6.7 | 风险: P0.00/U0.09/F0.00/H0/L0 | 提取质量: 🟢high | 留白率: 0% | 低质量率: 0%
2026-07-27 10:07:36 | INFO     | 
🔍 [正在处理] ANS_ISC_354 | 启动 3WD 流水线...
2026-07-27 10:07:36 | INFO     | 📢 [总进度] 44/76 份试卷已归档。
2026-07-27 10:08:02 | INFO     | ✅ [批改完成] ANS_ISC_353 | 路由: POS | 最终分: 0 | 风险: P0.00/U0.00/F1.00/H0/L1 | 提取质量: 🟢high | 留白率: 0% | 低质量率: 0%
2026-07-27 10:08:02 | INFO     | 
🔍 [正在处理] ANS_ISC_355 | 启动 3WD 流水线...
2026-07-27 10:08:02 | INFO     | 📢 [总进度] 45/76 份试卷已归档。
2026-07-27 10:08:08 | INFO     | ✅ [批改完成] ANS_ISC_354 | 路由: POS | 最终分: 10.0 | 风险: P0.00/U0.00/F0.00/H0/L0 | 提取质量: 🟢high | 留白率: 0% | 低质量率: 0%
2026-07-27 10:08:08 | INFO     | 
🔍 [正在处理] ANS_ISC_356 | 启动 3WD 流水线...
2026-07-27 10:08:08 | INFO     | 📢 [总进度] 46/76 份试卷已归档。
2026-07-27 10:08:35 | INFO     | ✅ [批改完成] ANS_ISC_356 | 路由: POS | 最终分: 10.0 | 风险: P0.00/U0.00/F0.00/H0/L0 | 提取质量: 🟢high | 留白率: 0% | 低质量率: 0%
2026-07-27 10:08:35 | INFO     | 
🔍 [正在处理] ANS_ISC_357 | 启动 3WD 流水线...
2026-07-27 10:08:35 | INFO     | 📢 [总进度] 47/76 份试卷已归档。
2026-07-27 10:08:37 | INFO     | ✅ [批改完成] ANS_ISC_355 | 路由: BND | 最终分: 0 | 风险: P0.40/U0.00/F0.50/H0/L0 | 提取质量: 🟡low | 留白率: 50% | 低质量率: 0%
2026-07-27 10:08:37 | INFO     | 
🔍 [正在处理] ANS_ISC_358 | 启动 3WD 流水线...
2026-07-27 10:08:37 | INFO     | 📢 [总进度] 48/76 份试卷已归档。
2026-07-27 10:09:07 | INFO     | ✅ [批改完成] ANS_ISC_358 | 路由: BND | 最终分: 1.7 | 风险: P0.00/U0.12/F0.50/H0/L1 | 提取质量: 🟢high | 留白率: 0% | 低质量率: 0%
2026-07-27 10:09:07 | INFO     | 
🔍 [正在处理] ANS_ISC_359 | 启动 3WD 流水线...
2026-07-27 10:09:07 | INFO     | 📢 [总进度] 49/76 份试卷已归档。
2026-07-27 10:09:11 | INFO     | ✅ [批改完成] ANS_ISC_357 | 路由: BND | 最终分: 1.7 | 风险: P0.00/U0.12/F0.50/H0/L1 | 提取质量: 🟢high | 留白率: 0% | 低质量率: 0%
2026-07-27 10:09:11 | INFO     | 
🔍 [正在处理] ANS_ISC_360 | 启动 3WD 流水线...
2026-07-27 10:09:11 | INFO     | 📢 [总进度] 50/76 份试卷已归档。
2026-07-27 10:09:41 | INFO     | ✅ [批改完成] ANS_ISC_359 | 路由: BND | 最终分: 1.7 | 风险: P0.00/U0.12/F0.50/H0/L1 | 提取质量: 🟢high | 留白率: 0% | 低质量率: 0%
2026-07-27 10:09:41 | INFO     | 
🔍 [正在处理] ANS_ISC_361 | 启动 3WD 流水线...
2026-07-27 10:09:41 | INFO     | 📢 [总进度] 51/76 份试卷已归档。
2026-07-27 10:09:46 | INFO     | ✅ [批改完成] ANS_ISC_360 | 路由: BND | 最终分: 1.12 | 风险: P0.00/U0.07/F0.00/H0/L1 | 提取质量: 🟢high | 留白率: 0% | 低质量率: 0%
2026-07-27 10:09:46 | INFO     | 
🔍 [正在处理] ANS_ISC_362 | 启动 3WD 流水线...
2026-07-27 10:09:46 | INFO     | 📢 [总进度] 52/76 份试卷已归档。
2026-07-27 10:10:10 | INFO     | ✅ [批改完成] ANS_ISC_362 | 路由: POS | 最终分: 2.5 | 风险: P0.00/U0.00/F0.50/H0/L1 | 提取质量: 🟢high | 留白率: 0% | 低质量率: 0%
2026-07-27 10:10:10 | INFO     | 
🔍 [正在处理] ANS_ISC_363 | 启动 3WD 流水线...
2026-07-27 10:10:10 | INFO     | 📢 [总进度] 53/76 份试卷已归档。
2026-07-27 10:10:22 | INFO     | ✅ [批改完成] ANS_ISC_361 | 路由: BND | 最终分: 0 | 风险: P0.00/U0.12/F0.50/H0/L1 | 提取质量: 🟢high | 留白率: 0% | 低质量率: 0%
2026-07-27 10:10:22 | INFO     | 
🔍 [正在处理] ANS_ISC_364 | 启动 3WD 流水线...
2026-07-27 10:10:22 | INFO     | 📢 [总进度] 54/76 份试卷已归档。
2026-07-27 10:10:42 | INFO     | ✅ [批改完成] ANS_ISC_363 | 路由: BND | 最终分: 5.8 | 风险: P0.00/U0.31/F0.50/H0/L1 | 提取质量: 🟢high | 留白率: 0% | 低质量率: 0%
2026-07-27 10:10:42 | INFO     | 
🔍 [正在处理] ANS_ISC_365 | 启动 3WD 流水线...
2026-07-27 10:10:42 | INFO     | 📢 [总进度] 55/76 份试卷已归档。
2026-07-27 10:10:56 | INFO     | ✅ [批改完成] ANS_ISC_364 | 路由: BND | 最终分: 1.3 | 风险: P0.00/U0.10/F0.50/H0/L1 | 提取质量: 🟢high | 留白率: 0% | 低质量率: 0%
2026-07-27 10:10:56 | INFO     | 
🔍 [正在处理] ANS_ISC_366 | 启动 3WD 流水线...
2026-07-27 10:10:56 | INFO     | 📢 [总进度] 56/76 份试卷已归档。
2026-07-27 10:11:30 | INFO     | ✅ [批改完成] ANS_ISC_365 | 路由: BND | 最终分: 1.7 | 风险: P0.00/U0.12/F0.50/H0/L1 | 提取质量: 🟢high | 留白率: 0% | 低质量率: 0%
2026-07-27 10:11:30 | INFO     | 
🔍 [正在处理] ANS_ISC_367 | 启动 3WD 流水线...
2026-07-27 10:11:30 | INFO     | 📢 [总进度] 57/76 份试卷已归档。
2026-07-27 10:11:34 | INFO     | ✅ [批改完成] ANS_ISC_366 | 路由: POS | 最终分: 0 | 风险: P0.00/U0.00/F1.00/H0/L1 | 提取质量: 🟢high | 留白率: 0% | 低质量率: 0%
2026-07-27 10:11:34 | INFO     | 
🔍 [正在处理] ANS_ISC_368 | 启动 3WD 流水线...
2026-07-27 10:11:34 | INFO     | 📢 [总进度] 58/76 份试卷已归档。
2026-07-27 10:11:55 | INFO     | ✅ [批改完成] ANS_ISC_367 | 路由: POS | 最终分: 2.5 | 风险: P0.00/U0.00/F0.50/H0/L1 | 提取质量: 🟢high | 留白率: 0% | 低质量率: 0%
2026-07-27 10:11:55 | INFO     | 
🔍 [正在处理] ANS_ISC_369 | 启动 3WD 流水线...
2026-07-27 10:11:55 | INFO     | 📢 [总进度] 59/76 份试卷已归档。
2026-07-27 10:12:02 | INFO     | ✅ [批改完成] ANS_ISC_368 | 路由: NEG | 最终分: 0 | 风险: P0.80/U0.00/F0.00/H0/L0 | 提取质量: 🟡low | 留白率: 100% | 低质量率: 0%
2026-07-27 10:12:02 | INFO     | 
🔍 [正在处理] ANS_ISC_370 | 启动 3WD 流水线...
2026-07-27 10:12:02 | INFO     | 📢 [总进度] 60/76 份试卷已归档 [NEG-拒绝]。
2026-07-27 10:12:26 | INFO     | ✅ [批改完成] ANS_ISC_369 | 路由: POS | 最终分: 0 | 风险: P0.00/U0.00/F1.00/H0/L1 | 提取质量: 🟢high | 留白率: 0% | 低质量率: 0%
2026-07-27 10:12:26 | INFO     | 
🔍 [正在处理] ANS_ISC_371 | 启动 3WD 流水线...
2026-07-27 10:12:26 | INFO     | 📢 [总进度] 61/76 份试卷已归档。
2026-07-27 10:12:39 | INFO     | ✅ [批改完成] ANS_ISC_370 | 路由: POS | 最终分: 0 | 风险: P0.00/U0.00/F1.00/H0/L1 | 提取质量: 🟢high | 留白率: 0% | 低质量率: 0%
2026-07-27 10:12:39 | INFO     | 
🔍 [正在处理] ANS_ISC_372 | 启动 3WD 流水线...
2026-07-27 10:12:39 | INFO     | 📢 [总进度] 62/76 份试卷已归档。
2026-07-27 10:12:47 | INFO     | ✅ [批改完成] ANS_ISC_371 | 路由: POS | 最终分: 10.0 | 风险: P0.00/U0.00/F0.00/H0/L0 | 提取质量: 🟢high | 留白率: 0% | 低质量率: 0%
2026-07-27 10:12:47 | INFO     | 
🔍 [正在处理] ANS_ISC_373 | 启动 3WD 流水线...
2026-07-27 10:12:47 | INFO     | 📢 [总进度] 63/76 份试卷已归档。
2026-07-27 10:13:08 | INFO     | ✅ [批改完成] ANS_ISC_372 | 路由: POS | 最终分: 2.5 | 风险: P0.00/U0.00/F0.50/H0/L1 | 提取质量: 🟢high | 留白率: 0% | 低质量率: 0%
2026-07-27 10:13:08 | INFO     | 
🔍 [正在处理] ANS_ISC_374 | 启动 3WD 流水线...
2026-07-27 10:13:08 | INFO     | 📢 [总进度] 64/76 份试卷已归档。
2026-07-27 10:13:30 | INFO     | ✅ [批改完成] ANS_ISC_373 | 路由: BND | 最终分: 3.3 | 风险: P0.40/U0.12/F0.00/H0/L0 | 提取质量: 🟡low | 留白率: 50% | 低质量率: 0%
2026-07-27 10:13:30 | INFO     | 
🔍 [正在处理] ANS_ISC_375 | 启动 3WD 流水线...
2026-07-27 10:13:30 | INFO     | 📢 [总进度] 65/76 份试卷已归档。
2026-07-27 10:13:43 | INFO     | ✅ [批改完成] ANS_ISC_374 | 路由: BND | 最终分: 6.7 | 风险: P0.00/U0.47/F0.00/H0/L0 | 提取质量: 🟢high | 留白率: 0% | 低质量率: 0%
2026-07-27 10:13:43 | INFO     | 
🔍 [正在处理] ANS_ISC_376 | 启动 3WD 流水线...
2026-07-27 10:13:43 | INFO     | 📢 [总进度] 66/76 份试卷已归档。
2026-07-27 10:14:03 | INFO     | ✅ [批改完成] ANS_ISC_375 | 路由: BND | 最终分: 0.8 | 风险: P0.00/U0.12/F1.00/H0/L1 | 提取质量: 🟢high | 留白率: 0% | 低质量率: 0%
2026-07-27 10:14:03 | INFO     | 
🔍 [正在处理] ANS_ISC_378 | 启动 3WD 流水线...
2026-07-27 10:14:03 | INFO     | 📢 [总进度] 67/76 份试卷已归档。
2026-07-27 10:14:08 | INFO     | ✅ [批改完成] ANS_ISC_376 | 路由: POS | 最终分: 0 | 风险: P0.00/U0.00/F1.00/H0/L1 | 提取质量: 🟢high | 留白率: 0% | 低质量率: 0%
2026-07-27 10:14:08 | INFO     | 
🔍 [正在处理] ANS_ISC_379 | 启动 3WD 流水线...
2026-07-27 10:14:08 | INFO     | 📢 [总进度] 68/76 份试卷已归档。
2026-07-27 10:14:35 | INFO     | ✅ [批改完成] ANS_ISC_378 | 路由: BND | 最终分: 0 | 风险: P0.40/U0.00/F0.50/H0/L0 | 提取质量: 🟡low | 留白率: 50% | 低质量率: 0%
2026-07-27 10:14:35 | INFO     | 
🔍 [正在处理] ANS_ISC_380 | 启动 3WD 流水线...
2026-07-27 10:14:35 | INFO     | 📢 [总进度] 69/76 份试卷已归档。
2026-07-27 10:14:44 | INFO     | ✅ [批改完成] ANS_ISC_379 | 路由: BND | 最终分: 1.7 | 风险: P0.00/U0.12/F0.50/H0/L1 | 提取质量: 🟢high | 留白率: 0% | 低质量率: 0%
2026-07-27 10:14:44 | INFO     | 
🔍 [正在处理] ANS_ISC_381 | 启动 3WD 流水线...
2026-07-27 10:14:44 | INFO     | 📢 [总进度] 70/76 份试卷已归档。
2026-07-27 10:15:17 | INFO     | ✅ [批改完成] ANS_ISC_380 | 路由: BND | 最终分: 1.43 | 风险: P0.00/U0.12/F0.50/H0/L1 | 提取质量: 🟢high | 留白率: 0% | 低质量率: 0%
2026-07-27 10:15:17 | INFO     | 
🔍 [正在处理] ANS_ISC_382 | 启动 3WD 流水线...
2026-07-27 10:15:17 | INFO     | 📢 [总进度] 71/76 份试卷已归档。
2026-07-27 10:15:35 | INFO     | ✅ [批改完成] ANS_ISC_381 | 路由: BND | 最终分: 0 | 风险: P0.00/U0.12/F0.50/H0/L1 | 提取质量: 🟢high | 留白率: 0% | 低质量率: 0%
2026-07-27 10:15:35 | INFO     | 
🔍 [正在处理] ANS_ISC_383 | 启动 3WD 流水线...
2026-07-27 10:15:35 | INFO     | 📢 [总进度] 72/76 份试卷已归档。
2026-07-27 10:15:47 | INFO     | ✅ [批改完成] ANS_ISC_382 | 路由: POS | 最终分: 10.0 | 风险: P0.00/U0.00/F0.00/H0/L0 | 提取质量: 🟢high | 留白率: 0% | 低质量率: 0%
2026-07-27 10:15:47 | INFO     | 
🔍 [正在处理] ANS_ISC_384 | 启动 3WD 流水线...
2026-07-27 10:15:47 | INFO     | 📢 [总进度] 73/76 份试卷已归档。
2026-07-27 10:16:18 | INFO     | ✅ [批改完成] ANS_ISC_383 | 路由: BND | 最终分: 2.0 | 风险: P0.00/U0.21/F0.50/H0/L1 | 提取质量: 🟢high | 留白率: 0% | 低质量率: 0%
2026-07-27 10:16:18 | INFO     | 
🔍 [正在处理] ANS_ISC_385 | 启动 3WD 流水线...
2026-07-27 10:16:18 | INFO     | 📢 [总进度] 74/76 份试卷已归档。
2026-07-27 10:16:32 | INFO     | ✅ [批改完成] ANS_ISC_384 | 路由: BND | 最终分: 5.8 | 风险: P0.00/U0.12/F0.00/H0/L1 | 提取质量: 🟢high | 留白率: 0% | 低质量率: 0%
2026-07-27 10:16:32 | INFO     | 📢 [总进度] 75/76 份试卷已归档。
2026-07-27 10:16:42 | INFO     | ✅ [批改完成] ANS_ISC_385 | 路由: NEG | 最终分: 0 | 风险: P0.80/U0.00/F0.00/H0/L0 | 提取质量: 🟡low | 留白率: 100% | 低质量率: 0%
2026-07-27 10:16:42 | INFO     | 📢 [总进度] 76/76 份试卷已归档 [NEG-拒绝]。
2026-07-27 10:16:42 | INFO     | 🗂️ 所有线程交卷完毕，正在整理数据... (共收集 76/76 份结果)
2026-07-27 10:16:42 | INFO     | 💾 正常批改结果已保存: D:\users\王鑫020420\Desktop\refgrader-main\results_runs\csbench_isc1_isc2_isc3_isc4_isc5_isc6_isc7_isc8_isc9_all\runs\teacher_audit_isc_1_9_20260725_192008\ISC_9_graded_results.json (70 人)
2026-07-27 10:16:42 | INFO     | 🛑 拒绝域结果已单独保存: D:\users\王鑫020420\Desktop\refgrader-main\results_runs\csbench_isc1_isc2_isc3_isc4_isc5_isc6_isc7_isc8_isc9_all\runs\teacher_audit_isc_1_9_20260725_192008\ISC_9_rejected.json (6 人)
2026-07-27 10:16:42 | INFO     | [result consistency] ISC_9: checkpoint=76, graded=70, rejected=6, failed=0, expected=76
2026-07-27 10:16:42 | INFO     | 
🏆 任务完成！
