2026-07-25 21:47:54 | INFO     | ==================================================
2026-07-25 21:47:54 | INFO     | 📂 正在加载试卷数据库...
2026-07-25 21:47:54 | INFO     |    运行模式: FULL
2026-07-25 21:47:54 | INFO     |    题目范围: ['DM_1', 'DM_2', 'DM_3']
2026-07-25 21:47:54 | INFO     |    文本模型: glm5 -> glm-5.2 (thinking=disabled)
2026-07-25 21:47:54 | INFO     |    提取后端: csbench_hybrid
2026-07-25 21:47:54 | INFO     |    题库文件: D:\users\王鑫020420\Desktop\refgrader-main\data\csbench\exam_database.json
2026-07-25 21:47:54 | INFO     |    教师分文件: D:\users\王鑫020420\Desktop\refgrader-main\data\csbench\teacher_scores.json
2026-07-25 21:47:54 | INFO     |    Sample quality policy: raw (mode=raw, excluded=0, corrected=0)
2026-07-25 21:47:54 | INFO     |    答案元数据: D:\users\王鑫020420\Desktop\refgrader-main\data\csbench\answer_metadata.jsonl
2026-07-25 21:47:54 | INFO     |    并发数:   2
2026-07-25 21:47:54 | INFO     |    结果目录: D:\users\王鑫020420\Desktop\refgrader-main\results_runs\csbench_dm1_dm2_dm3_all\runs\teacher_audit_dm_1_3_20260725_192008
2026-07-25 21:47:54 | INFO     |    Rubric目录: D:\users\王鑫020420\Desktop\refgrader-main\data\csbench\rubrics\optimized
2026-07-25 21:47:54 | INFO     |    初始Rubric目录: D:\users\王鑫020420\Desktop\refgrader-main\data\csbench\rubrics\initial
2026-07-25 21:47:54 | INFO     |    允许回退初始Rubric: False
2026-07-25 21:47:54 | INFO     |    进度文件: D:\users\王鑫020420\Desktop\refgrader-main\results_runs\csbench_dm1_dm2_dm3_all\runs\teacher_audit_dm_1_3_20260725_192008\progress.json
2026-07-25 21:47:54 | INFO     |    日志文件: logs\experiment_teacher_audit_dm_1_3_20260725_192008.log
2026-07-25 21:47:54 | INFO     | 🚀 当前处于【精准批改模式】
2026-07-25 21:47:54 | INFO     | 
🚀 [标准模式] 开始处理: DM_1
2026-07-25 21:47:54 | INFO     | ⚡ 已加载本地标准: D:\users\王鑫020420\Desktop\refgrader-main\data\csbench\rubrics\optimized\DM\DM_1_rubric_standard.json
2026-07-25 21:47:54 | INFO     | [metadata] loaded 3326 answer records from D:\users\王鑫020420\Desktop\refgrader-main\data\csbench\answer_metadata.jsonl
2026-07-25 21:47:54 | INFO     | [PaddleOCR] preparing 87/88 visual-answer cache entries...
2026-07-25 21:48:05 | INFO     | Initialize PaddleOCR | device=cpu | lang=ch | pending=1/1 | model_cache=D:\paddlex_cache
[1/1] completed: ANS_DM_01.jpg | tokens=13 | mean_conf=0.919621 | output=D:\users\王鑫020420\Desktop\refgrader-main\ocr_cache\csbench\DM_1\ANS_DM_01.json
summary: completed=1, skipped=0, failed=0
2026-07-25 21:48:19 | INFO     | Initialize PaddleOCR | device=cpu | lang=ch | pending=1/1 | model_cache=D:\paddlex_cache
[1/1] completed: ANS_DM_02.jpg | tokens=21 | mean_conf=0.970577 | output=D:\users\王鑫020420\Desktop\refgrader-main\ocr_cache\csbench\DM_1\ANS_DM_02.json
summary: completed=1, skipped=0, failed=0
2026-07-25 21:48:22 | INFO     | [1/1] cache hit: ANS_DM_03.jpg
summary: completed=0, skipped=1, failed=0
2026-07-25 21:48:34 | INFO     | Initialize PaddleOCR | device=cpu | lang=ch | pending=1/1 | model_cache=D:\paddlex_cache
[1/1] completed: ANS_DM_06.jpg | tokens=15 | mean_conf=0.964697 | output=D:\users\王鑫020420\Desktop\refgrader-main\ocr_cache\csbench\DM_1\ANS_DM_06.json
summary: completed=1, skipped=0, failed=0
2026-07-25 21:48:47 | INFO     | Initialize PaddleOCR | device=cpu | lang=ch | pending=1/1 | model_cache=D:\paddlex_cache
[1/1] completed: ANS_DM_07.jpg | tokens=17 | mean_conf=0.956999 | output=D:\users\王鑫020420\Desktop\refgrader-main\ocr_cache\csbench\DM_1\ANS_DM_07.json
summary: completed=1, skipped=0, failed=0
2026-07-25 21:48:58 | INFO     | Initialize PaddleOCR | device=cpu | lang=ch | pending=1/1 | model_cache=D:\paddlex_cache
[1/1] completed: ANS_DM_08.jpg | tokens=12 | mean_conf=0.979423 | output=D:\users\王鑫020420\Desktop\refgrader-main\ocr_cache\csbench\DM_1\ANS_DM_08.json
summary: completed=1, skipped=0, failed=0
2026-07-25 21:49:10 | INFO     | Initialize PaddleOCR | device=cpu | lang=ch | pending=1/1 | model_cache=D:\paddlex_cache
[1/1] completed: ANS_DM_09.jpg | tokens=9 | mean_conf=0.974518 | output=D:\users\王鑫020420\Desktop\refgrader-main\ocr_cache\csbench\DM_1\ANS_DM_09.json
summary: completed=1, skipped=0, failed=0
2026-07-25 21:49:22 | INFO     | Initialize PaddleOCR | device=cpu | lang=ch | pending=1/1 | model_cache=D:\paddlex_cache
[1/1] completed: ANS_DM_10.jpg | tokens=11 | mean_conf=0.956961 | output=D:\users\王鑫020420\Desktop\refgrader-main\ocr_cache\csbench\DM_1\ANS_DM_10.json
summary: completed=1, skipped=0, failed=0
2026-07-25 21:49:26 | INFO     | [1/1] cache hit: ANS_DM_11.jpg
summary: completed=0, skipped=1, failed=0
2026-07-25 21:49:39 | INFO     | Initialize PaddleOCR | device=cpu | lang=ch | pending=1/1 | model_cache=D:\paddlex_cache
[1/1] completed: ANS_DM_12.jpg | tokens=8 | mean_conf=0.950878 | output=D:\users\王鑫020420\Desktop\refgrader-main\ocr_cache\csbench\DM_1\ANS_DM_12.json
summary: completed=1, skipped=0, failed=0
2026-07-25 21:49:50 | INFO     | Initialize PaddleOCR | device=cpu | lang=ch | pending=1/1 | model_cache=D:\paddlex_cache
[1/1] completed: ANS_DM_13.jpg | tokens=11 | mean_conf=0.975024 | output=D:\users\王鑫020420\Desktop\refgrader-main\ocr_cache\csbench\DM_1\ANS_DM_13.json
summary: completed=1, skipped=0, failed=0
2026-07-25 21:50:03 | INFO     | Initialize PaddleOCR | device=cpu | lang=ch | pending=1/1 | model_cache=D:\paddlex_cache
[1/1] completed: ANS_DM_14.jpg | tokens=12 | mean_conf=0.937993 | output=D:\users\王鑫020420\Desktop\refgrader-main\ocr_cache\csbench\DM_1\ANS_DM_14.json
summary: completed=1, skipped=0, failed=0
2026-07-25 21:50:18 | INFO     | Initialize PaddleOCR | device=cpu | lang=ch | pending=1/1 | model_cache=D:\paddlex_cache
[1/1] completed: ANS_DM_15.jpg | tokens=29 | mean_conf=0.893412 | output=D:\users\王鑫020420\Desktop\refgrader-main\ocr_cache\csbench\DM_1\ANS_DM_15.json
summary: completed=1, skipped=0, failed=0
2026-07-25 21:50:30 | INFO     | Initialize PaddleOCR | device=cpu | lang=ch | pending=1/1 | model_cache=D:\paddlex_cache
[1/1] completed: ANS_DM_16.jpg | tokens=11 | mean_conf=0.918436 | output=D:\users\王鑫020420\Desktop\refgrader-main\ocr_cache\csbench\DM_1\ANS_DM_16.json
summary: completed=1, skipped=0, failed=0
2026-07-25 21:50:41 | INFO     | Initialize PaddleOCR | device=cpu | lang=ch | pending=1/1 | model_cache=D:\paddlex_cache
[1/1] completed: ANS_DM_17.jpg | tokens=10 | mean_conf=0.93148 | output=D:\users\王鑫020420\Desktop\refgrader-main\ocr_cache\csbench\DM_1\ANS_DM_17.json
summary: completed=1, skipped=0, failed=0
2026-07-25 21:50:54 | INFO     | Initialize PaddleOCR | device=cpu | lang=ch | pending=1/1 | model_cache=D:\paddlex_cache
[1/1] completed: ANS_DM_18.jpg | tokens=15 | mean_conf=0.956517 | output=D:\users\王鑫020420\Desktop\refgrader-main\ocr_cache\csbench\DM_1\ANS_DM_18.json
summary: completed=1, skipped=0, failed=0
2026-07-25 21:50:57 | INFO     | [1/1] cache hit: ANS_DM_19.jpg
summary: completed=0, skipped=1, failed=0
2026-07-25 21:51:09 | INFO     | Initialize PaddleOCR | device=cpu | lang=ch | pending=1/1 | model_cache=D:\paddlex_cache
[1/1] completed: ANS_DM_20.jpg | tokens=14 | mean_conf=0.977094 | output=D:\users\王鑫020420\Desktop\refgrader-main\ocr_cache\csbench\DM_1\ANS_DM_20.json
summary: completed=1, skipped=0, failed=0
2026-07-25 21:51:13 | INFO     | [1/1] cache hit: ANS_DM_21.jpg
summary: completed=0, skipped=1, failed=0
2026-07-25 21:51:25 | INFO     | Initialize PaddleOCR | device=cpu | lang=ch | pending=1/1 | model_cache=D:\paddlex_cache
[1/1] completed: ANS_DM_22.jpg | tokens=15 | mean_conf=0.977011 | output=D:\users\王鑫020420\Desktop\refgrader-main\ocr_cache\csbench\DM_1\ANS_DM_22.json
summary: completed=1, skipped=0, failed=0
2026-07-25 21:51:37 | INFO     | Initialize PaddleOCR | device=cpu | lang=ch | pending=1/1 | model_cache=D:\paddlex_cache
[1/1] completed: ANS_DM_23.jpg | tokens=16 | mean_conf=0.896266 | output=D:\users\王鑫020420\Desktop\refgrader-main\ocr_cache\csbench\DM_1\ANS_DM_23.json
summary: completed=1, skipped=0, failed=0
2026-07-25 21:51:49 | INFO     | Initialize PaddleOCR | device=cpu | lang=ch | pending=1/1 | model_cache=D:\paddlex_cache
[1/1] completed: ANS_DM_24.jpg | tokens=16 | mean_conf=0.924555 | output=D:\users\王鑫020420\Desktop\refgrader-main\ocr_cache\csbench\DM_1\ANS_DM_24.json
summary: completed=1, skipped=0, failed=0
2026-07-25 21:52:01 | INFO     | Initialize PaddleOCR | device=cpu | lang=ch | pending=1/1 | model_cache=D:\paddlex_cache
[1/1] completed: ANS_DM_25.jpg | tokens=14 | mean_conf=0.953568 | output=D:\users\王鑫020420\Desktop\refgrader-main\ocr_cache\csbench\DM_1\ANS_DM_25.json
summary: completed=1, skipped=0, failed=0
2026-07-25 21:52:12 | INFO     | Initialize PaddleOCR | device=cpu | lang=ch | pending=1/1 | model_cache=D:\paddlex_cache
[1/1] completed: ANS_DM_26.jpg | tokens=14 | mean_conf=0.965598 | output=D:\users\王鑫020420\Desktop\refgrader-main\ocr_cache\csbench\DM_1\ANS_DM_26.json
summary: completed=1, skipped=0, failed=0
2026-07-25 21:52:25 | INFO     | Initialize PaddleOCR | device=cpu | lang=ch | pending=1/1 | model_cache=D:\paddlex_cache
[1/1] completed: ANS_DM_27.jpg | tokens=17 | mean_conf=0.944759 | output=D:\users\王鑫020420\Desktop\refgrader-main\ocr_cache\csbench\DM_1\ANS_DM_27.json
summary: completed=1, skipped=0, failed=0
2026-07-25 21:52:36 | INFO     | Initialize PaddleOCR | device=cpu | lang=ch | pending=1/1 | model_cache=D:\paddlex_cache
[1/1] completed: ANS_DM_28.jpg | tokens=12 | mean_conf=0.955187 | output=D:\users\王鑫020420\Desktop\refgrader-main\ocr_cache\csbench\DM_1\ANS_DM_28.json
summary: completed=1, skipped=0, failed=0
2026-07-25 21:52:48 | INFO     | Initialize PaddleOCR | device=cpu | lang=ch | pending=1/1 | model_cache=D:\paddlex_cache
[1/1] completed: ANS_DM_29.jpg | tokens=14 | mean_conf=0.9746 | output=D:\users\王鑫020420\Desktop\refgrader-main\ocr_cache\csbench\DM_1\ANS_DM_29.json
summary: completed=1, skipped=0, failed=0
2026-07-25 21:53:03 | INFO     | Initialize PaddleOCR | device=cpu | lang=ch | pending=1/1 | model_cache=D:\paddlex_cache
[1/1] completed: ANS_DM_30.jpg | tokens=24 | mean_conf=0.939228 | output=D:\users\王鑫020420\Desktop\refgrader-main\ocr_cache\csbench\DM_1\ANS_DM_30.json
summary: completed=1, skipped=0, failed=0
2026-07-25 21:53:19 | INFO     | Initialize PaddleOCR | device=cpu | lang=ch | pending=1/1 | model_cache=D:\paddlex_cache
[1/1] completed: ANS_DM_31.jpg | tokens=30 | mean_conf=0.952537 | output=D:\users\王鑫020420\Desktop\refgrader-main\ocr_cache\csbench\DM_1\ANS_DM_31.json
summary: completed=1, skipped=0, failed=0
2026-07-25 21:53:32 | INFO     | Initialize PaddleOCR | device=cpu | lang=ch | pending=1/1 | model_cache=D:\paddlex_cache
[1/1] completed: ANS_DM_32.jpg | tokens=15 | mean_conf=0.861397 | output=D:\users\王鑫020420\Desktop\refgrader-main\ocr_cache\csbench\DM_1\ANS_DM_32.json
summary: completed=1, skipped=0, failed=0
2026-07-25 21:53:43 | INFO     | Initialize PaddleOCR | device=cpu | lang=ch | pending=1/1 | model_cache=D:\paddlex_cache
[1/1] completed: ANS_DM_33.jpg | tokens=11 | mean_conf=0.922419 | output=D:\users\王鑫020420\Desktop\refgrader-main\ocr_cache\csbench\DM_1\ANS_DM_33.json
summary: completed=1, skipped=0, failed=0
2026-07-25 21:53:54 | INFO     | Initialize PaddleOCR | device=cpu | lang=ch | pending=1/1 | model_cache=D:\paddlex_cache
[1/1] completed: ANS_DM_34.jpg | tokens=14 | mean_conf=0.939839 | output=D:\users\王鑫020420\Desktop\refgrader-main\ocr_cache\csbench\DM_1\ANS_DM_34.json
summary: completed=1, skipped=0, failed=0
2026-07-25 21:54:07 | INFO     | Initialize PaddleOCR | device=cpu | lang=ch | pending=1/1 | model_cache=D:\paddlex_cache
[1/1] completed: ANS_DM_35.jpg | tokens=17 | mean_conf=0.967548 | output=D:\users\王鑫020420\Desktop\refgrader-main\ocr_cache\csbench\DM_1\ANS_DM_35.json
summary: completed=1, skipped=0, failed=0
2026-07-25 21:54:18 | INFO     | Initialize PaddleOCR | device=cpu | lang=ch | pending=1/1 | model_cache=D:\paddlex_cache
[1/1] completed: ANS_DM_36.jpg | tokens=11 | mean_conf=0.833059 | output=D:\users\王鑫020420\Desktop\refgrader-main\ocr_cache\csbench\DM_1\ANS_DM_36.json
summary: completed=1, skipped=0, failed=0
2026-07-25 21:54:29 | INFO     | Initialize PaddleOCR | device=cpu | lang=ch | pending=1/1 | model_cache=D:\paddlex_cache
[1/1] completed: ANS_DM_37.jpg | tokens=12 | mean_conf=0.924777 | output=D:\users\王鑫020420\Desktop\refgrader-main\ocr_cache\csbench\DM_1\ANS_DM_37.json
summary: completed=1, skipped=0, failed=0
2026-07-25 21:54:40 | INFO     | Initialize PaddleOCR | device=cpu | lang=ch | pending=1/1 | model_cache=D:\paddlex_cache
[1/1] completed: ANS_DM_38.jpg | tokens=9 | mean_conf=0.955374 | output=D:\users\王鑫020420\Desktop\refgrader-main\ocr_cache\csbench\DM_1\ANS_DM_38.json
summary: completed=1, skipped=0, failed=0
2026-07-25 21:54:51 | INFO     | Initialize PaddleOCR | device=cpu | lang=ch | pending=1/1 | model_cache=D:\paddlex_cache
[1/1] completed: ANS_DM_39.jpg | tokens=8 | mean_conf=0.911141 | output=D:\users\王鑫020420\Desktop\refgrader-main\ocr_cache\csbench\DM_1\ANS_DM_39.json
summary: completed=1, skipped=0, failed=0
2026-07-25 21:55:03 | INFO     | Initialize PaddleOCR | device=cpu | lang=ch | pending=1/1 | model_cache=D:\paddlex_cache
[1/1] completed: ANS_DM_40.jpg | tokens=17 | mean_conf=0.878055 | output=D:\users\王鑫020420\Desktop\refgrader-main\ocr_cache\csbench\DM_1\ANS_DM_40.json
summary: completed=1, skipped=0, failed=0
2026-07-25 21:55:06 | INFO     | [1/1] cache hit: ANS_DM_41.jpg
summary: completed=0, skipped=1, failed=0
2026-07-25 21:55:19 | INFO     | Initialize PaddleOCR | device=cpu | lang=ch | pending=1/1 | model_cache=D:\paddlex_cache
[1/1] completed: ANS_DM_42.jpg | tokens=20 | mean_conf=0.944831 | output=D:\users\王鑫020420\Desktop\refgrader-main\ocr_cache\csbench\DM_1\ANS_DM_42.json
summary: completed=1, skipped=0, failed=0
2026-07-25 21:55:30 | INFO     | Initialize PaddleOCR | device=cpu | lang=ch | pending=1/1 | model_cache=D:\paddlex_cache
[1/1] completed: ANS_DM_43.jpg | tokens=13 | mean_conf=0.976293 | output=D:\users\王鑫020420\Desktop\refgrader-main\ocr_cache\csbench\DM_1\ANS_DM_43.json
summary: completed=1, skipped=0, failed=0
2026-07-25 21:55:42 | INFO     | Initialize PaddleOCR | device=cpu | lang=ch | pending=1/1 | model_cache=D:\paddlex_cache
[1/1] completed: ANS_DM_44.jpg | tokens=14 | mean_conf=0.936474 | output=D:\users\王鑫020420\Desktop\refgrader-main\ocr_cache\csbench\DM_1\ANS_DM_44.json
summary: completed=1, skipped=0, failed=0
2026-07-25 21:55:54 | INFO     | Initialize PaddleOCR | device=cpu | lang=ch | pending=1/1 | model_cache=D:\paddlex_cache
[1/1] completed: ANS_DM_45.jpg | tokens=17 | mean_conf=0.946888 | output=D:\users\王鑫020420\Desktop\refgrader-main\ocr_cache\csbench\DM_1\ANS_DM_45.json
summary: completed=1, skipped=0, failed=0
2026-07-25 21:56:05 | INFO     | Initialize PaddleOCR | device=cpu | lang=ch | pending=1/1 | model_cache=D:\paddlex_cache
[1/1] completed: ANS_DM_46.jpg | tokens=9 | mean_conf=0.93907 | output=D:\users\王鑫020420\Desktop\refgrader-main\ocr_cache\csbench\DM_1\ANS_DM_46.json
summary: completed=1, skipped=0, failed=0
2026-07-25 21:56:17 | INFO     | Initialize PaddleOCR | device=cpu | lang=ch | pending=1/1 | model_cache=D:\paddlex_cache
[1/1] completed: ANS_DM_47.jpg | tokens=15 | mean_conf=0.933846 | output=D:\users\王鑫020420\Desktop\refgrader-main\ocr_cache\csbench\DM_1\ANS_DM_47.json
summary: completed=1, skipped=0, failed=0
2026-07-25 21:56:28 | INFO     | Initialize PaddleOCR | device=cpu | lang=ch | pending=1/1 | model_cache=D:\paddlex_cache
[1/1] completed: ANS_DM_48.jpg | tokens=12 | mean_conf=0.980112 | output=D:\users\王鑫020420\Desktop\refgrader-main\ocr_cache\csbench\DM_1\ANS_DM_48.json
summary: completed=1, skipped=0, failed=0
2026-07-25 21:56:40 | INFO     | Initialize PaddleOCR | device=cpu | lang=ch | pending=1/1 | model_cache=D:\paddlex_cache
[1/1] completed: ANS_DM_49.jpg | tokens=15 | mean_conf=0.96262 | output=D:\users\王鑫020420\Desktop\refgrader-main\ocr_cache\csbench\DM_1\ANS_DM_49.json
summary: completed=1, skipped=0, failed=0
2026-07-25 21:56:52 | INFO     | Initialize PaddleOCR | device=cpu | lang=ch | pending=1/1 | model_cache=D:\paddlex_cache
[1/1] completed: ANS_DM_50.jpg | tokens=12 | mean_conf=0.934416 | output=D:\users\王鑫020420\Desktop\refgrader-main\ocr_cache\csbench\DM_1\ANS_DM_50.json
summary: completed=1, skipped=0, failed=0
2026-07-25 21:57:04 | INFO     | Initialize PaddleOCR | device=cpu | lang=ch | pending=1/1 | model_cache=D:\paddlex_cache
[1/1] completed: ANS_DM_51.jpg | tokens=16 | mean_conf=0.956485 | output=D:\users\王鑫020420\Desktop\refgrader-main\ocr_cache\csbench\DM_1\ANS_DM_51.json
summary: completed=1, skipped=0, failed=0
2026-07-25 21:57:17 | INFO     | Initialize PaddleOCR | device=cpu | lang=ch | pending=1/1 | model_cache=D:\paddlex_cache
[1/1] completed: ANS_DM_52.jpg | tokens=19 | mean_conf=0.962501 | output=D:\users\王鑫020420\Desktop\refgrader-main\ocr_cache\csbench\DM_1\ANS_DM_52.json
summary: completed=1, skipped=0, failed=0
2026-07-25 21:57:29 | INFO     | Initialize PaddleOCR | device=cpu | lang=ch | pending=1/1 | model_cache=D:\paddlex_cache
[1/1] completed: ANS_DM_53.jpg | tokens=13 | mean_conf=0.968181 | output=D:\users\王鑫020420\Desktop\refgrader-main\ocr_cache\csbench\DM_1\ANS_DM_53.json
summary: completed=1, skipped=0, failed=0
2026-07-25 21:57:41 | INFO     | Initialize PaddleOCR | device=cpu | lang=ch | pending=1/1 | model_cache=D:\paddlex_cache
[1/1] completed: ANS_DM_54.jpg | tokens=15 | mean_conf=0.951272 | output=D:\users\王鑫020420\Desktop\refgrader-main\ocr_cache\csbench\DM_1\ANS_DM_54.json
summary: completed=1, skipped=0, failed=0
2026-07-25 21:57:53 | INFO     | Initialize PaddleOCR | device=cpu | lang=ch | pending=1/1 | model_cache=D:\paddlex_cache
[1/1] completed: ANS_DM_55.jpg | tokens=16 | mean_conf=0.925038 | output=D:\users\王鑫020420\Desktop\refgrader-main\ocr_cache\csbench\DM_1\ANS_DM_55.json
summary: completed=1, skipped=0, failed=0
2026-07-25 21:58:03 | INFO     | Initialize PaddleOCR | device=cpu | lang=ch | pending=1/1 | model_cache=D:\paddlex_cache
[1/1] completed: ANS_DM_56.jpg | tokens=7 | mean_conf=0.841578 | output=D:\users\王鑫020420\Desktop\refgrader-main\ocr_cache\csbench\DM_1\ANS_DM_56.json
summary: completed=1, skipped=0, failed=0
2026-07-25 21:58:15 | INFO     | Initialize PaddleOCR | device=cpu | lang=ch | pending=1/1 | model_cache=D:\paddlex_cache
[1/1] completed: ANS_DM_57.jpg | tokens=14 | mean_conf=0.967448 | output=D:\users\王鑫020420\Desktop\refgrader-main\ocr_cache\csbench\DM_1\ANS_DM_57.json
summary: completed=1, skipped=0, failed=0
2026-07-25 21:58:26 | INFO     | Initialize PaddleOCR | device=cpu | lang=ch | pending=1/1 | model_cache=D:\paddlex_cache
[1/1] completed: ANS_DM_58.jpg | tokens=13 | mean_conf=0.962628 | output=D:\users\王鑫020420\Desktop\refgrader-main\ocr_cache\csbench\DM_1\ANS_DM_58.json
summary: completed=1, skipped=0, failed=0
2026-07-25 21:58:38 | INFO     | Initialize PaddleOCR | device=cpu | lang=ch | pending=1/1 | model_cache=D:\paddlex_cache
[1/1] completed: ANS_DM_59.jpg | tokens=16 | mean_conf=0.970546 | output=D:\users\王鑫020420\Desktop\refgrader-main\ocr_cache\csbench\DM_1\ANS_DM_59.json
summary: completed=1, skipped=0, failed=0
2026-07-25 21:58:50 | INFO     | Initialize PaddleOCR | device=cpu | lang=ch | pending=1/1 | model_cache=D:\paddlex_cache
[1/1] completed: ANS_DM_60.jpg | tokens=12 | mean_conf=0.97678 | output=D:\users\王鑫020420\Desktop\refgrader-main\ocr_cache\csbench\DM_1\ANS_DM_60.json
summary: completed=1, skipped=0, failed=0
2026-07-25 21:59:02 | INFO     | Initialize PaddleOCR | device=cpu | lang=ch | pending=1/1 | model_cache=D:\paddlex_cache
[1/1] completed: ANS_DM_61.jpg | tokens=16 | mean_conf=0.963859 | output=D:\users\王鑫020420\Desktop\refgrader-main\ocr_cache\csbench\DM_1\ANS_DM_61.json
summary: completed=1, skipped=0, failed=0
2026-07-25 21:59:14 | INFO     | Initialize PaddleOCR | device=cpu | lang=ch | pending=1/1 | model_cache=D:\paddlex_cache
[1/1] completed: ANS_DM_62.jpg | tokens=11 | mean_conf=0.960136 | output=D:\users\王鑫020420\Desktop\refgrader-main\ocr_cache\csbench\DM_1\ANS_DM_62.json
summary: completed=1, skipped=0, failed=0
2026-07-25 21:59:25 | INFO     | Initialize PaddleOCR | device=cpu | lang=ch | pending=1/1 | model_cache=D:\paddlex_cache
[1/1] completed: ANS_DM_63.jpg | tokens=13 | mean_conf=0.963437 | output=D:\users\王鑫020420\Desktop\refgrader-main\ocr_cache\csbench\DM_1\ANS_DM_63.json
summary: completed=1, skipped=0, failed=0
2026-07-25 21:59:38 | INFO     | Initialize PaddleOCR | device=cpu | lang=ch | pending=1/1 | model_cache=D:\paddlex_cache
[1/1] completed: ANS_DM_64.jpg | tokens=20 | mean_conf=0.940972 | output=D:\users\王鑫020420\Desktop\refgrader-main\ocr_cache\csbench\DM_1\ANS_DM_64.json
summary: completed=1, skipped=0, failed=0
2026-07-25 21:59:53 | INFO     | Initialize PaddleOCR | device=cpu | lang=ch | pending=1/1 | model_cache=D:\paddlex_cache
[1/1] completed: ANS_DM_66.jpg | tokens=24 | mean_conf=0.947417 | output=D:\users\王鑫020420\Desktop\refgrader-main\ocr_cache\csbench\DM_1\ANS_DM_66.json
summary: completed=1, skipped=0, failed=0
2026-07-25 22:00:04 | INFO     | Initialize PaddleOCR | device=cpu | lang=ch | pending=1/1 | model_cache=D:\paddlex_cache
[1/1] completed: ANS_DM_67.jpg | tokens=11 | mean_conf=0.952861 | output=D:\users\王鑫020420\Desktop\refgrader-main\ocr_cache\csbench\DM_1\ANS_DM_67.json
summary: completed=1, skipped=0, failed=0
2026-07-25 22:00:15 | INFO     | Initialize PaddleOCR | device=cpu | lang=ch | pending=1/1 | model_cache=D:\paddlex_cache
[1/1] completed: ANS_DM_68.jpg | tokens=13 | mean_conf=0.972824 | output=D:\users\王鑫020420\Desktop\refgrader-main\ocr_cache\csbench\DM_1\ANS_DM_68.json
summary: completed=1, skipped=0, failed=0
2026-07-25 22:00:27 | INFO     | Initialize PaddleOCR | device=cpu | lang=ch | pending=1/1 | model_cache=D:\paddlex_cache
[1/1] completed: ANS_DM_69.jpg | tokens=12 | mean_conf=0.906622 | output=D:\users\王鑫020420\Desktop\refgrader-main\ocr_cache\csbench\DM_1\ANS_DM_69.json
summary: completed=1, skipped=0, failed=0
2026-07-25 22:00:40 | INFO     | Initialize PaddleOCR | device=cpu | lang=ch | pending=1/1 | model_cache=D:\paddlex_cache
[1/1] completed: ANS_DM_70.jpg | tokens=19 | mean_conf=0.97508 | output=D:\users\王鑫020420\Desktop\refgrader-main\ocr_cache\csbench\DM_1\ANS_DM_70.json
summary: completed=1, skipped=0, failed=0
2026-07-25 22:00:52 | INFO     | Initialize PaddleOCR | device=cpu | lang=ch | pending=1/1 | model_cache=D:\paddlex_cache
[1/1] completed: ANS_DM_71.jpg | tokens=15 | mean_conf=0.953429 | output=D:\users\王鑫020420\Desktop\refgrader-main\ocr_cache\csbench\DM_1\ANS_DM_71.json
summary: completed=1, skipped=0, failed=0
2026-07-25 22:01:04 | INFO     | Initialize PaddleOCR | device=cpu | lang=ch | pending=1/1 | model_cache=D:\paddlex_cache
[1/1] completed: ANS_DM_72.jpg | tokens=15 | mean_conf=0.972674 | output=D:\users\王鑫020420\Desktop\refgrader-main\ocr_cache\csbench\DM_1\ANS_DM_72.json
summary: completed=1, skipped=0, failed=0
2026-07-25 22:01:15 | INFO     | Initialize PaddleOCR | device=cpu | lang=ch | pending=1/1 | model_cache=D:\paddlex_cache
[1/1] completed: ANS_DM_73.jpg | tokens=12 | mean_conf=0.94621 | output=D:\users\王鑫020420\Desktop\refgrader-main\ocr_cache\csbench\DM_1\ANS_DM_73.json
summary: completed=1, skipped=0, failed=0
2026-07-25 22:01:29 | INFO     | Initialize PaddleOCR | device=cpu | lang=ch | pending=1/1 | model_cache=D:\paddlex_cache
[1/1] completed: ANS_DM_74.jpg | tokens=16 | mean_conf=0.956915 | output=D:\users\王鑫020420\Desktop\refgrader-main\ocr_cache\csbench\DM_1\ANS_DM_74.json
summary: completed=1, skipped=0, failed=0
2026-07-25 22:01:41 | INFO     | Initialize PaddleOCR | device=cpu | lang=ch | pending=1/1 | model_cache=D:\paddlex_cache
[1/1] completed: ANS_DM_75.jpg | tokens=16 | mean_conf=0.946664 | output=D:\users\王鑫020420\Desktop\refgrader-main\ocr_cache\csbench\DM_1\ANS_DM_75.json
summary: completed=1, skipped=0, failed=0
2026-07-25 22:01:53 | INFO     | Initialize PaddleOCR | device=cpu | lang=ch | pending=1/1 | model_cache=D:\paddlex_cache
[1/1] completed: ANS_DM_77.jpg | tokens=15 | mean_conf=0.975752 | output=D:\users\王鑫020420\Desktop\refgrader-main\ocr_cache\csbench\DM_1\ANS_DM_77.json
summary: completed=1, skipped=0, failed=0
2026-07-25 22:02:04 | INFO     | Initialize PaddleOCR | device=cpu | lang=ch | pending=1/1 | model_cache=D:\paddlex_cache
[1/1] completed: ANS_DM_78.jpg | tokens=11 | mean_conf=0.932644 | output=D:\users\王鑫020420\Desktop\refgrader-main\ocr_cache\csbench\DM_1\ANS_DM_78.json
summary: completed=1, skipped=0, failed=0
2026-07-25 22:02:16 | INFO     | Initialize PaddleOCR | device=cpu | lang=ch | pending=1/1 | model_cache=D:\paddlex_cache
[1/1] completed: ANS_DM_79.jpg | tokens=15 | mean_conf=0.944518 | output=D:\users\王鑫020420\Desktop\refgrader-main\ocr_cache\csbench\DM_1\ANS_DM_79.json
summary: completed=1, skipped=0, failed=0
2026-07-25 22:02:28 | INFO     | Initialize PaddleOCR | device=cpu | lang=ch | pending=1/1 | model_cache=D:\paddlex_cache
[1/1] completed: ANS_DM_80.jpg | tokens=15 | mean_conf=0.918817 | output=D:\users\王鑫020420\Desktop\refgrader-main\ocr_cache\csbench\DM_1\ANS_DM_80.json
summary: completed=1, skipped=0, failed=0
2026-07-25 22:02:40 | INFO     | Initialize PaddleOCR | device=cpu | lang=ch | pending=1/1 | model_cache=D:\paddlex_cache
[1/1] completed: ANS_DM_81.jpg | tokens=14 | mean_conf=0.975776 | output=D:\users\王鑫020420\Desktop\refgrader-main\ocr_cache\csbench\DM_1\ANS_DM_81.json
summary: completed=1, skipped=0, failed=0
2026-07-25 22:02:52 | INFO     | Initialize PaddleOCR | device=cpu | lang=ch | pending=1/1 | model_cache=D:\paddlex_cache
[1/1] completed: ANS_DM_82.jpg | tokens=13 | mean_conf=0.962524 | output=D:\users\王鑫020420\Desktop\refgrader-main\ocr_cache\csbench\DM_1\ANS_DM_82.json
summary: completed=1, skipped=0, failed=0
2026-07-25 22:03:03 | INFO     | Initialize PaddleOCR | device=cpu | lang=ch | pending=1/1 | model_cache=D:\paddlex_cache
[1/1] completed: ANS_DM_83.jpg | tokens=12 | mean_conf=0.966598 | output=D:\users\王鑫020420\Desktop\refgrader-main\ocr_cache\csbench\DM_1\ANS_DM_83.json
summary: completed=1, skipped=0, failed=0
2026-07-25 22:03:14 | INFO     | Initialize PaddleOCR | device=cpu | lang=ch | pending=1/1 | model_cache=D:\paddlex_cache
[1/1] completed: ANS_DM_84.jpg | tokens=12 | mean_conf=0.952071 | output=D:\users\王鑫020420\Desktop\refgrader-main\ocr_cache\csbench\DM_1\ANS_DM_84.json
summary: completed=1, skipped=0, failed=0
2026-07-25 22:03:26 | INFO     | Initialize PaddleOCR | device=cpu | lang=ch | pending=1/1 | model_cache=D:\paddlex_cache
[1/1] completed: ANS_DM_85.jpg | tokens=11 | mean_conf=0.952249 | output=D:\users\王鑫020420\Desktop\refgrader-main\ocr_cache\csbench\DM_1\ANS_DM_85.json
summary: completed=1, skipped=0, failed=0
2026-07-25 22:03:38 | INFO     | Initialize PaddleOCR | device=cpu | lang=ch | pending=1/1 | model_cache=D:\paddlex_cache
[1/1] completed: ANS_DM_86.jpg | tokens=19 | mean_conf=0.962054 | output=D:\users\王鑫020420\Desktop\refgrader-main\ocr_cache\csbench\DM_1\ANS_DM_86.json
summary: completed=1, skipped=0, failed=0
2026-07-25 22:03:50 | INFO     | Initialize PaddleOCR | device=cpu | lang=ch | pending=1/1 | model_cache=D:\paddlex_cache
[1/1] completed: ANS_DM_87.jpg | tokens=16 | mean_conf=0.949961 | output=D:\users\王鑫020420\Desktop\refgrader-main\ocr_cache\csbench\DM_1\ANS_DM_87.json
summary: completed=1, skipped=0, failed=0
2026-07-25 22:04:01 | INFO     | Initialize PaddleOCR | device=cpu | lang=ch | pending=1/1 | model_cache=D:\paddlex_cache
[1/1] completed: ANS_DM_88.jpg | tokens=12 | mean_conf=0.972679 | output=D:\users\王鑫020420\Desktop\refgrader-main\ocr_cache\csbench\DM_1\ANS_DM_88.json
summary: completed=1, skipped=0, failed=0
2026-07-25 22:04:13 | INFO     | Initialize PaddleOCR | device=cpu | lang=ch | pending=1/1 | model_cache=D:\paddlex_cache
[1/1] completed: ANS_DM_90.jpg | tokens=14 | mean_conf=0.89958 | output=D:\users\王鑫020420\Desktop\refgrader-main\ocr_cache\csbench\DM_1\ANS_DM_90.json
summary: completed=1, skipped=0, failed=0
2026-07-25 22:04:25 | INFO     | Initialize PaddleOCR | device=cpu | lang=ch | pending=1/1 | model_cache=D:\paddlex_cache
[1/1] completed: ANS_DM_91.jpg | tokens=13 | mean_conf=0.961453 | output=D:\users\王鑫020420\Desktop\refgrader-main\ocr_cache\csbench\DM_1\ANS_DM_91.json
summary: completed=1, skipped=0, failed=0
2026-07-25 22:04:37 | INFO     | Initialize PaddleOCR | device=cpu | lang=ch | pending=1/1 | model_cache=D:\paddlex_cache
[1/1] completed: ANS_DM_92.jpg | tokens=16 | mean_conf=0.97288 | output=D:\users\王鑫020420\Desktop\refgrader-main\ocr_cache\csbench\DM_1\ANS_DM_92.json
summary: completed=1, skipped=0, failed=0
2026-07-25 22:04:43 | INFO     | ⚡ 脱敏清单已预生成，88 名学生共享复用。
2026-07-25 22:04:43 | INFO     | 🏃 开始批改 88 张试卷 (⚡ 开启多线程模式)...
2026-07-25 22:04:43 | INFO     | ⏳ [主线程] 已提交 88 个任务，等待结果回收...
2026-07-25 22:04:43 | INFO     | 📦 成功加载教师真实成绩单数据库！共包含 3326 名考生的数据。
2026-07-25 22:04:43 | INFO     | 
🔍 [正在处理] ANS_DM_01 | 启动 3WD 流水线...
2026-07-25 22:04:43 | INFO     | 📦 成功加载教师真实成绩单数据库！共包含 3326 名考生的数据。
2026-07-25 22:04:43 | INFO     | 
🔍 [正在处理] ANS_DM_02 | 启动 3WD 流水线...
2026-07-25 22:05:45 | INFO     | ✅ [批改完成] ANS_DM_02 | 路由: POS | 最终分: 7.0 | 风险: P0.00/U0.00/F0.12/H0/L0 | 提取质量: 🟢high | 留白率: 0% | 低质量率: 0%
2026-07-25 22:05:45 | INFO     | 
🔍 [正在处理] ANS_DM_03 | 启动 3WD 流水线...
2026-07-25 22:05:45 | INFO     | 📢 [总进度] 1/88 份试卷已归档。
2026-07-25 22:06:00 | INFO     | ✅ [批改完成] ANS_DM_01 | 路由: BND | 最终分: 5.7 | 风险: P0.13/U0.06/F0.38/H0/L0 | 提取质量: 🟢high | 留白率: 0% | 低质量率: 0%
2026-07-25 22:06:00 | INFO     | 
🔍 [正在处理] ANS_DM_06 | 启动 3WD 流水线...
2026-07-25 22:06:00 | INFO     | 📢 [总进度] 2/88 份试卷已归档。
2026-07-25 22:07:02 | INFO     | ✅ [批改完成] ANS_DM_03 | 路由: BND | 最终分: 6.0 | 风险: P0.21/U0.00/F0.25/H0/L0 | 提取质量: 🟢high | 留白率: 0% | 低质量率: 0%
2026-07-25 22:07:02 | INFO     | 
🔍 [正在处理] ANS_DM_07 | 启动 3WD 流水线...
2026-07-25 22:07:02 | INFO     | 📢 [总进度] 3/88 份试卷已归档。
2026-07-25 22:07:27 | INFO     | ✅ [批改完成] ANS_DM_06 | 路由: BND | 最终分: 7.0 | 风险: P0.21/U0.00/F0.12/H0/L0 | 提取质量: 🟢high | 留白率: 0% | 低质量率: 0%
2026-07-25 22:07:27 | INFO     | 
🔍 [正在处理] ANS_DM_08 | 启动 3WD 流水线...
2026-07-25 22:07:27 | INFO     | 📢 [总进度] 4/88 份试卷已归档。
2026-07-25 22:08:01 | INFO     | ✅ [批改完成] ANS_DM_07 | 路由: BND | 最终分: 7.0 | 风险: P0.17/U0.00/F0.12/H0/L0 | 提取质量: 🟢high | 留白率: 0% | 低质量率: 0%
2026-07-25 22:08:01 | INFO     | 
🔍 [正在处理] ANS_DM_09 | 启动 3WD 流水线...
2026-07-25 22:08:01 | INFO     | 📢 [总进度] 5/88 份试卷已归档。
2026-07-25 22:08:31 | INFO     | ✅ [批改完成] ANS_DM_08 | 路由: BND | 最终分: 7.0 | 风险: P0.21/U0.00/F0.12/H0/L0 | 提取质量: 🟢high | 留白率: 0% | 低质量率: 0%
2026-07-25 22:08:31 | INFO     | 
🔍 [正在处理] ANS_DM_10 | 启动 3WD 流水线...
2026-07-25 22:08:31 | INFO     | 📢 [总进度] 6/88 份试卷已归档。
2026-07-25 22:09:12 | INFO     | ✅ [批改完成] ANS_DM_09 | 路由: BND | 最终分: 4.8 | 风险: P0.31/U0.03/F0.12/H0/L1 | 提取质量: 🟢high | 留白率: 29% | 低质量率: 0%
2026-07-25 22:09:12 | INFO     | 
🔍 [正在处理] ANS_DM_11 | 启动 3WD 流水线...
2026-07-25 22:09:12 | INFO     | 📢 [总进度] 7/88 份试卷已归档。
2026-07-25 22:10:06 | INFO     | ✅ [批改完成] ANS_DM_11 | 路由: BND | 最终分: 8.0 | 风险: P0.17/U0.00/F0.00/H0/L0 | 提取质量: 🟢high | 留白率: 0% | 低质量率: 0%
2026-07-25 22:10:06 | INFO     | 
🔍 [正在处理] ANS_DM_12 | 启动 3WD 流水线...
2026-07-25 22:10:06 | INFO     | 📢 [总进度] 8/88 份试卷已归档。
2026-07-25 22:11:01 | INFO     | ✅ [批改完成] ANS_DM_12 | 路由: BND | 最终分: 8.0 | 风险: P0.17/U0.00/F0.00/H0/L0 | 提取质量: 🟢high | 留白率: 0% | 低质量率: 0%
2026-07-25 22:11:01 | INFO     | 
🔍 [正在处理] ANS_DM_13 | 启动 3WD 流水线...
2026-07-25 22:11:01 | INFO     | 📢 [总进度] 9/88 份试卷已归档。
2026-07-25 22:11:40 | INFO     | ✅ [批改完成] ANS_DM_10 | 路由: BND | 最终分: 6.0 | 风险: P0.21/U0.00/F0.25/H0/L0 | 提取质量: 🟢high | 留白率: 0% | 低质量率: 0%
2026-07-25 22:11:40 | INFO     | 
🔍 [正在处理] ANS_DM_14 | 启动 3WD 流水线...
2026-07-25 22:11:40 | INFO     | 📢 [总进度] 10/88 份试卷已归档。
2026-07-25 22:12:00 | INFO     | ✅ [批改完成] ANS_DM_13 | 路由: POS | 最终分: 6.0 | 风险: P0.04/U0.00/F0.25/H0/L0 | 提取质量: 🟢high | 留白率: 0% | 低质量率: 0%
2026-07-25 22:12:00 | INFO     | 
🔍 [正在处理] ANS_DM_15 | 启动 3WD 流水线...
2026-07-25 22:12:00 | INFO     | 📢 [总进度] 11/88 份试卷已归档。
2026-07-25 22:12:51 | INFO     | ✅ [批改完成] ANS_DM_14 | 路由: BND | 最终分: 6.0 | 风险: P0.21/U0.10/F0.38/H0/L0 | 提取质量: 🟢high | 留白率: 0% | 低质量率: 0%
2026-07-25 22:12:51 | INFO     | 
🔍 [正在处理] ANS_DM_16 | 启动 3WD 流水线...
2026-07-25 22:12:51 | INFO     | 📢 [总进度] 12/88 份试卷已归档。
2026-07-25 22:13:13 | INFO     | ✅ [批改完成] ANS_DM_15 | 路由: POS | 最终分: 8.0 | 风险: P0.09/U0.00/F0.00/H0/L0 | 提取质量: 🟢high | 留白率: 0% | 低质量率: 0%
2026-07-25 22:13:13 | INFO     | 
🔍 [正在处理] ANS_DM_17 | 启动 3WD 流水线...
2026-07-25 22:13:13 | INFO     | 📢 [总进度] 13/88 份试卷已归档。
2026-07-25 22:14:15 | INFO     | ✅ [批改完成] ANS_DM_17 | 路由: POS | 最终分: 6.0 | 风险: P0.09/U0.00/F0.25/H0/L0 | 提取质量: 🟢high | 留白率: 0% | 低质量率: 0%
2026-07-25 22:14:15 | INFO     | 
🔍 [正在处理] ANS_DM_18 | 启动 3WD 流水线...
2026-07-25 22:14:15 | INFO     | 📢 [总进度] 14/88 份试卷已归档。
2026-07-25 22:14:21 | INFO     | ✅ [批改完成] ANS_DM_16 | 路由: BND | 最终分: 5.1 | 风险: P0.21/U0.12/F0.25/H0/L0 | 提取质量: 🟢high | 留白率: 0% | 低质量率: 0%
2026-07-25 22:14:21 | INFO     | 
🔍 [正在处理] ANS_DM_19 | 启动 3WD 流水线...
2026-07-25 22:14:21 | INFO     | 📢 [总进度] 15/88 份试卷已归档。
2026-07-25 22:15:21 | INFO     | ✅ [批改完成] ANS_DM_18 | 路由: BND | 最终分: 7.0 | 风险: P0.21/U0.00/F0.12/H0/L0 | 提取质量: 🟢high | 留白率: 0% | 低质量率: 0%
2026-07-25 22:15:21 | INFO     | 
🔍 [正在处理] ANS_DM_20 | 启动 3WD 流水线...
2026-07-25 22:15:21 | INFO     | 📢 [总进度] 16/88 份试卷已归档。
2026-07-25 22:15:37 | INFO     | ✅ [批改完成] ANS_DM_19 | 路由: BND | 最终分: 8.0 | 风险: P0.21/U0.00/F0.00/H0/L0 | 提取质量: 🟢high | 留白率: 0% | 低质量率: 0%
2026-07-25 22:15:37 | INFO     | 
🔍 [正在处理] ANS_DM_21 | 启动 3WD 流水线...
2026-07-25 22:15:37 | INFO     | 📢 [总进度] 17/88 份试卷已归档。
2026-07-25 22:16:30 | INFO     | ✅ [批改完成] ANS_DM_20 | 路由: BND | 最终分: 8.0 | 风险: P0.21/U0.00/F0.00/H0/L0 | 提取质量: 🟢high | 留白率: 0% | 低质量率: 0%
2026-07-25 22:16:30 | INFO     | 
🔍 [正在处理] ANS_DM_22 | 启动 3WD 流水线...
2026-07-25 22:16:30 | INFO     | 📢 [总进度] 18/88 份试卷已归档。
2026-07-25 22:16:34 | INFO     | ✅ [批改完成] ANS_DM_21 | 路由: BND | 最终分: 8.0 | 风险: P0.21/U0.00/F0.00/H0/L0 | 提取质量: 🟢high | 留白率: 0% | 低质量率: 0%
2026-07-25 22:16:34 | INFO     | 
🔍 [正在处理] ANS_DM_23 | 启动 3WD 流水线...
2026-07-25 22:16:34 | INFO     | 📢 [总进度] 19/88 份试卷已归档。
2026-07-25 22:18:14 | INFO     | ✅ [批改完成] ANS_DM_22 | 路由: BND | 最终分: 4.7 | 风险: P0.21/U0.03/F0.38/H0/L0 | 提取质量: 🟢high | 留白率: 0% | 低质量率: 0%
2026-07-25 22:18:14 | INFO     | 
🔍 [正在处理] ANS_DM_24 | 启动 3WD 流水线...
2026-07-25 22:18:14 | INFO     | 📢 [总进度] 20/88 份试卷已归档。
2026-07-25 22:21:02 | INFO     | ✅ [批改完成] ANS_DM_23 | 路由: BND | 最终分: 7.0 | 风险: P0.17/U0.00/F0.12/H0/L0 | 提取质量: 🟢high | 留白率: 0% | 低质量率: 0%
2026-07-25 22:21:02 | INFO     | 
🔍 [正在处理] ANS_DM_25 | 启动 3WD 流水线...
2026-07-25 22:21:02 | INFO     | 📢 [总进度] 21/88 份试卷已归档。
2026-07-25 22:21:47 | INFO     | ✅ [批改完成] ANS_DM_24 | 路由: BND | 最终分: 5.0 | 风险: P0.21/U0.00/F0.38/H0/L0 | 提取质量: 🟢high | 留白率: 0% | 低质量率: 0%
2026-07-25 22:21:47 | INFO     | 
🔍 [正在处理] ANS_DM_26 | 启动 3WD 流水线...
2026-07-25 22:21:47 | INFO     | 📢 [总进度] 22/88 份试卷已归档。
2026-07-25 22:22:18 | INFO     | ✅ [批改完成] ANS_DM_25 | 路由: BND | 最终分: 5.7 | 风险: P0.13/U0.06/F0.12/H0/L0 | 提取质量: 🟢high | 留白率: 0% | 低质量率: 0%
2026-07-25 22:22:18 | INFO     | 
🔍 [正在处理] ANS_DM_27 | 启动 3WD 流水线...
2026-07-25 22:22:18 | INFO     | 📢 [总进度] 23/88 份试卷已归档。
2026-07-25 22:23:02 | INFO     | ✅ [批改完成] ANS_DM_26 | 路由: BND | 最终分: 8.0 | 风险: P0.21/U0.00/F0.00/H0/L0 | 提取质量: 🟢high | 留白率: 0% | 低质量率: 0%
2026-07-25 22:23:02 | INFO     | 
🔍 [正在处理] ANS_DM_28 | 启动 3WD 流水线...
2026-07-25 22:23:02 | INFO     | 📢 [总进度] 24/88 份试卷已归档。
2026-07-25 22:23:28 | INFO     | ✅ [批改完成] ANS_DM_27 | 路由: BND | 最终分: 8.0 | 风险: P0.21/U0.00/F0.00/H0/L0 | 提取质量: 🟢high | 留白率: 0% | 低质量率: 0%
2026-07-25 22:23:28 | INFO     | 
🔍 [正在处理] ANS_DM_29 | 启动 3WD 流水线...
2026-07-25 22:23:28 | INFO     | 📢 [总进度] 25/88 份试卷已归档。
2026-07-25 22:24:29 | INFO     | ✅ [批改完成] ANS_DM_28 | 路由: BND | 最终分: 8.0 | 风险: P0.21/U0.00/F0.00/H0/L0 | 提取质量: 🟢high | 留白率: 0% | 低质量率: 0%
2026-07-25 22:24:29 | INFO     | 
🔍 [正在处理] ANS_DM_30 | 启动 3WD 流水线...
2026-07-25 22:24:29 | INFO     | 📢 [总进度] 26/88 份试卷已归档。
2026-07-25 22:24:47 | INFO     | ✅ [批改完成] ANS_DM_29 | 路由: POS | 最终分: 8.0 | 风险: P0.13/U0.00/F0.00/H0/L0 | 提取质量: 🟢high | 留白率: 0% | 低质量率: 0%
2026-07-25 22:24:47 | INFO     | 
🔍 [正在处理] ANS_DM_31 | 启动 3WD 流水线...
2026-07-25 22:24:47 | INFO     | 📢 [总进度] 27/88 份试卷已归档。
2026-07-25 22:26:08 | INFO     | ✅ [批改完成] ANS_DM_30 | 路由: POS | 最终分: 8.0 | 风险: P0.00/U0.00/F0.00/H0/L0 | 提取质量: 🟢high | 留白率: 0% | 低质量率: 0%
2026-07-25 22:26:08 | INFO     | 
🔍 [正在处理] ANS_DM_32 | 启动 3WD 流水线...
2026-07-25 22:26:08 | INFO     | 📢 [总进度] 28/88 份试卷已归档。
2026-07-25 22:26:21 | INFO     | ✅ [批改完成] ANS_DM_31 | 路由: POS | 最终分: 7.0 | 风险: P0.09/U0.00/F0.12/H0/L0 | 提取质量: 🟢high | 留白率: 0% | 低质量率: 0%
2026-07-25 22:26:21 | INFO     | 
🔍 [正在处理] ANS_DM_33 | 启动 3WD 流水线...
2026-07-25 22:26:21 | INFO     | 📢 [总进度] 29/88 份试卷已归档。
2026-07-25 22:27:37 | INFO     | ✅ [批改完成] ANS_DM_33 | 路由: BND | 最终分: 8.0 | 风险: P0.21/U0.00/F0.00/H0/L0 | 提取质量: 🟢high | 留白率: 0% | 低质量率: 0%
2026-07-25 22:27:37 | INFO     | 
🔍 [正在处理] ANS_DM_34 | 启动 3WD 流水线...
2026-07-25 22:27:37 | INFO     | 📢 [总进度] 30/88 份试卷已归档。
2026-07-25 22:27:41 | INFO     | ✅ [批改完成] ANS_DM_32 | 路由: POS | 最终分: 8.0 | 风险: P0.09/U0.00/F0.00/H0/L0 | 提取质量: 🟢high | 留白率: 0% | 低质量率: 0%
2026-07-25 22:27:41 | INFO     | 
🔍 [正在处理] ANS_DM_35 | 启动 3WD 流水线...
2026-07-25 22:27:41 | INFO     | 📢 [总进度] 31/88 份试卷已归档。
2026-07-25 22:28:30 | INFO     | ✅ [批改完成] ANS_DM_35 | 路由: BND | 最终分: 6.3 | 风险: P0.17/U0.06/F0.12/H0/L0 | 提取质量: 🟢high | 留白率: 0% | 低质量率: 0%
2026-07-25 22:28:30 | INFO     | 
🔍 [正在处理] ANS_DM_36 | 启动 3WD 流水线...
2026-07-25 22:28:30 | INFO     | 📢 [总进度] 32/88 份试卷已归档。
2026-07-25 22:29:14 | INFO     | ✅ [批改完成] ANS_DM_34 | 路由: BND | 最终分: 5.7 | 风险: P0.21/U0.06/F0.38/H0/L0 | 提取质量: 🟢high | 留白率: 0% | 低质量率: 0%
2026-07-25 22:29:14 | INFO     | 
🔍 [正在处理] ANS_DM_37 | 启动 3WD 流水线...
2026-07-25 22:29:14 | INFO     | 📢 [总进度] 33/88 份试卷已归档。
2026-07-25 22:29:29 | INFO     | ✅ [批改完成] ANS_DM_36 | 路由: BND | 最终分: 5.2 | 风险: P0.21/U0.16/F0.25/H0/L0 | 提取质量: 🟢high | 留白率: 0% | 低质量率: 0%
2026-07-25 22:29:29 | INFO     | 
🔍 [正在处理] ANS_DM_38 | 启动 3WD 流水线...
2026-07-25 22:29:29 | INFO     | 📢 [总进度] 34/88 份试卷已归档。
2026-07-25 22:30:10 | INFO     | ✅ [批改完成] ANS_DM_37 | 路由: BND | 最终分: 8.0 | 风险: P0.21/U0.00/F0.00/H0/L0 | 提取质量: 🟢high | 留白率: 0% | 低质量率: 0%
2026-07-25 22:30:10 | INFO     | 
🔍 [正在处理] ANS_DM_39 | 启动 3WD 流水线...
2026-07-25 22:30:10 | INFO     | 📢 [总进度] 35/88 份试卷已归档。
2026-07-25 22:30:42 | INFO     | ✅ [批改完成] ANS_DM_38 | 路由: BND | 最终分: 8.0 | 风险: P0.21/U0.11/F0.00/H0/L0 | 提取质量: 🟢high | 留白率: 0% | 低质量率: 0%
2026-07-25 22:30:42 | INFO     | 
🔍 [正在处理] ANS_DM_40 | 启动 3WD 流水线...
2026-07-25 22:30:42 | INFO     | 📢 [总进度] 36/88 份试卷已归档。
2026-07-25 22:31:29 | INFO     | ✅ [批改完成] ANS_DM_39 | 路由: BND | 最终分: 5.3 | 风险: P0.21/U0.06/F0.38/H0/L0 | 提取质量: 🟢high | 留白率: 0% | 低质量率: 0%
2026-07-25 22:31:29 | INFO     | 
🔍 [正在处理] ANS_DM_41 | 启动 3WD 流水线...
2026-07-25 22:31:29 | INFO     | 📢 [总进度] 37/88 份试卷已归档。
2026-07-25 22:32:03 | INFO     | ✅ [批改完成] ANS_DM_40 | 路由: BND | 最终分: 3.0 | 风险: P0.17/U0.14/F0.50/H0/L1 | 提取质量: 🟢high | 留白率: 0% | 低质量率: 0%
2026-07-25 22:32:03 | INFO     | 
🔍 [正在处理] ANS_DM_42 | 启动 3WD 流水线...
2026-07-25 22:32:03 | INFO     | 📢 [总进度] 38/88 份试卷已归档。
2026-07-25 22:32:32 | INFO     | ✅ [批改完成] ANS_DM_41 | 路由: BND | 最终分: 8.0 | 风险: P0.21/U0.00/F0.00/H0/L0 | 提取质量: 🟢high | 留白率: 0% | 低质量率: 0%
2026-07-25 22:32:32 | INFO     | 
🔍 [正在处理] ANS_DM_43 | 启动 3WD 流水线...
2026-07-25 22:32:32 | INFO     | 📢 [总进度] 39/88 份试卷已归档。
2026-07-25 22:33:00 | INFO     | ✅ [批改完成] ANS_DM_42 | 路由: BND | 最终分: 8.0 | 风险: P0.21/U0.00/F0.00/H0/L0 | 提取质量: 🟢high | 留白率: 0% | 低质量率: 0%
2026-07-25 22:33:00 | INFO     | 
🔍 [正在处理] ANS_DM_44 | 启动 3WD 流水线...
2026-07-25 22:33:00 | INFO     | 📢 [总进度] 40/88 份试卷已归档。
2026-07-25 22:33:59 | INFO     | ✅ [批改完成] ANS_DM_44 | 路由: BND | 最终分: 6.0 | 风险: P0.21/U0.00/F0.25/H0/L0 | 提取质量: 🟢high | 留白率: 0% | 低质量率: 0%
2026-07-25 22:33:59 | INFO     | 
🔍 [正在处理] ANS_DM_45 | 启动 3WD 流水线...
2026-07-25 22:33:59 | INFO     | 📢 [总进度] 41/88 份试卷已归档。
2026-07-25 22:34:08 | INFO     | ✅ [批改完成] ANS_DM_43 | 路由: BND | 最终分: 6.0 | 风险: P0.21/U0.00/F0.25/H0/L0 | 提取质量: 🟢high | 留白率: 0% | 低质量率: 0%
2026-07-25 22:34:08 | INFO     | 
🔍 [正在处理] ANS_DM_46 | 启动 3WD 流水线...
2026-07-25 22:34:08 | INFO     | 📢 [总进度] 42/88 份试卷已归档。
2026-07-25 22:35:10 | INFO     | ✅ [批改完成] ANS_DM_45 | 路由: BND | 最终分: 8.0 | 风险: P0.21/U0.00/F0.00/H0/L0 | 提取质量: 🟢high | 留白率: 0% | 低质量率: 0%
2026-07-25 22:35:10 | INFO     | 
🔍 [正在处理] ANS_DM_47 | 启动 3WD 流水线...
2026-07-25 22:35:10 | INFO     | 📢 [总进度] 43/88 份试卷已归档。
2026-07-25 22:35:29 | INFO     | ✅ [批改完成] ANS_DM_46 | 路由: BND | 最终分: 4.9 | 风险: P0.21/U0.31/F0.50/H0/L1 | 提取质量: 🟢high | 留白率: 0% | 低质量率: 0%
2026-07-25 22:35:29 | INFO     | 
🔍 [正在处理] ANS_DM_48 | 启动 3WD 流水线...
2026-07-25 22:35:29 | INFO     | 📢 [总进度] 44/88 份试卷已归档。
2026-07-25 22:36:24 | INFO     | ✅ [批改完成] ANS_DM_47 | 路由: POS | 最终分: 8.0 | 风险: P0.00/U0.00/F0.00/H0/L0 | 提取质量: 🟢high | 留白率: 0% | 低质量率: 0%
2026-07-25 22:36:24 | INFO     | 
🔍 [正在处理] ANS_DM_49 | 启动 3WD 流水线...
2026-07-25 22:36:24 | INFO     | 📢 [总进度] 45/88 份试卷已归档。
2026-07-25 22:36:38 | INFO     | ✅ [批改完成] ANS_DM_48 | 路由: BND | 最终分: 7.0 | 风险: P0.21/U0.00/F0.12/H0/L0 | 提取质量: 🟢high | 留白率: 0% | 低质量率: 0%
2026-07-25 22:36:38 | INFO     | 
🔍 [正在处理] ANS_DM_50 | 启动 3WD 流水线...
2026-07-25 22:36:38 | INFO     | 📢 [总进度] 46/88 份试卷已归档。
2026-07-25 22:37:50 | INFO     | ✅ [批改完成] ANS_DM_50 | 路由: BND | 最终分: 8.0 | 风险: P0.21/U0.00/F0.00/H0/L0 | 提取质量: 🟢high | 留白率: 0% | 低质量率: 0%
2026-07-25 22:37:50 | INFO     | 
🔍 [正在处理] ANS_DM_51 | 启动 3WD 流水线...
2026-07-25 22:37:50 | INFO     | 📢 [总进度] 47/88 份试卷已归档。
2026-07-25 22:38:55 | INFO     | ✅ [批改完成] ANS_DM_51 | 路由: BND | 最终分: 7.0 | 风险: P0.21/U0.00/F0.12/H0/L0 | 提取质量: 🟢high | 留白率: 0% | 低质量率: 0%
2026-07-25 22:38:55 | INFO     | 
🔍 [正在处理] ANS_DM_52 | 启动 3WD 流水线...
2026-07-25 22:38:55 | INFO     | 📢 [总进度] 48/88 份试卷已归档。
2026-07-25 22:39:42 | INFO     | ✅ [批改完成] ANS_DM_49 | 路由: BND | 最终分: 8.0 | 风险: P0.17/U0.00/F0.00/H0/L0 | 提取质量: 🟢high | 留白率: 0% | 低质量率: 0%
2026-07-25 22:39:42 | INFO     | 
🔍 [正在处理] ANS_DM_53 | 启动 3WD 流水线...
2026-07-25 22:39:42 | INFO     | 📢 [总进度] 49/88 份试卷已归档。
2026-07-25 22:40:39 | INFO     | ✅ [批改完成] ANS_DM_53 | 路由: BND | 最终分: 6.9 | 风险: P0.04/U0.12/F0.25/H0/L0 | 提取质量: 🟢high | 留白率: 0% | 低质量率: 0%
2026-07-25 22:40:39 | INFO     | 
🔍 [正在处理] ANS_DM_54 | 启动 3WD 流水线...
2026-07-25 22:40:39 | INFO     | 📢 [总进度] 50/88 份试卷已归档。
2026-07-25 22:41:33 | INFO     | ✅ [批改完成] ANS_DM_54 | 路由: BND | 最终分: 5.1 | 风险: P0.21/U0.12/F0.25/H0/L0 | 提取质量: 🟢high | 留白率: 0% | 低质量率: 0%
2026-07-25 22:41:33 | INFO     | 
🔍 [正在处理] ANS_DM_55 | 启动 3WD 流水线...
2026-07-25 22:41:33 | INFO     | 📢 [总进度] 51/88 份试卷已归档。
2026-07-25 22:42:08 | INFO     | ✅ [批改完成] ANS_DM_52 | 路由: BND | 最终分: 8.0 | 风险: P0.21/U0.00/F0.00/H0/L0 | 提取质量: 🟢high | 留白率: 0% | 低质量率: 0%
2026-07-25 22:42:08 | INFO     | 
🔍 [正在处理] ANS_DM_56 | 启动 3WD 流水线...
2026-07-25 22:42:08 | INFO     | 📢 [总进度] 52/88 份试卷已归档。
2026-07-25 22:42:35 | INFO     | ✅ [批改完成] ANS_DM_55 | 路由: BND | 最终分: 7.0 | 风险: P0.21/U0.00/F0.12/H0/L0 | 提取质量: 🟢high | 留白率: 0% | 低质量率: 0%
2026-07-25 22:42:35 | INFO     | 
🔍 [正在处理] ANS_DM_57 | 启动 3WD 流水线...
2026-07-25 22:42:35 | INFO     | 📢 [总进度] 53/88 份试卷已归档。
2026-07-25 22:43:04 | INFO     | ✅ [批改完成] ANS_DM_56 | 路由: BND | 最终分: 7.0 | 风险: P0.21/U0.00/F0.12/H0/L0 | 提取质量: 🟢high | 留白率: 0% | 低质量率: 0%
2026-07-25 22:43:04 | INFO     | 
🔍 [正在处理] ANS_DM_58 | 启动 3WD 流水线...
2026-07-25 22:43:04 | INFO     | 📢 [总进度] 54/88 份试卷已归档。
2026-07-25 22:43:32 | INFO     | ✅ [批改完成] ANS_DM_57 | 路由: BND | 最终分: 6.0 | 风险: P0.21/U0.00/F0.25/H0/L0 | 提取质量: 🟢high | 留白率: 0% | 低质量率: 0%
2026-07-25 22:43:32 | INFO     | 
🔍 [正在处理] ANS_DM_59 | 启动 3WD 流水线...
2026-07-25 22:43:32 | INFO     | 📢 [总进度] 55/88 份试卷已归档。
2026-07-25 22:44:07 | INFO     | ✅ [批改完成] ANS_DM_58 | 路由: BND | 最终分: 5.3 | 风险: P0.21/U0.06/F0.38/H0/L0 | 提取质量: 🟢high | 留白率: 0% | 低质量率: 0%
2026-07-25 22:44:07 | INFO     | 
🔍 [正在处理] ANS_DM_60 | 启动 3WD 流水线...
2026-07-25 22:44:07 | INFO     | 📢 [总进度] 56/88 份试卷已归档。
2026-07-25 22:44:27 | INFO     | ✅ [批改完成] ANS_DM_59 | 路由: BND | 最终分: 7.0 | 风险: P0.21/U0.00/F0.12/H0/L0 | 提取质量: 🟢high | 留白率: 0% | 低质量率: 0%
2026-07-25 22:44:27 | INFO     | 
🔍 [正在处理] ANS_DM_61 | 启动 3WD 流水线...
2026-07-25 22:44:27 | INFO     | 📢 [总进度] 57/88 份试卷已归档。
2026-07-25 22:44:54 | INFO     | ✅ [批改完成] ANS_DM_60 | 路由: BND | 最终分: 8.0 | 风险: P0.21/U0.00/F0.00/H0/L0 | 提取质量: 🟢high | 留白率: 0% | 低质量率: 0%
2026-07-25 22:44:54 | INFO     | 
🔍 [正在处理] ANS_DM_62 | 启动 3WD 流水线...
2026-07-25 22:44:54 | INFO     | 📢 [总进度] 58/88 份试卷已归档。
2026-07-25 22:46:21 | INFO     | ✅ [批改完成] ANS_DM_62 | 路由: BND | 最终分: 5.1 | 风险: P0.17/U0.12/F0.25/H0/L0 | 提取质量: 🟢high | 留白率: 0% | 低质量率: 0%
2026-07-25 22:46:21 | INFO     | 
🔍 [正在处理] ANS_DM_63 | 启动 3WD 流水线...
2026-07-25 22:46:21 | INFO     | 📢 [总进度] 59/88 份试卷已归档。
2026-07-25 22:48:11 | INFO     | ✅ [批改完成] ANS_DM_61 | 路由: BND | 最终分: 3.3 | 风险: P0.04/U0.06/F0.50/H0/L1 | 提取质量: 🟢high | 留白率: 0% | 低质量率: 0%
2026-07-25 22:48:11 | INFO     | 
🔍 [正在处理] ANS_DM_64 | 启动 3WD 流水线...
2026-07-25 22:48:11 | INFO     | 📢 [总进度] 60/88 份试卷已归档。
2026-07-25 22:49:53 | INFO     | ✅ [批改完成] ANS_DM_63 | 路由: BND | 最终分: 6.0 | 风险: P0.21/U0.00/F0.25/H0/L0 | 提取质量: 🟢high | 留白率: 0% | 低质量率: 0%
2026-07-25 22:49:53 | INFO     | 
🔍 [正在处理] ANS_DM_65 | 启动 3WD 流水线...
2026-07-25 22:49:53 | INFO     | 📢 [总进度] 61/88 份试卷已归档。
2026-07-25 22:49:56 | INFO     | ✅ [批改完成] ANS_DM_64 | 路由: BND | 最终分: 8.0 | 风险: P0.17/U0.00/F0.00/H0/L0 | 提取质量: 🟢high | 留白率: 0% | 低质量率: 0%
2026-07-25 22:49:56 | INFO     | 
🔍 [正在处理] ANS_DM_66 | 启动 3WD 流水线...
2026-07-25 22:49:56 | INFO     | 📢 [总进度] 62/88 份试卷已归档。
2026-07-25 22:50:22 | INFO     | ✅ [批改完成] ANS_DM_65 | 路由: NEG | 最终分: 0 | 风险: P0.80/U0.00/F0.00/H0/L0 | 提取质量: 🟡low | 留白率: 100% | 低质量率: 0%
2026-07-25 22:50:22 | INFO     | 
🔍 [正在处理] ANS_DM_67 | 启动 3WD 流水线...
2026-07-25 22:50:22 | INFO     | 📢 [总进度] 63/88 份试卷已归档 [NEG-拒绝]。
2026-07-25 22:50:58 | INFO     | ✅ [批改完成] ANS_DM_66 | 路由: BND | 最终分: 7.0 | 风险: P0.17/U0.00/F0.12/H0/L0 | 提取质量: 🟢high | 留白率: 0% | 低质量率: 0%
2026-07-25 22:50:58 | INFO     | 
🔍 [正在处理] ANS_DM_68 | 启动 3WD 流水线...
2026-07-25 22:50:58 | INFO     | 📢 [总进度] 64/88 份试卷已归档。
2026-07-25 22:53:49 | INFO     | ✅ [批改完成] ANS_DM_67 | 路由: BND | 最终分: 7.0 | 风险: P0.21/U0.00/F0.12/H0/L0 | 提取质量: 🟢high | 留白率: 0% | 低质量率: 0%
2026-07-25 22:53:49 | INFO     | 
🔍 [正在处理] ANS_DM_69 | 启动 3WD 流水线...
2026-07-25 22:53:49 | INFO     | 📢 [总进度] 65/88 份试卷已归档。
2026-07-25 22:54:28 | INFO     | ✅ [批改完成] ANS_DM_68 | 路由: BND | 最终分: 8.0 | 风险: P0.21/U0.00/F0.00/H0/L0 | 提取质量: 🟢high | 留白率: 0% | 低质量率: 0%
2026-07-25 22:54:28 | INFO     | 
🔍 [正在处理] ANS_DM_70 | 启动 3WD 流水线...
2026-07-25 22:54:28 | INFO     | 📢 [总进度] 66/88 份试卷已归档。
2026-07-25 22:54:41 | INFO     | ✅ [批改完成] ANS_DM_69 | 路由: BND | 最终分: 8.0 | 风险: P0.21/U0.00/F0.00/H0/L0 | 提取质量: 🟢high | 留白率: 0% | 低质量率: 0%
2026-07-25 22:54:41 | INFO     | 
🔍 [正在处理] ANS_DM_71 | 启动 3WD 流水线...
2026-07-25 22:54:41 | INFO     | 📢 [总进度] 67/88 份试卷已归档。
2026-07-25 22:55:43 | INFO     | ✅ [批改完成] ANS_DM_70 | 路由: POS | 最终分: 8.0 | 风险: P0.09/U0.00/F0.00/H0/L0 | 提取质量: 🟢high | 留白率: 0% | 低质量率: 0%
2026-07-25 22:55:43 | INFO     | 
🔍 [正在处理] ANS_DM_72 | 启动 3WD 流水线...
2026-07-25 22:55:43 | INFO     | 📢 [总进度] 68/88 份试卷已归档。
2026-07-25 22:55:47 | INFO     | ✅ [批改完成] ANS_DM_71 | 路由: BND | 最终分: 6.0 | 风险: P0.21/U0.00/F0.25/H0/L0 | 提取质量: 🟢high | 留白率: 0% | 低质量率: 0%
2026-07-25 22:55:47 | INFO     | 
🔍 [正在处理] ANS_DM_73 | 启动 3WD 流水线...
2026-07-25 22:55:47 | INFO     | 📢 [总进度] 69/88 份试卷已归档。
2026-07-25 22:56:37 | INFO     | ✅ [批改完成] ANS_DM_73 | 路由: BND | 最终分: 8.0 | 风险: P0.21/U0.00/F0.00/H0/L0 | 提取质量: 🟢high | 留白率: 0% | 低质量率: 0%
2026-07-25 22:56:37 | INFO     | 
🔍 [正在处理] ANS_DM_74 | 启动 3WD 流水线...
2026-07-25 22:56:37 | INFO     | 📢 [总进度] 70/88 份试卷已归档。
2026-07-25 22:57:05 | INFO     | ✅ [批改完成] ANS_DM_72 | 路由: BND | 最终分: 7.0 | 风险: P0.17/U0.00/F0.12/H0/L0 | 提取质量: 🟢high | 留白率: 0% | 低质量率: 0%
2026-07-25 22:57:05 | INFO     | 
🔍 [正在处理] ANS_DM_75 | 启动 3WD 流水线...
2026-07-25 22:57:05 | INFO     | 📢 [总进度] 71/88 份试卷已归档。
2026-07-25 22:57:51 | INFO     | ✅ [批改完成] ANS_DM_74 | 路由: BND | 最终分: 8.0 | 风险: P0.17/U0.00/F0.00/H0/L0 | 提取质量: 🟢high | 留白率: 0% | 低质量率: 0%
2026-07-25 22:57:51 | INFO     | 
🔍 [正在处理] ANS_DM_77 | 启动 3WD 流水线...
2026-07-25 22:57:51 | INFO     | 📢 [总进度] 72/88 份试卷已归档。
2026-07-25 22:58:03 | INFO     | ✅ [批改完成] ANS_DM_75 | 路由: BND | 最终分: 8.0 | 风险: P0.21/U0.00/F0.00/H0/L0 | 提取质量: 🟢high | 留白率: 0% | 低质量率: 0%
2026-07-25 22:58:03 | INFO     | 
🔍 [正在处理] ANS_DM_78 | 启动 3WD 流水线...
2026-07-25 22:58:03 | INFO     | 📢 [总进度] 73/88 份试卷已归档。
2026-07-25 22:58:38 | INFO     | ✅ [批改完成] ANS_DM_77 | 路由: BND | 最终分: 8.0 | 风险: P0.21/U0.00/F0.00/H0/L0 | 提取质量: 🟢high | 留白率: 0% | 低质量率: 0%
2026-07-25 22:58:38 | INFO     | 
🔍 [正在处理] ANS_DM_79 | 启动 3WD 流水线...
2026-07-25 22:58:38 | INFO     | 📢 [总进度] 74/88 份试卷已归档。
2026-07-25 22:59:20 | INFO     | ✅ [批改完成] ANS_DM_78 | 路由: BND | 最终分: 4.7 | 风险: P0.21/U0.12/F0.50/H0/L1 | 提取质量: 🟢high | 留白率: 0% | 低质量率: 0%
2026-07-25 22:59:20 | INFO     | 
🔍 [正在处理] ANS_DM_80 | 启动 3WD 流水线...
2026-07-25 22:59:20 | INFO     | 📢 [总进度] 75/88 份试卷已归档。
2026-07-25 22:59:28 | INFO     | ✅ [批改完成] ANS_DM_79 | 路由: BND | 最终分: 8.0 | 风险: P0.21/U0.00/F0.00/H0/L0 | 提取质量: 🟢high | 留白率: 0% | 低质量率: 0%
2026-07-25 22:59:28 | INFO     | 
🔍 [正在处理] ANS_DM_81 | 启动 3WD 流水线...
2026-07-25 22:59:28 | INFO     | 📢 [总进度] 76/88 份试卷已归档。
2026-07-25 23:00:46 | INFO     | ✅ [批改完成] ANS_DM_81 | 路由: BND | 最终分: 7.0 | 风险: P0.21/U0.00/F0.12/H0/L0 | 提取质量: 🟢high | 留白率: 0% | 低质量率: 0%
2026-07-25 23:00:46 | INFO     | 
🔍 [正在处理] ANS_DM_82 | 启动 3WD 流水线...
2026-07-25 23:00:46 | INFO     | 📢 [总进度] 77/88 份试卷已归档。
2026-07-25 23:01:05 | INFO     | ✅ [批改完成] ANS_DM_80 | 路由: BND | 最终分: 6.0 | 风险: P0.21/U0.00/F0.25/H0/L0 | 提取质量: 🟢high | 留白率: 0% | 低质量率: 0%
2026-07-25 23:01:05 | INFO     | 
🔍 [正在处理] ANS_DM_83 | 启动 3WD 流水线...
2026-07-25 23:01:05 | INFO     | 📢 [总进度] 78/88 份试卷已归档。
2026-07-25 23:01:52 | INFO     | ✅ [批改完成] ANS_DM_82 | 路由: BND | 最终分: 7.0 | 风险: P0.17/U0.00/F0.12/H0/L0 | 提取质量: 🟢high | 留白率: 0% | 低质量率: 0%
2026-07-25 23:01:52 | INFO     | 
🔍 [正在处理] ANS_DM_84 | 启动 3WD 流水线...
2026-07-25 23:01:52 | INFO     | 📢 [总进度] 79/88 份试卷已归档。
2026-07-25 23:01:53 | INFO     | ✅ [批改完成] ANS_DM_83 | 路由: BND | 最终分: 7.0 | 风险: P0.21/U0.00/F0.12/H0/L0 | 提取质量: 🟢high | 留白率: 0% | 低质量率: 0%
2026-07-25 23:01:53 | INFO     | 
🔍 [正在处理] ANS_DM_85 | 启动 3WD 流水线...
2026-07-25 23:01:53 | INFO     | 📢 [总进度] 80/88 份试卷已归档。
2026-07-25 23:03:04 | INFO     | ✅ [批改完成] ANS_DM_84 | 路由: BND | 最终分: 7.0 | 风险: P0.26/U0.00/F0.12/H0/L0 | 提取质量: 🟢high | 留白率: 0% | 低质量率: 0%
2026-07-25 23:03:04 | INFO     | 
🔍 [正在处理] ANS_DM_86 | 启动 3WD 流水线...
2026-07-25 23:03:04 | INFO     | 📢 [总进度] 81/88 份试卷已归档。
2026-07-25 23:04:04 | INFO     | ✅ [批改完成] ANS_DM_86 | 路由: BND | 最终分: 6.0 | 风险: P0.21/U0.00/F0.25/H0/L0 | 提取质量: 🟢high | 留白率: 0% | 低质量率: 0%
2026-07-25 23:04:04 | INFO     | 
🔍 [正在处理] ANS_DM_87 | 启动 3WD 流水线...
2026-07-25 23:04:04 | INFO     | 📢 [总进度] 82/88 份试卷已归档。
2026-07-25 23:04:59 | INFO     | ✅ [批改完成] ANS_DM_85 | 路由: BND | 最终分: 7.0 | 风险: P0.21/U0.00/F0.12/H0/L0 | 提取质量: 🟢high | 留白率: 0% | 低质量率: 0%
2026-07-25 23:04:59 | INFO     | 
🔍 [正在处理] ANS_DM_88 | 启动 3WD 流水线...
2026-07-25 23:04:59 | INFO     | 📢 [总进度] 83/88 份试卷已归档。
2026-07-25 23:05:08 | INFO     | ✅ [批改完成] ANS_DM_87 | 路由: BND | 最终分: 5.7 | 风险: P0.21/U0.06/F0.38/H0/L0 | 提取质量: 🟢high | 留白率: 0% | 低质量率: 0%
2026-07-25 23:05:08 | INFO     | 
🔍 [正在处理] ANS_DM_90 | 启动 3WD 流水线...
2026-07-25 23:05:08 | INFO     | 📢 [总进度] 84/88 份试卷已归档。
2026-07-25 23:06:01 | INFO     | ✅ [批改完成] ANS_DM_90 | 路由: BND | 最终分: 8.0 | 风险: P0.21/U0.00/F0.00/H0/L0 | 提取质量: 🟢high | 留白率: 0% | 低质量率: 0%
2026-07-25 23:06:01 | INFO     | 
🔍 [正在处理] ANS_DM_91 | 启动 3WD 流水线...
2026-07-25 23:06:01 | INFO     | 📢 [总进度] 85/88 份试卷已归档。
2026-07-25 23:06:10 | INFO     | ✅ [批改完成] ANS_DM_88 | 路由: BND | 最终分: 4.0 | 风险: P0.21/U0.00/F0.50/H0/L1 | 提取质量: 🟢high | 留白率: 0% | 低质量率: 0%
2026-07-25 23:06:10 | INFO     | 
🔍 [正在处理] ANS_DM_92 | 启动 3WD 流水线...
2026-07-25 23:06:10 | INFO     | 📢 [总进度] 86/88 份试卷已归档。
2026-07-25 23:07:11 | INFO     | ✅ [批改完成] ANS_DM_91 | 路由: BND | 最终分: 6.0 | 风险: P0.21/U0.00/F0.25/H0/L0 | 提取质量: 🟢high | 留白率: 0% | 低质量率: 0%
2026-07-25 23:07:11 | INFO     | 📢 [总进度] 87/88 份试卷已归档。
2026-07-25 23:07:53 | INFO     | ✅ [批改完成] ANS_DM_92 | 路由: BND | 最终分: 6.0 | 风险: P0.21/U0.00/F0.25/H0/L0 | 提取质量: 🟢high | 留白率: 0% | 低质量率: 0%
2026-07-25 23:07:53 | INFO     | 📢 [总进度] 88/88 份试卷已归档。
2026-07-25 23:07:53 | INFO     | 🗂️ 所有线程交卷完毕，正在整理数据... (共收集 88/88 份结果)
2026-07-25 23:07:53 | INFO     | 💾 正常批改结果已保存: D:\users\王鑫020420\Desktop\refgrader-main\results_runs\csbench_dm1_dm2_dm3_all\runs\teacher_audit_dm_1_3_20260725_192008\DM_1_graded_results.json (87 人)
2026-07-25 23:07:53 | INFO     | 🛑 拒绝域结果已单独保存: D:\users\王鑫020420\Desktop\refgrader-main\results_runs\csbench_dm1_dm2_dm3_all\runs\teacher_audit_dm_1_3_20260725_192008\DM_1_rejected.json (1 人)
2026-07-25 23:07:53 | INFO     | [result consistency] DM_1: checkpoint=88, graded=87, rejected=1, failed=0, expected=88
2026-07-25 23:07:53 | INFO     | 
🚀 [标准模式] 开始处理: DM_2
2026-07-25 23:07:53 | INFO     | ⚡ 已加载本地标准: D:\users\王鑫020420\Desktop\refgrader-main\data\csbench\rubrics\optimized\DM\DM_2_rubric_standard.json
2026-07-25 23:07:57 | INFO     | ⚡ 脱敏清单已预生成，90 名学生共享复用。
2026-07-25 23:07:57 | INFO     | 🏃 开始批改 90 张试卷 (⚡ 开启多线程模式)...
2026-07-25 23:07:57 | INFO     | 
🔍 [正在处理] ANS_DM_100 | 启动 3WD 流水线...
2026-07-25 23:07:57 | INFO     | 
🔍 [正在处理] ANS_DM_102 | 启动 3WD 流水线...
2026-07-25 23:07:57 | INFO     | ⏳ [主线程] 已提交 90 个任务，等待结果回收...
2026-07-25 23:08:11 | INFO     | ✅ [批改完成] ANS_DM_102 | 路由: NEG | 最终分: 0 | 风险: P0.80/U0.00/F0.00/H0/L0 | 提取质量: 🟡low | 留白率: 100% | 低质量率: 0%
2026-07-25 23:08:11 | INFO     | 
🔍 [正在处理] ANS_DM_103 | 启动 3WD 流水线...
2026-07-25 23:08:11 | INFO     | 📢 [总进度] 1/90 份试卷已归档 [NEG-拒绝]。
2026-07-25 23:08:17 | INFO     | ✅ [批改完成] ANS_DM_100 | 路由: POS | 最终分: 10.0 | 风险: P0.00/U0.00/F0.00/H0/L0 | 提取质量: 🟢high | 留白率: 0% | 低质量率: 0%
2026-07-25 23:08:17 | INFO     | 
🔍 [正在处理] ANS_DM_104 | 启动 3WD 流水线...
2026-07-25 23:08:17 | INFO     | 📢 [总进度] 2/90 份试卷已归档。
2026-07-25 23:08:30 | INFO     | ✅ [批改完成] ANS_DM_103 | 路由: POS | 最终分: 10.0 | 风险: P0.00/U0.00/F0.00/H0/L0 | 提取质量: 🟢high | 留白率: 0% | 低质量率: 0%
2026-07-25 23:08:30 | INFO     | 
🔍 [正在处理] ANS_DM_105 | 启动 3WD 流水线...
2026-07-25 23:08:30 | INFO     | 📢 [总进度] 3/90 份试卷已归档。
2026-07-25 23:08:39 | INFO     | ✅ [批改完成] ANS_DM_104 | 路由: POS | 最终分: 10.0 | 风险: P0.00/U0.00/F0.00/H0/L0 | 提取质量: 🟢high | 留白率: 0% | 低质量率: 0%
2026-07-25 23:08:39 | INFO     | 
🔍 [正在处理] ANS_DM_106 | 启动 3WD 流水线...
2026-07-25 23:08:39 | INFO     | 📢 [总进度] 4/90 份试卷已归档。
2026-07-25 23:08:56 | INFO     | ✅ [批改完成] ANS_DM_105 | 路由: BND | 最终分: 9.0 | 风险: P0.00/U0.14/F0.00/H0/L0 | 提取质量: 🟢high | 留白率: 0% | 低质量率: 0%
2026-07-25 23:08:56 | INFO     | 
🔍 [正在处理] ANS_DM_107 | 启动 3WD 流水线...
2026-07-25 23:08:56 | INFO     | 📢 [总进度] 5/90 份试卷已归档。
2026-07-25 23:09:02 | INFO     | ✅ [批改完成] ANS_DM_106 | 路由: BND | 最终分: 7.0 | 风险: P0.00/U0.08/F0.10/H0/L0 | 提取质量: 🟢high | 留白率: 0% | 低质量率: 0%
2026-07-25 23:09:02 | INFO     | 
🔍 [正在处理] ANS_DM_108 | 启动 3WD 流水线...
2026-07-25 23:09:02 | INFO     | 📢 [总进度] 6/90 份试卷已归档。
2026-07-25 23:09:16 | INFO     | ✅ [批改完成] ANS_DM_107 | 路由: POS | 最终分: 10.0 | 风险: P0.00/U0.00/F0.00/H0/L0 | 提取质量: 🟢high | 留白率: 0% | 低质量率: 0%
2026-07-25 23:09:16 | INFO     | 
🔍 [正在处理] ANS_DM_109 | 启动 3WD 流水线...
2026-07-25 23:09:16 | INFO     | 📢 [总进度] 7/90 份试卷已归档。
2026-07-25 23:09:22 | INFO     | ✅ [批改完成] ANS_DM_108 | 路由: POS | 最终分: 10.0 | 风险: P0.00/U0.00/F0.00/H0/L0 | 提取质量: 🟢high | 留白率: 0% | 低质量率: 0%
2026-07-25 23:09:22 | INFO     | 
🔍 [正在处理] ANS_DM_110 | 启动 3WD 流水线...
2026-07-25 23:09:22 | INFO     | 📢 [总进度] 8/90 份试卷已归档。
2026-07-25 23:09:43 | INFO     | ✅ [批改完成] ANS_DM_109 | 路由: POS | 最终分: 10.0 | 风险: P0.00/U0.00/F0.00/H0/L0 | 提取质量: 🟢high | 留白率: 0% | 低质量率: 0%
2026-07-25 23:09:43 | INFO     | 
🔍 [正在处理] ANS_DM_111 | 启动 3WD 流水线...
2026-07-25 23:09:43 | INFO     | 📢 [总进度] 9/90 份试卷已归档。
2026-07-25 23:09:48 | INFO     | ✅ [批改完成] ANS_DM_110 | 路由: POS | 最终分: 9.8 | 风险: P0.00/U0.02/F0.00/H0/L0 | 提取质量: 🟢high | 留白率: 0% | 低质量率: 0%
2026-07-25 23:09:48 | INFO     | 
🔍 [正在处理] ANS_DM_112 | 启动 3WD 流水线...
2026-07-25 23:09:48 | INFO     | 📢 [总进度] 10/90 份试卷已归档。
2026-07-25 23:10:01 | INFO     | ✅ [批改完成] ANS_DM_111 | 路由: POS | 最终分: 10.0 | 风险: P0.00/U0.00/F0.00/H0/L0 | 提取质量: 🟢high | 留白率: 0% | 低质量率: 0%
2026-07-25 23:10:01 | INFO     | 
🔍 [正在处理] ANS_DM_113 | 启动 3WD 流水线...
2026-07-25 23:10:01 | INFO     | 📢 [总进度] 11/90 份试卷已归档。
2026-07-25 23:10:11 | INFO     | ✅ [批改完成] ANS_DM_112 | 路由: BND | 最终分: 9.7 | 风险: P0.00/U0.05/F0.00/H0/L0 | 提取质量: 🟢high | 留白率: 0% | 低质量率: 0%
2026-07-25 23:10:11 | INFO     | 
🔍 [正在处理] ANS_DM_114 | 启动 3WD 流水线...
2026-07-25 23:10:11 | INFO     | 📢 [总进度] 12/90 份试卷已归档。
2026-07-25 23:10:22 | INFO     | ✅ [批改完成] ANS_DM_113 | 路由: POS | 最终分: 10.0 | 风险: P0.00/U0.00/F0.00/H0/L0 | 提取质量: 🟢high | 留白率: 0% | 低质量率: 0%
2026-07-25 23:10:22 | INFO     | 
🔍 [正在处理] ANS_DM_115 | 启动 3WD 流水线...
2026-07-25 23:10:22 | INFO     | 📢 [总进度] 13/90 份试卷已归档。
2026-07-25 23:10:31 | INFO     | ✅ [批改完成] ANS_DM_114 | 路由: POS | 最终分: 10.0 | 风险: P0.00/U0.00/F0.00/H0/L0 | 提取质量: 🟢high | 留白率: 0% | 低质量率: 0%
2026-07-25 23:10:31 | INFO     | 
🔍 [正在处理] ANS_DM_116 | 启动 3WD 流水线...
2026-07-25 23:10:31 | INFO     | 📢 [总进度] 14/90 份试卷已归档。
2026-07-25 23:10:44 | INFO     | ✅ [批改完成] ANS_DM_115 | 路由: BND | 最终分: 2.3 | 风险: P0.40/U0.06/F0.00/H0/L0 | 提取质量: 🟡low | 留白率: 50% | 低质量率: 0%
2026-07-25 23:10:44 | INFO     | 
🔍 [正在处理] ANS_DM_117 | 启动 3WD 流水线...
2026-07-25 23:10:44 | INFO     | 📢 [总进度] 15/90 份试卷已归档。
2026-07-25 23:10:58 | INFO     | ✅ [批改完成] ANS_DM_116 | 路由: BND | 最终分: 7.5 | 风险: P0.00/U0.14/F0.00/H0/L0 | 提取质量: 🟢high | 留白率: 0% | 低质量率: 0%
2026-07-25 23:10:58 | INFO     | 
🔍 [正在处理] ANS_DM_118 | 启动 3WD 流水线...
2026-07-25 23:10:58 | INFO     | 📢 [总进度] 16/90 份试卷已归档。
2026-07-25 23:11:11 | INFO     | ✅ [批改完成] ANS_DM_117 | 路由: BND | 最终分: 3.5 | 风险: P0.00/U0.07/F0.40/H0/L1 | 提取质量: 🟢high | 留白率: 0% | 低质量率: 0%
2026-07-25 23:11:11 | INFO     | 
🔍 [正在处理] ANS_DM_119 | 启动 3WD 流水线...
2026-07-25 23:11:11 | INFO     | 📢 [总进度] 17/90 份试卷已归档。
2026-07-25 23:11:19 | INFO     | ✅ [批改完成] ANS_DM_118 | 路由: POS | 最终分: 10.0 | 风险: P0.00/U0.00/F0.00/H0/L0 | 提取质量: 🟢high | 留白率: 0% | 低质量率: 0%
2026-07-25 23:11:19 | INFO     | 
🔍 [正在处理] ANS_DM_120 | 启动 3WD 流水线...
2026-07-25 23:11:19 | INFO     | 📢 [总进度] 18/90 份试卷已归档。
2026-07-25 23:11:23 | INFO     | ✅ [批改完成] ANS_DM_119 | 路由: NEG | 最终分: 0 | 风险: P0.80/U0.00/F0.00/H0/L0 | 提取质量: 🟡low | 留白率: 100% | 低质量率: 0%
2026-07-25 23:11:23 | INFO     | 
🔍 [正在处理] ANS_DM_121 | 启动 3WD 流水线...
2026-07-25 23:11:23 | INFO     | 📢 [总进度] 19/90 份试卷已归档 [NEG-拒绝]。
2026-07-25 23:11:42 | INFO     | ✅ [批改完成] ANS_DM_120 | 路由: BND | 最终分: 0.8 | 风险: P0.40/U0.02/F0.10/H0/L0 | 提取质量: 🟡low | 留白率: 50% | 低质量率: 0%
2026-07-25 23:11:42 | INFO     | 
🔍 [正在处理] ANS_DM_122 | 启动 3WD 流水线...
2026-07-25 23:11:42 | INFO     | 📢 [总进度] 20/90 份试卷已归档。
2026-07-25 23:11:46 | INFO     | ✅ [批改完成] ANS_DM_121 | 路由: POS | 最终分: 10.0 | 风险: P0.00/U0.00/F0.00/H0/L0 | 提取质量: 🟢high | 留白率: 0% | 低质量率: 0%
2026-07-25 23:11:46 | INFO     | 
🔍 [正在处理] ANS_DM_123 | 启动 3WD 流水线...
2026-07-25 23:11:46 | INFO     | 📢 [总进度] 21/90 份试卷已归档。
2026-07-25 23:12:04 | INFO     | ✅ [批改完成] ANS_DM_123 | 路由: POS | 最终分: 10.0 | 风险: P0.00/U0.00/F0.00/H0/L0 | 提取质量: 🟢high | 留白率: 0% | 低质量率: 0%
2026-07-25 23:12:04 | INFO     | 
🔍 [正在处理] ANS_DM_124 | 启动 3WD 流水线...
2026-07-25 23:12:04 | INFO     | 📢 [总进度] 22/90 份试卷已归档。
2026-07-25 23:12:08 | INFO     | ✅ [批改完成] ANS_DM_122 | 路由: BND | 最终分: 5.3 | 风险: P0.00/U0.10/F0.10/H0/L0 | 提取质量: 🟢high | 留白率: 0% | 低质量率: 0%
2026-07-25 23:12:08 | INFO     | 
🔍 [正在处理] ANS_DM_125 | 启动 3WD 流水线...
2026-07-25 23:12:08 | INFO     | 📢 [总进度] 23/90 份试卷已归档。
2026-07-25 23:12:24 | INFO     | ✅ [批改完成] ANS_DM_124 | 路由: POS | 最终分: 10.0 | 风险: P0.00/U0.00/F0.00/H0/L0 | 提取质量: 🟢high | 留白率: 0% | 低质量率: 0%
2026-07-25 23:12:24 | INFO     | 
🔍 [正在处理] ANS_DM_126 | 启动 3WD 流水线...
2026-07-25 23:12:24 | INFO     | 📢 [总进度] 24/90 份试卷已归档。
2026-07-25 23:12:27 | INFO     | ✅ [批改完成] ANS_DM_125 | 路由: POS | 最终分: 10.0 | 风险: P0.00/U0.00/F0.00/H0/L0 | 提取质量: 🟢high | 留白率: 0% | 低质量率: 0%
2026-07-25 23:12:27 | INFO     | 
🔍 [正在处理] ANS_DM_127 | 启动 3WD 流水线...
2026-07-25 23:12:27 | INFO     | 📢 [总进度] 25/90 份试卷已归档。
2026-07-25 23:12:48 | INFO     | ✅ [批改完成] ANS_DM_127 | 路由: POS | 最终分: 10.0 | 风险: P0.00/U0.00/F0.00/H0/L0 | 提取质量: 🟢high | 留白率: 0% | 低质量率: 0%
2026-07-25 23:12:48 | INFO     | 
🔍 [正在处理] ANS_DM_128 | 启动 3WD 流水线...
2026-07-25 23:12:48 | INFO     | 📢 [总进度] 26/90 份试卷已归档。
2026-07-25 23:12:51 | INFO     | ✅ [批改完成] ANS_DM_126 | 路由: BND | 最终分: 0.8 | 风险: P0.00/U0.12/F0.60/H0/L1 | 提取质量: 🟢high | 留白率: 0% | 低质量率: 0%
2026-07-25 23:12:51 | INFO     | 
🔍 [正在处理] ANS_DM_129 | 启动 3WD 流水线...
2026-07-25 23:12:51 | INFO     | 📢 [总进度] 27/90 份试卷已归档。
2026-07-25 23:13:12 | INFO     | ✅ [批改完成] ANS_DM_128 | 路由: POS | 最终分: 10.0 | 风险: P0.00/U0.00/F0.00/H0/L0 | 提取质量: 🟢high | 留白率: 0% | 低质量率: 0%
2026-07-25 23:13:12 | INFO     | 
🔍 [正在处理] ANS_DM_130 | 启动 3WD 流水线...
2026-07-25 23:13:12 | INFO     | 📢 [总进度] 28/90 份试卷已归档。
2026-07-25 23:13:24 | INFO     | ✅ [批改完成] ANS_DM_129 | 路由: BND | 最终分: 10.0 | 风险: P0.00/U0.07/F0.00/H0/L0 | 提取质量: 🟢high | 留白率: 0% | 低质量率: 0%
2026-07-25 23:13:24 | INFO     | 
🔍 [正在处理] ANS_DM_131 | 启动 3WD 流水线...
2026-07-25 23:13:24 | INFO     | 📢 [总进度] 29/90 份试卷已归档。
2026-07-25 23:13:36 | INFO     | ✅ [批改完成] ANS_DM_130 | 路由: BND | 最终分: 9.4 | 风险: P0.00/U0.04/F0.00/H0/L0 | 提取质量: 🟢high | 留白率: 0% | 低质量率: 0%
2026-07-25 23:13:36 | INFO     | 
🔍 [正在处理] ANS_DM_132 | 启动 3WD 流水线...
2026-07-25 23:13:36 | INFO     | 📢 [总进度] 30/90 份试卷已归档。
2026-07-25 23:13:42 | INFO     | ✅ [批改完成] ANS_DM_131 | 路由: POS | 最终分: 10.0 | 风险: P0.00/U0.00/F0.00/H0/L0 | 提取质量: 🟢high | 留白率: 0% | 低质量率: 0%
2026-07-25 23:13:42 | INFO     | 
🔍 [正在处理] ANS_DM_133 | 启动 3WD 流水线...
2026-07-25 23:13:42 | INFO     | 📢 [总进度] 31/90 份试卷已归档。
2026-07-25 23:13:54 | INFO     | ✅ [批改完成] ANS_DM_132 | 路由: POS | 最终分: 10.0 | 风险: P0.00/U0.00/F0.00/H0/L0 | 提取质量: 🟢high | 留白率: 0% | 低质量率: 0%
2026-07-25 23:13:54 | INFO     | 
🔍 [正在处理] ANS_DM_134 | 启动 3WD 流水线...
2026-07-25 23:13:54 | INFO     | 📢 [总进度] 32/90 份试卷已归档。
2026-07-25 23:14:08 | INFO     | ✅ [批改完成] ANS_DM_133 | 路由: BND | 最终分: 7.5 | 风险: P0.00/U0.11/F0.00/H0/L0 | 提取质量: 🟢high | 留白率: 0% | 低质量率: 0%
2026-07-25 23:14:08 | INFO     | 
🔍 [正在处理] ANS_DM_135 | 启动 3WD 流水线...
2026-07-25 23:14:08 | INFO     | 📢 [总进度] 33/90 份试卷已归档。
2026-07-25 23:14:15 | INFO     | ✅ [批改完成] ANS_DM_134 | 路由: POS | 最终分: 10.0 | 风险: P0.00/U0.00/F0.00/H0/L0 | 提取质量: 🟢high | 留白率: 0% | 低质量率: 0%
2026-07-25 23:14:15 | INFO     | 
🔍 [正在处理] ANS_DM_136 | 启动 3WD 流水线...
2026-07-25 23:14:15 | INFO     | 📢 [总进度] 34/90 份试卷已归档。
2026-07-25 23:14:27 | INFO     | ✅ [批改完成] ANS_DM_135 | 路由: POS | 最终分: 10.0 | 风险: P0.00/U0.00/F0.00/H0/L0 | 提取质量: 🟢high | 留白率: 0% | 低质量率: 0%
2026-07-25 23:14:27 | INFO     | 
🔍 [正在处理] ANS_DM_137 | 启动 3WD 流水线...
2026-07-25 23:14:27 | INFO     | 📢 [总进度] 35/90 份试卷已归档。
2026-07-25 23:14:31 | INFO     | ✅ [批改完成] ANS_DM_136 | 路由: NEG | 最终分: 0.7 | 风险: P0.40/U0.09/F0.40/H0/L0 | 提取质量: 🟡low | 留白率: 50% | 低质量率: 0%
2026-07-25 23:14:31 | INFO     | 
🔍 [正在处理] ANS_DM_138 | 启动 3WD 流水线...
2026-07-25 23:14:31 | INFO     | 📢 [总进度] 36/90 份试卷已归档 [NEG-拒绝]。
2026-07-25 23:14:44 | INFO     | ✅ [批改完成] ANS_DM_137 | 路由: POS | 最终分: 10.0 | 风险: P0.00/U0.00/F0.00/H0/L0 | 提取质量: 🟢high | 留白率: 0% | 低质量率: 0%
2026-07-25 23:14:44 | INFO     | 
🔍 [正在处理] ANS_DM_139 | 启动 3WD 流水线...
2026-07-25 23:14:44 | INFO     | 📢 [总进度] 37/90 份试卷已归档。
2026-07-25 23:14:50 | INFO     | ✅ [批改完成] ANS_DM_138 | 路由: POS | 最终分: 10.0 | 风险: P0.00/U0.00/F0.00/H0/L0 | 提取质量: 🟢high | 留白率: 0% | 低质量率: 0%
2026-07-25 23:14:50 | INFO     | 
🔍 [正在处理] ANS_DM_140 | 启动 3WD 流水线...
2026-07-25 23:14:50 | INFO     | 📢 [总进度] 38/90 份试卷已归档。
2026-07-25 23:15:06 | INFO     | ✅ [批改完成] ANS_DM_140 | 路由: POS | 最终分: 10.0 | 风险: P0.00/U0.00/F0.00/H0/L0 | 提取质量: 🟢high | 留白率: 0% | 低质量率: 0%
2026-07-25 23:15:06 | INFO     | 
🔍 [正在处理] ANS_DM_141 | 启动 3WD 流水线...
2026-07-25 23:15:06 | INFO     | 📢 [总进度] 39/90 份试卷已归档。
2026-07-25 23:15:07 | INFO     | ✅ [批改完成] ANS_DM_139 | 路由: BND | 最终分: 9.3 | 风险: P0.00/U0.09/F0.00/H0/L0 | 提取质量: 🟢high | 留白率: 0% | 低质量率: 0%
2026-07-25 23:15:07 | INFO     | 
🔍 [正在处理] ANS_DM_142 | 启动 3WD 流水线...
2026-07-25 23:15:07 | INFO     | 📢 [总进度] 40/90 份试卷已归档。
2026-07-25 23:15:25 | INFO     | ✅ [批改完成] ANS_DM_141 | 路由: POS | 最终分: 10.0 | 风险: P0.00/U0.00/F0.00/H0/L0 | 提取质量: 🟢high | 留白率: 0% | 低质量率: 0%
2026-07-25 23:15:25 | INFO     | 
🔍 [正在处理] ANS_DM_143 | 启动 3WD 流水线...
2026-07-25 23:15:25 | INFO     | 📢 [总进度] 41/90 份试卷已归档。
2026-07-25 23:15:26 | INFO     | ✅ [批改完成] ANS_DM_142 | 路由: POS | 最终分: 10.0 | 风险: P0.00/U0.00/F0.00/H0/L0 | 提取质量: 🟢high | 留白率: 0% | 低质量率: 0%
2026-07-25 23:15:26 | INFO     | 
🔍 [正在处理] ANS_DM_144 | 启动 3WD 流水线...
2026-07-25 23:15:26 | INFO     | 📢 [总进度] 42/90 份试卷已归档。
2026-07-25 23:15:42 | INFO     | ✅ [批改完成] ANS_DM_143 | 路由: POS | 最终分: 10.0 | 风险: P0.00/U0.00/F0.00/H0/L0 | 提取质量: 🟢high | 留白率: 0% | 低质量率: 0%
2026-07-25 23:15:42 | INFO     | 
🔍 [正在处理] ANS_DM_145 | 启动 3WD 流水线...
2026-07-25 23:15:42 | INFO     | 📢 [总进度] 43/90 份试卷已归档。
2026-07-25 23:15:44 | INFO     | ✅ [批改完成] ANS_DM_144 | 路由: POS | 最终分: 10.0 | 风险: P0.00/U0.00/F0.00/H0/L0 | 提取质量: 🟢high | 留白率: 0% | 低质量率: 0%
2026-07-25 23:15:44 | INFO     | 
🔍 [正在处理] ANS_DM_146 | 启动 3WD 流水线...
2026-07-25 23:15:44 | INFO     | 📢 [总进度] 44/90 份试卷已归档。
2026-07-25 23:16:07 | INFO     | ✅ [批改完成] ANS_DM_145 | 路由: BND | 最终分: 6.5 | 风险: P0.00/U0.07/F0.00/H0/L0 | 提取质量: 🟢high | 留白率: 0% | 低质量率: 0%
2026-07-25 23:16:07 | INFO     | 
🔍 [正在处理] ANS_DM_147 | 启动 3WD 流水线...
2026-07-25 23:16:07 | INFO     | 📢 [总进度] 45/90 份试卷已归档。
2026-07-25 23:16:13 | INFO     | ✅ [批改完成] ANS_DM_146 | 路由: NEG | 最终分: 0 | 风险: P0.80/U0.00/F0.00/H0/L0 | 提取质量: 🟡low | 留白率: 100% | 低质量率: 0%
2026-07-25 23:16:13 | INFO     | 
🔍 [正在处理] ANS_DM_148 | 启动 3WD 流水线...
2026-07-25 23:16:13 | INFO     | 📢 [总进度] 46/90 份试卷已归档 [NEG-拒绝]。
2026-07-25 23:16:24 | INFO     | ✅ [批改完成] ANS_DM_147 | 路由: POS | 最终分: 10.0 | 风险: P0.00/U0.00/F0.00/H0/L0 | 提取质量: 🟢high | 留白率: 0% | 低质量率: 0%
2026-07-25 23:16:24 | INFO     | 
🔍 [正在处理] ANS_DM_149 | 启动 3WD 流水线...
2026-07-25 23:16:24 | INFO     | 📢 [总进度] 47/90 份试卷已归档。
2026-07-25 23:16:32 | INFO     | ✅ [批改完成] ANS_DM_148 | 路由: POS | 最终分: 10.0 | 风险: P0.00/U0.00/F0.00/H0/L0 | 提取质量: 🟢high | 留白率: 0% | 低质量率: 0%
2026-07-25 23:16:32 | INFO     | 
🔍 [正在处理] ANS_DM_150 | 启动 3WD 流水线...
2026-07-25 23:16:32 | INFO     | 📢 [总进度] 48/90 份试卷已归档。
2026-07-25 23:16:45 | INFO     | ✅ [批改完成] ANS_DM_149 | 路由: BND | 最终分: 0 | 风险: P0.40/U0.06/F0.10/H0/L0 | 提取质量: 🟡low | 留白率: 50% | 低质量率: 0%
2026-07-25 23:16:45 | INFO     | 
🔍 [正在处理] ANS_DM_151 | 启动 3WD 流水线...
2026-07-25 23:16:45 | INFO     | 📢 [总进度] 49/90 份试卷已归档。
2026-07-25 23:16:55 | INFO     | ✅ [批改完成] ANS_DM_150 | 路由: POS | 最终分: 10.0 | 风险: P0.00/U0.00/F0.00/H0/L0 | 提取质量: 🟢high | 留白率: 0% | 低质量率: 0%
2026-07-25 23:16:55 | INFO     | 
🔍 [正在处理] ANS_DM_152 | 启动 3WD 流水线...
2026-07-25 23:16:55 | INFO     | 📢 [总进度] 50/90 份试卷已归档。
2026-07-25 23:17:06 | INFO     | ✅ [批改完成] ANS_DM_151 | 路由: POS | 最终分: 10.0 | 风险: P0.00/U0.00/F0.00/H0/L0 | 提取质量: 🟢high | 留白率: 0% | 低质量率: 0%
2026-07-25 23:17:06 | INFO     | 
🔍 [正在处理] ANS_DM_153 | 启动 3WD 流水线...
2026-07-25 23:17:06 | INFO     | 📢 [总进度] 51/90 份试卷已归档。
2026-07-25 23:17:13 | INFO     | ✅ [批改完成] ANS_DM_152 | 路由: POS | 最终分: 10.0 | 风险: P0.00/U0.00/F0.00/H0/L0 | 提取质量: 🟢high | 留白率: 0% | 低质量率: 0%
2026-07-25 23:17:13 | INFO     | 
🔍 [正在处理] ANS_DM_154 | 启动 3WD 流水线...
2026-07-25 23:17:13 | INFO     | 📢 [总进度] 52/90 份试卷已归档。
2026-07-25 23:17:24 | INFO     | ✅ [批改完成] ANS_DM_153 | 路由: POS | 最终分: 10.0 | 风险: P0.00/U0.00/F0.00/H0/L0 | 提取质量: 🟢high | 留白率: 0% | 低质量率: 0%
2026-07-25 23:17:24 | INFO     | 
🔍 [正在处理] ANS_DM_155 | 启动 3WD 流水线...
2026-07-25 23:17:24 | INFO     | 📢 [总进度] 53/90 份试卷已归档。
2026-07-25 23:17:29 | INFO     | ✅ [批改完成] ANS_DM_154 | 路由: POS | 最终分: 10.0 | 风险: P0.00/U0.00/F0.00/H0/L0 | 提取质量: 🟢high | 留白率: 0% | 低质量率: 0%
2026-07-25 23:17:29 | INFO     | 
🔍 [正在处理] ANS_DM_156 | 启动 3WD 流水线...
2026-07-25 23:17:29 | INFO     | 📢 [总进度] 54/90 份试卷已归档。
2026-07-25 23:17:44 | INFO     | ✅ [批改完成] ANS_DM_155 | 路由: POS | 最终分: 10.0 | 风险: P0.00/U0.00/F0.00/H0/L0 | 提取质量: 🟢high | 留白率: 0% | 低质量率: 0%
2026-07-25 23:17:44 | INFO     | 
🔍 [正在处理] ANS_DM_157 | 启动 3WD 流水线...
2026-07-25 23:17:44 | INFO     | 📢 [总进度] 55/90 份试卷已归档。
2026-07-25 23:17:50 | INFO     | ✅ [批改完成] ANS_DM_156 | 路由: POS | 最终分: 10.0 | 风险: P0.00/U0.00/F0.00/H0/L0 | 提取质量: 🟢high | 留白率: 0% | 低质量率: 0%
2026-07-25 23:17:50 | INFO     | 
🔍 [正在处理] ANS_DM_158 | 启动 3WD 流水线...
2026-07-25 23:17:50 | INFO     | 📢 [总进度] 56/90 份试卷已归档。
2026-07-25 23:18:11 | INFO     | ✅ [批改完成] ANS_DM_158 | 路由: BND | 最终分: 3.0 | 风险: P0.20/U0.00/F0.10/H0/L1 | 提取质量: 🟢high | 留白率: 25% | 低质量率: 0%
2026-07-25 23:18:11 | INFO     | 
🔍 [正在处理] ANS_DM_159 | 启动 3WD 流水线...
2026-07-25 23:18:11 | INFO     | 📢 [总进度] 57/90 份试卷已归档。
2026-07-25 23:18:11 | INFO     | ✅ [批改完成] ANS_DM_157 | 路由: NEG | 最终分: 0 | 风险: P0.80/U0.00/F0.00/H0/L0 | 提取质量: 🟡low | 留白率: 100% | 低质量率: 0%
2026-07-25 23:18:11 | INFO     | 
🔍 [正在处理] ANS_DM_160 | 启动 3WD 流水线...
2026-07-25 23:18:11 | INFO     | 📢 [总进度] 58/90 份试卷已归档 [NEG-拒绝]。
2026-07-25 23:18:33 | INFO     | ✅ [批改完成] ANS_DM_159 | 路由: BND | 最终分: 9.3 | 风险: P0.00/U0.06/F0.00/H0/L0 | 提取质量: 🟢high | 留白率: 0% | 低质量率: 0%
2026-07-25 23:18:33 | INFO     | 
🔍 [正在处理] ANS_DM_161 | 启动 3WD 流水线...
2026-07-25 23:18:33 | INFO     | 📢 [总进度] 59/90 份试卷已归档。
2026-07-25 23:18:39 | INFO     | ✅ [批改完成] ANS_DM_160 | 路由: BND | 最终分: 9.5 | 风险: P0.00/U0.07/F0.00/H0/L0 | 提取质量: 🟢high | 留白率: 0% | 低质量率: 0%
2026-07-25 23:18:39 | INFO     | 
🔍 [正在处理] ANS_DM_162 | 启动 3WD 流水线...
2026-07-25 23:18:39 | INFO     | 📢 [总进度] 60/90 份试卷已归档。
2026-07-25 23:18:59 | INFO     | ✅ [批改完成] ANS_DM_162 | 路由: POS | 最终分: 10.0 | 风险: P0.00/U0.00/F0.00/H0/L0 | 提取质量: 🟢high | 留白率: 0% | 低质量率: 0%
2026-07-25 23:18:59 | INFO     | 
🔍 [正在处理] ANS_DM_163 | 启动 3WD 流水线...
2026-07-25 23:18:59 | INFO     | 📢 [总进度] 61/90 份试卷已归档。
2026-07-25 23:19:00 | INFO     | ✅ [批改完成] ANS_DM_161 | 路由: BND | 最终分: 7.8 | 风险: P0.00/U0.17/F0.00/H0/L0 | 提取质量: 🟢high | 留白率: 0% | 低质量率: 0%
2026-07-25 23:19:00 | INFO     | 
🔍 [正在处理] ANS_DM_164 | 启动 3WD 流水线...
2026-07-25 23:19:00 | INFO     | 📢 [总进度] 62/90 份试卷已归档。
2026-07-25 23:19:18 | INFO     | ✅ [批改完成] ANS_DM_164 | 路由: POS | 最终分: 10.0 | 风险: P0.00/U0.00/F0.00/H0/L0 | 提取质量: 🟢high | 留白率: 0% | 低质量率: 0%
2026-07-25 23:19:18 | INFO     | 
🔍 [正在处理] ANS_DM_165 | 启动 3WD 流水线...
2026-07-25 23:19:18 | INFO     | 📢 [总进度] 63/90 份试卷已归档。
2026-07-25 23:19:25 | INFO     | ✅ [批改完成] ANS_DM_163 | 路由: BND | 最终分: 9.7 | 风险: P0.00/U0.05/F0.00/H0/L0 | 提取质量: 🟢high | 留白率: 0% | 低质量率: 0%
2026-07-25 23:19:25 | INFO     | 
🔍 [正在处理] ANS_DM_166 | 启动 3WD 流水线...
2026-07-25 23:19:25 | INFO     | 📢 [总进度] 64/90 份试卷已归档。
2026-07-25 23:19:36 | INFO     | ✅ [批改完成] ANS_DM_165 | 路由: POS | 最终分: 10.0 | 风险: P0.00/U0.00/F0.00/H0/L0 | 提取质量: 🟢high | 留白率: 0% | 低质量率: 0%
2026-07-25 23:19:36 | INFO     | 
🔍 [正在处理] ANS_DM_167 | 启动 3WD 流水线...
2026-07-25 23:19:36 | INFO     | 📢 [总进度] 65/90 份试卷已归档。
2026-07-25 23:19:50 | INFO     | ✅ [批改完成] ANS_DM_166 | 路由: BND | 最终分: 8.7 | 风险: P0.00/U0.10/F0.00/H0/L0 | 提取质量: 🟢high | 留白率: 0% | 低质量率: 0%
2026-07-25 23:19:50 | INFO     | 
🔍 [正在处理] ANS_DM_168 | 启动 3WD 流水线...
2026-07-25 23:19:50 | INFO     | 📢 [总进度] 66/90 份试卷已归档。
2026-07-25 23:19:58 | INFO     | ✅ [批改完成] ANS_DM_167 | 路由: POS | 最终分: 10.0 | 风险: P0.00/U0.00/F0.00/H0/L0 | 提取质量: 🟢high | 留白率: 0% | 低质量率: 0%
2026-07-25 23:19:58 | INFO     | 
🔍 [正在处理] ANS_DM_169 | 启动 3WD 流水线...
2026-07-25 23:19:58 | INFO     | 📢 [总进度] 67/90 份试卷已归档。
2026-07-25 23:20:09 | INFO     | ✅ [批改完成] ANS_DM_168 | 路由: POS | 最终分: 10.0 | 风险: P0.00/U0.00/F0.00/H0/L0 | 提取质量: 🟢high | 留白率: 0% | 低质量率: 0%
2026-07-25 23:20:09 | INFO     | 
🔍 [正在处理] ANS_DM_170 | 启动 3WD 流水线...
2026-07-25 23:20:09 | INFO     | 📢 [总进度] 68/90 份试卷已归档。
2026-07-25 23:20:22 | INFO     | ✅ [批改完成] ANS_DM_169 | 路由: POS | 最终分: 10.0 | 风险: P0.00/U0.00/F0.00/H0/L0 | 提取质量: 🟢high | 留白率: 0% | 低质量率: 0%
2026-07-25 23:20:22 | INFO     | 
🔍 [正在处理] ANS_DM_171 | 启动 3WD 流水线...
2026-07-25 23:20:22 | INFO     | 📢 [总进度] 69/90 份试卷已归档。
2026-07-25 23:20:24 | INFO     | ✅ [批改完成] ANS_DM_170 | 路由: NEG | 最终分: 0 | 风险: P0.80/U0.00/F0.00/H0/L0 | 提取质量: 🟡low | 留白率: 100% | 低质量率: 0%
2026-07-25 23:20:24 | INFO     | 
🔍 [正在处理] ANS_DM_172 | 启动 3WD 流水线...
2026-07-25 23:20:24 | INFO     | 📢 [总进度] 70/90 份试卷已归档 [NEG-拒绝]。
2026-07-25 23:20:41 | INFO     | ✅ [批改完成] ANS_DM_171 | 路由: POS | 最终分: 10.0 | 风险: P0.00/U0.00/F0.00/H0/L0 | 提取质量: 🟢high | 留白率: 0% | 低质量率: 0%
2026-07-25 23:20:41 | INFO     | 
🔍 [正在处理] ANS_DM_173 | 启动 3WD 流水线...
2026-07-25 23:20:41 | INFO     | 📢 [总进度] 71/90 份试卷已归档。
2026-07-25 23:20:47 | INFO     | ✅ [批改完成] ANS_DM_172 | 路由: BND | 最终分: 0 | 风险: P0.40/U0.00/F0.40/H0/L0 | 提取质量: 🟡low | 留白率: 50% | 低质量率: 0%
2026-07-25 23:20:47 | INFO     | 
🔍 [正在处理] ANS_DM_174 | 启动 3WD 流水线...
2026-07-25 23:20:47 | INFO     | 📢 [总进度] 72/90 份试卷已归档。
2026-07-25 23:21:02 | INFO     | ✅ [批改完成] ANS_DM_173 | 路由: POS | 最终分: 10.0 | 风险: P0.00/U0.00/F0.00/H0/L0 | 提取质量: 🟢high | 留白率: 0% | 低质量率: 0%
2026-07-25 23:21:02 | INFO     | 
🔍 [正在处理] ANS_DM_175 | 启动 3WD 流水线...
2026-07-25 23:21:02 | INFO     | 📢 [总进度] 73/90 份试卷已归档。
2026-07-25 23:21:08 | INFO     | ✅ [批改完成] ANS_DM_174 | 路由: POS | 最终分: 9.7 | 风险: P0.00/U0.02/F0.00/H0/L0 | 提取质量: 🟢high | 留白率: 0% | 低质量率: 0%
2026-07-25 23:21:08 | INFO     | 
🔍 [正在处理] ANS_DM_176 | 启动 3WD 流水线...
2026-07-25 23:21:08 | INFO     | 📢 [总进度] 74/90 份试卷已归档。
2026-07-25 23:21:22 | INFO     | ✅ [批改完成] ANS_DM_175 | 路由: POS | 最终分: 10.0 | 风险: P0.00/U0.00/F0.00/H0/L0 | 提取质量: 🟢high | 留白率: 0% | 低质量率: 0%
2026-07-25 23:21:22 | INFO     | 
🔍 [正在处理] ANS_DM_177 | 启动 3WD 流水线...
2026-07-25 23:21:22 | INFO     | 📢 [总进度] 75/90 份试卷已归档。
2026-07-25 23:21:31 | INFO     | ✅ [批改完成] ANS_DM_176 | 路由: BND | 最终分: 6.2 | 风险: P0.00/U0.17/F0.00/H0/L0 | 提取质量: 🟢high | 留白率: 0% | 低质量率: 0%
2026-07-25 23:21:31 | INFO     | 
🔍 [正在处理] ANS_DM_178 | 启动 3WD 流水线...
2026-07-25 23:21:31 | INFO     | 📢 [总进度] 76/90 份试卷已归档。
2026-07-25 23:21:46 | INFO     | ✅ [批改完成] ANS_DM_177 | 路由: BND | 最终分: 5.0 | 风险: P0.00/U0.08/F0.00/H0/L1 | 提取质量: 🟢high | 留白率: 0% | 低质量率: 0%
2026-07-25 23:21:46 | INFO     | 
🔍 [正在处理] ANS_DM_179 | 启动 3WD 流水线...
2026-07-25 23:21:46 | INFO     | 📢 [总进度] 77/90 份试卷已归档。
2026-07-25 23:21:59 | INFO     | ✅ [批改完成] ANS_DM_178 | 路由: BND | 最终分: 6.3 | 风险: P0.00/U0.06/F0.00/H0/L0 | 提取质量: 🟢high | 留白率: 0% | 低质量率: 0%
2026-07-25 23:21:59 | INFO     | 
🔍 [正在处理] ANS_DM_180 | 启动 3WD 流水线...
2026-07-25 23:21:59 | INFO     | 📢 [总进度] 78/90 份试卷已归档。
2026-07-25 23:22:07 | INFO     | ✅ [批改完成] ANS_DM_179 | 路由: POS | 最终分: 10.0 | 风险: P0.00/U0.00/F0.00/H0/L0 | 提取质量: 🟢high | 留白率: 0% | 低质量率: 0%
2026-07-25 23:22:07 | INFO     | 
🔍 [正在处理] ANS_DM_181 | 启动 3WD 流水线...
2026-07-25 23:22:07 | INFO     | 📢 [总进度] 79/90 份试卷已归档。
2026-07-25 23:22:18 | INFO     | ✅ [批改完成] ANS_DM_180 | 路由: POS | 最终分: 10.0 | 风险: P0.00/U0.00/F0.00/H0/L0 | 提取质量: 🟢high | 留白率: 0% | 低质量率: 0%
2026-07-25 23:22:18 | INFO     | 
🔍 [正在处理] ANS_DM_182 | 启动 3WD 流水线...
2026-07-25 23:22:18 | INFO     | 📢 [总进度] 80/90 份试卷已归档。
2026-07-25 23:22:31 | INFO     | ✅ [批改完成] ANS_DM_181 | 路由: NEG | 最终分: 0 | 风险: P0.80/U0.00/F0.00/H0/L0 | 提取质量: 🟡low | 留白率: 100% | 低质量率: 0%
2026-07-25 23:22:31 | INFO     | 
🔍 [正在处理] ANS_DM_183 | 启动 3WD 流水线...
2026-07-25 23:22:31 | INFO     | 📢 [总进度] 81/90 份试卷已归档 [NEG-拒绝]。
2026-07-25 23:22:35 | INFO     | ✅ [批改完成] ANS_DM_182 | 路由: POS | 最终分: 10.0 | 风险: P0.00/U0.00/F0.00/H0/L0 | 提取质量: 🟢high | 留白率: 0% | 低质量率: 0%
2026-07-25 23:22:35 | INFO     | 
🔍 [正在处理] ANS_DM_184 | 启动 3WD 流水线...
2026-07-25 23:22:35 | INFO     | 📢 [总进度] 82/90 份试卷已归档。
2026-07-25 23:22:47 | INFO     | ✅ [批改完成] ANS_DM_184 | 路由: NEG | 最终分: 0 | 风险: P0.80/U0.00/F0.00/H0/L0 | 提取质量: 🟡low | 留白率: 100% | 低质量率: 0%
2026-07-25 23:22:47 | INFO     | 
🔍 [正在处理] ANS_DM_94 | 启动 3WD 流水线...
2026-07-25 23:22:47 | INFO     | 📢 [总进度] 83/90 份试卷已归档 [NEG-拒绝]。
2026-07-25 23:22:52 | INFO     | ✅ [批改完成] ANS_DM_183 | 路由: POS | 最终分: 7.0 | 风险: P0.00/U0.00/F0.30/H0/L0 | 提取质量: 🟢high | 留白率: 0% | 低质量率: 0%
2026-07-25 23:22:52 | INFO     | 
🔍 [正在处理] ANS_DM_95 | 启动 3WD 流水线...
2026-07-25 23:22:52 | INFO     | 📢 [总进度] 84/90 份试卷已归档。
2026-07-25 23:23:06 | INFO     | ✅ [批改完成] ANS_DM_94 | 路由: POS | 最终分: 9.8 | 风险: P0.00/U0.02/F0.00/H0/L0 | 提取质量: 🟢high | 留白率: 0% | 低质量率: 0%
2026-07-25 23:23:06 | INFO     | 
🔍 [正在处理] ANS_DM_96 | 启动 3WD 流水线...
2026-07-25 23:23:06 | INFO     | 📢 [总进度] 85/90 份试卷已归档。
2026-07-25 23:23:17 | INFO     | ✅ [批改完成] ANS_DM_95 | 路由: BND | 最终分: 9.3 | 风险: P0.00/U0.09/F0.00/H0/L0 | 提取质量: 🟢high | 留白率: 0% | 低质量率: 0%
2026-07-25 23:23:17 | INFO     | 
🔍 [正在处理] ANS_DM_97 | 启动 3WD 流水线...
2026-07-25 23:23:17 | INFO     | 📢 [总进度] 86/90 份试卷已归档。
2026-07-25 23:23:21 | INFO     | ✅ [批改完成] ANS_DM_96 | 路由: NEG | 最终分: 0 | 风险: P0.80/U0.00/F0.00/H0/L0 | 提取质量: 🟡low | 留白率: 100% | 低质量率: 0%
2026-07-25 23:23:21 | INFO     | 
🔍 [正在处理] ANS_DM_98 | 启动 3WD 流水线...
2026-07-25 23:23:21 | INFO     | 📢 [总进度] 87/90 份试卷已归档 [NEG-拒绝]。
2026-07-25 23:23:39 | INFO     | ✅ [批改完成] ANS_DM_97 | 路由: POS | 最终分: 10.0 | 风险: P0.00/U0.00/F0.00/H0/L0 | 提取质量: 🟢high | 留白率: 0% | 低质量率: 0%
2026-07-25 23:23:39 | INFO     | 
🔍 [正在处理] ANS_DM_99 | 启动 3WD 流水线...
2026-07-25 23:23:39 | INFO     | 📢 [总进度] 88/90 份试卷已归档。
2026-07-25 23:23:44 | INFO     | ✅ [批改完成] ANS_DM_98 | 路由: BND | 最终分: 2.3 | 风险: P0.20/U0.05/F0.40/H0/L1 | 提取质量: 🟢high | 留白率: 25% | 低质量率: 0%
2026-07-25 23:23:44 | INFO     | 📢 [总进度] 89/90 份试卷已归档。
2026-07-25 23:24:03 | INFO     | ✅ [批改完成] ANS_DM_99 | 路由: BND | 最终分: 9.7 | 风险: P0.00/U0.05/F0.00/H0/L0 | 提取质量: 🟢high | 留白率: 0% | 低质量率: 0%
2026-07-25 23:24:03 | INFO     | 📢 [总进度] 90/90 份试卷已归档。
2026-07-25 23:24:03 | INFO     | 🗂️ 所有线程交卷完毕，正在整理数据... (共收集 90/90 份结果)
2026-07-25 23:24:03 | INFO     | 💾 正常批改结果已保存: D:\users\王鑫020420\Desktop\refgrader-main\results_runs\csbench_dm1_dm2_dm3_all\runs\teacher_audit_dm_1_3_20260725_192008\DM_2_graded_results.json (81 人)
2026-07-25 23:24:03 | INFO     | 🛑 拒绝域结果已单独保存: D:\users\王鑫020420\Desktop\refgrader-main\results_runs\csbench_dm1_dm2_dm3_all\runs\teacher_audit_dm_1_3_20260725_192008\DM_2_rejected.json (9 人)
2026-07-25 23:24:03 | INFO     | [result consistency] DM_2: checkpoint=90, graded=81, rejected=9, failed=0, expected=90
2026-07-25 23:24:03 | INFO     | 
🚀 [标准模式] 开始处理: DM_3
2026-07-25 23:24:03 | INFO     | ⚡ 已加载本地标准: D:\users\王鑫020420\Desktop\refgrader-main\data\csbench\rubrics\optimized\DM\DM_3_rubric_standard.json
2026-07-25 23:24:03 | INFO     | [PaddleOCR] preparing 2/89 visual-answer cache entries...
2026-07-25 23:24:19 | INFO     | Initialize PaddleOCR | device=cpu | lang=ch | pending=1/1 | model_cache=D:\paddlex_cache
[1/1] completed: ANS_DM_253.jpg | tokens=24 | mean_conf=0.83129 | output=D:\users\王鑫020420\Desktop\refgrader-main\ocr_cache\csbench\DM_3\ANS_DM_253.json
summary: completed=1, skipped=0, failed=0
2026-07-25 23:24:34 | INFO     | Initialize PaddleOCR | device=cpu | lang=ch | pending=1/1 | model_cache=D:\paddlex_cache
[1/1] completed: ANS_DM_269.jpg | tokens=23 | mean_conf=0.77731 | output=D:\users\王鑫020420\Desktop\refgrader-main\ocr_cache\csbench\DM_3\ANS_DM_269.json
summary: completed=1, skipped=0, failed=0
2026-07-25 23:24:39 | INFO     | ⚡ 脱敏清单已预生成，89 名学生共享复用。
2026-07-25 23:24:39 | INFO     | 🏃 开始批改 89 张试卷 (⚡ 开启多线程模式)...
2026-07-25 23:24:39 | INFO     | 
🔍 [正在处理] ANS_DM_185 | 启动 3WD 流水线...
2026-07-25 23:24:39 | INFO     | 
🔍 [正在处理] ANS_DM_186 | 启动 3WD 流水线...
2026-07-25 23:24:39 | INFO     | ⏳ [主线程] 已提交 89 个任务，等待结果回收...
2026-07-25 23:24:56 | INFO     | ✅ [批改完成] ANS_DM_185 | 路由: POS | 最终分: 0 | 风险: P0.20/U0.00/F0.90/H0/L1 | 提取质量: 🟢high | 留白率: 25% | 低质量率: 0%
2026-07-25 23:24:56 | INFO     | 
🔍 [正在处理] ANS_DM_188 | 启动 3WD 流水线...
2026-07-25 23:24:56 | INFO     | 📢 [总进度] 1/89 份试卷已归档。
2026-07-25 23:25:06 | INFO     | ✅ [批改完成] ANS_DM_186 | 路由: BND | 最终分: 1.3 | 风险: P0.00/U0.12/F0.50/H0/L1 | 提取质量: 🟢high | 留白率: 0% | 低质量率: 0%
2026-07-25 23:25:06 | INFO     | 
🔍 [正在处理] ANS_DM_189 | 启动 3WD 流水线...
2026-07-25 23:25:06 | INFO     | 📢 [总进度] 2/89 份试卷已归档。
2026-07-25 23:25:15 | INFO     | ✅ [批改完成] ANS_DM_188 | 路由: BND | 最终分: 0 | 风险: P0.40/U0.00/F0.70/H0/L0 | 提取质量: 🟡low | 留白率: 50% | 低质量率: 0%
2026-07-25 23:25:15 | INFO     | 
🔍 [正在处理] ANS_DM_190 | 启动 3WD 流水线...
2026-07-25 23:25:15 | INFO     | 📢 [总进度] 3/89 份试卷已归档。
2026-07-25 23:25:34 | INFO     | ✅ [批改完成] ANS_DM_189 | 路由: BND | 最终分: 6.3 | 风险: P0.00/U0.29/F0.00/H0/L0 | 提取质量: 🟢high | 留白率: 0% | 低质量率: 0%
2026-07-25 23:25:34 | INFO     | 
🔍 [正在处理] ANS_DM_191 | 启动 3WD 流水线...
2026-07-25 23:25:34 | INFO     | 📢 [总进度] 4/89 份试卷已归档。
2026-07-25 23:25:44 | INFO     | ✅ [批改完成] ANS_DM_190 | 路由: BND | 最终分: 0.6 | 风险: P0.00/U0.19/F0.30/H0/L1 | 提取质量: 🟢high | 留白率: 0% | 低质量率: 0%
2026-07-25 23:25:44 | INFO     | 
🔍 [正在处理] ANS_DM_192 | 启动 3WD 流水线...
2026-07-25 23:25:44 | INFO     | 📢 [总进度] 5/89 份试卷已归档。
2026-07-25 23:25:55 | INFO     | ✅ [批改完成] ANS_DM_191 | 路由: POS | 最终分: 6.3 | 风险: P0.00/U0.05/F0.00/H0/L0 | 提取质量: 🟢high | 留白率: 0% | 低质量率: 0%
2026-07-25 23:25:55 | INFO     | 
🔍 [正在处理] ANS_DM_193 | 启动 3WD 流水线...
2026-07-25 23:25:55 | INFO     | 📢 [总进度] 6/89 份试卷已归档。
2026-07-25 23:26:08 | INFO     | ✅ [批改完成] ANS_DM_192 | 路由: POS | 最终分: 8.7 | 风险: P0.00/U0.05/F0.00/H0/L0 | 提取质量: 🟢high | 留白率: 0% | 低质量率: 0%
2026-07-25 23:26:08 | INFO     | 
🔍 [正在处理] ANS_DM_194 | 启动 3WD 流水线...
2026-07-25 23:26:08 | INFO     | 📢 [总进度] 7/89 份试卷已归档。
2026-07-25 23:26:26 | INFO     | ✅ [批改完成] ANS_DM_193 | 路由: BND | 最终分: 8.3 | 风险: P0.00/U0.13/F0.00/H0/L0 | 提取质量: 🟢high | 留白率: 0% | 低质量率: 0%
2026-07-25 23:26:26 | INFO     | 
🔍 [正在处理] ANS_DM_196 | 启动 3WD 流水线...
2026-07-25 23:26:26 | INFO     | 📢 [总进度] 8/89 份试卷已归档。
2026-07-25 23:26:39 | INFO     | ✅ [批改完成] ANS_DM_194 | 路由: BND | 最终分: 6.0 | 风险: P0.00/U0.28/F0.00/H0/L0 | 提取质量: 🟢high | 留白率: 0% | 低质量率: 0%
2026-07-25 23:26:39 | INFO     | 
🔍 [正在处理] ANS_DM_197 | 启动 3WD 流水线...
2026-07-25 23:26:39 | INFO     | 📢 [总进度] 9/89 份试卷已归档。
2026-07-25 23:26:56 | INFO     | ✅ [批改完成] ANS_DM_196 | 路由: BND | 最终分: 6.8 | 风险: P0.00/U0.13/F0.00/H0/L0 | 提取质量: 🟢high | 留白率: 0% | 低质量率: 0%
2026-07-25 23:26:56 | INFO     | 
🔍 [正在处理] ANS_DM_198 | 启动 3WD 流水线...
2026-07-25 23:26:56 | INFO     | 📢 [总进度] 10/89 份试卷已归档。
2026-07-25 23:27:09 | INFO     | ✅ [批改完成] ANS_DM_197 | 路由: BND | 最终分: 9.2 | 风险: P0.00/U0.18/F0.00/H0/L0 | 提取质量: 🟢high | 留白率: 0% | 低质量率: 0%
2026-07-25 23:27:09 | INFO     | 
🔍 [正在处理] ANS_DM_199 | 启动 3WD 流水线...
2026-07-25 23:27:09 | INFO     | 📢 [总进度] 11/89 份试卷已归档。
2026-07-25 23:27:26 | INFO     | ✅ [批改完成] ANS_DM_198 | 路由: BND | 最终分: 5.0 | 风险: P0.00/U0.08/F0.00/H0/L1 | 提取质量: 🟢high | 留白率: 0% | 低质量率: 0%
2026-07-25 23:27:26 | INFO     | 
🔍 [正在处理] ANS_DM_200 | 启动 3WD 流水线...
2026-07-25 23:27:26 | INFO     | 📢 [总进度] 12/89 份试卷已归档。
2026-07-25 23:27:37 | INFO     | ✅ [批改完成] ANS_DM_199 | 路由: BND | 最终分: 9.0 | 风险: P0.00/U0.07/F0.00/H0/L0 | 提取质量: 🟢high | 留白率: 0% | 低质量率: 0%
2026-07-25 23:27:37 | INFO     | 
🔍 [正在处理] ANS_DM_201 | 启动 3WD 流水线...
2026-07-25 23:27:37 | INFO     | 📢 [总进度] 13/89 份试卷已归档。
2026-07-25 23:27:52 | INFO     | ✅ [批改完成] ANS_DM_200 | 路由: BND | 最终分: 9.3 | 风险: P0.00/U0.09/F0.00/H0/L0 | 提取质量: 🟢high | 留白率: 0% | 低质量率: 0%
2026-07-25 23:27:52 | INFO     | 
🔍 [正在处理] ANS_DM_202 | 启动 3WD 流水线...
2026-07-25 23:27:52 | INFO     | 📢 [总进度] 14/89 份试卷已归档。
2026-07-25 23:28:07 | INFO     | ✅ [批改完成] ANS_DM_201 | 路由: BND | 最终分: 4.3 | 风险: P0.00/U0.10/F0.10/H0/L0 | 提取质量: 🟢high | 留白率: 0% | 低质量率: 0%
2026-07-25 23:28:07 | INFO     | 
🔍 [正在处理] ANS_DM_203 | 启动 3WD 流水线...
2026-07-25 23:28:07 | INFO     | 📢 [总进度] 15/89 份试卷已归档。
2026-07-25 23:28:20 | INFO     | ✅ [批改完成] ANS_DM_202 | 路由: BND | 最终分: 8.7 | 风险: P0.00/U0.12/F0.00/H0/L0 | 提取质量: 🟢high | 留白率: 0% | 低质量率: 0%
2026-07-25 23:28:20 | INFO     | 
🔍 [正在处理] ANS_DM_204 | 启动 3WD 流水线...
2026-07-25 23:28:20 | INFO     | 📢 [总进度] 16/89 份试卷已归档。
2026-07-25 23:28:28 | INFO     | ✅ [批改完成] ANS_DM_203 | 路由: POS | 最终分: 10.0 | 风险: P0.00/U0.00/F0.00/H0/L0 | 提取质量: 🟢high | 留白率: 0% | 低质量率: 0%
2026-07-25 23:28:28 | INFO     | 
🔍 [正在处理] ANS_DM_205 | 启动 3WD 流水线...
2026-07-25 23:28:28 | INFO     | 📢 [总进度] 17/89 份试卷已归档。
2026-07-25 23:28:45 | INFO     | ✅ [批改完成] ANS_DM_204 | 路由: POS | 最终分: 8.5 | 风险: P0.00/U0.00/F0.00/H0/L0 | 提取质量: 🟢high | 留白率: 0% | 低质量率: 0%
2026-07-25 23:28:45 | INFO     | 
🔍 [正在处理] ANS_DM_207 | 启动 3WD 流水线...
2026-07-25 23:28:45 | INFO     | 📢 [总进度] 18/89 份试卷已归档。
2026-07-25 23:28:48 | INFO     | ✅ [批改完成] ANS_DM_205 | 路由: POS | 最终分: 10.0 | 风险: P0.00/U0.00/F0.00/H0/L0 | 提取质量: 🟢high | 留白率: 0% | 低质量率: 0%
2026-07-25 23:28:48 | INFO     | 
🔍 [正在处理] ANS_DM_208 | 启动 3WD 流水线...
2026-07-25 23:28:48 | INFO     | 📢 [总进度] 19/89 份试卷已归档。
2026-07-25 23:28:58 | INFO     | ✅ [批改完成] ANS_DM_207 | 路由: NEG | 最终分: 0 | 风险: P0.80/U0.00/F0.00/H0/L0 | 提取质量: 🟡low | 留白率: 100% | 低质量率: 0%
2026-07-25 23:28:58 | INFO     | 
🔍 [正在处理] ANS_DM_209 | 启动 3WD 流水线...
2026-07-25 23:28:58 | INFO     | 📢 [总进度] 20/89 份试卷已归档 [NEG-拒绝]。
2026-07-25 23:29:09 | INFO     | ✅ [批改完成] ANS_DM_208 | 路由: POS | 最终分: 9.8 | 风险: P0.00/U0.02/F0.00/H0/L0 | 提取质量: 🟢high | 留白率: 0% | 低质量率: 0%
2026-07-25 23:29:09 | INFO     | 
🔍 [正在处理] ANS_DM_210 | 启动 3WD 流水线...
2026-07-25 23:29:09 | INFO     | 📢 [总进度] 21/89 份试卷已归档。
2026-07-25 23:29:20 | INFO     | ✅ [批改完成] ANS_DM_209 | 路由: POS | 最终分: 6.3 | 风险: P0.00/U0.05/F0.00/H0/L0 | 提取质量: 🟢high | 留白率: 0% | 低质量率: 0%
2026-07-25 23:29:20 | INFO     | 
🔍 [正在处理] ANS_DM_211 | 启动 3WD 流水线...
2026-07-25 23:29:20 | INFO     | 📢 [总进度] 22/89 份试卷已归档。
2026-07-25 23:29:30 | INFO     | ✅ [批改完成] ANS_DM_210 | 路由: POS | 最终分: 9.2 | 风险: P0.00/U0.02/F0.00/H0/L0 | 提取质量: 🟢high | 留白率: 0% | 低质量率: 0%
2026-07-25 23:29:30 | INFO     | 
🔍 [正在处理] ANS_DM_212 | 启动 3WD 流水线...
2026-07-25 23:29:30 | INFO     | 📢 [总进度] 23/89 份试卷已归档。
2026-07-25 23:29:44 | INFO     | ✅ [批改完成] ANS_DM_211 | 路由: POS | 最终分: 3.0 | 风险: P0.00/U0.04/F0.00/H0/L1 | 提取质量: 🟢high | 留白率: 0% | 低质量率: 0%
2026-07-25 23:29:44 | INFO     | 
🔍 [正在处理] ANS_DM_213 | 启动 3WD 流水线...
2026-07-25 23:29:44 | INFO     | 📢 [总进度] 24/89 份试卷已归档。
2026-07-25 23:29:50 | INFO     | ✅ [批改完成] ANS_DM_212 | 路由: POS | 最终分: 10.0 | 风险: P0.00/U0.00/F0.00/H0/L0 | 提取质量: 🟢high | 留白率: 0% | 低质量率: 0%
2026-07-25 23:29:50 | INFO     | 
🔍 [正在处理] ANS_DM_214 | 启动 3WD 流水线...
2026-07-25 23:29:50 | INFO     | 📢 [总进度] 25/89 份试卷已归档。
2026-07-25 23:30:13 | INFO     | ✅ [批改完成] ANS_DM_214 | 路由: NEG | 最终分: 0 | 风险: P0.80/U0.00/F0.00/H0/L0 | 提取质量: 🟡low | 留白率: 100% | 低质量率: 0%
2026-07-25 23:30:13 | INFO     | 
🔍 [正在处理] ANS_DM_215 | 启动 3WD 流水线...
2026-07-25 23:30:13 | INFO     | 📢 [总进度] 26/89 份试卷已归档 [NEG-拒绝]。
2026-07-25 23:30:19 | INFO     | ✅ [批改完成] ANS_DM_213 | 路由: BND | 最终分: 7.8 | 风险: P0.00/U0.27/F0.00/H0/L1 | 提取质量: 🟢high | 留白率: 0% | 低质量率: 0%
2026-07-25 23:30:19 | INFO     | 
🔍 [正在处理] ANS_DM_216 | 启动 3WD 流水线...
2026-07-25 23:30:19 | INFO     | 📢 [总进度] 27/89 份试卷已归档。
2026-07-25 23:30:39 | INFO     | ✅ [批改完成] ANS_DM_216 | 路由: POS | 最终分: 9.5 | 风险: P0.00/U0.04/F0.00/H0/L0 | 提取质量: 🟢high | 留白率: 0% | 低质量率: 0%
2026-07-25 23:30:39 | INFO     | 
🔍 [正在处理] ANS_DM_217 | 启动 3WD 流水线...
2026-07-25 23:30:39 | INFO     | 📢 [总进度] 28/89 份试卷已归档。
2026-07-25 23:30:43 | INFO     | ✅ [批改完成] ANS_DM_215 | 路由: BND | 最终分: 9.2 | 风险: P0.00/U0.06/F0.00/H0/L0 | 提取质量: 🟢high | 留白率: 0% | 低质量率: 0%
2026-07-25 23:30:43 | INFO     | 
🔍 [正在处理] ANS_DM_218 | 启动 3WD 流水线...
2026-07-25 23:30:43 | INFO     | 📢 [总进度] 29/89 份试卷已归档。
2026-07-25 23:31:04 | INFO     | ✅ [批改完成] ANS_DM_217 | 路由: BND | 最终分: 9.7 | 风险: P0.00/U0.05/F0.00/H0/L0 | 提取质量: 🟢high | 留白率: 0% | 低质量率: 0%
2026-07-25 23:31:04 | INFO     | 
🔍 [正在处理] ANS_DM_219 | 启动 3WD 流水线...
2026-07-25 23:31:04 | INFO     | 📢 [总进度] 30/89 份试卷已归档。
2026-07-25 23:31:11 | INFO     | ✅ [批改完成] ANS_DM_218 | 路由: BND | 最终分: 0 | 风险: P0.40/U0.07/F0.40/H0/L0 | 提取质量: 🟡low | 留白率: 50% | 低质量率: 0%
2026-07-25 23:31:11 | INFO     | 
🔍 [正在处理] ANS_DM_220 | 启动 3WD 流水线...
2026-07-25 23:31:11 | INFO     | 📢 [总进度] 31/89 份试卷已归档。
2026-07-25 23:31:31 | INFO     | ✅ [批改完成] ANS_DM_219 | 路由: BND | 最终分: 9.5 | 风险: P0.00/U0.04/F0.00/H0/L0 | 提取质量: 🟢high | 留白率: 0% | 低质量率: 0%
2026-07-25 23:31:31 | INFO     | 
🔍 [正在处理] ANS_DM_221 | 启动 3WD 流水线...
2026-07-25 23:31:31 | INFO     | 📢 [总进度] 32/89 份试卷已归档。
2026-07-25 23:31:32 | INFO     | ✅ [批改完成] ANS_DM_220 | 路由: BND | 最终分: 0 | 风险: P0.40/U0.00/F0.40/H0/L0 | 提取质量: 🟡low | 留白率: 50% | 低质量率: 0%
2026-07-25 23:31:32 | INFO     | 
🔍 [正在处理] ANS_DM_222 | 启动 3WD 流水线...
2026-07-25 23:31:32 | INFO     | 📢 [总进度] 33/89 份试卷已归档。
2026-07-25 23:31:58 | INFO     | ✅ [批改完成] ANS_DM_222 | 路由: BND | 最终分: 9.7 | 风险: P0.00/U0.05/F0.00/H0/L0 | 提取质量: 🟢high | 留白率: 0% | 低质量率: 0%
2026-07-25 23:31:58 | INFO     | 
🔍 [正在处理] ANS_DM_223 | 启动 3WD 流水线...
2026-07-25 23:31:58 | INFO     | 📢 [总进度] 34/89 份试卷已归档。
2026-07-25 23:31:59 | INFO     | ✅ [批改完成] ANS_DM_221 | 路由: BND | 最终分: 6.0 | 风险: P0.00/U0.14/F0.00/H0/L1 | 提取质量: 🟢high | 留白率: 0% | 低质量率: 0%
2026-07-25 23:31:59 | INFO     | 
🔍 [正在处理] ANS_DM_224 | 启动 3WD 流水线...
2026-07-25 23:31:59 | INFO     | 📢 [总进度] 35/89 份试卷已归档。
2026-07-25 23:32:20 | INFO     | ✅ [批改完成] ANS_DM_223 | 路由: POS | 最终分: 7.7 | 风险: P0.00/U0.05/F0.00/H0/L0 | 提取质量: 🟢high | 留白率: 0% | 低质量率: 0%
2026-07-25 23:32:20 | INFO     | 
🔍 [正在处理] ANS_DM_225 | 启动 3WD 流水线...
2026-07-25 23:32:20 | INFO     | 📢 [总进度] 36/89 份试卷已归档。
2026-07-25 23:32:28 | INFO     | ✅ [批改完成] ANS_DM_224 | 路由: BND | 最终分: 2.7 | 风险: P0.20/U0.09/F0.00/H0/L1 | 提取质量: 🟢high | 留白率: 25% | 低质量率: 0%
2026-07-25 23:32:28 | INFO     | 
🔍 [正在处理] ANS_DM_226 | 启动 3WD 流水线...
2026-07-25 23:32:28 | INFO     | 📢 [总进度] 37/89 份试卷已归档。
2026-07-25 23:32:49 | INFO     | ✅ [批改完成] ANS_DM_226 | 路由: POS | 最终分: 9.7 | 风险: P0.00/U0.02/F0.00/H0/L0 | 提取质量: 🟢high | 留白率: 0% | 低质量率: 0%
2026-07-25 23:32:49 | INFO     | 
🔍 [正在处理] ANS_DM_227 | 启动 3WD 流水线...
2026-07-25 23:32:49 | INFO     | 📢 [总进度] 38/89 份试卷已归档。
2026-07-25 23:32:52 | INFO     | ✅ [批改完成] ANS_DM_225 | 路由: BND | 最终分: 5.8 | 风险: P0.00/U0.06/F0.00/H0/L0 | 提取质量: 🟢high | 留白率: 0% | 低质量率: 0%
2026-07-25 23:32:52 | INFO     | 
🔍 [正在处理] ANS_DM_228 | 启动 3WD 流水线...
2026-07-25 23:32:52 | INFO     | 📢 [总进度] 39/89 份试卷已归档。
2026-07-25 23:33:08 | INFO     | ✅ [批改完成] ANS_DM_227 | 路由: BND | 最终分: 0 | 风险: P0.60/U0.00/F0.30/H0/L0 | 提取质量: 🟡low | 留白率: 75% | 低质量率: 0%
2026-07-25 23:33:08 | INFO     | 
🔍 [正在处理] ANS_DM_229 | 启动 3WD 流水线...
2026-07-25 23:33:08 | INFO     | 📢 [总进度] 40/89 份试卷已归档。
2026-07-25 23:33:27 | INFO     | ✅ [批改完成] ANS_DM_228 | 路由: BND | 最终分: 0.7 | 风险: P0.00/U0.17/F0.40/H0/L1 | 提取质量: 🟢high | 留白率: 0% | 低质量率: 0%
2026-07-25 23:33:27 | INFO     | 
🔍 [正在处理] ANS_DM_230 | 启动 3WD 流水线...
2026-07-25 23:33:27 | INFO     | 📢 [总进度] 41/89 份试卷已归档。
2026-07-25 23:33:35 | INFO     | ✅ [批改完成] ANS_DM_229 | 路由: BND | 最终分: 10.0 | 风险: P0.00/U0.05/F0.00/H0/L0 | 提取质量: 🟢high | 留白率: 0% | 低质量率: 0%
2026-07-25 23:33:35 | INFO     | 
🔍 [正在处理] ANS_DM_231 | 启动 3WD 流水线...
2026-07-25 23:33:35 | INFO     | 📢 [总进度] 42/89 份试卷已归档。
2026-07-25 23:33:55 | INFO     | ✅ [批改完成] ANS_DM_230 | 路由: BND | 最终分: 9.3 | 风险: P0.00/U0.09/F0.00/H0/L0 | 提取质量: 🟢high | 留白率: 0% | 低质量率: 0%
2026-07-25 23:33:55 | INFO     | 
🔍 [正在处理] ANS_DM_232 | 启动 3WD 流水线...
2026-07-25 23:33:55 | INFO     | 📢 [总进度] 43/89 份试卷已归档。
2026-07-25 23:34:02 | INFO     | ✅ [批改完成] ANS_DM_231 | 路由: BND | 最终分: 6.2 | 风险: P0.00/U0.14/F0.00/H0/L0 | 提取质量: 🟢high | 留白率: 0% | 低质量率: 0%
2026-07-25 23:34:02 | INFO     | 
🔍 [正在处理] ANS_DM_233 | 启动 3WD 流水线...
2026-07-25 23:34:02 | INFO     | 📢 [总进度] 44/89 份试卷已归档。
2026-07-25 23:34:28 | INFO     | ✅ [批改完成] ANS_DM_232 | 路由: BND | 最终分: 8.7 | 风险: P0.00/U0.12/F0.00/H0/L0 | 提取质量: 🟢high | 留白率: 0% | 低质量率: 0%
2026-07-25 23:34:28 | INFO     | 
🔍 [正在处理] ANS_DM_234 | 启动 3WD 流水线...
2026-07-25 23:34:28 | INFO     | 📢 [总进度] 45/89 份试卷已归档。
2026-07-25 23:34:29 | INFO     | ✅ [批改完成] ANS_DM_233 | 路由: BND | 最终分: 9.7 | 风险: P0.00/U0.05/F0.00/H0/L0 | 提取质量: 🟢high | 留白率: 0% | 低质量率: 0%
2026-07-25 23:34:29 | INFO     | 
🔍 [正在处理] ANS_DM_235 | 启动 3WD 流水线...
2026-07-25 23:34:29 | INFO     | 📢 [总进度] 46/89 份试卷已归档。
2026-07-25 23:34:54 | INFO     | ✅ [批改完成] ANS_DM_235 | 路由: BND | 最终分: 1.2 | 风险: P0.20/U0.02/F0.00/H0/L1 | 提取质量: 🟢high | 留白率: 25% | 低质量率: 0%
2026-07-25 23:34:54 | INFO     | 
🔍 [正在处理] ANS_DM_236 | 启动 3WD 流水线...
2026-07-25 23:34:54 | INFO     | 📢 [总进度] 47/89 份试卷已归档。
2026-07-25 23:34:59 | INFO     | ✅ [批改完成] ANS_DM_234 | 路由: BND | 最终分: 2.0 | 风险: P0.20/U0.16/F0.10/H0/L1 | 提取质量: 🟢high | 留白率: 25% | 低质量率: 0%
2026-07-25 23:34:59 | INFO     | 
🔍 [正在处理] ANS_DM_237 | 启动 3WD 流水线...
2026-07-25 23:34:59 | INFO     | 📢 [总进度] 48/89 份试卷已归档。
2026-07-25 23:35:16 | INFO     | ✅ [批改完成] ANS_DM_236 | 路由: POS | 最终分: 9.7 | 风险: P0.00/U0.05/F0.00/H0/L0 | 提取质量: 🟢high | 留白率: 0% | 低质量率: 0%
2026-07-25 23:35:16 | INFO     | 
🔍 [正在处理] ANS_DM_238 | 启动 3WD 流水线...
2026-07-25 23:35:16 | INFO     | 📢 [总进度] 49/89 份试卷已归档。
2026-07-25 23:35:19 | INFO     | ✅ [批改完成] ANS_DM_237 | 路由: POS | 最终分: 2.8 | 风险: P0.00/U0.02/F0.00/H0/L1 | 提取质量: 🟢high | 留白率: 0% | 低质量率: 0%
2026-07-25 23:35:19 | INFO     | 
🔍 [正在处理] ANS_DM_239 | 启动 3WD 流水线...
2026-07-25 23:35:19 | INFO     | 📢 [总进度] 50/89 份试卷已归档。
2026-07-25 23:35:37 | INFO     | ✅ [批改完成] ANS_DM_238 | 路由: NEG | 最终分: 0 | 风险: P0.80/U0.00/F0.00/H0/L0 | 提取质量: 🟡low | 留白率: 100% | 低质量率: 0%
2026-07-25 23:35:37 | INFO     | 
🔍 [正在处理] ANS_DM_240 | 启动 3WD 流水线...
2026-07-25 23:35:37 | INFO     | 📢 [总进度] 51/89 份试卷已归档 [NEG-拒绝]。
2026-07-25 23:35:43 | INFO     | ✅ [批改完成] ANS_DM_239 | 路由: POS | 最终分: 10.0 | 风险: P0.00/U0.00/F0.00/H0/L0 | 提取质量: 🟢high | 留白率: 0% | 低质量率: 0%
2026-07-25 23:35:43 | INFO     | 
🔍 [正在处理] ANS_DM_241 | 启动 3WD 流水线...
2026-07-25 23:35:43 | INFO     | 📢 [总进度] 52/89 份试卷已归档。
2026-07-25 23:36:00 | INFO     | ✅ [批改完成] ANS_DM_241 | 路由: NEG | 最终分: 1.2 | 风险: P0.60/U0.09/F0.00/H0/L0 | 提取质量: 🟡low | 留白率: 75% | 低质量率: 0%
2026-07-25 23:36:00 | INFO     | 
🔍 [正在处理] ANS_DM_242 | 启动 3WD 流水线...
2026-07-25 23:36:00 | INFO     | 📢 [总进度] 53/89 份试卷已归档 [NEG-拒绝]。
2026-07-25 23:36:02 | INFO     | ✅ [批改完成] ANS_DM_240 | 路由: BND | 最终分: 5.7 | 风险: P0.00/U0.09/F0.00/H0/L1 | 提取质量: 🟢high | 留白率: 0% | 低质量率: 0%
2026-07-25 23:36:02 | INFO     | 
🔍 [正在处理] ANS_DM_243 | 启动 3WD 流水线...
2026-07-25 23:36:02 | INFO     | 📢 [总进度] 54/89 份试卷已归档。
2026-07-25 23:36:27 | INFO     | ✅ [批改完成] ANS_DM_242 | 路由: BND | 最终分: 5.5 | 风险: P0.00/U0.11/F0.00/H0/L1 | 提取质量: 🟢high | 留白率: 0% | 低质量率: 0%
2026-07-25 23:36:27 | INFO     | 
🔍 [正在处理] ANS_DM_244 | 启动 3WD 流水线...
2026-07-25 23:36:27 | INFO     | 📢 [总进度] 55/89 份试卷已归档。
2026-07-25 23:36:33 | INFO     | ✅ [批改完成] ANS_DM_243 | 路由: BND | 最终分: 9.8 | 风险: P0.00/U0.24/F0.00/H0/L0 | 提取质量: 🟢high | 留白率: 0% | 低质量率: 0%
2026-07-25 23:36:33 | INFO     | 
🔍 [正在处理] ANS_DM_245 | 启动 3WD 流水线...
2026-07-25 23:36:33 | INFO     | 📢 [总进度] 56/89 份试卷已归档。
2026-07-25 23:36:53 | INFO     | ✅ [批改完成] ANS_DM_244 | 路由: BND | 最终分: 9.7 | 风险: P0.00/U0.05/F0.00/H0/L0 | 提取质量: 🟢high | 留白率: 0% | 低质量率: 0%
2026-07-25 23:36:53 | INFO     | 
🔍 [正在处理] ANS_DM_246 | 启动 3WD 流水线...
2026-07-25 23:36:53 | INFO     | 📢 [总进度] 57/89 份试卷已归档。
2026-07-25 23:36:55 | INFO     | ✅ [批改完成] ANS_DM_245 | 路由: NEG | 最终分: 0 | 风险: P0.80/U0.00/F0.00/H0/L0 | 提取质量: 🟡low | 留白率: 100% | 低质量率: 0%
2026-07-25 23:36:55 | INFO     | 
🔍 [正在处理] ANS_DM_247 | 启动 3WD 流水线...
2026-07-25 23:36:55 | INFO     | 📢 [总进度] 58/89 份试卷已归档 [NEG-拒绝]。
2026-07-25 23:37:20 | INFO     | ✅ [批改完成] ANS_DM_247 | 路由: BND | 最终分: 8.8 | 风险: P0.00/U0.10/F0.00/H0/L0 | 提取质量: 🟢high | 留白率: 0% | 低质量率: 0%
2026-07-25 23:37:20 | INFO     | 
🔍 [正在处理] ANS_DM_248 | 启动 3WD 流水线...
2026-07-25 23:37:20 | INFO     | 📢 [总进度] 59/89 份试卷已归档。
2026-07-25 23:37:27 | INFO     | ✅ [批改完成] ANS_DM_246 | 路由: BND | 最终分: 5.2 | 风险: P0.00/U0.22/F0.00/H0/L1 | 提取质量: 🟢high | 留白率: 0% | 低质量率: 0%
2026-07-25 23:37:27 | INFO     | 
🔍 [正在处理] ANS_DM_249 | 启动 3WD 流水线...
2026-07-25 23:37:27 | INFO     | 📢 [总进度] 60/89 份试卷已归档。
2026-07-25 23:37:44 | INFO     | ✅ [批改完成] ANS_DM_248 | 路由: POS | 最终分: 10.0 | 风险: P0.00/U0.00/F0.00/H0/L0 | 提取质量: 🟢high | 留白率: 0% | 低质量率: 0%
2026-07-25 23:37:44 | INFO     | 
🔍 [正在处理] ANS_DM_250 | 启动 3WD 流水线...
2026-07-25 23:37:44 | INFO     | 📢 [总进度] 61/89 份试卷已归档。
2026-07-25 23:37:45 | INFO     | ✅ [批改完成] ANS_DM_249 | 路由: NEG | 最终分: 0 | 风险: P0.80/U0.00/F0.00/H0/L0 | 提取质量: 🟡low | 留白率: 100% | 低质量率: 0%
2026-07-25 23:37:45 | INFO     | 
🔍 [正在处理] ANS_DM_251 | 启动 3WD 流水线...
2026-07-25 23:37:45 | INFO     | 📢 [总进度] 62/89 份试卷已归档 [NEG-拒绝]。
2026-07-25 23:38:06 | INFO     | ✅ [批改完成] ANS_DM_251 | 路由: POS | 最终分: 9.8 | 风险: P0.00/U0.02/F0.00/H0/L0 | 提取质量: 🟢high | 留白率: 0% | 低质量率: 0%
2026-07-25 23:38:06 | INFO     | 
🔍 [正在处理] ANS_DM_252 | 启动 3WD 流水线...
2026-07-25 23:38:06 | INFO     | 📢 [总进度] 63/89 份试卷已归档。
2026-07-25 23:38:09 | INFO     | ✅ [批改完成] ANS_DM_250 | 路由: BND | 最终分: 8.05 | 风险: P0.00/U0.10/F0.00/H0/L0 | 提取质量: 🟢high | 留白率: 0% | 低质量率: 0%
2026-07-25 23:38:09 | INFO     | 
🔍 [正在处理] ANS_DM_253 | 启动 3WD 流水线...
2026-07-25 23:38:09 | INFO     | 📢 [总进度] 64/89 份试卷已归档。
2026-07-25 23:38:28 | INFO     | ✅ [批改完成] ANS_DM_252 | 路由: POS | 最终分: 9.7 | 风险: P0.00/U0.02/F0.00/H0/L0 | 提取质量: 🟢high | 留白率: 0% | 低质量率: 0%
2026-07-25 23:38:28 | INFO     | 
🔍 [正在处理] ANS_DM_254 | 启动 3WD 流水线...
2026-07-25 23:38:28 | INFO     | 📢 [总进度] 65/89 份试卷已归档。
2026-07-25 23:38:57 | INFO     | ✅ [批改完成] ANS_DM_254 | 路由: BND | 最终分: 5.2 | 风险: P0.00/U0.14/F0.00/H0/L0 | 提取质量: 🟢high | 留白率: 0% | 低质量率: 0%
2026-07-25 23:38:57 | INFO     | 
🔍 [正在处理] ANS_DM_255 | 启动 3WD 流水线...
2026-07-25 23:38:57 | INFO     | 📢 [总进度] 66/89 份试卷已归档。
2026-07-25 23:39:17 | INFO     | ✅ [批改完成] ANS_DM_255 | 路由: POS | 最终分: 1.2 | 风险: P0.00/U0.05/F0.70/H0/L1 | 提取质量: 🟢high | 留白率: 0% | 低质量率: 0%
2026-07-25 23:39:17 | INFO     | 
🔍 [正在处理] ANS_DM_256 | 启动 3WD 流水线...
2026-07-25 23:39:17 | INFO     | 📢 [总进度] 67/89 份试卷已归档。
2026-07-25 23:39:24 | INFO     | ✅ [批改完成] ANS_DM_253 | 路由: BND | 最终分: 0.95 | 风险: P0.00/U0.17/F0.00/H0/L1 | 提取质量: 🟢high | 留白率: 0% | 低质量率: 0%
2026-07-25 23:39:24 | INFO     | 
🔍 [正在处理] ANS_DM_257 | 启动 3WD 流水线...
2026-07-25 23:39:24 | INFO     | 📢 [总进度] 68/89 份试卷已归档。
2026-07-25 23:39:47 | INFO     | ✅ [批改完成] ANS_DM_257 | 路由: POS | 最终分: 10.0 | 风险: P0.00/U0.00/F0.00/H0/L0 | 提取质量: 🟢high | 留白率: 0% | 低质量率: 0%
2026-07-25 23:39:47 | INFO     | 
🔍 [正在处理] ANS_DM_258 | 启动 3WD 流水线...
2026-07-25 23:39:47 | INFO     | 📢 [总进度] 69/89 份试卷已归档。
2026-07-25 23:39:47 | INFO     | ✅ [批改完成] ANS_DM_256 | 路由: BND | 最终分: 9.5 | 风险: P0.00/U0.20/F0.00/H0/L0 | 提取质量: 🟢high | 留白率: 0% | 低质量率: 0%
2026-07-25 23:39:47 | INFO     | 
🔍 [正在处理] ANS_DM_259 | 启动 3WD 流水线...
2026-07-25 23:39:47 | INFO     | 📢 [总进度] 70/89 份试卷已归档。
2026-07-25 23:40:07 | INFO     | ✅ [批改完成] ANS_DM_259 | 路由: POS | 最终分: 10.0 | 风险: P0.00/U0.00/F0.00/H0/L0 | 提取质量: 🟢high | 留白率: 0% | 低质量率: 0%
2026-07-25 23:40:07 | INFO     | 
🔍 [正在处理] ANS_DM_260 | 启动 3WD 流水线...
2026-07-25 23:40:07 | INFO     | 📢 [总进度] 71/89 份试卷已归档。
2026-07-25 23:40:14 | INFO     | ✅ [批改完成] ANS_DM_258 | 路由: BND | 最终分: 8.2 | 风险: P0.00/U0.06/F0.00/H0/L0 | 提取质量: 🟢high | 留白率: 0% | 低质量率: 0%
2026-07-25 23:40:14 | INFO     | 
🔍 [正在处理] ANS_DM_261 | 启动 3WD 流水线...
2026-07-25 23:40:14 | INFO     | 📢 [总进度] 72/89 份试卷已归档。
2026-07-25 23:40:32 | INFO     | ✅ [批改完成] ANS_DM_260 | 路由: POS | 最终分: 10.0 | 风险: P0.00/U0.00/F0.00/H0/L0 | 提取质量: 🟢high | 留白率: 0% | 低质量率: 0%
2026-07-25 23:40:32 | INFO     | 
🔍 [正在处理] ANS_DM_262 | 启动 3WD 流水线...
2026-07-25 23:40:32 | INFO     | 📢 [总进度] 73/89 份试卷已归档。
2026-07-25 23:40:34 | INFO     | ✅ [批改完成] ANS_DM_261 | 路由: POS | 最终分: 10.0 | 风险: P0.00/U0.00/F0.00/H0/L0 | 提取质量: 🟢high | 留白率: 0% | 低质量率: 0%
2026-07-25 23:40:34 | INFO     | 
🔍 [正在处理] ANS_DM_263 | 启动 3WD 流水线...
2026-07-25 23:40:34 | INFO     | 📢 [总进度] 74/89 份试卷已归档。
2026-07-25 23:40:55 | INFO     | ✅ [批改完成] ANS_DM_263 | 路由: POS | 最终分: 10.0 | 风险: P0.00/U0.00/F0.00/H0/L0 | 提取质量: 🟢high | 留白率: 0% | 低质量率: 0%
2026-07-25 23:40:55 | INFO     | 
🔍 [正在处理] ANS_DM_264 | 启动 3WD 流水线...
2026-07-25 23:40:55 | INFO     | 📢 [总进度] 75/89 份试卷已归档。
2026-07-25 23:40:59 | INFO     | ✅ [批改完成] ANS_DM_262 | 路由: BND | 最终分: 0.5 | 风险: P0.20/U0.07/F0.80/H0/L1 | 提取质量: 🟢high | 留白率: 25% | 低质量率: 0%
2026-07-25 23:41:00 | INFO     | 
🔍 [正在处理] ANS_DM_265 | 启动 3WD 流水线...
2026-07-25 23:41:00 | INFO     | 📢 [总进度] 76/89 份试卷已归档。
2026-07-25 23:41:23 | INFO     | ✅ [批改完成] ANS_DM_265 | 路由: POS | 最终分: 10.0 | 风险: P0.00/U0.00/F0.00/H0/L0 | 提取质量: 🟢high | 留白率: 0% | 低质量率: 0%
2026-07-25 23:41:23 | INFO     | 
🔍 [正在处理] ANS_DM_266 | 启动 3WD 流水线...
2026-07-25 23:41:23 | INFO     | 📢 [总进度] 77/89 份试卷已归档。
2026-07-25 23:41:30 | INFO     | ✅ [批改完成] ANS_DM_264 | 路由: BND | 最终分: 5.0 | 风险: P0.00/U0.08/F0.00/H0/L1 | 提取质量: 🟢high | 留白率: 0% | 低质量率: 0%
2026-07-25 23:41:30 | INFO     | 
🔍 [正在处理] ANS_DM_267 | 启动 3WD 流水线...
2026-07-25 23:41:30 | INFO     | 📢 [总进度] 78/89 份试卷已归档。
2026-07-25 23:41:45 | INFO     | ✅ [批改完成] ANS_DM_266 | 路由: POS | 最终分: 10.0 | 风险: P0.00/U0.00/F0.00/H0/L0 | 提取质量: 🟢high | 留白率: 0% | 低质量率: 0%
2026-07-25 23:41:45 | INFO     | 
🔍 [正在处理] ANS_DM_268 | 启动 3WD 流水线...
2026-07-25 23:41:45 | INFO     | 📢 [总进度] 79/89 份试卷已归档。
2026-07-25 23:41:55 | INFO     | ✅ [批改完成] ANS_DM_267 | 路由: BND | 最终分: 5.3 | 风险: P0.00/U0.10/F0.00/H0/L1 | 提取质量: 🟢high | 留白率: 0% | 低质量率: 0%
2026-07-25 23:41:55 | INFO     | 
🔍 [正在处理] ANS_DM_269 | 启动 3WD 流水线...
2026-07-25 23:41:55 | INFO     | 📢 [总进度] 80/89 份试卷已归档。
2026-07-25 23:42:12 | INFO     | ✅ [批改完成] ANS_DM_268 | 路由: BND | 最终分: 9.2 | 风险: P0.00/U0.12/F0.00/H0/L0 | 提取质量: 🟢high | 留白率: 0% | 低质量率: 0%
2026-07-25 23:42:12 | INFO     | 
🔍 [正在处理] ANS_DM_270 | 启动 3WD 流水线...
2026-07-25 23:42:12 | INFO     | 📢 [总进度] 81/89 份试卷已归档。
2026-07-25 23:42:40 | INFO     | ✅ [批改完成] ANS_DM_270 | 路由: BND | 最终分: 4.7 | 风险: P0.00/U0.05/F0.00/H0/L1 | 提取质量: 🟢high | 留白率: 0% | 低质量率: 0%
2026-07-25 23:42:40 | INFO     | 
🔍 [正在处理] ANS_DM_271 | 启动 3WD 流水线...
2026-07-25 23:42:40 | INFO     | 📢 [总进度] 82/89 份试卷已归档。
2026-07-25 23:43:05 | INFO     | ✅ [批改完成] ANS_DM_271 | 路由: BND | 最终分: 9.7 | 风险: P0.00/U0.05/F0.00/H0/L0 | 提取质量: 🟢high | 留白率: 0% | 低质量率: 0%
2026-07-25 23:43:05 | INFO     | 
🔍 [正在处理] ANS_DM_272 | 启动 3WD 流水线...
2026-07-25 23:43:05 | INFO     | 📢 [总进度] 83/89 份试卷已归档。
2026-07-25 23:43:24 | INFO     | ✅ [批改完成] ANS_DM_269 | 路由: BND | 最终分: 4.3 | 风险: P0.00/U0.18/F0.10/H0/L0 | 提取质量: 🟢high | 留白率: 0% | 低质量率: 0%
2026-07-25 23:43:24 | INFO     | 
🔍 [正在处理] ANS_DM_273 | 启动 3WD 流水线...
2026-07-25 23:43:24 | INFO     | 📢 [总进度] 84/89 份试卷已归档。
2026-07-25 23:43:25 | INFO     | ✅ [批改完成] ANS_DM_272 | 路由: POS | 最终分: 10.0 | 风险: P0.00/U0.00/F0.00/H0/L0 | 提取质量: 🟢high | 留白率: 0% | 低质量率: 0%
2026-07-25 23:43:25 | INFO     | 
🔍 [正在处理] ANS_DM_274 | 启动 3WD 流水线...
2026-07-25 23:43:25 | INFO     | 📢 [总进度] 85/89 份试卷已归档。
2026-07-25 23:43:37 | INFO     | ✅ [批改完成] ANS_DM_273 | 路由: NEG | 最终分: 0 | 风险: P0.80/U0.00/F0.00/H0/L0 | 提取质量: 🟡low | 留白率: 100% | 低质量率: 0%
2026-07-25 23:43:37 | INFO     | 
🔍 [正在处理] ANS_DM_275 | 启动 3WD 流水线...
2026-07-25 23:43:37 | INFO     | 📢 [总进度] 86/89 份试卷已归档 [NEG-拒绝]。
2026-07-25 23:43:50 | INFO     | ✅ [批改完成] ANS_DM_274 | 路由: BND | 最终分: 9.7 | 风险: P0.00/U0.05/F0.00/H0/L0 | 提取质量: 🟢high | 留白率: 0% | 低质量率: 0%
2026-07-25 23:43:50 | INFO     | 
🔍 [正在处理] ANS_DM_276 | 启动 3WD 流水线...
2026-07-25 23:43:50 | INFO     | 📢 [总进度] 87/89 份试卷已归档。
2026-07-25 23:44:00 | INFO     | ✅ [批改完成] ANS_DM_275 | 路由: POS | 最终分: 10.0 | 风险: P0.00/U0.00/F0.00/H0/L0 | 提取质量: 🟢high | 留白率: 0% | 低质量率: 0%
2026-07-25 23:44:00 | INFO     | 📢 [总进度] 88/89 份试卷已归档。
2026-07-25 23:44:10 | INFO     | ✅ [批改完成] ANS_DM_276 | 路由: BND | 最终分: 2.0 | 风险: P0.60/U0.00/F0.00/H0/L0 | 提取质量: 🟡low | 留白率: 75% | 低质量率: 0%
2026-07-25 23:44:10 | INFO     | 📢 [总进度] 89/89 份试卷已归档。
2026-07-25 23:44:10 | INFO     | 🗂️ 所有线程交卷完毕，正在整理数据... (共收集 89/89 份结果)
2026-07-25 23:44:10 | INFO     | 💾 正常批改结果已保存: D:\users\王鑫020420\Desktop\refgrader-main\results_runs\csbench_dm1_dm2_dm3_all\runs\teacher_audit_dm_1_3_20260725_192008\DM_3_graded_results.json (82 人)
2026-07-25 23:44:10 | INFO     | 🛑 拒绝域结果已单独保存: D:\users\王鑫020420\Desktop\refgrader-main\results_runs\csbench_dm1_dm2_dm3_all\runs\teacher_audit_dm_1_3_20260725_192008\DM_3_rejected.json (7 人)
2026-07-25 23:44:10 | INFO     | [result consistency] DM_3: checkpoint=89, graded=82, rejected=7, failed=0, expected=89
2026-07-25 23:44:10 | INFO     | 
🏆 任务完成！
