2026-07-25 00:06:24 | INFO     | ==================================================
2026-07-25 00:06:24 | INFO     | 📂 正在加载试卷数据库...
2026-07-25 00:06:24 | INFO     |    运行模式: FULL
2026-07-25 00:06:24 | INFO     |    题目范围: ['CO_1', 'CO_2', 'CO_3', 'CO_4', 'CO_5', 'CO_6', 'CO_7']
2026-07-25 00:06:24 | INFO     |    文本模型: glm5 -> glm-5.2 (thinking=disabled)
2026-07-25 00:06:24 | INFO     |    提取后端: csbench_hybrid
2026-07-25 00:06:24 | INFO     |    题库文件: D:\users\王鑫020420\Desktop\refgrader-main\data\csbench\exam_database.json
2026-07-25 00:06:24 | INFO     |    教师分文件: D:\users\王鑫020420\Desktop\refgrader-main\data\csbench\teacher_scores.json
2026-07-25 00:06:24 | INFO     |    Sample quality policy: raw (mode=raw, excluded=0, corrected=0)
2026-07-25 00:06:24 | INFO     |    答案元数据: D:\users\王鑫020420\Desktop\refgrader-main\data\csbench\answer_metadata.jsonl
2026-07-25 00:06:24 | INFO     |    并发数:   2
2026-07-25 00:06:24 | INFO     |    结果目录: D:\users\王鑫020420\Desktop\refgrader-main\results_runs\csbench_co1_co2_co3_co4_co5_co6_co7_all\runs\teacher_audit_all7_20260725_000621
2026-07-25 00:06:24 | INFO     |    Rubric目录: D:\users\王鑫020420\Desktop\refgrader-main\data\csbench\rubrics\optimized
2026-07-25 00:06:24 | INFO     |    初始Rubric目录: D:\users\王鑫020420\Desktop\refgrader-main\data\csbench\rubrics\initial
2026-07-25 00:06:24 | INFO     |    允许回退初始Rubric: False
2026-07-25 00:06:24 | INFO     |    进度文件: D:\users\王鑫020420\Desktop\refgrader-main\results_runs\csbench_co1_co2_co3_co4_co5_co6_co7_all\runs\teacher_audit_all7_20260725_000621\progress.json
2026-07-25 00:06:24 | INFO     |    日志文件: logs\experiment_teacher_audit_all7_20260725_000621.log
2026-07-25 00:06:24 | INFO     | 🚀 当前处于【精准批改模式】
2026-07-25 00:06:24 | INFO     | 
🚀 [标准模式] 开始处理: CO_1
2026-07-25 00:06:24 | INFO     | ⚡ 已加载本地标准: D:\users\王鑫020420\Desktop\refgrader-main\data\csbench\rubrics\optimized\CO\CO_1_rubric_standard.json
2026-07-25 00:06:29 | INFO     | ⚡ 脱敏清单已预生成，130 名学生共享复用。
2026-07-25 00:06:29 | INFO     | 🏃 开始批改 130 张试卷 (⚡ 开启多线程模式)...
2026-07-25 00:06:29 | INFO     | ⏳ [主线程] 已提交 130 个任务，等待结果回收...
2026-07-25 00:06:29 | INFO     | 📦 成功加载教师真实成绩单数据库！共包含 3326 名考生的数据。
2026-07-25 00:06:29 | INFO     | 📦 成功加载教师真实成绩单数据库！共包含 3326 名考生的数据。
2026-07-25 00:06:29 | INFO     | 
🔍 [正在处理] ANS_CO_02 | 启动 3WD 流水线...
2026-07-25 00:06:29 | INFO     | [metadata] loaded 3326 answer records from D:\users\王鑫020420\Desktop\refgrader-main\data\csbench\answer_metadata.jsonl
2026-07-25 00:06:29 | INFO     | 
🔍 [正在处理] ANS_CO_01 | 启动 3WD 流水线...
2026-07-25 00:06:42 | INFO     | ✅ [批改完成] ANS_CO_01 | 路由: POS | 最终分: 5.0 | 风险: P0.00/U0.00/F0.00/H0/L0 | 提取质量: 🟢high | 留白率: 0% | 低质量率: 0%
2026-07-25 00:06:42 | INFO     | 
🔍 [正在处理] ANS_CO_03 | 启动 3WD 流水线...
2026-07-25 00:06:42 | INFO     | 📢 [总进度] 1/130 份试卷已归档。
2026-07-25 00:06:43 | INFO     | ✅ [批改完成] ANS_CO_02 | 路由: POS | 最终分: 5.0 | 风险: P0.00/U0.00/F0.00/H0/L0 | 提取质量: 🟢high | 留白率: 0% | 低质量率: 0%
2026-07-25 00:06:43 | INFO     | 
🔍 [正在处理] ANS_CO_04 | 启动 3WD 流水线...
2026-07-25 00:06:43 | INFO     | 📢 [总进度] 2/130 份试卷已归档。
2026-07-25 00:06:54 | INFO     | ✅ [批改完成] ANS_CO_03 | 路由: POS | 最终分: 0 | 风险: P0.00/U0.00/F1.00/H0/L1 | 提取质量: 🟢high | 留白率: 0% | 低质量率: 0%
2026-07-25 00:06:54 | INFO     | 
🔍 [正在处理] ANS_CO_05 | 启动 3WD 流水线...
2026-07-25 00:06:54 | INFO     | 📢 [总进度] 3/130 份试卷已归档。
2026-07-25 00:06:56 | INFO     | ✅ [批改完成] ANS_CO_04 | 路由: POS | 最终分: 2.0 | 风险: P0.00/U0.00/F0.00/H0/L1 | 提取质量: 🟢high | 留白率: 0% | 低质量率: 0%
2026-07-25 00:06:56 | INFO     | 
🔍 [正在处理] ANS_CO_06 | 启动 3WD 流水线...
2026-07-25 00:06:56 | INFO     | 📢 [总进度] 4/130 份试卷已归档。
2026-07-25 00:07:07 | INFO     | ✅ [批改完成] ANS_CO_05 | 路由: POS | 最终分: 5.0 | 风险: P0.00/U0.00/F0.00/H0/L0 | 提取质量: 🟢high | 留白率: 0% | 低质量率: 0%
2026-07-25 00:07:07 | INFO     | 
🔍 [正在处理] ANS_CO_07 | 启动 3WD 流水线...
2026-07-25 00:07:07 | INFO     | 📢 [总进度] 5/130 份试卷已归档。
2026-07-25 00:07:08 | INFO     | ✅ [批改完成] ANS_CO_06 | 路由: POS | 最终分: 2.0 | 风险: P0.00/U0.00/F0.30/H0/L1 | 提取质量: 🟢high | 留白率: 0% | 低质量率: 0%
2026-07-25 00:07:08 | INFO     | 
🔍 [正在处理] ANS_CO_08 | 启动 3WD 流水线...
2026-07-25 00:07:08 | INFO     | 📢 [总进度] 6/130 份试卷已归档。
2026-07-25 00:07:25 | INFO     | ✅ [批改完成] ANS_CO_08 | 路由: BND | 最终分: 2.0 | 风险: P0.27/U0.00/F0.30/H0/L1 | 提取质量: 🟢high | 留白率: 33% | 低质量率: 0%
2026-07-25 00:07:25 | INFO     | 
🔍 [正在处理] ANS_CO_09 | 启动 3WD 流水线...
2026-07-25 00:07:25 | INFO     | 📢 [总进度] 7/130 份试卷已归档。
2026-07-25 00:07:28 | INFO     | ✅ [批改完成] ANS_CO_07 | 路由: BND | 最终分: 2.0 | 风险: P0.00/U0.14/F0.30/H0/L1 | 提取质量: 🟢high | 留白率: 0% | 低质量率: 0%
2026-07-25 00:07:28 | INFO     | 
🔍 [正在处理] ANS_CO_10 | 启动 3WD 流水线...
2026-07-25 00:07:28 | INFO     | 📢 [总进度] 8/130 份试卷已归档。
2026-07-25 00:07:40 | INFO     | ✅ [批改完成] ANS_CO_09 | 路由: BND | 最终分: 0 | 风险: P0.53/U0.00/F0.30/H0/L0 | 提取质量: 🟡low | 留白率: 67% | 低质量率: 0%
2026-07-25 00:07:40 | INFO     | 
🔍 [正在处理] ANS_CO_100 | 启动 3WD 流水线...
2026-07-25 00:07:40 | INFO     | 📢 [总进度] 9/130 份试卷已归档。
2026-07-25 00:07:42 | INFO     | ✅ [批改完成] ANS_CO_10 | 路由: POS | 最终分: 5.0 | 风险: P0.00/U0.00/F0.00/H0/L0 | 提取质量: 🟢high | 留白率: 0% | 低质量率: 0%
2026-07-25 00:07:42 | INFO     | 
🔍 [正在处理] ANS_CO_101 | 启动 3WD 流水线...
2026-07-25 00:07:42 | INFO     | 📢 [总进度] 10/130 份试卷已归档。
2026-07-25 00:07:55 | INFO     | ✅ [批改完成] ANS_CO_101 | 路由: POS | 最终分: 0 | 风险: P0.00/U0.00/F1.00/H0/L1 | 提取质量: 🟢high | 留白率: 0% | 低质量率: 0%
2026-07-25 00:07:55 | INFO     | 
🔍 [正在处理] ANS_CO_102 | 启动 3WD 流水线...
2026-07-25 00:07:55 | INFO     | 📢 [总进度] 11/130 份试卷已归档。
2026-07-25 00:07:58 | INFO     | ✅ [批改完成] ANS_CO_100 | 路由: BND | 最终分: 2.0 | 风险: P0.27/U0.00/F0.30/H0/L1 | 提取质量: 🟢high | 留白率: 33% | 低质量率: 0%
2026-07-25 00:07:58 | INFO     | 
🔍 [正在处理] ANS_CO_103 | 启动 3WD 流水线...
2026-07-25 00:07:58 | INFO     | 📢 [总进度] 12/130 份试卷已归档。
2026-07-25 00:08:08 | INFO     | ✅ [批改完成] ANS_CO_102 | 路由: POS | 最终分: 5.0 | 风险: P0.00/U0.00/F0.00/H0/L0 | 提取质量: 🟢high | 留白率: 0% | 低质量率: 0%
2026-07-25 00:08:08 | INFO     | 
🔍 [正在处理] ANS_CO_106 | 启动 3WD 流水线...
2026-07-25 00:08:08 | INFO     | 📢 [总进度] 13/130 份试卷已归档。
2026-07-25 00:08:11 | INFO     | ✅ [批改完成] ANS_CO_103 | 路由: POS | 最终分: 5.0 | 风险: P0.00/U0.00/F0.00/H0/L0 | 提取质量: 🟢high | 留白率: 0% | 低质量率: 0%
2026-07-25 00:08:11 | INFO     | 
🔍 [正在处理] ANS_CO_107 | 启动 3WD 流水线...
2026-07-25 00:08:11 | INFO     | 📢 [总进度] 14/130 份试卷已归档。
2026-07-25 00:08:27 | INFO     | ✅ [批改完成] ANS_CO_107 | 路由: NEG | 最终分: 0 | 风险: P0.80/U0.00/F0.00/H0/L0 | 提取质量: 🟡low | 留白率: 100% | 低质量率: 0%
2026-07-25 00:08:27 | INFO     | 
🔍 [正在处理] ANS_CO_108 | 启动 3WD 流水线...
2026-07-25 00:08:27 | INFO     | 📢 [总进度] 15/130 份试卷已归档 [NEG-拒绝]。
2026-07-25 00:08:32 | INFO     | ✅ [批改完成] ANS_CO_106 | 路由: POS | 最终分: 0 | 风险: P0.00/U0.00/F1.00/H0/L1 | 提取质量: 🟢high | 留白率: 0% | 低质量率: 0%
2026-07-25 00:08:32 | INFO     | 
🔍 [正在处理] ANS_CO_109 | 启动 3WD 流水线...
2026-07-25 00:08:32 | INFO     | 📢 [总进度] 16/130 份试卷已归档。
2026-07-25 00:08:47 | INFO     | ✅ [批改完成] ANS_CO_108 | 路由: BND | 最终分: 0 | 风险: P0.00/U0.09/F1.00/H0/L1 | 提取质量: 🟢high | 留白率: 0% | 低质量率: 0%
2026-07-25 00:08:47 | INFO     | 
🔍 [正在处理] ANS_CO_11 | 启动 3WD 流水线...
2026-07-25 00:08:47 | INFO     | 📢 [总进度] 17/130 份试卷已归档。
2026-07-25 00:08:48 | INFO     | ✅ [批改完成] ANS_CO_109 | 路由: POS | 最终分: 0 | 风险: P0.00/U0.00/F1.00/H0/L1 | 提取质量: 🟢high | 留白率: 0% | 低质量率: 0%
2026-07-25 00:08:48 | INFO     | 
🔍 [正在处理] ANS_CO_110 | 启动 3WD 流水线...
2026-07-25 00:08:48 | INFO     | 📢 [总进度] 18/130 份试卷已归档。
2026-07-25 00:08:57 | INFO     | ✅ [批改完成] ANS_CO_11 | 路由: POS | 最终分: 5.0 | 风险: P0.00/U0.00/F0.00/H0/L0 | 提取质量: 🟢high | 留白率: 0% | 低质量率: 0%
2026-07-25 00:08:57 | INFO     | 
🔍 [正在处理] ANS_CO_111 | 启动 3WD 流水线...
2026-07-25 00:08:57 | INFO     | 📢 [总进度] 19/130 份试卷已归档。
2026-07-25 00:08:59 | INFO     | ✅ [批改完成] ANS_CO_110 | 路由: POS | 最终分: 5.0 | 风险: P0.00/U0.00/F0.00/H0/L0 | 提取质量: 🟢high | 留白率: 0% | 低质量率: 0%
2026-07-25 00:08:59 | INFO     | 
🔍 [正在处理] ANS_CO_112 | 启动 3WD 流水线...
2026-07-25 00:08:59 | INFO     | 📢 [总进度] 20/130 份试卷已归档。
2026-07-25 00:09:14 | INFO     | ✅ [批改完成] ANS_CO_111 | 路由: POS | 最终分: 5.0 | 风险: P0.00/U0.00/F0.00/H0/L0 | 提取质量: 🟢high | 留白率: 0% | 低质量率: 0%
2026-07-25 00:09:14 | INFO     | 
🔍 [正在处理] ANS_CO_113 | 启动 3WD 流水线...
2026-07-25 00:09:14 | INFO     | 📢 [总进度] 21/130 份试卷已归档。
2026-07-25 00:09:19 | INFO     | ✅ [批改完成] ANS_CO_112 | 路由: BND | 最终分: 0 | 风险: P0.53/U0.00/F0.30/H0/L0 | 提取质量: 🟡low | 留白率: 67% | 低质量率: 0%
2026-07-25 00:09:19 | INFO     | 
🔍 [正在处理] ANS_CO_114 | 启动 3WD 流水线...
2026-07-25 00:09:19 | INFO     | 📢 [总进度] 22/130 份试卷已归档。
2026-07-25 00:09:30 | INFO     | ✅ [批改完成] ANS_CO_113 | 路由: POS | 最终分: 5.0 | 风险: P0.00/U0.00/F0.00/H0/L0 | 提取质量: 🟢high | 留白率: 0% | 低质量率: 0%
2026-07-25 00:09:30 | INFO     | 
🔍 [正在处理] ANS_CO_115 | 启动 3WD 流水线...
2026-07-25 00:09:30 | INFO     | 📢 [总进度] 23/130 份试卷已归档。
2026-07-25 00:09:35 | INFO     | ✅ [批改完成] ANS_CO_114 | 路由: BND | 最终分: 0 | 风险: P0.10/U0.00/F0.70/H0/L1 | 提取质量: 🟢high | 留白率: 0% | 低质量率: 0%
2026-07-25 00:09:35 | INFO     | 
🔍 [正在处理] ANS_CO_116 | 启动 3WD 流水线...
2026-07-25 00:09:35 | INFO     | 📢 [总进度] 24/130 份试卷已归档。
2026-07-25 00:09:45 | INFO     | ✅ [批改完成] ANS_CO_115 | 路由: POS | 最终分: 2.0 | 风险: P0.00/U0.00/F0.30/H0/L1 | 提取质量: 🟢high | 留白率: 0% | 低质量率: 0%
2026-07-25 00:09:45 | INFO     | 
🔍 [正在处理] ANS_CO_117 | 启动 3WD 流水线...
2026-07-25 00:09:45 | INFO     | 📢 [总进度] 25/130 份试卷已归档。
2026-07-25 00:09:52 | INFO     | ✅ [批改完成] ANS_CO_116 | 路由: BND | 最终分: 2.0 | 风险: P0.27/U0.00/F0.30/H0/L1 | 提取质量: 🟢high | 留白率: 33% | 低质量率: 0%
2026-07-25 00:09:52 | INFO     | 
🔍 [正在处理] ANS_CO_118 | 启动 3WD 流水线...
2026-07-25 00:09:52 | INFO     | 📢 [总进度] 26/130 份试卷已归档。
2026-07-25 00:09:59 | INFO     | ✅ [批改完成] ANS_CO_117 | 路由: POS | 最终分: 5.0 | 风险: P0.00/U0.00/F0.00/H0/L0 | 提取质量: 🟢high | 留白率: 0% | 低质量率: 0%
2026-07-25 00:09:59 | INFO     | 
🔍 [正在处理] ANS_CO_119 | 启动 3WD 流水线...
2026-07-25 00:09:59 | INFO     | 📢 [总进度] 27/130 份试卷已归档。
2026-07-25 00:10:08 | INFO     | ✅ [批改完成] ANS_CO_118 | 路由: BND | 最终分: 3.5 | 风险: P0.27/U0.00/F0.00/H0/L0 | 提取质量: 🟢high | 留白率: 33% | 低质量率: 0%
2026-07-25 00:10:08 | INFO     | 
🔍 [正在处理] ANS_CO_12 | 启动 3WD 流水线...
2026-07-25 00:10:08 | INFO     | 📢 [总进度] 28/130 份试卷已归档。
2026-07-25 00:10:12 | INFO     | ✅ [批改完成] ANS_CO_119 | 路由: POS | 最终分: 3.5 | 风险: P0.00/U0.00/F0.30/H0/L0 | 提取质量: 🟢high | 留白率: 0% | 低质量率: 0%
2026-07-25 00:10:12 | INFO     | 
🔍 [正在处理] ANS_CO_120 | 启动 3WD 流水线...
2026-07-25 00:10:12 | INFO     | 📢 [总进度] 29/130 份试卷已归档。
2026-07-25 00:10:21 | INFO     | ✅ [批改完成] ANS_CO_12 | 路由: POS | 最终分: 2.0 | 风险: P0.00/U0.00/F0.30/H0/L1 | 提取质量: 🟢high | 留白率: 0% | 低质量率: 0%
2026-07-25 00:10:21 | INFO     | 
🔍 [正在处理] ANS_CO_121 | 启动 3WD 流水线...
2026-07-25 00:10:21 | INFO     | 📢 [总进度] 30/130 份试卷已归档。
2026-07-25 00:10:29 | INFO     | ✅ [批改完成] ANS_CO_120 | 路由: BND | 最终分: 0 | 风险: P0.27/U0.00/F0.60/H0/L1 | 提取质量: 🟢high | 留白率: 33% | 低质量率: 0%
2026-07-25 00:10:29 | INFO     | 
🔍 [正在处理] ANS_CO_122 | 启动 3WD 流水线...
2026-07-25 00:10:29 | INFO     | 📢 [总进度] 31/130 份试卷已归档。
2026-07-25 00:10:43 | INFO     | ✅ [批改完成] ANS_CO_121 | 路由: BND | 最终分: 2.0 | 风险: P0.27/U0.00/F0.30/H0/L1 | 提取质量: 🟢high | 留白率: 33% | 低质量率: 0%
2026-07-25 00:10:43 | INFO     | 
🔍 [正在处理] ANS_CO_123 | 启动 3WD 流水线...
2026-07-25 00:10:43 | INFO     | 📢 [总进度] 32/130 份试卷已归档。
2026-07-25 00:10:51 | INFO     | ✅ [批改完成] ANS_CO_122 | 路由: BND | 最终分: 0 | 风险: P0.53/U0.00/F0.40/H0/L0 | 提取质量: 🟡low | 留白率: 67% | 低质量率: 0%
2026-07-25 00:10:51 | INFO     | 
🔍 [正在处理] ANS_CO_124 | 启动 3WD 流水线...
2026-07-25 00:10:51 | INFO     | 📢 [总进度] 33/130 份试卷已归档。
2026-07-25 00:10:56 | INFO     | ✅ [批改完成] ANS_CO_123 | 路由: POS | 最终分: 5.0 | 风险: P0.00/U0.00/F0.00/H0/L0 | 提取质量: 🟢high | 留白率: 0% | 低质量率: 0%
2026-07-25 00:10:56 | INFO     | 
🔍 [正在处理] ANS_CO_125 | 启动 3WD 流水线...
2026-07-25 00:10:56 | INFO     | 📢 [总进度] 34/130 份试卷已归档。
2026-07-25 00:11:05 | INFO     | ✅ [批改完成] ANS_CO_124 | 路由: POS | 最终分: 5.0 | 风险: P0.00/U0.00/F0.00/H0/L0 | 提取质量: 🟢high | 留白率: 0% | 低质量率: 0%
2026-07-25 00:11:05 | INFO     | 
🔍 [正在处理] ANS_CO_126 | 启动 3WD 流水线...
2026-07-25 00:11:05 | INFO     | 📢 [总进度] 35/130 份试卷已归档。
2026-07-25 00:11:13 | INFO     | ✅ [批改完成] ANS_CO_125 | 路由: BND | 最终分: 1.2 | 风险: P0.00/U0.21/F0.60/H0/L1 | 提取质量: 🟢high | 留白率: 0% | 低质量率: 0%
2026-07-25 00:11:13 | INFO     | 
🔍 [正在处理] ANS_CO_127 | 启动 3WD 流水线...
2026-07-25 00:11:13 | INFO     | 📢 [总进度] 36/130 份试卷已归档。
2026-07-25 00:11:25 | INFO     | ✅ [批改完成] ANS_CO_126 | 路由: BND | 最终分: 1.5 | 风险: P0.27/U0.05/F0.00/H0/L1 | 提取质量: 🟢high | 留白率: 33% | 低质量率: 0%
2026-07-25 00:11:25 | INFO     | 
🔍 [正在处理] ANS_CO_128 | 启动 3WD 流水线...
2026-07-25 00:11:25 | INFO     | 📢 [总进度] 37/130 份试卷已归档。
2026-07-25 00:11:35 | INFO     | ✅ [批改完成] ANS_CO_127 | 路由: BND | 最终分: 0.25 | 风险: P0.27/U0.09/F0.00/H0/L1 | 提取质量: 🟢high | 留白率: 33% | 低质量率: 0%
2026-07-25 00:11:35 | INFO     | 
🔍 [正在处理] ANS_CO_129 | 启动 3WD 流水线...
2026-07-25 00:11:35 | INFO     | 📢 [总进度] 38/130 份试卷已归档。
2026-07-25 00:11:44 | INFO     | ✅ [批改完成] ANS_CO_128 | 路由: BND | 最终分: 1.7 | 风险: P0.00/U0.47/F0.40/H0/L1 | 提取质量: 🟢high | 留白率: 0% | 低质量率: 0%
2026-07-25 00:11:44 | INFO     | 
🔍 [正在处理] ANS_CO_130 | 启动 3WD 流水线...
2026-07-25 00:11:44 | INFO     | 📢 [总进度] 39/130 份试卷已归档。
2026-07-25 00:11:57 | INFO     | ✅ [批改完成] ANS_CO_129 | 路由: BND | 最终分: 1.5 | 风险: P0.00/U0.14/F0.30/H0/L1 | 提取质量: 🟢high | 留白率: 0% | 低质量率: 0%
2026-07-25 00:11:57 | INFO     | 
🔍 [正在处理] ANS_CO_131 | 启动 3WD 流水线...
2026-07-25 00:11:57 | INFO     | 📢 [总进度] 40/130 份试卷已归档。
2026-07-25 00:12:04 | INFO     | ✅ [批改完成] ANS_CO_130 | 路由: BND | 最终分: 1.7 | 风险: P0.27/U0.47/F0.70/H0/L1 | 提取质量: 🟢high | 留白率: 33% | 低质量率: 0%
2026-07-25 00:12:04 | INFO     | 
🔍 [正在处理] ANS_CO_132 | 启动 3WD 流水线...
2026-07-25 00:12:04 | INFO     | 📢 [总进度] 41/130 份试卷已归档。
2026-07-25 00:12:14 | INFO     | ✅ [批改完成] ANS_CO_131 | 路由: BND | 最终分: 2.0 | 风险: P0.27/U0.00/F0.00/H0/L1 | 提取质量: 🟢high | 留白率: 33% | 低质量率: 0%
2026-07-25 00:12:14 | INFO     | 
🔍 [正在处理] ANS_CO_133 | 启动 3WD 流水线...
2026-07-25 00:12:14 | INFO     | 📢 [总进度] 42/130 份试卷已归档。
2026-07-25 00:12:19 | INFO     | ✅ [批改完成] ANS_CO_132 | 路由: POS | 最终分: 5.0 | 风险: P0.00/U0.00/F0.00/H0/L0 | 提取质量: 🟢high | 留白率: 0% | 低质量率: 0%
2026-07-25 00:12:19 | INFO     | 
🔍 [正在处理] ANS_CO_134 | 启动 3WD 流水线...
2026-07-25 00:12:19 | INFO     | 📢 [总进度] 43/130 份试卷已归档。
2026-07-25 00:12:28 | INFO     | ✅ [批改完成] ANS_CO_133 | 路由: POS | 最终分: 5.0 | 风险: P0.00/U0.00/F0.00/H0/L0 | 提取质量: 🟢high | 留白率: 0% | 低质量率: 0%
2026-07-25 00:12:28 | INFO     | 
🔍 [正在处理] ANS_CO_135 | 启动 3WD 流水线...
2026-07-25 00:12:28 | INFO     | 📢 [总进度] 44/130 份试卷已归档。
2026-07-25 00:12:35 | INFO     | ✅ [批改完成] ANS_CO_134 | 路由: BND | 最终分: 2.0 | 风险: P0.27/U0.00/F0.00/H0/L1 | 提取质量: 🟢high | 留白率: 33% | 低质量率: 0%
2026-07-25 00:12:35 | INFO     | 
🔍 [正在处理] ANS_CO_136 | 启动 3WD 流水线...
2026-07-25 00:12:35 | INFO     | 📢 [总进度] 45/130 份试卷已归档。
2026-07-25 00:12:40 | INFO     | ✅ [批改完成] ANS_CO_135 | 路由: POS | 最终分: 5.0 | 风险: P0.00/U0.00/F0.00/H0/L0 | 提取质量: 🟢high | 留白率: 0% | 低质量率: 0%
2026-07-25 00:12:40 | INFO     | 
🔍 [正在处理] ANS_CO_137 | 启动 3WD 流水线...
2026-07-25 00:12:40 | INFO     | 📢 [总进度] 46/130 份试卷已归档。
2026-07-25 00:12:57 | INFO     | ✅ [批改完成] ANS_CO_136 | 路由: BND | 最终分: 0 | 风险: P0.53/U0.00/F0.30/H0/L0 | 提取质量: 🟡low | 留白率: 67% | 低质量率: 0%
2026-07-25 00:12:57 | INFO     | 
🔍 [正在处理] ANS_CO_14 | 启动 3WD 流水线...
2026-07-25 00:12:57 | INFO     | 📢 [总进度] 47/130 份试卷已归档。
2026-07-25 00:12:57 | INFO     | ✅ [批改完成] ANS_CO_137 | 路由: POS | 最终分: 5.0 | 风险: P0.00/U0.00/F0.00/H0/L0 | 提取质量: 🟢high | 留白率: 0% | 低质量率: 0%
2026-07-25 00:12:57 | INFO     | 
🔍 [正在处理] ANS_CO_15 | 启动 3WD 流水线...
2026-07-25 00:12:57 | INFO     | 📢 [总进度] 48/130 份试卷已归档。
2026-07-25 00:13:12 | INFO     | ✅ [批改完成] ANS_CO_14 | 路由: POS | 最终分: 5.0 | 风险: P0.00/U0.00/F0.00/H0/L0 | 提取质量: 🟢high | 留白率: 0% | 低质量率: 0%
2026-07-25 00:13:12 | INFO     | 
🔍 [正在处理] ANS_CO_16 | 启动 3WD 流水线...
2026-07-25 00:13:12 | INFO     | 📢 [总进度] 49/130 份试卷已归档。
2026-07-25 00:13:14 | INFO     | ✅ [批改完成] ANS_CO_15 | 路由: POS | 最终分: 3.5 | 风险: P0.00/U0.00/F0.00/H0/L0 | 提取质量: 🟢high | 留白率: 0% | 低质量率: 0%
2026-07-25 00:13:14 | INFO     | 
🔍 [正在处理] ANS_CO_17 | 启动 3WD 流水线...
2026-07-25 00:13:14 | INFO     | 📢 [总进度] 50/130 份试卷已归档。
2026-07-25 00:13:37 | INFO     | ✅ [批改完成] ANS_CO_16 | 路由: POS | 最终分: 2.0 | 风险: P0.00/U0.00/F0.30/H0/L1 | 提取质量: 🟢high | 留白率: 0% | 低质量率: 0%
2026-07-25 00:13:37 | INFO     | 
🔍 [正在处理] ANS_CO_18 | 启动 3WD 流水线...
2026-07-25 00:13:37 | INFO     | 📢 [总进度] 51/130 份试卷已归档。
2026-07-25 00:13:46 | INFO     | ✅ [批改完成] ANS_CO_17 | 路由: BND | 最终分: 1.5 | 风险: P0.00/U0.14/F0.30/H0/L1 | 提取质量: 🟢high | 留白率: 0% | 低质量率: 0%
2026-07-25 00:13:46 | INFO     | 
🔍 [正在处理] ANS_CO_19 | 启动 3WD 流水线...
2026-07-25 00:13:46 | INFO     | 📢 [总进度] 52/130 份试卷已归档。
2026-07-25 00:13:58 | INFO     | ✅ [批改完成] ANS_CO_19 | 路由: POS | 最终分: 5.0 | 风险: P0.00/U0.00/F0.00/H0/L0 | 提取质量: 🟢high | 留白率: 0% | 低质量率: 0%
2026-07-25 00:13:58 | INFO     | 
🔍 [正在处理] ANS_CO_20 | 启动 3WD 流水线...
2026-07-25 00:13:58 | INFO     | 📢 [总进度] 53/130 份试卷已归档。
2026-07-25 00:13:59 | INFO     | ✅ [批改完成] ANS_CO_18 | 路由: BND | 最终分: 2.0 | 风险: P0.27/U0.00/F0.30/H0/L1 | 提取质量: 🟢high | 留白率: 33% | 低质量率: 0%
2026-07-25 00:13:59 | INFO     | 
🔍 [正在处理] ANS_CO_21 | 启动 3WD 流水线...
2026-07-25 00:13:59 | INFO     | 📢 [总进度] 54/130 份试卷已归档。
2026-07-25 00:14:12 | INFO     | ✅ [批改完成] ANS_CO_20 | 路由: POS | 最终分: 5.0 | 风险: P0.00/U0.00/F0.00/H0/L0 | 提取质量: 🟢high | 留白率: 0% | 低质量率: 0%
2026-07-25 00:14:12 | INFO     | 
🔍 [正在处理] ANS_CO_22 | 启动 3WD 流水线...
2026-07-25 00:14:12 | INFO     | 📢 [总进度] 55/130 份试卷已归档。
2026-07-25 00:14:13 | INFO     | ✅ [批改完成] ANS_CO_21 | 路由: POS | 最终分: 5.0 | 风险: P0.00/U0.00/F0.00/H0/L0 | 提取质量: 🟢high | 留白率: 0% | 低质量率: 0%
2026-07-25 00:14:13 | INFO     | 
🔍 [正在处理] ANS_CO_23 | 启动 3WD 流水线...
2026-07-25 00:14:13 | INFO     | 📢 [总进度] 56/130 份试卷已归档。
2026-07-25 00:14:23 | INFO     | ✅ [批改完成] ANS_CO_22 | 路由: POS | 最终分: 5.0 | 风险: P0.00/U0.00/F0.00/H0/L0 | 提取质量: 🟢high | 留白率: 0% | 低质量率: 0%
2026-07-25 00:14:23 | INFO     | 
🔍 [正在处理] ANS_CO_24 | 启动 3WD 流水线...
2026-07-25 00:14:23 | INFO     | 📢 [总进度] 57/130 份试卷已归档。
2026-07-25 00:14:31 | INFO     | ✅ [批改完成] ANS_CO_23 | 路由: BND | 最终分: 0 | 风险: P0.53/U0.00/F0.30/H0/L0 | 提取质量: 🟡low | 留白率: 67% | 低质量率: 0%
2026-07-25 00:14:31 | INFO     | 
🔍 [正在处理] ANS_CO_25 | 启动 3WD 流水线...
2026-07-25 00:14:31 | INFO     | 📢 [总进度] 58/130 份试卷已归档。
2026-07-25 00:14:38 | INFO     | ✅ [批改完成] ANS_CO_24 | 路由: POS | 最终分: 3.5 | 风险: P0.00/U0.00/F0.30/H0/L0 | 提取质量: 🟢high | 留白率: 0% | 低质量率: 0%
2026-07-25 00:14:38 | INFO     | 
🔍 [正在处理] ANS_CO_26 | 启动 3WD 流水线...
2026-07-25 00:14:38 | INFO     | 📢 [总进度] 59/130 份试卷已归档。
2026-07-25 00:14:45 | INFO     | ✅ [批改完成] ANS_CO_25 | 路由: POS | 最终分: 5.0 | 风险: P0.00/U0.00/F0.00/H0/L0 | 提取质量: 🟢high | 留白率: 0% | 低质量率: 0%
2026-07-25 00:14:45 | INFO     | 
🔍 [正在处理] ANS_CO_27 | 启动 3WD 流水线...
2026-07-25 00:14:45 | INFO     | 📢 [总进度] 60/130 份试卷已归档。
2026-07-25 00:14:55 | INFO     | ✅ [批改完成] ANS_CO_26 | 路由: POS | 最终分: 2.0 | 风险: P0.00/U0.00/F0.30/H0/L1 | 提取质量: 🟢high | 留白率: 0% | 低质量率: 0%
2026-07-25 00:14:55 | INFO     | 
🔍 [正在处理] ANS_CO_28 | 启动 3WD 流水线...
2026-07-25 00:14:55 | INFO     | 📢 [总进度] 61/130 份试卷已归档。
2026-07-25 00:15:04 | INFO     | ✅ [批改完成] ANS_CO_27 | 路由: POS | 最终分: 0 | 风险: P0.00/U0.00/F1.00/H0/L1 | 提取质量: 🟢high | 留白率: 0% | 低质量率: 0%
2026-07-25 00:15:04 | INFO     | 
🔍 [正在处理] ANS_CO_29 | 启动 3WD 流水线...
2026-07-25 00:15:04 | INFO     | 📢 [总进度] 62/130 份试卷已归档。
2026-07-25 00:15:11 | INFO     | ✅ [批改完成] ANS_CO_28 | 路由: POS | 最终分: 3.5 | 风险: P0.00/U0.00/F0.30/H0/L0 | 提取质量: 🟢high | 留白率: 0% | 低质量率: 0%
2026-07-25 00:15:11 | INFO     | 
🔍 [正在处理] ANS_CO_30 | 启动 3WD 流水线...
2026-07-25 00:15:11 | INFO     | 📢 [总进度] 63/130 份试卷已归档。
2026-07-25 00:15:18 | INFO     | ✅ [批改完成] ANS_CO_29 | 路由: POS | 最终分: 2.0 | 风险: P0.00/U0.00/F0.30/H0/L1 | 提取质量: 🟢high | 留白率: 0% | 低质量率: 0%
2026-07-25 00:15:18 | INFO     | 
🔍 [正在处理] ANS_CO_31 | 启动 3WD 流水线...
2026-07-25 00:15:18 | INFO     | 📢 [总进度] 64/130 份试卷已归档。
2026-07-25 00:15:23 | INFO     | ✅ [批改完成] ANS_CO_30 | 路由: POS | 最终分: 5.0 | 风险: P0.00/U0.00/F0.00/H0/L0 | 提取质量: 🟢high | 留白率: 0% | 低质量率: 0%
2026-07-25 00:15:23 | INFO     | 
🔍 [正在处理] ANS_CO_32 | 启动 3WD 流水线...
2026-07-25 00:15:23 | INFO     | 📢 [总进度] 65/130 份试卷已归档。
2026-07-25 00:15:34 | INFO     | ✅ [批改完成] ANS_CO_31 | 路由: POS | 最终分: 5.0 | 风险: P0.00/U0.00/F0.00/H0/L0 | 提取质量: 🟢high | 留白率: 0% | 低质量率: 0%
2026-07-25 00:15:34 | INFO     | 
🔍 [正在处理] ANS_CO_33 | 启动 3WD 流水线...
2026-07-25 00:15:34 | INFO     | 📢 [总进度] 66/130 份试卷已归档。
2026-07-25 00:15:40 | INFO     | ✅ [批改完成] ANS_CO_32 | 路由: POS | 最终分: 5.0 | 风险: P0.00/U0.00/F0.00/H0/L0 | 提取质量: 🟢high | 留白率: 0% | 低质量率: 0%
2026-07-25 00:15:40 | INFO     | 
🔍 [正在处理] ANS_CO_34 | 启动 3WD 流水线...
2026-07-25 00:15:40 | INFO     | 📢 [总进度] 67/130 份试卷已归档。
2026-07-25 00:15:53 | INFO     | ✅ [批改完成] ANS_CO_33 | 路由: POS | 最终分: 5.0 | 风险: P0.00/U0.00/F0.00/H0/L0 | 提取质量: 🟢high | 留白率: 0% | 低质量率: 0%
2026-07-25 00:15:53 | INFO     | 
🔍 [正在处理] ANS_CO_35 | 启动 3WD 流水线...
2026-07-25 00:15:53 | INFO     | 📢 [总进度] 68/130 份试卷已归档。
2026-07-25 00:16:01 | INFO     | ✅ [批改完成] ANS_CO_34 | 路由: NEG | 最终分: 0 | 风险: P0.80/U0.00/F0.00/H0/L0 | 提取质量: 🟡low | 留白率: 100% | 低质量率: 0%
2026-07-25 00:16:01 | INFO     | 
🔍 [正在处理] ANS_CO_36 | 启动 3WD 流水线...
2026-07-25 00:16:01 | INFO     | 📢 [总进度] 69/130 份试卷已归档 [NEG-拒绝]。
2026-07-25 00:16:12 | INFO     | ✅ [批改完成] ANS_CO_35 | 路由: BND | 最终分: 0 | 风险: P0.53/U0.00/F0.30/H0/L0 | 提取质量: 🟡low | 留白率: 67% | 低质量率: 0%
2026-07-25 00:16:12 | INFO     | 
🔍 [正在处理] ANS_CO_37 | 启动 3WD 流水线...
2026-07-25 00:16:12 | INFO     | 📢 [总进度] 70/130 份试卷已归档。
2026-07-25 00:16:17 | INFO     | ✅ [批改完成] ANS_CO_36 | 路由: POS | 最终分: 5.0 | 风险: P0.00/U0.00/F0.00/H0/L0 | 提取质量: 🟢high | 留白率: 0% | 低质量率: 0%
2026-07-25 00:16:17 | INFO     | 
🔍 [正在处理] ANS_CO_38 | 启动 3WD 流水线...
2026-07-25 00:16:17 | INFO     | 📢 [总进度] 71/130 份试卷已归档。
2026-07-25 00:16:30 | INFO     | ✅ [批改完成] ANS_CO_37 | 路由: POS | 最终分: 0 | 风险: P0.00/U0.00/F1.00/H0/L1 | 提取质量: 🟢high | 留白率: 0% | 低质量率: 0%
2026-07-25 00:16:30 | INFO     | 
🔍 [正在处理] ANS_CO_39 | 启动 3WD 流水线...
2026-07-25 00:16:30 | INFO     | 📢 [总进度] 72/130 份试卷已归档。
2026-07-25 00:16:37 | INFO     | ✅ [批改完成] ANS_CO_38 | 路由: POS | 最终分: 5.0 | 风险: P0.00/U0.00/F0.00/H0/L0 | 提取质量: 🟢high | 留白率: 0% | 低质量率: 0%
2026-07-25 00:16:37 | INFO     | 
🔍 [正在处理] ANS_CO_40 | 启动 3WD 流水线...
2026-07-25 00:16:37 | INFO     | 📢 [总进度] 73/130 份试卷已归档。
2026-07-25 00:16:55 | INFO     | ✅ [批改完成] ANS_CO_39 | 路由: POS | 最终分: 5.0 | 风险: P0.00/U0.00/F0.00/H0/L0 | 提取质量: 🟢high | 留白率: 0% | 低质量率: 0%
2026-07-25 00:16:55 | INFO     | 
🔍 [正在处理] ANS_CO_41 | 启动 3WD 流水线...
2026-07-25 00:16:55 | INFO     | 📢 [总进度] 74/130 份试卷已归档。
2026-07-25 00:16:57 | INFO     | ✅ [批改完成] ANS_CO_40 | 路由: BND | 最终分: 1.5 | 风险: P0.53/U0.00/F0.00/H0/L0 | 提取质量: 🟡low | 留白率: 67% | 低质量率: 0%
2026-07-25 00:16:57 | INFO     | 
🔍 [正在处理] ANS_CO_42 | 启动 3WD 流水线...
2026-07-25 00:16:57 | INFO     | 📢 [总进度] 75/130 份试卷已归档。
2026-07-25 00:17:11 | INFO     | ✅ [批改完成] ANS_CO_42 | 路由: NEG | 最终分: 0.7 | 风险: P0.53/U0.19/F0.40/H0/L0 | 提取质量: 🟡low | 留白率: 67% | 低质量率: 0%
2026-07-25 00:17:11 | INFO     | 
🔍 [正在处理] ANS_CO_43 | 启动 3WD 流水线...
2026-07-25 00:17:11 | INFO     | 📢 [总进度] 76/130 份试卷已归档 [NEG-拒绝]。
2026-07-25 00:17:11 | INFO     | ✅ [批改完成] ANS_CO_41 | 路由: POS | 最终分: 5.0 | 风险: P0.00/U0.00/F0.00/H0/L0 | 提取质量: 🟢high | 留白率: 0% | 低质量率: 0%
2026-07-25 00:17:11 | INFO     | 
🔍 [正在处理] ANS_CO_44 | 启动 3WD 流水线...
2026-07-25 00:17:11 | INFO     | 📢 [总进度] 77/130 份试卷已归档。
2026-07-25 00:17:23 | INFO     | ✅ [批改完成] ANS_CO_43 | 路由: POS | 最终分: 5.0 | 风险: P0.00/U0.00/F0.00/H0/L0 | 提取质量: 🟢high | 留白率: 0% | 低质量率: 0%
2026-07-25 00:17:23 | INFO     | 
🔍 [正在处理] ANS_CO_45 | 启动 3WD 流水线...
2026-07-25 00:17:23 | INFO     | 📢 [总进度] 78/130 份试卷已归档。
2026-07-25 00:17:32 | INFO     | ✅ [批改完成] ANS_CO_44 | 路由: BND | 最终分: 2.5 | 风险: P0.00/U0.14/F0.00/H0/L1 | 提取质量: 🟢high | 留白率: 0% | 低质量率: 0%
2026-07-25 00:17:32 | INFO     | 
🔍 [正在处理] ANS_CO_46 | 启动 3WD 流水线...
2026-07-25 00:17:32 | INFO     | 📢 [总进度] 79/130 份试卷已归档。
2026-07-25 00:17:38 | INFO     | ✅ [批改完成] ANS_CO_45 | 路由: POS | 最终分: 5.0 | 风险: P0.00/U0.00/F0.00/H0/L0 | 提取质量: 🟢high | 留白率: 0% | 低质量率: 0%
2026-07-25 00:17:38 | INFO     | 
🔍 [正在处理] ANS_CO_47 | 启动 3WD 流水线...
2026-07-25 00:17:38 | INFO     | 📢 [总进度] 80/130 份试卷已归档。
2026-07-25 00:17:47 | INFO     | ✅ [批改完成] ANS_CO_46 | 路由: POS | 最终分: 5.0 | 风险: P0.00/U0.00/F0.00/H0/L0 | 提取质量: 🟢high | 留白率: 0% | 低质量率: 0%
2026-07-25 00:17:47 | INFO     | 
🔍 [正在处理] ANS_CO_48 | 启动 3WD 流水线...
2026-07-25 00:17:47 | INFO     | 📢 [总进度] 81/130 份试卷已归档。
2026-07-25 00:17:50 | INFO     | ✅ [批改完成] ANS_CO_47 | 路由: POS | 最终分: 5.0 | 风险: P0.00/U0.00/F0.00/H0/L0 | 提取质量: 🟢high | 留白率: 0% | 低质量率: 0%
2026-07-25 00:17:50 | INFO     | 
🔍 [正在处理] ANS_CO_49 | 启动 3WD 流水线...
2026-07-25 00:17:50 | INFO     | 📢 [总进度] 82/130 份试卷已归档。
2026-07-25 00:18:03 | INFO     | ✅ [批改完成] ANS_CO_49 | 路由: POS | 最终分: 5.0 | 风险: P0.00/U0.00/F0.00/H0/L0 | 提取质量: 🟢high | 留白率: 0% | 低质量率: 0%
2026-07-25 00:18:03 | INFO     | 
🔍 [正在处理] ANS_CO_50 | 启动 3WD 流水线...
2026-07-25 00:18:03 | INFO     | 📢 [总进度] 83/130 份试卷已归档。
2026-07-25 00:18:05 | INFO     | ✅ [批改完成] ANS_CO_48 | 路由: BND | 最终分: 0 | 风险: P0.27/U0.00/F0.60/H0/L1 | 提取质量: 🟢high | 留白率: 33% | 低质量率: 0%
2026-07-25 00:18:05 | INFO     | 
🔍 [正在处理] ANS_CO_51 | 启动 3WD 流水线...
2026-07-25 00:18:05 | INFO     | 📢 [总进度] 84/130 份试卷已归档。
2026-07-25 00:18:15 | INFO     | ✅ [批改完成] ANS_CO_50 | 路由: POS | 最终分: 5.0 | 风险: P0.00/U0.00/F0.00/H0/L0 | 提取质量: 🟢high | 留白率: 0% | 低质量率: 0%
2026-07-25 00:18:15 | INFO     | 
🔍 [正在处理] ANS_CO_52 | 启动 3WD 流水线...
2026-07-25 00:18:15 | INFO     | 📢 [总进度] 85/130 份试卷已归档。
2026-07-25 00:18:27 | INFO     | ✅ [批改完成] ANS_CO_51 | 路由: BND | 最终分: 2.0 | 风险: P0.27/U0.00/F0.30/H0/L1 | 提取质量: 🟢high | 留白率: 33% | 低质量率: 0%
2026-07-25 00:18:27 | INFO     | 
🔍 [正在处理] ANS_CO_53 | 启动 3WD 流水线...
2026-07-25 00:18:27 | INFO     | 📢 [总进度] 86/130 份试卷已归档。
2026-07-25 00:18:29 | INFO     | ✅ [批改完成] ANS_CO_52 | 路由: POS | 最终分: 5.0 | 风险: P0.00/U0.00/F0.00/H0/L0 | 提取质量: 🟢high | 留白率: 0% | 低质量率: 0%
2026-07-25 00:18:29 | INFO     | 
🔍 [正在处理] ANS_CO_54 | 启动 3WD 流水线...
2026-07-25 00:18:29 | INFO     | 📢 [总进度] 87/130 份试卷已归档。
2026-07-25 00:18:40 | INFO     | ✅ [批改完成] ANS_CO_54 | 路由: POS | 最终分: 5.0 | 风险: P0.00/U0.00/F0.00/H0/L0 | 提取质量: 🟢high | 留白率: 0% | 低质量率: 0%
2026-07-25 00:18:40 | INFO     | 
🔍 [正在处理] ANS_CO_55 | 启动 3WD 流水线...
2026-07-25 00:18:40 | INFO     | 📢 [总进度] 88/130 份试卷已归档。
2026-07-25 00:18:46 | INFO     | ✅ [批改完成] ANS_CO_53 | 路由: BND | 最终分: 1.5 | 风险: P0.00/U0.14/F0.00/H0/L1 | 提取质量: 🟢high | 留白率: 0% | 低质量率: 0%
2026-07-25 00:18:46 | INFO     | 
🔍 [正在处理] ANS_CO_56 | 启动 3WD 流水线...
2026-07-25 00:18:46 | INFO     | 📢 [总进度] 89/130 份试卷已归档。
2026-07-25 00:18:57 | INFO     | ✅ [批改完成] ANS_CO_56 | 路由: POS | 最终分: 5.0 | 风险: P0.00/U0.00/F0.00/H0/L0 | 提取质量: 🟢high | 留白率: 0% | 低质量率: 0%
2026-07-25 00:18:57 | INFO     | 
🔍 [正在处理] ANS_CO_57 | 启动 3WD 流水线...
2026-07-25 00:18:57 | INFO     | 📢 [总进度] 90/130 份试卷已归档。
2026-07-25 00:18:58 | INFO     | ✅ [批改完成] ANS_CO_55 | 路由: BND | 最终分: 2.0 | 风险: P0.27/U0.00/F0.30/H0/L1 | 提取质量: 🟢high | 留白率: 33% | 低质量率: 0%
2026-07-25 00:18:58 | INFO     | 
🔍 [正在处理] ANS_CO_58 | 启动 3WD 流水线...
2026-07-25 00:18:58 | INFO     | 📢 [总进度] 91/130 份试卷已归档。
2026-07-25 00:19:12 | INFO     | ✅ [批改完成] ANS_CO_58 | 路由: POS | 最终分: 5.0 | 风险: P0.00/U0.00/F0.00/H0/L0 | 提取质量: 🟢high | 留白率: 0% | 低质量率: 0%
2026-07-25 00:19:12 | INFO     | 
🔍 [正在处理] ANS_CO_59 | 启动 3WD 流水线...
2026-07-25 00:19:12 | INFO     | 📢 [总进度] 92/130 份试卷已归档。
2026-07-25 00:19:13 | INFO     | ✅ [批改完成] ANS_CO_57 | 路由: POS | 最终分: 5.0 | 风险: P0.00/U0.00/F0.00/H0/L0 | 提取质量: 🟢high | 留白率: 0% | 低质量率: 0%
2026-07-25 00:19:13 | INFO     | 
🔍 [正在处理] ANS_CO_60 | 启动 3WD 流水线...
2026-07-25 00:19:13 | INFO     | 📢 [总进度] 93/130 份试卷已归档。
2026-07-25 00:19:27 | INFO     | ✅ [批改完成] ANS_CO_60 | 路由: POS | 最终分: 5.0 | 风险: P0.00/U0.00/F0.00/H0/L0 | 提取质量: 🟢high | 留白率: 0% | 低质量率: 0%
2026-07-25 00:19:27 | INFO     | 
🔍 [正在处理] ANS_CO_61 | 启动 3WD 流水线...
2026-07-25 00:19:27 | INFO     | 📢 [总进度] 94/130 份试卷已归档。
2026-07-25 00:19:27 | INFO     | ✅ [批改完成] ANS_CO_59 | 路由: POS | 最终分: 5.0 | 风险: P0.00/U0.00/F0.00/H0/L0 | 提取质量: 🟢high | 留白率: 0% | 低质量率: 0%
2026-07-25 00:19:27 | INFO     | 
🔍 [正在处理] ANS_CO_62 | 启动 3WD 流水线...
2026-07-25 00:19:27 | INFO     | 📢 [总进度] 95/130 份试卷已归档。
2026-07-25 00:19:40 | INFO     | ✅ [批改完成] ANS_CO_61 | 路由: POS | 最终分: 2.0 | 风险: P0.00/U0.00/F0.30/H0/L1 | 提取质量: 🟢high | 留白率: 0% | 低质量率: 0%
2026-07-25 00:19:40 | INFO     | 
🔍 [正在处理] ANS_CO_63 | 启动 3WD 流水线...
2026-07-25 00:19:40 | INFO     | 📢 [总进度] 96/130 份试卷已归档。
2026-07-25 00:19:44 | INFO     | ✅ [批改完成] ANS_CO_62 | 路由: BND | 最终分: 0 | 风险: P0.27/U0.00/F0.60/H0/L1 | 提取质量: 🟢high | 留白率: 33% | 低质量率: 0%
2026-07-25 00:19:44 | INFO     | 
🔍 [正在处理] ANS_CO_64 | 启动 3WD 流水线...
2026-07-25 00:19:44 | INFO     | 📢 [总进度] 97/130 份试卷已归档。
2026-07-25 00:19:56 | INFO     | ✅ [批改完成] ANS_CO_63 | 路由: BND | 最终分: 0 | 风险: P0.53/U0.00/F0.30/H0/L0 | 提取质量: 🟡low | 留白率: 67% | 低质量率: 0%
2026-07-25 00:19:56 | INFO     | 
🔍 [正在处理] ANS_CO_65 | 启动 3WD 流水线...
2026-07-25 00:19:56 | INFO     | 📢 [总进度] 98/130 份试卷已归档。
2026-07-25 00:19:58 | INFO     | ✅ [批改完成] ANS_CO_64 | 路由: POS | 最终分: 5.0 | 风险: P0.00/U0.00/F0.00/H0/L0 | 提取质量: 🟢high | 留白率: 0% | 低质量率: 0%
2026-07-25 00:19:58 | INFO     | 
🔍 [正在处理] ANS_CO_66 | 启动 3WD 流水线...
2026-07-25 00:19:58 | INFO     | 📢 [总进度] 99/130 份试卷已归档。
2026-07-25 00:20:07 | INFO     | ✅ [批改完成] ANS_CO_65 | 路由: POS | 最终分: 5.0 | 风险: P0.00/U0.00/F0.00/H0/L0 | 提取质量: 🟢high | 留白率: 0% | 低质量率: 0%
2026-07-25 00:20:07 | INFO     | 
🔍 [正在处理] ANS_CO_67 | 启动 3WD 流水线...
2026-07-25 00:20:07 | INFO     | 📢 [总进度] 100/130 份试卷已归档。
2026-07-25 00:20:12 | INFO     | ✅ [批改完成] ANS_CO_66 | 路由: POS | 最终分: 5.0 | 风险: P0.00/U0.00/F0.00/H0/L0 | 提取质量: 🟢high | 留白率: 0% | 低质量率: 0%
2026-07-25 00:20:12 | INFO     | 
🔍 [正在处理] ANS_CO_68 | 启动 3WD 流水线...
2026-07-25 00:20:12 | INFO     | 📢 [总进度] 101/130 份试卷已归档。
2026-07-25 00:20:27 | INFO     | ✅ [批改完成] ANS_CO_67 | 路由: BND | 最终分: 1.0 | 风险: P0.00/U0.16/F1.00/H0/L1 | 提取质量: 🟢high | 留白率: 0% | 低质量率: 0%
2026-07-25 00:20:27 | INFO     | 
🔍 [正在处理] ANS_CO_69 | 启动 3WD 流水线...
2026-07-25 00:20:27 | INFO     | 📢 [总进度] 102/130 份试卷已归档。
2026-07-25 00:20:32 | INFO     | ✅ [批改完成] ANS_CO_68 | 路由: BND | 最终分: 2.17 | 风险: P0.00/U0.19/F0.30/H0/L1 | 提取质量: 🟢high | 留白率: 0% | 低质量率: 0%
2026-07-25 00:20:32 | INFO     | 
🔍 [正在处理] ANS_CO_70 | 启动 3WD 流水线...
2026-07-25 00:20:32 | INFO     | 📢 [总进度] 103/130 份试卷已归档。
2026-07-25 00:20:40 | INFO     | ✅ [批改完成] ANS_CO_69 | 路由: POS | 最终分: 0 | 风险: P0.00/U0.00/F1.00/H0/L1 | 提取质量: 🟢high | 留白率: 0% | 低质量率: 0%
2026-07-25 00:20:40 | INFO     | 
🔍 [正在处理] ANS_CO_71 | 启动 3WD 流水线...
2026-07-25 00:20:40 | INFO     | 📢 [总进度] 104/130 份试卷已归档。
2026-07-25 00:20:49 | INFO     | ✅ [批改完成] ANS_CO_70 | 路由: BND | 最终分: 2.0 | 风险: P0.27/U0.00/F0.30/H0/L1 | 提取质量: 🟢high | 留白率: 33% | 低质量率: 0%
2026-07-25 00:20:49 | INFO     | 
🔍 [正在处理] ANS_CO_72 | 启动 3WD 流水线...
2026-07-25 00:20:49 | INFO     | 📢 [总进度] 105/130 份试卷已归档。
2026-07-25 00:20:55 | INFO     | ✅ [批改完成] ANS_CO_71 | 路由: BND | 最终分: 0 | 风险: P0.27/U0.00/F0.70/H0/L1 | 提取质量: 🟢high | 留白率: 33% | 低质量率: 0%
2026-07-25 00:20:55 | INFO     | 
🔍 [正在处理] ANS_CO_73 | 启动 3WD 流水线...
2026-07-25 00:20:55 | INFO     | 📢 [总进度] 106/130 份试卷已归档。
2026-07-25 00:21:00 | INFO     | ✅ [批改完成] ANS_CO_72 | 路由: POS | 最终分: 5.0 | 风险: P0.00/U0.00/F0.00/H0/L0 | 提取质量: 🟢high | 留白率: 0% | 低质量率: 0%
2026-07-25 00:21:00 | INFO     | 
🔍 [正在处理] ANS_CO_76 | 启动 3WD 流水线...
2026-07-25 00:21:00 | INFO     | 📢 [总进度] 107/130 份试卷已归档。
2026-07-25 00:21:08 | INFO     | ✅ [批改完成] ANS_CO_73 | 路由: POS | 最终分: 5.0 | 风险: P0.00/U0.00/F0.00/H0/L0 | 提取质量: 🟢high | 留白率: 0% | 低质量率: 0%
2026-07-25 00:21:08 | INFO     | 
🔍 [正在处理] ANS_CO_77 | 启动 3WD 流水线...
2026-07-25 00:21:08 | INFO     | 📢 [总进度] 108/130 份试卷已归档。
2026-07-25 00:21:13 | INFO     | ✅ [批改完成] ANS_CO_76 | 路由: POS | 最终分: 5.0 | 风险: P0.00/U0.00/F0.00/H0/L0 | 提取质量: 🟢high | 留白率: 0% | 低质量率: 0%
2026-07-25 00:21:13 | INFO     | 
🔍 [正在处理] ANS_CO_78 | 启动 3WD 流水线...
2026-07-25 00:21:13 | INFO     | 📢 [总进度] 109/130 份试卷已归档。
2026-07-25 00:21:21 | INFO     | ✅ [批改完成] ANS_CO_77 | 路由: POS | 最终分: 3.5 | 风险: P0.00/U0.00/F0.30/H0/L0 | 提取质量: 🟢high | 留白率: 0% | 低质量率: 0%
2026-07-25 00:21:21 | INFO     | 
🔍 [正在处理] ANS_CO_79 | 启动 3WD 流水线...
2026-07-25 00:21:21 | INFO     | 📢 [总进度] 110/130 份试卷已归档。
2026-07-25 00:21:25 | INFO     | ✅ [批改完成] ANS_CO_78 | 路由: POS | 最终分: 5.0 | 风险: P0.00/U0.00/F0.00/H0/L0 | 提取质量: 🟢high | 留白率: 0% | 低质量率: 0%
2026-07-25 00:21:25 | INFO     | 
🔍 [正在处理] ANS_CO_80 | 启动 3WD 流水线...
2026-07-25 00:21:25 | INFO     | 📢 [总进度] 111/130 份试卷已归档。
2026-07-25 00:21:38 | INFO     | ✅ [批改完成] ANS_CO_80 | 路由: POS | 最终分: 2.0 | 风险: P0.00/U0.00/F0.30/H0/L1 | 提取质量: 🟢high | 留白率: 0% | 低质量率: 0%
2026-07-25 00:21:38 | INFO     | 
🔍 [正在处理] ANS_CO_82 | 启动 3WD 流水线...
2026-07-25 00:21:38 | INFO     | 📢 [总进度] 112/130 份试卷已归档。
2026-07-25 00:21:39 | INFO     | ✅ [批改完成] ANS_CO_79 | 路由: BND | 最终分: 2.0 | 风险: P0.00/U0.14/F0.30/H0/L1 | 提取质量: 🟢high | 留白率: 0% | 低质量率: 0%
2026-07-25 00:21:39 | INFO     | 
🔍 [正在处理] ANS_CO_83 | 启动 3WD 流水线...
2026-07-25 00:21:39 | INFO     | 📢 [总进度] 113/130 份试卷已归档。
2026-07-25 00:21:53 | INFO     | ✅ [批改完成] ANS_CO_82 | 路由: BND | 最终分: 0 | 风险: P0.63/U0.00/F0.30/H0/L0 | 提取质量: 🟡low | 留白率: 67% | 低质量率: 0%
2026-07-25 00:21:53 | INFO     | 
🔍 [正在处理] ANS_CO_84 | 启动 3WD 流水线...
2026-07-25 00:21:53 | INFO     | 📢 [总进度] 114/130 份试卷已归档。
2026-07-25 00:21:55 | INFO     | ✅ [批改完成] ANS_CO_83 | 路由: BND | 最终分: 0 | 风险: P0.53/U0.00/F0.40/H0/L0 | 提取质量: 🟡low | 留白率: 67% | 低质量率: 0%
2026-07-25 00:21:55 | INFO     | 
🔍 [正在处理] ANS_CO_86 | 启动 3WD 流水线...
2026-07-25 00:21:55 | INFO     | 📢 [总进度] 115/130 份试卷已归档。
2026-07-25 00:22:11 | INFO     | ✅ [批改完成] ANS_CO_86 | 路由: BND | 最终分: 0 | 风险: P0.27/U0.00/F0.70/H0/L1 | 提取质量: 🟢high | 留白率: 33% | 低质量率: 0%
2026-07-25 00:22:11 | INFO     | 
🔍 [正在处理] ANS_CO_87 | 启动 3WD 流水线...
2026-07-25 00:22:11 | INFO     | 📢 [总进度] 116/130 份试卷已归档。
2026-07-25 00:22:15 | INFO     | ✅ [批改完成] ANS_CO_84 | 路由: POS | 最终分: 5.0 | 风险: P0.00/U0.00/F0.00/H0/L0 | 提取质量: 🟢high | 留白率: 0% | 低质量率: 0%
2026-07-25 00:22:15 | INFO     | 
🔍 [正在处理] ANS_CO_88 | 启动 3WD 流水线...
2026-07-25 00:22:15 | INFO     | 📢 [总进度] 117/130 份试卷已归档。
2026-07-25 00:22:27 | INFO     | ✅ [批改完成] ANS_CO_87 | 路由: BND | 最终分: 0 | 风险: P0.27/U0.00/F0.70/H0/L1 | 提取质量: 🟢high | 留白率: 33% | 低质量率: 0%
2026-07-25 00:22:27 | INFO     | 
🔍 [正在处理] ANS_CO_89 | 启动 3WD 流水线...
2026-07-25 00:22:27 | INFO     | 📢 [总进度] 118/130 份试卷已归档。
2026-07-25 00:22:29 | INFO     | ✅ [批改完成] ANS_CO_88 | 路由: POS | 最终分: 5.0 | 风险: P0.00/U0.00/F0.00/H0/L0 | 提取质量: 🟢high | 留白率: 0% | 低质量率: 0%
2026-07-25 00:22:29 | INFO     | 
🔍 [正在处理] ANS_CO_90 | 启动 3WD 流水线...
2026-07-25 00:22:29 | INFO     | 📢 [总进度] 119/130 份试卷已归档。
2026-07-25 00:22:40 | INFO     | ✅ [批改完成] ANS_CO_90 | 路由: POS | 最终分: 5.0 | 风险: P0.00/U0.00/F0.00/H0/L0 | 提取质量: 🟢high | 留白率: 0% | 低质量率: 0%
2026-07-25 00:22:40 | INFO     | 
🔍 [正在处理] ANS_CO_91 | 启动 3WD 流水线...
2026-07-25 00:22:40 | INFO     | 📢 [总进度] 120/130 份试卷已归档。
2026-07-25 00:22:43 | INFO     | ✅ [批改完成] ANS_CO_89 | 路由: BND | 最终分: 2.75 | 风险: P0.00/U0.07/F0.30/H0/L1 | 提取质量: 🟢high | 留白率: 0% | 低质量率: 0%
2026-07-25 00:22:43 | INFO     | 
🔍 [正在处理] ANS_CO_92 | 启动 3WD 流水线...
2026-07-25 00:22:43 | INFO     | 📢 [总进度] 121/130 份试卷已归档。
2026-07-25 00:22:53 | INFO     | ✅ [批改完成] ANS_CO_91 | 路由: POS | 最终分: 5.0 | 风险: P0.00/U0.00/F0.00/H0/L0 | 提取质量: 🟢high | 留白率: 0% | 低质量率: 0%
2026-07-25 00:22:53 | INFO     | 
🔍 [正在处理] ANS_CO_93 | 启动 3WD 流水线...
2026-07-25 00:22:53 | INFO     | 📢 [总进度] 122/130 份试卷已归档。
2026-07-25 00:23:06 | INFO     | ✅ [批改完成] ANS_CO_92 | 路由: BND | 最终分: 1.8 | 风险: P0.00/U0.12/F0.00/H0/L1 | 提取质量: 🟢high | 留白率: 0% | 低质量率: 0%
2026-07-25 00:23:06 | INFO     | 
🔍 [正在处理] ANS_CO_94 | 启动 3WD 流水线...
2026-07-25 00:23:06 | INFO     | 📢 [总进度] 123/130 份试卷已归档。
2026-07-25 00:23:12 | INFO     | ✅ [批改完成] ANS_CO_93 | 路由: BND | 最终分: 0 | 风险: P0.27/U0.00/F0.60/H0/L1 | 提取质量: 🟢high | 留白率: 33% | 低质量率: 0%
2026-07-25 00:23:12 | INFO     | 
🔍 [正在处理] ANS_CO_95 | 启动 3WD 流水线...
2026-07-25 00:23:12 | INFO     | 📢 [总进度] 124/130 份试卷已归档。
2026-07-25 00:23:24 | INFO     | ✅ [批改完成] ANS_CO_94 | 路由: BND | 最终分: 1.5 | 风险: P0.00/U0.14/F0.30/H0/L1 | 提取质量: 🟢high | 留白率: 0% | 低质量率: 0%
2026-07-25 00:23:24 | INFO     | 
🔍 [正在处理] ANS_CO_96 | 启动 3WD 流水线...
2026-07-25 00:23:24 | INFO     | 📢 [总进度] 125/130 份试卷已归档。
2026-07-25 00:23:25 | INFO     | ✅ [批改完成] ANS_CO_95 | 路由: POS | 最终分: 2.0 | 风险: P0.00/U0.00/F0.30/H0/L1 | 提取质量: 🟢high | 留白率: 0% | 低质量率: 0%
2026-07-25 00:23:25 | INFO     | 
🔍 [正在处理] ANS_CO_97 | 启动 3WD 流水线...
2026-07-25 00:23:25 | INFO     | 📢 [总进度] 126/130 份试卷已归档。
2026-07-25 00:23:36 | INFO     | ✅ [批改完成] ANS_CO_97 | 路由: POS | 最终分: 5.0 | 风险: P0.00/U0.00/F0.00/H0/L0 | 提取质量: 🟢high | 留白率: 0% | 低质量率: 0%
2026-07-25 00:23:36 | INFO     | 
🔍 [正在处理] ANS_CO_98 | 启动 3WD 流水线...
2026-07-25 00:23:36 | INFO     | 📢 [总进度] 127/130 份试卷已归档。
2026-07-25 00:23:36 | INFO     | ✅ [批改完成] ANS_CO_96 | 路由: POS | 最终分: 5.0 | 风险: P0.00/U0.00/F0.00/H0/L0 | 提取质量: 🟢high | 留白率: 0% | 低质量率: 0%
2026-07-25 00:23:36 | INFO     | 
🔍 [正在处理] ANS_CO_99 | 启动 3WD 流水线...
2026-07-25 00:23:36 | INFO     | 📢 [总进度] 128/130 份试卷已归档。
2026-07-25 00:23:54 | INFO     | ✅ [批改完成] ANS_CO_98 | 路由: BND | 最终分: 5.0 | 风险: P0.00/U0.14/F0.00/H0/L0 | 提取质量: 🟢high | 留白率: 0% | 低质量率: 0%
2026-07-25 00:23:54 | INFO     | 📢 [总进度] 129/130 份试卷已归档。
2026-07-25 00:23:55 | INFO     | ✅ [批改完成] ANS_CO_99 | 路由: BND | 最终分: 2.0 | 风险: P0.27/U0.00/F0.30/H0/L1 | 提取质量: 🟢high | 留白率: 33% | 低质量率: 0%
2026-07-25 00:23:55 | INFO     | 📢 [总进度] 130/130 份试卷已归档。
2026-07-25 00:23:55 | INFO     | 🗂️ 所有线程交卷完毕，正在整理数据... (共收集 130/130 份结果)
2026-07-25 00:23:55 | INFO     | 💾 正常批改结果已保存: D:\users\王鑫020420\Desktop\refgrader-main\results_runs\csbench_co1_co2_co3_co4_co5_co6_co7_all\runs\teacher_audit_all7_20260725_000621\CO_1_graded_results.json (127 人)
2026-07-25 00:23:55 | INFO     | 🛑 拒绝域结果已单独保存: D:\users\王鑫020420\Desktop\refgrader-main\results_runs\csbench_co1_co2_co3_co4_co5_co6_co7_all\runs\teacher_audit_all7_20260725_000621\CO_1_rejected.json (3 人)
2026-07-25 00:23:56 | INFO     | [result consistency] CO_1: checkpoint=130, graded=127, rejected=3, failed=0, expected=130
2026-07-25 00:23:56 | INFO     | 
🚀 [标准模式] 开始处理: CO_2
2026-07-25 00:23:56 | INFO     | ⚡ 已加载本地标准: D:\users\王鑫020420\Desktop\refgrader-main\data\csbench\rubrics\optimized\CO\CO_2_rubric_standard.json
2026-07-25 00:23:56 | INFO     | [PaddleOCR] preparing 100/104 visual-answer cache entries...
2026-07-25 00:24:04 | INFO     | [1/1] cache hit: ANS_CO_516.jpg
summary: completed=0, skipped=1, failed=0
2026-07-25 00:24:07 | INFO     | [1/1] cache hit: ANS_CO_517.jpg
summary: completed=0, skipped=1, failed=0
2026-07-25 00:24:11 | INFO     | [1/1] cache hit: ANS_CO_518.jpg
summary: completed=0, skipped=1, failed=0
2026-07-25 00:24:14 | INFO     | [1/1] cache hit: ANS_CO_520.jpg
summary: completed=0, skipped=1, failed=0
2026-07-25 00:24:17 | INFO     | [1/1] cache hit: ANS_CO_523.jpg
summary: completed=0, skipped=1, failed=0
2026-07-25 00:24:20 | INFO     | [1/1] cache hit: ANS_CO_524.jpg
summary: completed=0, skipped=1, failed=0
2026-07-25 00:24:24 | INFO     | [1/1] cache hit: ANS_CO_525.jpg
summary: completed=0, skipped=1, failed=0
2026-07-25 00:24:27 | INFO     | [1/1] cache hit: ANS_CO_526.jpg
summary: completed=0, skipped=1, failed=0
2026-07-25 00:24:30 | INFO     | [1/1] cache hit: ANS_CO_527.jpg
summary: completed=0, skipped=1, failed=0
2026-07-25 00:24:34 | INFO     | [1/1] cache hit: ANS_CO_528.jpg
summary: completed=0, skipped=1, failed=0
2026-07-25 00:24:37 | INFO     | [1/1] cache hit: ANS_CO_530.jpg
summary: completed=0, skipped=1, failed=0
2026-07-25 00:24:40 | INFO     | [1/1] cache hit: ANS_CO_532.jpg
summary: completed=0, skipped=1, failed=0
2026-07-25 00:24:44 | INFO     | [1/1] cache hit: ANS_CO_533.jpg
summary: completed=0, skipped=1, failed=0
2026-07-25 00:24:47 | INFO     | [1/1] cache hit: ANS_CO_535.jpg
summary: completed=0, skipped=1, failed=0
2026-07-25 00:24:50 | INFO     | [1/1] cache hit: ANS_CO_536.jpg
summary: completed=0, skipped=1, failed=0
2026-07-25 00:24:54 | INFO     | [1/1] cache hit: ANS_CO_537.jpg
summary: completed=0, skipped=1, failed=0
2026-07-25 00:24:57 | INFO     | [1/1] cache hit: ANS_CO_538.jpg
summary: completed=0, skipped=1, failed=0
2026-07-25 00:25:00 | INFO     | [1/1] cache hit: ANS_CO_539.jpg
summary: completed=0, skipped=1, failed=0
2026-07-25 00:25:04 | INFO     | [1/1] cache hit: ANS_CO_540.jpg
summary: completed=0, skipped=1, failed=0
2026-07-25 00:25:07 | INFO     | [1/1] cache hit: ANS_CO_541.jpg
summary: completed=0, skipped=1, failed=0
2026-07-25 00:25:10 | INFO     | [1/1] cache hit: ANS_CO_542.jpg
summary: completed=0, skipped=1, failed=0
2026-07-25 00:25:14 | INFO     | [1/1] cache hit: ANS_CO_543.jpg
summary: completed=0, skipped=1, failed=0
2026-07-25 00:25:17 | INFO     | [1/1] cache hit: ANS_CO_544.jpg
summary: completed=0, skipped=1, failed=0
2026-07-25 00:25:20 | INFO     | [1/1] cache hit: ANS_CO_546.jpg
summary: completed=0, skipped=1, failed=0
2026-07-25 00:25:23 | INFO     | [1/1] cache hit: ANS_CO_547.jpg
summary: completed=0, skipped=1, failed=0
2026-07-25 00:25:27 | INFO     | [1/1] cache hit: ANS_CO_550.jpg
summary: completed=0, skipped=1, failed=0
2026-07-25 00:25:30 | INFO     | [1/1] cache hit: ANS_CO_551.jpg
summary: completed=0, skipped=1, failed=0
2026-07-25 00:25:33 | INFO     | [1/1] cache hit: ANS_CO_552.jpg
summary: completed=0, skipped=1, failed=0
2026-07-25 00:25:37 | INFO     | [1/1] cache hit: ANS_CO_554.jpg
summary: completed=0, skipped=1, failed=0
2026-07-25 00:25:40 | INFO     | [1/1] cache hit: ANS_CO_555.jpg
summary: completed=0, skipped=1, failed=0
2026-07-25 00:25:43 | INFO     | [1/1] cache hit: ANS_CO_556.jpg
summary: completed=0, skipped=1, failed=0
2026-07-25 00:25:47 | INFO     | [1/1] cache hit: ANS_CO_557.jpg
summary: completed=0, skipped=1, failed=0
2026-07-25 00:25:50 | INFO     | [1/1] cache hit: ANS_CO_558.jpg
summary: completed=0, skipped=1, failed=0
2026-07-25 00:25:53 | INFO     | [1/1] cache hit: ANS_CO_559.jpg
summary: completed=0, skipped=1, failed=0
2026-07-25 00:25:57 | INFO     | [1/1] cache hit: ANS_CO_560.jpg
summary: completed=0, skipped=1, failed=0
2026-07-25 00:26:00 | INFO     | [1/1] cache hit: ANS_CO_561.jpg
summary: completed=0, skipped=1, failed=0
2026-07-25 00:26:04 | INFO     | [1/1] cache hit: ANS_CO_562.jpg
summary: completed=0, skipped=1, failed=0
2026-07-25 00:26:07 | INFO     | [1/1] cache hit: ANS_CO_564.jpg
summary: completed=0, skipped=1, failed=0
2026-07-25 00:26:10 | INFO     | [1/1] cache hit: ANS_CO_565.jpg
summary: completed=0, skipped=1, failed=0
2026-07-25 00:26:14 | INFO     | [1/1] cache hit: ANS_CO_567.jpg
summary: completed=0, skipped=1, failed=0
2026-07-25 00:26:17 | INFO     | [1/1] cache hit: ANS_CO_569.jpg
summary: completed=0, skipped=1, failed=0
2026-07-25 00:26:21 | INFO     | [1/1] cache hit: ANS_CO_570.jpg
summary: completed=0, skipped=1, failed=0
2026-07-25 00:26:24 | INFO     | [1/1] cache hit: ANS_CO_571.jpg
summary: completed=0, skipped=1, failed=0
2026-07-25 00:26:27 | INFO     | [1/1] cache hit: ANS_CO_572.jpg
summary: completed=0, skipped=1, failed=0
2026-07-25 00:26:31 | INFO     | [1/1] cache hit: ANS_CO_573.jpg
summary: completed=0, skipped=1, failed=0
2026-07-25 00:26:34 | INFO     | [1/1] cache hit: ANS_CO_575.png
summary: completed=0, skipped=1, failed=0
2026-07-25 00:26:37 | INFO     | [1/1] cache hit: ANS_CO_576.png
summary: completed=0, skipped=1, failed=0
2026-07-25 00:26:41 | INFO     | [1/1] cache hit: ANS_CO_577.png
summary: completed=0, skipped=1, failed=0
2026-07-25 00:26:44 | INFO     | [1/1] cache hit: ANS_CO_578.png
summary: completed=0, skipped=1, failed=0
2026-07-25 00:26:47 | INFO     | [1/1] cache hit: ANS_CO_579.png
summary: completed=0, skipped=1, failed=0
2026-07-25 00:26:51 | INFO     | [1/1] cache hit: ANS_CO_580.png
summary: completed=0, skipped=1, failed=0
2026-07-25 00:26:54 | INFO     | [1/1] cache hit: ANS_CO_582.png
summary: completed=0, skipped=1, failed=0
2026-07-25 00:26:57 | INFO     | [1/1] cache hit: ANS_CO_583.png
summary: completed=0, skipped=1, failed=0
2026-07-25 00:27:01 | INFO     | [1/1] cache hit: ANS_CO_584.png
summary: completed=0, skipped=1, failed=0
2026-07-25 00:27:04 | INFO     | [1/1] cache hit: ANS_CO_585.png
summary: completed=0, skipped=1, failed=0
2026-07-25 00:27:07 | INFO     | [1/1] cache hit: ANS_CO_586.png
summary: completed=0, skipped=1, failed=0
2026-07-25 00:27:11 | INFO     | [1/1] cache hit: ANS_CO_588.png
summary: completed=0, skipped=1, failed=0
2026-07-25 00:27:14 | INFO     | [1/1] cache hit: ANS_CO_589.png
summary: completed=0, skipped=1, failed=0
2026-07-25 00:27:17 | INFO     | [1/1] cache hit: ANS_CO_590.png
summary: completed=0, skipped=1, failed=0
2026-07-25 00:27:20 | INFO     | [1/1] cache hit: ANS_CO_592.png
summary: completed=0, skipped=1, failed=0
2026-07-25 00:27:24 | INFO     | [1/1] cache hit: ANS_CO_594.png
summary: completed=0, skipped=1, failed=0
2026-07-25 00:27:27 | INFO     | [1/1] cache hit: ANS_CO_595.png
summary: completed=0, skipped=1, failed=0
2026-07-25 00:27:30 | INFO     | [1/1] cache hit: ANS_CO_596.png
summary: completed=0, skipped=1, failed=0
2026-07-25 00:27:34 | INFO     | [1/1] cache hit: ANS_CO_597.png
summary: completed=0, skipped=1, failed=0
2026-07-25 00:27:37 | INFO     | [1/1] cache hit: ANS_CO_598.png
summary: completed=0, skipped=1, failed=0
2026-07-25 00:27:40 | INFO     | [1/1] cache hit: ANS_CO_599.png
summary: completed=0, skipped=1, failed=0
2026-07-25 00:27:44 | INFO     | [1/1] cache hit: ANS_CO_601.png
summary: completed=0, skipped=1, failed=0
2026-07-25 00:27:47 | INFO     | [1/1] cache hit: ANS_CO_602.png
summary: completed=0, skipped=1, failed=0
2026-07-25 00:27:50 | INFO     | [1/1] cache hit: ANS_CO_603.png
summary: completed=0, skipped=1, failed=0
2026-07-25 00:27:54 | INFO     | [1/1] cache hit: ANS_CO_605.png
summary: completed=0, skipped=1, failed=0
2026-07-25 00:27:57 | INFO     | [1/1] cache hit: ANS_CO_607.png
summary: completed=0, skipped=1, failed=0
2026-07-25 00:28:00 | INFO     | [1/1] cache hit: ANS_CO_609.png
summary: completed=0, skipped=1, failed=0
2026-07-25 00:28:03 | INFO     | [1/1] cache hit: ANS_CO_610.png
summary: completed=0, skipped=1, failed=0
2026-07-25 00:28:07 | INFO     | [1/1] cache hit: ANS_CO_612.png
summary: completed=0, skipped=1, failed=0
2026-07-25 00:28:10 | INFO     | [1/1] cache hit: ANS_CO_614.png
summary: completed=0, skipped=1, failed=0
2026-07-25 00:28:13 | INFO     | [1/1] cache hit: ANS_CO_615.png
summary: completed=0, skipped=1, failed=0
2026-07-25 00:28:17 | INFO     | [1/1] cache hit: ANS_CO_616.png
summary: completed=0, skipped=1, failed=0
2026-07-25 00:28:20 | INFO     | [1/1] cache hit: ANS_CO_617.png
summary: completed=0, skipped=1, failed=0
2026-07-25 00:28:23 | INFO     | [1/1] cache hit: ANS_CO_619.png
summary: completed=0, skipped=1, failed=0
2026-07-25 00:28:27 | INFO     | [1/1] cache hit: ANS_CO_620.png
summary: completed=0, skipped=1, failed=0
2026-07-25 00:28:30 | INFO     | [1/1] cache hit: ANS_CO_621.png
summary: completed=0, skipped=1, failed=0
2026-07-25 00:28:33 | INFO     | [1/1] cache hit: ANS_CO_622.png
summary: completed=0, skipped=1, failed=0
2026-07-25 00:28:37 | INFO     | [1/1] cache hit: ANS_CO_623.png
summary: completed=0, skipped=1, failed=0
2026-07-25 00:28:40 | INFO     | [1/1] cache hit: ANS_CO_624.png
summary: completed=0, skipped=1, failed=0
2026-07-25 00:28:43 | INFO     | [1/1] cache hit: ANS_CO_625.png
summary: completed=0, skipped=1, failed=0
2026-07-25 00:28:46 | INFO     | [1/1] cache hit: ANS_CO_626.png
summary: completed=0, skipped=1, failed=0
2026-07-25 00:28:50 | INFO     | [1/1] cache hit: ANS_CO_627.png
summary: completed=0, skipped=1, failed=0
2026-07-25 00:28:53 | INFO     | [1/1] cache hit: ANS_CO_628.png
summary: completed=0, skipped=1, failed=0
2026-07-25 00:28:56 | INFO     | [1/1] cache hit: ANS_CO_629.png
summary: completed=0, skipped=1, failed=0
2026-07-25 00:29:00 | INFO     | [1/1] cache hit: ANS_CO_630.png
summary: completed=0, skipped=1, failed=0
2026-07-25 00:29:03 | INFO     | [1/1] cache hit: ANS_CO_631.png
summary: completed=0, skipped=1, failed=0
2026-07-25 00:29:06 | INFO     | [1/1] cache hit: ANS_CO_633.png
summary: completed=0, skipped=1, failed=0
2026-07-25 00:29:10 | INFO     | [1/1] cache hit: ANS_CO_634.png
summary: completed=0, skipped=1, failed=0
2026-07-25 00:29:13 | INFO     | [1/1] cache hit: ANS_CO_635.png
summary: completed=0, skipped=1, failed=0
2026-07-25 00:29:16 | INFO     | [1/1] cache hit: ANS_CO_636.png
summary: completed=0, skipped=1, failed=0
2026-07-25 00:29:20 | INFO     | [1/1] cache hit: ANS_CO_637.png
summary: completed=0, skipped=1, failed=0
2026-07-25 00:29:23 | INFO     | [1/1] cache hit: ANS_CO_638.png
summary: completed=0, skipped=1, failed=0
2026-07-25 00:29:26 | INFO     | [1/1] cache hit: ANS_CO_641.png
summary: completed=0, skipped=1, failed=0
2026-07-25 00:29:29 | INFO     | [1/1] cache hit: ANS_CO_642.png
summary: completed=0, skipped=1, failed=0
2026-07-25 00:29:33 | INFO     | [1/1] cache hit: ANS_CO_643.png
summary: completed=0, skipped=1, failed=0
2026-07-25 00:29:37 | INFO     | ⚡ 脱敏清单已预生成，104 名学生共享复用。
2026-07-25 00:29:37 | INFO     | 🏃 开始批改 104 张试卷 (⚡ 开启多线程模式)...
2026-07-25 00:29:37 | INFO     | 
🔍 [正在处理] ANS_CO_516 | 启动 3WD 流水线...
2026-07-25 00:29:37 | INFO     | 
🔍 [正在处理] ANS_CO_517 | 启动 3WD 流水线...
2026-07-25 00:29:37 | INFO     | ⏳ [主线程] 已提交 104 个任务，等待结果回收...
2026-07-25 00:30:49 | INFO     | ✅ [批改完成] ANS_CO_516 | 路由: BND | 最终分: 14.7 | 风险: P0.21/U0.19/F0.00/H0/L0 | 提取质量: 🟢high | 留白率: 0% | 低质量率: 0%
2026-07-25 00:30:49 | INFO     | 
🔍 [正在处理] ANS_CO_518 | 启动 3WD 流水线...
2026-07-25 00:30:49 | INFO     | 📢 [总进度] 1/104 份试卷已归档。
2026-07-25 00:32:26 | INFO     | ✅ [批改完成] ANS_CO_518 | 路由: BND | 最终分: 13.2 | 风险: P0.21/U0.10/F0.40/H0/L1 | 提取质量: 🟢high | 留白率: 0% | 低质量率: 0%
2026-07-25 00:32:26 | INFO     | 
🔍 [正在处理] ANS_CO_520 | 启动 3WD 流水线...
2026-07-25 00:32:26 | INFO     | 📢 [总进度] 2/104 份试卷已归档。
2026-07-25 00:33:04 | INFO     | ✅ [批改完成] ANS_CO_517 | 路由: BND | 最终分: 8.7 | 风险: P0.21/U0.19/F0.00/H0/L0 | 提取质量: 🟢high | 留白率: 0% | 低质量率: 0%
2026-07-25 00:33:04 | INFO     | 
🔍 [正在处理] ANS_CO_521 | 启动 3WD 流水线...
2026-07-25 00:33:04 | INFO     | 📢 [总进度] 3/104 份试卷已归档。
2026-07-25 00:33:34 | INFO     | ✅ [批改完成] ANS_CO_521 | 路由: NEG | 最终分: 0 | 风险: P0.80/U0.00/F0.00/H0/L0 | 提取质量: 🟡low | 留白率: 100% | 低质量率: 0%
2026-07-25 00:33:34 | INFO     | 
🔍 [正在处理] ANS_CO_523 | 启动 3WD 流水线...
2026-07-25 00:33:34 | INFO     | 📢 [总进度] 4/104 份试卷已归档 [NEG-拒绝]。
2026-07-25 00:33:51 | INFO     | ✅ [批改完成] ANS_CO_520 | 路由: BND | 最终分: 6.7 | 风险: P0.57/U0.12/F0.00/H0/L0 | 提取质量: 🟡low | 留白率: 71% | 低质量率: 0%
2026-07-25 00:33:51 | INFO     | 
🔍 [正在处理] ANS_CO_524 | 启动 3WD 流水线...
2026-07-25 00:33:51 | INFO     | 📢 [总进度] 5/104 份试卷已归档。
2026-07-25 00:34:33 | INFO     | ✅ [批改完成] ANS_CO_523 | 路由: BND | 最终分: 1.3 | 风险: P0.00/U0.17/F0.50/H0/L1 | 提取质量: 🟢high | 留白率: 0% | 低质量率: 0%
2026-07-25 00:34:33 | INFO     | 
🔍 [正在处理] ANS_CO_525 | 启动 3WD 流水线...
2026-07-25 00:34:33 | INFO     | 📢 [总进度] 6/104 份试卷已归档。
2026-07-25 00:35:16 | INFO     | ✅ [批改完成] ANS_CO_524 | 路由: BND | 最终分: 6.5 | 风险: P0.00/U0.19/F0.50/H0/L1 | 提取质量: 🟢high | 留白率: 0% | 低质量率: 0%
2026-07-25 00:35:16 | INFO     | 
🔍 [正在处理] ANS_CO_526 | 启动 3WD 流水线...
2026-07-25 00:35:16 | INFO     | 📢 [总进度] 7/104 份试卷已归档。
2026-07-25 00:35:44 | INFO     | ✅ [批改完成] ANS_CO_525 | 路由: BND | 最终分: 12.0 | 风险: P0.00/U0.14/F0.10/H0/L0 | 提取质量: 🟢high | 留白率: 0% | 低质量率: 0%
2026-07-25 00:35:44 | INFO     | 
🔍 [正在处理] ANS_CO_527 | 启动 3WD 流水线...
2026-07-25 00:35:44 | INFO     | 📢 [总进度] 8/104 份试卷已归档。
2026-07-25 00:36:16 | INFO     | ✅ [批改完成] ANS_CO_526 | 路由: BND | 最终分: 4.0 | 风险: P0.17/U0.14/F0.90/H0/L1 | 提取质量: 🟢high | 留白率: 0% | 低质量率: 0%
2026-07-25 00:36:16 | INFO     | 
🔍 [正在处理] ANS_CO_528 | 启动 3WD 流水线...
2026-07-25 00:36:16 | INFO     | 📢 [总进度] 9/104 份试卷已归档。
2026-07-25 00:36:43 | INFO     | ✅ [批改完成] ANS_CO_527 | 路由: BND | 最终分: 13.3 | 风险: P0.00/U0.19/F0.00/H0/L0 | 提取质量: 🟢high | 留白率: 0% | 低质量率: 0%
2026-07-25 00:36:43 | INFO     | 
🔍 [正在处理] ANS_CO_529 | 启动 3WD 流水线...
2026-07-25 00:36:43 | INFO     | 📢 [总进度] 10/104 份试卷已归档。
2026-07-25 00:37:12 | INFO     | ✅ [批改完成] ANS_CO_529 | 路由: NEG | 最终分: 0 | 风险: P0.80/U0.00/F0.00/H0/L0 | 提取质量: 🟡low | 留白率: 100% | 低质量率: 0%
2026-07-25 00:37:12 | INFO     | 
🔍 [正在处理] ANS_CO_530 | 启动 3WD 流水线...
2026-07-25 00:37:12 | INFO     | 📢 [总进度] 11/104 份试卷已归档 [NEG-拒绝]。
2026-07-25 00:37:30 | INFO     | ✅ [批改完成] ANS_CO_528 | 路由: BND | 最终分: 8.7 | 风险: P0.29/U0.09/F0.40/H0/L1 | 提取质量: 🟢high | 留白率: 14% | 低质量率: 0%
2026-07-25 00:37:30 | INFO     | 
🔍 [正在处理] ANS_CO_532 | 启动 3WD 流水线...
2026-07-25 00:37:30 | INFO     | 📢 [总进度] 12/104 份试卷已归档。
2026-07-25 00:38:12 | INFO     | ✅ [批改完成] ANS_CO_530 | 路由: BND | 最终分: 3.3 | 风险: P0.57/U0.09/F0.00/H0/L0 | 提取质量: 🟡low | 留白率: 71% | 低质量率: 0%
2026-07-25 00:38:12 | INFO     | 
🔍 [正在处理] ANS_CO_533 | 启动 3WD 流水线...
2026-07-25 00:38:12 | INFO     | 📢 [总进度] 13/104 份试卷已归档。
2026-07-25 00:38:54 | INFO     | ✅ [批改完成] ANS_CO_532 | 路由: BND | 最终分: 11.8 | 风险: P0.00/U0.04/F0.00/H0/L1 | 提取质量: 🟢high | 留白率: 0% | 低质量率: 0%
2026-07-25 00:38:54 | INFO     | 
🔍 [正在处理] ANS_CO_535 | 启动 3WD 流水线...
2026-07-25 00:38:54 | INFO     | 📢 [总进度] 14/104 份试卷已归档。
2026-07-25 00:40:06 | INFO     | ✅ [批改完成] ANS_CO_535 | 路由: BND | 最终分: 7.0 | 风险: P0.00/U0.19/F0.00/H0/L1 | 提取质量: 🟢high | 留白率: 0% | 低质量率: 0%
2026-07-25 00:40:06 | INFO     | 
🔍 [正在处理] ANS_CO_536 | 启动 3WD 流水线...
2026-07-25 00:40:06 | INFO     | 📢 [总进度] 15/104 份试卷已归档。
2026-07-25 00:41:23 | INFO     | ✅ [批改完成] ANS_CO_536 | 路由: POS | 最终分: 20.0 | 风险: P0.00/U0.00/F0.00/H0/L0 | 提取质量: 🟢high | 留白率: 0% | 低质量率: 0%
2026-07-25 00:41:23 | INFO     | 
🔍 [正在处理] ANS_CO_537 | 启动 3WD 流水线...
2026-07-25 00:41:23 | INFO     | 📢 [总进度] 16/104 份试卷已归档。
2026-07-25 00:41:32 | INFO     | ✅ [批改完成] ANS_CO_533 | 路由: BND | 最终分: 16.0 | 风险: P0.00/U0.42/F0.00/H0/L0 | 提取质量: 🟢high | 留白率: 0% | 低质量率: 0%
2026-07-25 00:41:32 | INFO     | 
🔍 [正在处理] ANS_CO_538 | 启动 3WD 流水线...
2026-07-25 00:41:32 | INFO     | 📢 [总进度] 17/104 份试卷已归档。
2026-07-25 00:42:30 | INFO     | ✅ [批改完成] ANS_CO_538 | 路由: POS | 最终分: 20.0 | 风险: P0.00/U0.00/F0.00/H0/L0 | 提取质量: 🟢high | 留白率: 0% | 低质量率: 0%
2026-07-25 00:42:30 | INFO     | 
🔍 [正在处理] ANS_CO_539 | 启动 3WD 流水线...
2026-07-25 00:42:30 | INFO     | 📢 [总进度] 18/104 份试卷已归档。
2026-07-25 00:42:31 | INFO     | ✅ [批改完成] ANS_CO_537 | 路由: BND | 最终分: 10.0 | 风险: P0.00/U0.22/F0.10/H0/L1 | 提取质量: 🟢high | 留白率: 0% | 低质量率: 0%
2026-07-25 00:42:31 | INFO     | 
🔍 [正在处理] ANS_CO_540 | 启动 3WD 流水线...
2026-07-25 00:42:31 | INFO     | 📢 [总进度] 19/104 份试卷已归档。
2026-07-25 00:43:34 | INFO     | ✅ [批改完成] ANS_CO_539 | 路由: BND | 最终分: 16.0 | 风险: P0.00/U0.16/F0.00/H0/L0 | 提取质量: 🟢high | 留白率: 0% | 低质量率: 0%
2026-07-25 00:43:34 | INFO     | 
🔍 [正在处理] ANS_CO_541 | 启动 3WD 流水线...
2026-07-25 00:43:34 | INFO     | 📢 [总进度] 20/104 份试卷已归档。
2026-07-25 00:43:55 | INFO     | ✅ [批改完成] ANS_CO_540 | 路由: BND | 最终分: 5.0 | 风险: P0.00/U0.15/F0.50/H0/L1 | 提取质量: 🟢high | 留白率: 0% | 低质量率: 0%
2026-07-25 00:43:55 | INFO     | 
🔍 [正在处理] ANS_CO_542 | 启动 3WD 流水线...
2026-07-25 00:43:55 | INFO     | 📢 [总进度] 21/104 份试卷已归档。
2026-07-25 00:45:30 | INFO     | ✅ [批改完成] ANS_CO_542 | 路由: POS | 最终分: 10.0 | 风险: P0.00/U0.00/F0.50/H0/L1 | 提取质量: 🟢high | 留白率: 0% | 低质量率: 0%
2026-07-25 00:45:30 | INFO     | 
🔍 [正在处理] ANS_CO_543 | 启动 3WD 流水线...
2026-07-25 00:45:30 | INFO     | 📢 [总进度] 22/104 份试卷已归档。
2026-07-25 00:46:53 | INFO     | ✅ [批改完成] ANS_CO_543 | 路由: BND | 最终分: 16.8 | 风险: P0.00/U0.10/F0.00/H0/L0 | 提取质量: 🟢high | 留白率: 0% | 低质量率: 0%
2026-07-25 00:46:53 | INFO     | 
🔍 [正在处理] ANS_CO_544 | 启动 3WD 流水线...
2026-07-25 00:46:53 | INFO     | 📢 [总进度] 23/104 份试卷已归档。
2026-07-25 00:47:09 | INFO     | ✅ [批改完成] ANS_CO_541 | 路由: POS | 最终分: 20.0 | 风险: P0.00/U0.00/F0.00/H0/L0 | 提取质量: 🟢high | 留白率: 0% | 低质量率: 0%
2026-07-25 00:47:09 | INFO     | 
🔍 [正在处理] ANS_CO_546 | 启动 3WD 流水线...
2026-07-25 00:47:09 | INFO     | 📢 [总进度] 24/104 份试卷已归档。
2026-07-25 00:48:20 | INFO     | ✅ [批改完成] ANS_CO_544 | 路由: BND | 最终分: 18.7 | 风险: P0.00/U0.09/F0.00/H0/L0 | 提取质量: 🟢high | 留白率: 0% | 低质量率: 0%
2026-07-25 00:48:20 | INFO     | 
🔍 [正在处理] ANS_CO_547 | 启动 3WD 流水线...
2026-07-25 00:48:20 | INFO     | 📢 [总进度] 25/104 份试卷已归档。
2026-07-25 00:48:25 | INFO     | ✅ [批改完成] ANS_CO_546 | 路由: BND | 最终分: 2.0 | 风险: P0.21/U0.16/F0.40/H0/L1 | 提取质量: 🟢high | 留白率: 0% | 低质量率: 0%
2026-07-25 00:48:25 | INFO     | 
🔍 [正在处理] ANS_CO_550 | 启动 3WD 流水线...
2026-07-25 00:48:25 | INFO     | 📢 [总进度] 26/104 份试卷已归档。
2026-07-25 00:49:40 | INFO     | ✅ [批改完成] ANS_CO_547 | 路由: BND | 最终分: 12.7 | 风险: P0.00/U0.39/F0.00/H0/L0 | 提取质量: 🟢high | 留白率: 0% | 低质量率: 0%
2026-07-25 00:49:40 | INFO     | 
🔍 [正在处理] ANS_CO_551 | 启动 3WD 流水线...
2026-07-25 00:49:40 | INFO     | 📢 [总进度] 27/104 份试卷已归档。
2026-07-25 00:49:53 | INFO     | ✅ [批改完成] ANS_CO_550 | 路由: BND | 最终分: 12.0 | 风险: P0.00/U0.22/F0.20/H0/L0 | 提取质量: 🟢high | 留白率: 0% | 低质量率: 0%
2026-07-25 00:49:53 | INFO     | 
🔍 [正在处理] ANS_CO_552 | 启动 3WD 流水线...
2026-07-25 00:49:53 | INFO     | 📢 [总进度] 28/104 份试卷已归档。
2026-07-25 00:50:52 | INFO     | ✅ [批改完成] ANS_CO_551 | 路由: BND | 最终分: 0.7 | 风险: P0.57/U0.09/F0.00/H0/L0 | 提取质量: 🟡low | 留白率: 71% | 低质量率: 0%
2026-07-25 00:50:52 | INFO     | 
🔍 [正在处理] ANS_CO_554 | 启动 3WD 流水线...
2026-07-25 00:50:52 | INFO     | 📢 [总进度] 29/104 份试卷已归档。
2026-07-25 00:51:19 | INFO     | ✅ [批改完成] ANS_CO_552 | 路由: BND | 最终分: 10.0 | 风险: P0.00/U0.22/F0.00/H0/L1 | 提取质量: 🟢high | 留白率: 0% | 低质量率: 0%
2026-07-25 00:51:19 | INFO     | 
🔍 [正在处理] ANS_CO_555 | 启动 3WD 流水线...
2026-07-25 00:51:19 | INFO     | 📢 [总进度] 30/104 份试卷已归档。
2026-07-25 00:52:07 | INFO     | ✅ [批改完成] ANS_CO_554 | 路由: POS | 最终分: 20.0 | 风险: P0.00/U0.00/F0.00/H0/L0 | 提取质量: 🟢high | 留白率: 0% | 低质量率: 0%
2026-07-25 00:52:07 | INFO     | 
🔍 [正在处理] ANS_CO_556 | 启动 3WD 流水线...
2026-07-25 00:52:07 | INFO     | 📢 [总进度] 31/104 份试卷已归档。
2026-07-25 00:52:32 | INFO     | ✅ [批改完成] ANS_CO_555 | 路由: POS | 最终分: 20.0 | 风险: P0.00/U0.00/F0.00/H0/L0 | 提取质量: 🟢high | 留白率: 0% | 低质量率: 0%
2026-07-25 00:52:32 | INFO     | 
🔍 [正在处理] ANS_CO_557 | 启动 3WD 流水线...
2026-07-25 00:52:32 | INFO     | 📢 [总进度] 32/104 份试卷已归档。
2026-07-25 00:53:31 | INFO     | ✅ [批改完成] ANS_CO_556 | 路由: BND | 最终分: 13.3 | 风险: P0.00/U0.19/F0.00/H0/L0 | 提取质量: 🟢high | 留白率: 0% | 低质量率: 0%
2026-07-25 00:53:31 | INFO     | 
🔍 [正在处理] ANS_CO_558 | 启动 3WD 流水线...
2026-07-25 00:53:31 | INFO     | 📢 [总进度] 33/104 份试卷已归档。
2026-07-25 00:53:58 | INFO     | ✅ [批改完成] ANS_CO_557 | 路由: BND | 最终分: 16.0 | 风险: P0.00/U0.14/F0.50/H0/L1 | 提取质量: 🟢high | 留白率: 0% | 低质量率: 0%
2026-07-25 00:53:58 | INFO     | 
🔍 [正在处理] ANS_CO_559 | 启动 3WD 流水线...
2026-07-25 00:53:58 | INFO     | 📢 [总进度] 34/104 份试卷已归档。
2026-07-25 00:54:27 | INFO     | ✅ [批改完成] ANS_CO_558 | 路由: BND | 最终分: 9.3 | 风险: P0.00/U0.12/F0.30/H0/L0 | 提取质量: 🟢high | 留白率: 0% | 低质量率: 0%
2026-07-25 00:54:27 | INFO     | 
🔍 [正在处理] ANS_CO_560 | 启动 3WD 流水线...
2026-07-25 00:54:27 | INFO     | 📢 [总进度] 35/104 份试卷已归档。
2026-07-25 00:55:32 | INFO     | ✅ [批改完成] ANS_CO_560 | 路由: BND | 最终分: 16.0 | 风险: P0.00/U0.16/F0.00/H0/L0 | 提取质量: 🟢high | 留白率: 0% | 低质量率: 0%
2026-07-25 00:55:32 | INFO     | 
🔍 [正在处理] ANS_CO_561 | 启动 3WD 流水线...
2026-07-25 00:55:32 | INFO     | 📢 [总进度] 36/104 份试卷已归档。
2026-07-25 00:55:34 | INFO     | ✅ [批改完成] ANS_CO_559 | 路由: BND | 最终分: 3.3 | 风险: P0.00/U0.09/F0.40/H0/L1 | 提取质量: 🟢high | 留白率: 0% | 低质量率: 0%
2026-07-25 00:55:34 | INFO     | 
🔍 [正在处理] ANS_CO_562 | 启动 3WD 流水线...
2026-07-25 00:55:34 | INFO     | 📢 [总进度] 37/104 份试卷已归档。
2026-07-25 00:56:43 | INFO     | ✅ [批改完成] ANS_CO_562 | 路由: POS | 最终分: 2.0 | 风险: P0.00/U0.00/F0.90/H0/L1 | 提取质量: 🟢high | 留白率: 0% | 低质量率: 0%
2026-07-25 00:56:43 | INFO     | 
🔍 [正在处理] ANS_CO_564 | 启动 3WD 流水线...
2026-07-25 00:56:43 | INFO     | 📢 [总进度] 38/104 份试卷已归档。
2026-07-25 00:56:58 | INFO     | ✅ [批改完成] ANS_CO_561 | 路由: POS | 最终分: 18.7 | 风险: P0.00/U0.02/F0.00/H0/L0 | 提取质量: 🟢high | 留白率: 0% | 低质量率: 0%
2026-07-25 00:56:58 | INFO     | 
🔍 [正在处理] ANS_CO_565 | 启动 3WD 流水线...
2026-07-25 00:56:58 | INFO     | 📢 [总进度] 39/104 份试卷已归档。
2026-07-25 00:57:54 | INFO     | ✅ [批改完成] ANS_CO_564 | 路由: BND | 最终分: 12.0 | 风险: P0.00/U0.28/F0.00/H0/L0 | 提取质量: 🟢high | 留白率: 0% | 低质量率: 0%
2026-07-25 00:57:54 | INFO     | 
🔍 [正在处理] ANS_CO_566 | 启动 3WD 流水线...
2026-07-25 00:57:54 | INFO     | 📢 [总进度] 40/104 份试卷已归档。
2026-07-25 00:58:02 | INFO     | ✅ [批改完成] ANS_CO_565 | 路由: BND | 最终分: 5.2 | 风险: P0.00/U0.38/F0.80/H0/L1 | 提取质量: 🟢high | 留白率: 0% | 低质量率: 0%
2026-07-25 00:58:02 | INFO     | 
🔍 [正在处理] ANS_CO_567 | 启动 3WD 流水线...
2026-07-25 00:58:02 | INFO     | 📢 [总进度] 41/104 份试卷已归档。
2026-07-25 00:58:14 | INFO     | ✅ [批改完成] ANS_CO_566 | 路由: BND | 最终分: 2.0 | 风险: P0.69/U0.00/F0.00/H0/L0 | 提取质量: 🟡low | 留白率: 86% | 低质量率: 0%
2026-07-25 00:58:14 | INFO     | 
🔍 [正在处理] ANS_CO_569 | 启动 3WD 流水线...
2026-07-25 00:58:14 | INFO     | 📢 [总进度] 42/104 份试卷已归档。
2026-07-25 00:59:12 | INFO     | ✅ [批改完成] ANS_CO_567 | 路由: BND | 最终分: 16.7 | 风险: P0.00/U0.24/F0.00/H0/L0 | 提取质量: 🟢high | 留白率: 0% | 低质量率: 0%
2026-07-25 00:59:12 | INFO     | 
🔍 [正在处理] ANS_CO_570 | 启动 3WD 流水线...
2026-07-25 00:59:12 | INFO     | 📢 [总进度] 43/104 份试卷已归档。
2026-07-25 00:59:21 | INFO     | ✅ [批改完成] ANS_CO_569 | 路由: BND | 最终分: 9.0 | 风险: P0.04/U0.15/F0.00/H0/L0 | 提取质量: 🟢high | 留白率: 0% | 低质量率: 0%
2026-07-25 00:59:21 | INFO     | 
🔍 [正在处理] ANS_CO_571 | 启动 3WD 流水线...
2026-07-25 00:59:21 | INFO     | 📢 [总进度] 44/104 份试卷已归档。
2026-07-25 01:00:49 | INFO     | ✅ [批改完成] ANS_CO_571 | 路由: BND | 最终分: 10.0 | 风险: P0.21/U0.08/F0.20/H0/L1 | 提取质量: 🟢high | 留白率: 0% | 低质量率: 0%
2026-07-25 01:00:49 | INFO     | 
🔍 [正在处理] ANS_CO_572 | 启动 3WD 流水线...
2026-07-25 01:00:49 | INFO     | 📢 [总进度] 45/104 份试卷已归档。
2026-07-25 01:02:25 | INFO     | ✅ [批改完成] ANS_CO_570 | 路由: POS | 最终分: 20.0 | 风险: P0.00/U0.00/F0.00/H0/L0 | 提取质量: 🟢high | 留白率: 0% | 低质量率: 0%
2026-07-25 01:02:25 | INFO     | 
🔍 [正在处理] ANS_CO_573 | 启动 3WD 流水线...
2026-07-25 01:02:25 | INFO     | 📢 [总进度] 46/104 份试卷已归档。
2026-07-25 01:02:27 | INFO     | ✅ [批改完成] ANS_CO_572 | 路由: BND | 最终分: 18.7 | 风险: P0.00/U0.09/F0.00/H0/L0 | 提取质量: 🟢high | 留白率: 0% | 低质量率: 0%
2026-07-25 01:02:27 | INFO     | 
🔍 [正在处理] ANS_CO_575 | 启动 3WD 流水线...
2026-07-25 01:02:27 | INFO     | 📢 [总进度] 47/104 份试卷已归档。
2026-07-25 01:03:34 | INFO     | ✅ [批改完成] ANS_CO_575 | 路由: BND | 最终分: 6.7 | 风险: P0.00/U0.19/F0.40/H0/L1 | 提取质量: 🟢high | 留白率: 0% | 低质量率: 0%
2026-07-25 01:03:34 | INFO     | 
🔍 [正在处理] ANS_CO_576 | 启动 3WD 流水线...
2026-07-25 01:03:34 | INFO     | 📢 [总进度] 48/104 份试卷已归档。
2026-07-25 01:03:59 | INFO     | ✅ [批改完成] ANS_CO_573 | 路由: BND | 最终分: 4.0 | 风险: P0.00/U0.14/F0.50/H0/L1 | 提取质量: 🟢high | 留白率: 0% | 低质量率: 0%
2026-07-25 01:03:59 | INFO     | 
🔍 [正在处理] ANS_CO_577 | 启动 3WD 流水线...
2026-07-25 01:03:59 | INFO     | 📢 [总进度] 49/104 份试卷已归档。
2026-07-25 01:04:41 | INFO     | ✅ [批改完成] ANS_CO_576 | 路由: BND | 最终分: 13.3 | 风险: P0.00/U0.19/F0.00/H0/L0 | 提取质量: 🟢high | 留白率: 0% | 低质量率: 0%
2026-07-25 01:04:41 | INFO     | 
🔍 [正在处理] ANS_CO_578 | 启动 3WD 流水线...
2026-07-25 01:04:41 | INFO     | 📢 [总进度] 50/104 份试卷已归档。
2026-07-25 01:06:16 | INFO     | ✅ [批改完成] ANS_CO_577 | 路由: BND | 最终分: 16.0 | 风险: P0.21/U0.16/F0.00/H0/L0 | 提取质量: 🟢high | 留白率: 0% | 低质量率: 0%
2026-07-25 01:06:16 | INFO     | 
🔍 [正在处理] ANS_CO_579 | 启动 3WD 流水线...
2026-07-25 01:06:16 | INFO     | 📢 [总进度] 51/104 份试卷已归档。
2026-07-25 01:07:07 | INFO     | ✅ [批改完成] ANS_CO_579 | 路由: POS | 最终分: 20.0 | 风险: P0.00/U0.00/F0.00/H0/L0 | 提取质量: 🟢high | 留白率: 0% | 低质量率: 0%
2026-07-25 01:07:07 | INFO     | 
🔍 [正在处理] ANS_CO_580 | 启动 3WD 流水线...
2026-07-25 01:07:07 | INFO     | 📢 [总进度] 52/104 份试卷已归档。
2026-07-25 01:08:17 | INFO     | ✅ [批改完成] ANS_CO_580 | 路由: POS | 最终分: 14.0 | 风险: P0.00/U0.00/F0.10/H0/L0 | 提取质量: 🟢high | 留白率: 0% | 低质量率: 0%
2026-07-25 01:08:17 | INFO     | 
🔍 [正在处理] ANS_CO_582 | 启动 3WD 流水线...
2026-07-25 01:08:17 | INFO     | 📢 [总进度] 53/104 份试卷已归档。
2026-07-25 01:08:20 | INFO     | ✅ [批改完成] ANS_CO_578 | 路由: BND | 最终分: 18.7 | 风险: P0.21/U0.09/F0.00/H0/L0 | 提取质量: 🟢high | 留白率: 0% | 低质量率: 0%
2026-07-25 01:08:20 | INFO     | 
🔍 [正在处理] ANS_CO_583 | 启动 3WD 流水线...
2026-07-25 01:08:20 | INFO     | 📢 [总进度] 54/104 份试卷已归档。
2026-07-25 01:09:41 | INFO     | ✅ [批改完成] ANS_CO_582 | 路由: BND | 最终分: 15.3 | 风险: P0.00/U0.09/F0.00/H0/L0 | 提取质量: 🟢high | 留白率: 0% | 低质量率: 0%
2026-07-25 01:09:41 | INFO     | 
🔍 [正在处理] ANS_CO_584 | 启动 3WD 流水线...
2026-07-25 01:09:41 | INFO     | 📢 [总进度] 55/104 份试卷已归档。
2026-07-25 01:09:46 | INFO     | ✅ [批改完成] ANS_CO_583 | 路由: BND | 最终分: 18.0 | 风险: P0.00/U0.14/F0.00/H0/L0 | 提取质量: 🟢high | 留白率: 0% | 低质量率: 0%
2026-07-25 01:09:46 | INFO     | 
🔍 [正在处理] ANS_CO_585 | 启动 3WD 流水线...
2026-07-25 01:09:46 | INFO     | 📢 [总进度] 56/104 份试卷已归档。
2026-07-25 01:11:03 | INFO     | ✅ [批改完成] ANS_CO_585 | 路由: BND | 最终分: 2.7 | 风险: P0.21/U0.05/F0.90/H0/L1 | 提取质量: 🟢high | 留白率: 0% | 低质量率: 0%
2026-07-25 01:11:03 | INFO     | 
🔍 [正在处理] ANS_CO_586 | 启动 3WD 流水线...
2026-07-25 01:11:03 | INFO     | 📢 [总进度] 57/104 份试卷已归档。
2026-07-25 01:11:06 | INFO     | ✅ [批改完成] ANS_CO_584 | 路由: BND | 最终分: 13.3 | 风险: P0.00/U0.18/F0.00/H0/L0 | 提取质量: 🟢high | 留白率: 0% | 低质量率: 0%
2026-07-25 01:11:06 | INFO     | 
🔍 [正在处理] ANS_CO_588 | 启动 3WD 流水线...
2026-07-25 01:11:06 | INFO     | 📢 [总进度] 58/104 份试卷已归档。
2026-07-25 01:12:08 | INFO     | ✅ [批改完成] ANS_CO_586 | 路由: POS | 最终分: 20.0 | 风险: P0.00/U0.00/F0.00/H0/L0 | 提取质量: 🟢high | 留白率: 0% | 低质量率: 0%
2026-07-25 01:12:08 | INFO     | 
🔍 [正在处理] ANS_CO_589 | 启动 3WD 流水线...
2026-07-25 01:12:08 | INFO     | 📢 [总进度] 59/104 份试卷已归档。
2026-07-25 01:12:13 | INFO     | ✅ [批改完成] ANS_CO_588 | 路由: POS | 最终分: 20.0 | 风险: P0.00/U0.00/F0.00/H0/L0 | 提取质量: 🟢high | 留白率: 0% | 低质量率: 0%
2026-07-25 01:12:13 | INFO     | 
🔍 [正在处理] ANS_CO_590 | 启动 3WD 流水线...
2026-07-25 01:12:13 | INFO     | 📢 [总进度] 60/104 份试卷已归档。
2026-07-25 01:13:30 | INFO     | ✅ [批改完成] ANS_CO_589 | 路由: NEG | 最终分: 6.0 | 风险: P0.57/U0.16/F0.00/H0/L0 | 提取质量: 🟡low | 留白率: 71% | 低质量率: 0%
2026-07-25 01:13:30 | INFO     | 
🔍 [正在处理] ANS_CO_592 | 启动 3WD 流水线...
2026-07-25 01:13:30 | INFO     | 📢 [总进度] 61/104 份试卷已归档 [NEG-拒绝]。
2026-07-25 01:15:15 | INFO     | ✅ [批改完成] ANS_CO_592 | 路由: BND | 最终分: 18.7 | 风险: P0.17/U0.09/F0.00/H0/L0 | 提取质量: 🟢high | 留白率: 0% | 低质量率: 0%
2026-07-25 01:15:15 | INFO     | 
🔍 [正在处理] ANS_CO_594 | 启动 3WD 流水线...
2026-07-25 01:15:15 | INFO     | 📢 [总进度] 62/104 份试卷已归档。
2026-07-25 01:16:02 | INFO     | ✅ [批改完成] ANS_CO_590 | 路由: BND | 最终分: 13.3 | 风险: P0.21/U0.12/F0.10/H0/L0 | 提取质量: 🟢high | 留白率: 0% | 低质量率: 0%
2026-07-25 01:16:02 | INFO     | 
🔍 [正在处理] ANS_CO_595 | 启动 3WD 流水线...
2026-07-25 01:16:02 | INFO     | 📢 [总进度] 63/104 份试卷已归档。
2026-07-25 01:16:28 | INFO     | ✅ [批改完成] ANS_CO_594 | 路由: BND | 最终分: 10.0 | 风险: P0.00/U0.07/F0.10/H0/L1 | 提取质量: 🟢high | 留白率: 0% | 低质量率: 0%
2026-07-25 01:16:28 | INFO     | 
🔍 [正在处理] ANS_CO_596 | 启动 3WD 流水线...
2026-07-25 01:16:28 | INFO     | 📢 [总进度] 64/104 份试卷已归档。
2026-07-25 01:17:12 | INFO     | ✅ [批改完成] ANS_CO_595 | 路由: BND | 最终分: 15.0 | 风险: P0.00/U0.11/F0.00/H0/L0 | 提取质量: 🟢high | 留白率: 0% | 低质量率: 0%
2026-07-25 01:17:12 | INFO     | 
🔍 [正在处理] ANS_CO_597 | 启动 3WD 流水线...
2026-07-25 01:17:12 | INFO     | 📢 [总进度] 65/104 份试卷已归档。
2026-07-25 01:17:47 | INFO     | ✅ [批改完成] ANS_CO_596 | 路由: BND | 最终分: 12.7 | 风险: P0.00/U0.09/F0.30/H0/L0 | 提取质量: 🟢high | 留白率: 0% | 低质量率: 0%
2026-07-25 01:17:47 | INFO     | 
🔍 [正在处理] ANS_CO_598 | 启动 3WD 流水线...
2026-07-25 01:17:47 | INFO     | 📢 [总进度] 66/104 份试卷已归档。
2026-07-25 01:18:33 | INFO     | ✅ [批改完成] ANS_CO_597 | 路由: BND | 最终分: 12.3 | 风险: P0.00/U0.15/F0.50/H0/L1 | 提取质量: 🟢high | 留白率: 0% | 低质量率: 0%
2026-07-25 01:18:33 | INFO     | 
🔍 [正在处理] ANS_CO_599 | 启动 3WD 流水线...
2026-07-25 01:18:33 | INFO     | 📢 [总进度] 67/104 份试卷已归档。
2026-07-25 01:18:53 | INFO     | ✅ [批改完成] ANS_CO_598 | 路由: BND | 最终分: 4.7 | 风险: P0.00/U0.09/F0.10/H0/L1 | 提取质量: 🟢high | 留白率: 0% | 低质量率: 0%
2026-07-25 01:18:53 | INFO     | 
🔍 [正在处理] ANS_CO_601 | 启动 3WD 流水线...
2026-07-25 01:18:53 | INFO     | 📢 [总进度] 68/104 份试卷已归档。
2026-07-25 01:19:59 | INFO     | ✅ [批改完成] ANS_CO_599 | 路由: BND | 最终分: 12.0 | 风险: P0.00/U0.16/F0.20/H0/L1 | 提取质量: 🟢high | 留白率: 0% | 低质量率: 0%
2026-07-25 01:19:59 | INFO     | 
🔍 [正在处理] ANS_CO_602 | 启动 3WD 流水线...
2026-07-25 01:19:59 | INFO     | 📢 [总进度] 69/104 份试卷已归档。
2026-07-25 01:20:02 | INFO     | ✅ [批改完成] ANS_CO_601 | 路由: BND | 最终分: 7.0 | 风险: P0.21/U0.12/F0.50/H0/L1 | 提取质量: 🟢high | 留白率: 0% | 低质量率: 0%
2026-07-25 01:20:02 | INFO     | 
🔍 [正在处理] ANS_CO_603 | 启动 3WD 流水线...
2026-07-25 01:20:02 | INFO     | 📢 [总进度] 70/104 份试卷已归档。
2026-07-25 01:21:08 | INFO     | ✅ [批改完成] ANS_CO_602 | 路由: POS | 最终分: 20.0 | 风险: P0.00/U0.00/F0.00/H0/L0 | 提取质量: 🟢high | 留白率: 0% | 低质量率: 0%
2026-07-25 01:21:08 | INFO     | 
🔍 [正在处理] ANS_CO_605 | 启动 3WD 流水线...
2026-07-25 01:21:08 | INFO     | 📢 [总进度] 71/104 份试卷已归档。
2026-07-25 01:21:30 | INFO     | ✅ [批改完成] ANS_CO_603 | 路由: BND | 最终分: 14.0 | 风险: P0.00/U0.14/F0.00/H0/L0 | 提取质量: 🟢high | 留白率: 0% | 低质量率: 0%
2026-07-25 01:21:30 | INFO     | 
🔍 [正在处理] ANS_CO_607 | 启动 3WD 流水线...
2026-07-25 01:21:30 | INFO     | 📢 [总进度] 72/104 份试卷已归档。
2026-07-25 01:22:14 | INFO     | ✅ [批改完成] ANS_CO_605 | 路由: BND | 最终分: 16.0 | 风险: P0.00/U0.07/F0.20/H0/L0 | 提取质量: 🟢high | 留白率: 0% | 低质量率: 0%
2026-07-25 01:22:14 | INFO     | 
🔍 [正在处理] ANS_CO_609 | 启动 3WD 流水线...
2026-07-25 01:22:14 | INFO     | 📢 [总进度] 73/104 份试卷已归档。
2026-07-25 01:22:16 | INFO     | ✅ [批改完成] ANS_CO_607 | 路由: POS | 最终分: 20.0 | 风险: P0.00/U0.00/F0.00/H0/L0 | 提取质量: 🟢high | 留白率: 0% | 低质量率: 0%
2026-07-25 01:22:16 | INFO     | 
🔍 [正在处理] ANS_CO_610 | 启动 3WD 流水线...
2026-07-25 01:22:16 | INFO     | 📢 [总进度] 74/104 份试卷已归档。
2026-07-25 01:23:31 | INFO     | ✅ [批改完成] ANS_CO_610 | 路由: BND | 最终分: 10.3 | 风险: P0.21/U0.09/F0.10/H0/L1 | 提取质量: 🟢high | 留白率: 0% | 低质量率: 0%
2026-07-25 01:23:31 | INFO     | 
🔍 [正在处理] ANS_CO_612 | 启动 3WD 流水线...
2026-07-25 01:23:31 | INFO     | 📢 [总进度] 75/104 份试卷已归档。
2026-07-25 01:23:51 | INFO     | ✅ [批改完成] ANS_CO_609 | 路由: BND | 最终分: 12.5 | 风险: P0.00/U0.13/F0.00/H0/L0 | 提取质量: 🟢high | 留白率: 0% | 低质量率: 0%
2026-07-25 01:23:51 | INFO     | 
🔍 [正在处理] ANS_CO_613 | 启动 3WD 流水线...
2026-07-25 01:23:51 | INFO     | 📢 [总进度] 76/104 份试卷已归档。
2026-07-25 01:24:29 | INFO     | ✅ [批改完成] ANS_CO_613 | 路由: NEG | 最终分: 0 | 风险: P0.80/U0.00/F0.00/H0/L0 | 提取质量: 🟡low | 留白率: 100% | 低质量率: 0%
2026-07-25 01:24:29 | INFO     | 
🔍 [正在处理] ANS_CO_614 | 启动 3WD 流水线...
2026-07-25 01:24:29 | INFO     | 📢 [总进度] 77/104 份试卷已归档 [NEG-拒绝]。
2026-07-25 01:24:33 | INFO     | ✅ [批改完成] ANS_CO_612 | 路由: BND | 最终分: 11.3 | 风险: P0.21/U0.09/F0.20/H0/L1 | 提取质量: 🟢high | 留白率: 0% | 低质量率: 0%
2026-07-25 01:24:33 | INFO     | 
🔍 [正在处理] ANS_CO_615 | 启动 3WD 流水线...
2026-07-25 01:24:33 | INFO     | 📢 [总进度] 78/104 份试卷已归档。
2026-07-25 01:25:45 | INFO     | ✅ [批改完成] ANS_CO_615 | 路由: BND | 最终分: 12.0 | 风险: P0.00/U0.08/F0.10/H0/L1 | 提取质量: 🟢high | 留白率: 0% | 低质量率: 0%
2026-07-25 01:25:45 | INFO     | 
🔍 [正在处理] ANS_CO_616 | 启动 3WD 流水线...
2026-07-25 01:25:45 | INFO     | 📢 [总进度] 79/104 份试卷已归档。
2026-07-25 01:26:51 | INFO     | ✅ [批改完成] ANS_CO_616 | 路由: BND | 最终分: 13.3 | 风险: P0.21/U0.05/F0.20/H0/L0 | 提取质量: 🟢high | 留白率: 0% | 低质量率: 0%
2026-07-25 01:26:51 | INFO     | 
🔍 [正在处理] ANS_CO_617 | 启动 3WD 流水线...
2026-07-25 01:26:51 | INFO     | 📢 [总进度] 80/104 份试卷已归档。
2026-07-25 01:27:56 | INFO     | ✅ [批改完成] ANS_CO_614 | 路由: BND | 最终分: 20.0 | 风险: P0.21/U0.00/F0.00/H0/L0 | 提取质量: 🟢high | 留白率: 0% | 低质量率: 0%
2026-07-25 01:27:56 | INFO     | 
🔍 [正在处理] ANS_CO_619 | 启动 3WD 流水线...
2026-07-25 01:27:56 | INFO     | 📢 [总进度] 81/104 份试卷已归档。
2026-07-25 01:28:20 | INFO     | ✅ [批改完成] ANS_CO_617 | 路由: BND | 最终分: 20.0 | 风险: P0.21/U0.00/F0.00/H0/L0 | 提取质量: 🟢high | 留白率: 0% | 低质量率: 0%
2026-07-25 01:28:20 | INFO     | 
🔍 [正在处理] ANS_CO_620 | 启动 3WD 流水线...
2026-07-25 01:28:20 | INFO     | 📢 [总进度] 82/104 份试卷已归档。
2026-07-25 01:29:16 | INFO     | ✅ [批改完成] ANS_CO_619 | 路由: BND | 最终分: 7.7 | 风险: P0.57/U0.09/F0.00/H0/L0 | 提取质量: 🟡low | 留白率: 71% | 低质量率: 0%
2026-07-25 01:29:16 | INFO     | 
🔍 [正在处理] ANS_CO_621 | 启动 3WD 流水线...
2026-07-25 01:29:16 | INFO     | 📢 [总进度] 83/104 份试卷已归档。
2026-07-25 01:29:47 | INFO     | ✅ [批改完成] ANS_CO_620 | 路由: BND | 最终分: 7.3 | 风险: P0.57/U0.09/F0.00/H0/L0 | 提取质量: 🟡low | 留白率: 71% | 低质量率: 0%
2026-07-25 01:29:47 | INFO     | 
🔍 [正在处理] ANS_CO_622 | 启动 3WD 流水线...
2026-07-25 01:29:47 | INFO     | 📢 [总进度] 84/104 份试卷已归档。
2026-07-25 01:30:23 | INFO     | ✅ [批改完成] ANS_CO_621 | 路由: BND | 最终分: 13.3 | 风险: P0.00/U0.19/F0.00/H0/L0 | 提取质量: 🟢high | 留白率: 0% | 低质量率: 0%
2026-07-25 01:30:23 | INFO     | 
🔍 [正在处理] ANS_CO_623 | 启动 3WD 流水线...
2026-07-25 01:30:23 | INFO     | 📢 [总进度] 85/104 份试卷已归档。
2026-07-25 01:31:35 | INFO     | ✅ [批改完成] ANS_CO_623 | 路由: BND | 最终分: 9.8 | 风险: P0.26/U0.22/F0.00/H0/L1 | 提取质量: 🟢high | 留白率: 0% | 低质量率: 0%
2026-07-25 01:31:35 | INFO     | 
🔍 [正在处理] ANS_CO_624 | 启动 3WD 流水线...
2026-07-25 01:31:35 | INFO     | 📢 [总进度] 86/104 份试卷已归档。
2026-07-25 01:33:12 | INFO     | ✅ [批改完成] ANS_CO_624 | 路由: BND | 最终分: 4.0 | 风险: P0.21/U0.08/F0.50/H0/L1 | 提取质量: 🟢high | 留白率: 0% | 低质量率: 0%
2026-07-25 01:33:12 | INFO     | 
🔍 [正在处理] ANS_CO_625 | 启动 3WD 流水线...
2026-07-25 01:33:12 | INFO     | 📢 [总进度] 87/104 份试卷已归档。
2026-07-25 01:33:26 | INFO     | ✅ [批改完成] ANS_CO_622 | 路由: BND | 最终分: 18.7 | 风险: P0.00/U0.09/F0.00/H0/L0 | 提取质量: 🟢high | 留白率: 0% | 低质量率: 0%
2026-07-25 01:33:26 | INFO     | 
🔍 [正在处理] ANS_CO_626 | 启动 3WD 流水线...
2026-07-25 01:33:26 | INFO     | 📢 [总进度] 88/104 份试卷已归档。
2026-07-25 01:34:14 | INFO     | ✅ [批改完成] ANS_CO_625 | 路由: POS | 最终分: 20.0 | 风险: P0.00/U0.00/F0.00/H0/L0 | 提取质量: 🟢high | 留白率: 0% | 低质量率: 0%
2026-07-25 01:34:14 | INFO     | 
🔍 [正在处理] ANS_CO_627 | 启动 3WD 流水线...
2026-07-25 01:34:14 | INFO     | 📢 [总进度] 89/104 份试卷已归档。
2026-07-25 01:34:31 | INFO     | ✅ [批改完成] ANS_CO_626 | 路由: BND | 最终分: 11.7 | 风险: P0.21/U0.09/F0.00/H0/L0 | 提取质量: 🟢high | 留白率: 0% | 低质量率: 0%
2026-07-25 01:34:31 | INFO     | 
🔍 [正在处理] ANS_CO_628 | 启动 3WD 流水线...
2026-07-25 01:34:31 | INFO     | 📢 [总进度] 90/104 份试卷已归档。
2026-07-25 01:35:06 | INFO     | ✅ [批改完成] ANS_CO_627 | 路由: BND | 最终分: 6.7 | 风险: P0.57/U0.05/F0.00/H0/L0 | 提取质量: 🟡low | 留白率: 71% | 低质量率: 0%
2026-07-25 01:35:06 | INFO     | 
🔍 [正在处理] ANS_CO_629 | 启动 3WD 流水线...
2026-07-25 01:35:06 | INFO     | 📢 [总进度] 91/104 份试卷已归档。
2026-07-25 01:35:54 | INFO     | ✅ [批改完成] ANS_CO_628 | 路由: BND | 最终分: 17.3 | 风险: P0.21/U0.19/F0.00/H0/L0 | 提取质量: 🟢high | 留白率: 0% | 低质量率: 0%
2026-07-25 01:35:54 | INFO     | 
🔍 [正在处理] ANS_CO_630 | 启动 3WD 流水线...
2026-07-25 01:35:55 | INFO     | 📢 [总进度] 92/104 份试卷已归档。
2026-07-25 01:37:28 | INFO     | ✅ [批改完成] ANS_CO_630 | 路由: BND | 最终分: 15.7 | 风险: P0.00/U0.27/F0.20/H0/L1 | 提取质量: 🟢high | 留白率: 0% | 低质量率: 0%
2026-07-25 01:37:28 | INFO     | 
🔍 [正在处理] ANS_CO_631 | 启动 3WD 流水线...
2026-07-25 01:37:28 | INFO     | 📢 [总进度] 93/104 份试卷已归档。
2026-07-25 01:38:30 | INFO     | ✅ [批改完成] ANS_CO_629 | 路由: BND | 最终分: 15.3 | 风险: P0.00/U0.05/F0.10/H0/L0 | 提取质量: 🟢high | 留白率: 0% | 低质量率: 0%
2026-07-25 01:38:30 | INFO     | 
🔍 [正在处理] ANS_CO_633 | 启动 3WD 流水线...
2026-07-25 01:38:30 | INFO     | 📢 [总进度] 94/104 份试卷已归档。
2026-07-25 01:38:47 | INFO     | ✅ [批改完成] ANS_CO_631 | 路由: POS | 最终分: 20.0 | 风险: P0.00/U0.00/F0.00/H0/L0 | 提取质量: 🟢high | 留白率: 0% | 低质量率: 0%
2026-07-25 01:38:47 | INFO     | 
🔍 [正在处理] ANS_CO_634 | 启动 3WD 流水线...
2026-07-25 01:38:47 | INFO     | 📢 [总进度] 95/104 份试卷已归档。
2026-07-25 01:39:32 | INFO     | ✅ [批改完成] ANS_CO_633 | 路由: BND | 最终分: 12.3 | 风险: P0.00/U0.20/F0.10/H0/L0 | 提取质量: 🟢high | 留白率: 0% | 低质量率: 0%
2026-07-25 01:39:32 | INFO     | 
🔍 [正在处理] ANS_CO_635 | 启动 3WD 流水线...
2026-07-25 01:39:32 | INFO     | 📢 [总进度] 96/104 份试卷已归档。
2026-07-25 01:41:00 | INFO     | ✅ [批改完成] ANS_CO_635 | 路由: BND | 最终分: 14.7 | 风险: P0.00/U0.21/F0.00/H0/L0 | 提取质量: 🟢high | 留白率: 0% | 低质量率: 0%
2026-07-25 01:41:00 | INFO     | 
🔍 [正在处理] ANS_CO_636 | 启动 3WD 流水线...
2026-07-25 01:41:00 | INFO     | 📢 [总进度] 97/104 份试卷已归档。
2026-07-25 01:41:58 | INFO     | ✅ [批改完成] ANS_CO_636 | 路由: BND | 最终分: 12.7 | 风险: P0.21/U0.19/F0.10/H0/L0 | 提取质量: 🟢high | 留白率: 0% | 低质量率: 0%
2026-07-25 01:41:58 | INFO     | 
🔍 [正在处理] ANS_CO_637 | 启动 3WD 流水线...
2026-07-25 01:41:58 | INFO     | 📢 [总进度] 98/104 份试卷已归档。
2026-07-25 01:42:22 | INFO     | ✅ [批改完成] ANS_CO_634 | 路由: POS | 最终分: 20.0 | 风险: P0.00/U0.00/F0.00/H0/L0 | 提取质量: 🟢high | 留白率: 0% | 低质量率: 0%
2026-07-25 01:42:22 | INFO     | 
🔍 [正在处理] ANS_CO_638 | 启动 3WD 流水线...
2026-07-25 01:42:22 | INFO     | 📢 [总进度] 99/104 份试卷已归档。
2026-07-25 01:43:06 | INFO     | ✅ [批改完成] ANS_CO_637 | 路由: POS | 最终分: 20.0 | 风险: P0.00/U0.00/F0.00/H0/L0 | 提取质量: 🟢high | 留白率: 0% | 低质量率: 0%
2026-07-25 01:43:06 | INFO     | 
🔍 [正在处理] ANS_CO_641 | 启动 3WD 流水线...
2026-07-25 01:43:06 | INFO     | 📢 [总进度] 100/104 份试卷已归档。
2026-07-25 01:44:02 | INFO     | ✅ [批改完成] ANS_CO_638 | 路由: BND | 最终分: 10.7 | 风险: P0.00/U0.19/F0.40/H0/L0 | 提取质量: 🟢high | 留白率: 0% | 低质量率: 0%
2026-07-25 01:44:02 | INFO     | 
🔍 [正在处理] ANS_CO_642 | 启动 3WD 流水线...
2026-07-25 01:44:02 | INFO     | 📢 [总进度] 101/104 份试卷已归档。
2026-07-25 01:44:15 | INFO     | ✅ [批改完成] ANS_CO_641 | 路由: BND | 最终分: 15.7 | 风险: P0.00/U0.15/F0.20/H0/L0 | 提取质量: 🟢high | 留白率: 0% | 低质量率: 0%
2026-07-25 01:44:15 | INFO     | 
🔍 [正在处理] ANS_CO_643 | 启动 3WD 流水线...
2026-07-25 01:44:15 | INFO     | 📢 [总进度] 102/104 份试卷已归档。
2026-07-25 01:45:30 | INFO     | ✅ [批改完成] ANS_CO_643 | 路由: BND | 最终分: 17.0 | 风险: P0.00/U0.08/F0.00/H0/L0 | 提取质量: 🟢high | 留白率: 0% | 低质量率: 0%
2026-07-25 01:45:30 | INFO     | 📢 [总进度] 103/104 份试卷已归档。
2026-07-25 01:46:00 | INFO     | ✅ [批改完成] ANS_CO_642 | 路由: BND | 最终分: 15.3 | 风险: P0.21/U0.12/F0.00/H0/L0 | 提取质量: 🟢high | 留白率: 0% | 低质量率: 0%
2026-07-25 01:46:00 | INFO     | 📢 [总进度] 104/104 份试卷已归档。
2026-07-25 01:46:00 | INFO     | 🗂️ 所有线程交卷完毕，正在整理数据... (共收集 104/104 份结果)
2026-07-25 01:46:00 | INFO     | 💾 正常批改结果已保存: D:\users\王鑫020420\Desktop\refgrader-main\results_runs\csbench_co1_co2_co3_co4_co5_co6_co7_all\runs\teacher_audit_all7_20260725_000621\CO_2_graded_results.json (100 人)
2026-07-25 01:46:00 | INFO     | 🛑 拒绝域结果已单独保存: D:\users\王鑫020420\Desktop\refgrader-main\results_runs\csbench_co1_co2_co3_co4_co5_co6_co7_all\runs\teacher_audit_all7_20260725_000621\CO_2_rejected.json (4 人)
2026-07-25 01:46:01 | INFO     | [result consistency] CO_2: checkpoint=104, graded=100, rejected=4, failed=0, expected=104
2026-07-25 01:46:01 | INFO     | 
🚀 [标准模式] 开始处理: CO_3
2026-07-25 01:46:01 | INFO     | ⚡ 已加载本地标准: D:\users\王鑫020420\Desktop\refgrader-main\data\csbench\rubrics\optimized\CO\CO_3_rubric_standard.json
2026-07-25 01:46:01 | INFO     | [PaddleOCR] preparing 12/99 visual-answer cache entries...
2026-07-25 01:46:04 | INFO     | [1/1] cache hit: ANS_CO_140.jpg
summary: completed=0, skipped=1, failed=0
2026-07-25 01:46:07 | INFO     | [1/1] cache hit: ANS_CO_145.jpg
summary: completed=0, skipped=1, failed=0
2026-07-25 01:46:11 | INFO     | [1/1] cache hit: ANS_CO_160.jpg
summary: completed=0, skipped=1, failed=0
2026-07-25 01:46:14 | INFO     | [1/1] cache hit: ANS_CO_170.jpg
summary: completed=0, skipped=1, failed=0
2026-07-25 01:46:17 | INFO     | [1/1] cache hit: ANS_CO_171.jpg
summary: completed=0, skipped=1, failed=0
2026-07-25 01:46:21 | INFO     | [1/1] cache hit: ANS_CO_172.jpg
summary: completed=0, skipped=1, failed=0
2026-07-25 01:46:24 | INFO     | [1/1] cache hit: ANS_CO_177.jpg
summary: completed=0, skipped=1, failed=0
2026-07-25 01:46:28 | INFO     | [1/1] cache hit: ANS_CO_192.jpg
summary: completed=0, skipped=1, failed=0
2026-07-25 01:46:31 | INFO     | [1/1] cache hit: ANS_CO_204.png
summary: completed=0, skipped=1, failed=0
2026-07-25 01:46:34 | INFO     | [1/1] cache hit: ANS_CO_206.png
summary: completed=0, skipped=1, failed=0
2026-07-25 01:46:38 | INFO     | [1/1] cache hit: ANS_CO_247.png
summary: completed=0, skipped=1, failed=0
2026-07-25 01:46:41 | INFO     | [1/1] cache hit: ANS_CO_255.png
summary: completed=0, skipped=1, failed=0
2026-07-25 01:46:45 | INFO     | ⚡ 脱敏清单已预生成，99 名学生共享复用。
2026-07-25 01:46:45 | INFO     | 🏃 开始批改 99 张试卷 (⚡ 开启多线程模式)...
2026-07-25 01:46:45 | INFO     | 
🔍 [正在处理] ANS_CO_138 | 启动 3WD 流水线...
2026-07-25 01:46:45 | INFO     | 
🔍 [正在处理] ANS_CO_139 | 启动 3WD 流水线...
2026-07-25 01:46:45 | INFO     | ⏳ [主线程] 已提交 99 个任务，等待结果回收...
2026-07-25 01:47:02 | INFO     | ✅ [批改完成] ANS_CO_138 | 路由: BND | 最终分: 2.2 | 风险: P0.00/U0.06/F0.00/H0/L1 | 提取质量: 🟢high | 留白率: 0% | 低质量率: 0%
2026-07-25 01:47:02 | INFO     | 
🔍 [正在处理] ANS_CO_140 | 启动 3WD 流水线...
2026-07-25 01:47:02 | INFO     | 📢 [总进度] 1/99 份试卷已归档。
2026-07-25 01:47:03 | INFO     | ✅ [批改完成] ANS_CO_139 | 路由: POS | 最终分: 5.3 | 风险: P0.00/U0.02/F0.00/H0/L1 | 提取质量: 🟢high | 留白率: 0% | 低质量率: 0%
2026-07-25 01:47:03 | INFO     | 
🔍 [正在处理] ANS_CO_141 | 启动 3WD 流水线...
2026-07-25 01:47:03 | INFO     | 📢 [总进度] 2/99 份试卷已归档。
2026-07-25 01:47:27 | INFO     | ✅ [批改完成] ANS_CO_141 | 路由: BND | 最终分: 4.7 | 风险: P0.00/U0.09/F0.00/H0/L1 | 提取质量: 🟢high | 留白率: 0% | 低质量率: 0%
2026-07-25 01:47:27 | INFO     | 
🔍 [正在处理] ANS_CO_142 | 启动 3WD 流水线...
2026-07-25 01:47:27 | INFO     | 📢 [总进度] 3/99 份试卷已归档。
2026-07-25 01:47:45 | INFO     | ✅ [批改完成] ANS_CO_140 | 路由: BND | 最终分: 2.8 | 风险: P0.00/U0.09/F0.00/H0/L1 | 提取质量: 🟢high | 留白率: 0% | 低质量率: 0%
2026-07-25 01:47:45 | INFO     | 
🔍 [正在处理] ANS_CO_143 | 启动 3WD 流水线...
2026-07-25 01:47:45 | INFO     | 📢 [总进度] 4/99 份试卷已归档。
2026-07-25 01:47:46 | INFO     | ✅ [批改完成] ANS_CO_142 | 路由: BND | 最终分: 3.7 | 风险: P0.00/U0.12/F0.00/H0/L1 | 提取质量: 🟢high | 留白率: 0% | 低质量率: 0%
2026-07-25 01:47:46 | INFO     | 
🔍 [正在处理] ANS_CO_144 | 启动 3WD 流水线...
2026-07-25 01:47:46 | INFO     | 📢 [总进度] 5/99 份试卷已归档。
2026-07-25 01:48:00 | INFO     | ✅ [批改完成] ANS_CO_143 | 路由: NEG | 最终分: 0 | 风险: P0.80/U0.00/F0.00/H0/L0 | 提取质量: 🟡low | 留白率: 100% | 低质量率: 0%
2026-07-25 01:48:00 | INFO     | 
🔍 [正在处理] ANS_CO_145 | 启动 3WD 流水线...
2026-07-25 01:48:00 | INFO     | 📢 [总进度] 6/99 份试卷已归档 [NEG-拒绝]。
2026-07-25 01:48:02 | INFO     | ✅ [批改完成] ANS_CO_144 | 路由: POS | 最终分: 2.2 | 风险: P0.00/U0.05/F0.00/H0/L1 | 提取质量: 🟢high | 留白率: 0% | 低质量率: 0%
2026-07-25 01:48:02 | INFO     | 
🔍 [正在处理] ANS_CO_146 | 启动 3WD 流水线...
2026-07-25 01:48:02 | INFO     | 📢 [总进度] 7/99 份试卷已归档。
2026-07-25 01:48:24 | INFO     | ✅ [批改完成] ANS_CO_146 | 路由: BND | 最终分: 5.0 | 风险: P0.00/U0.14/F0.00/H0/L1 | 提取质量: 🟢high | 留白率: 0% | 低质量率: 0%
2026-07-25 01:48:24 | INFO     | 
🔍 [正在处理] ANS_CO_148 | 启动 3WD 流水线...
2026-07-25 01:48:24 | INFO     | 📢 [总进度] 8/99 份试卷已归档。
2026-07-25 01:48:46 | INFO     | ✅ [批改完成] ANS_CO_148 | 路由: BND | 最终分: 7.2 | 风险: P0.00/U0.02/F0.00/H0/L0 | 提取质量: 🟢high | 留白率: 0% | 低质量率: 0%
2026-07-25 01:48:46 | INFO     | 
🔍 [正在处理] ANS_CO_149 | 启动 3WD 流水线...
2026-07-25 01:48:46 | INFO     | 📢 [总进度] 9/99 份试卷已归档。
2026-07-25 01:49:04 | INFO     | ✅ [批改完成] ANS_CO_149 | 路由: BND | 最终分: 6.2 | 风险: P0.00/U0.12/F0.00/H0/L0 | 提取质量: 🟢high | 留白率: 0% | 低质量率: 0%
2026-07-25 01:49:04 | INFO     | 
🔍 [正在处理] ANS_CO_150 | 启动 3WD 流水线...
2026-07-25 01:49:04 | INFO     | 📢 [总进度] 10/99 份试卷已归档。
2026-07-25 01:49:18 | INFO     | ✅ [批改完成] ANS_CO_150 | 路由: POS | 最终分: 7.3 | 风险: P0.00/U0.02/F0.00/H0/L0 | 提取质量: 🟢high | 留白率: 0% | 低质量率: 0%
2026-07-25 01:49:18 | INFO     | 
🔍 [正在处理] ANS_CO_151 | 启动 3WD 流水线...
2026-07-25 01:49:18 | INFO     | 📢 [总进度] 11/99 份试卷已归档。
2026-07-25 01:49:32 | INFO     | ✅ [批改完成] ANS_CO_151 | 路由: POS | 最终分: 0.7 | 风险: P0.00/U0.05/F0.50/H0/L1 | 提取质量: 🟢high | 留白率: 0% | 低质量率: 0%
2026-07-25 01:49:32 | INFO     | 
🔍 [正在处理] ANS_CO_152 | 启动 3WD 流水线...
2026-07-25 01:49:32 | INFO     | 📢 [总进度] 12/99 份试卷已归档。
2026-07-25 01:49:58 | INFO     | ✅ [批改完成] ANS_CO_152 | 路由: BND | 最终分: 2.0 | 风险: P0.00/U0.07/F0.00/H0/L1 | 提取质量: 🟢high | 留白率: 0% | 低质量率: 0%
2026-07-25 01:49:58 | INFO     | 
🔍 [正在处理] ANS_CO_154 | 启动 3WD 流水线...
2026-07-25 01:49:58 | INFO     | 📢 [总进度] 13/99 份试卷已归档。
2026-07-25 01:50:12 | INFO     | ✅ [批改完成] ANS_CO_154 | 路由: POS | 最终分: 7.3 | 风险: P0.00/U0.02/F0.00/H0/L0 | 提取质量: 🟢high | 留白率: 0% | 低质量率: 0%
2026-07-25 01:50:12 | INFO     | 
🔍 [正在处理] ANS_CO_155 | 启动 3WD 流水线...
2026-07-25 01:50:12 | INFO     | 📢 [总进度] 14/99 份试卷已归档。
2026-07-25 01:50:32 | INFO     | ✅ [批改完成] ANS_CO_155 | 路由: BND | 最终分: 8.2 | 风险: P0.00/U0.09/F0.00/H0/L0 | 提取质量: 🟢high | 留白率: 0% | 低质量率: 0%
2026-07-25 01:50:32 | INFO     | 
🔍 [正在处理] ANS_CO_157 | 启动 3WD 流水线...
2026-07-25 01:50:32 | INFO     | 📢 [总进度] 15/99 份试卷已归档。
2026-07-25 01:50:58 | INFO     | ✅ [批改完成] ANS_CO_157 | 路由: BND | 最终分: 5.7 | 风险: P0.00/U0.06/F0.00/H0/L1 | 提取质量: 🟢high | 留白率: 0% | 低质量率: 0%
2026-07-25 01:50:58 | INFO     | 
🔍 [正在处理] ANS_CO_160 | 启动 3WD 流水线...
2026-07-25 01:50:58 | INFO     | 📢 [总进度] 16/99 份试卷已归档。
2026-07-25 01:51:38 | INFO     | ✅ [批改完成] ANS_CO_160 | 路由: POS | 最终分: 10.0 | 风险: P0.00/U0.00/F0.00/H0/L0 | 提取质量: 🟢high | 留白率: 0% | 低质量率: 0%
2026-07-25 01:51:38 | INFO     | 
🔍 [正在处理] ANS_CO_162 | 启动 3WD 流水线...
2026-07-25 01:51:38 | INFO     | 📢 [总进度] 17/99 份试卷已归档。
2026-07-25 01:51:40 | INFO     | ✅ [批改完成] ANS_CO_145 | 路由: BND | 最终分: 2.0 | 风险: P0.00/U0.11/F0.50/H0/L1 | 提取质量: 🟢high | 留白率: 0% | 低质量率: 0%
2026-07-25 01:51:40 | INFO     | 
🔍 [正在处理] ANS_CO_163 | 启动 3WD 流水线...
2026-07-25 01:51:40 | INFO     | 📢 [总进度] 18/99 份试卷已归档。
2026-07-25 01:52:00 | INFO     | ✅ [批改完成] ANS_CO_162 | 路由: BND | 最终分: 5.7 | 风险: P0.00/U0.12/F0.00/H0/L1 | 提取质量: 🟢high | 留白率: 0% | 低质量率: 0%
2026-07-25 01:52:00 | INFO     | 
🔍 [正在处理] ANS_CO_164 | 启动 3WD 流水线...
2026-07-25 01:52:00 | INFO     | 📢 [总进度] 19/99 份试卷已归档。
2026-07-25 01:52:01 | INFO     | ✅ [批改完成] ANS_CO_163 | 路由: BND | 最终分: 4.2 | 风险: P0.00/U0.06/F0.00/H0/L1 | 提取质量: 🟢high | 留白率: 0% | 低质量率: 0%
2026-07-25 01:52:01 | INFO     | 
🔍 [正在处理] ANS_CO_165 | 启动 3WD 流水线...
2026-07-25 01:52:01 | INFO     | 📢 [总进度] 20/99 份试卷已归档。
2026-07-25 01:52:21 | INFO     | ✅ [批改完成] ANS_CO_164 | 路由: BND | 最终分: 4.0 | 风险: P0.00/U0.08/F0.00/H0/L1 | 提取质量: 🟢high | 留白率: 0% | 低质量率: 0%
2026-07-25 01:52:21 | INFO     | 
🔍 [正在处理] ANS_CO_166 | 启动 3WD 流水线...
2026-07-25 01:52:21 | INFO     | 📢 [总进度] 21/99 份试卷已归档。
2026-07-25 01:52:22 | INFO     | ✅ [批改完成] ANS_CO_165 | 路由: BND | 最终分: 6.2 | 风险: P0.00/U0.10/F0.00/H0/L0 | 提取质量: 🟢high | 留白率: 0% | 低质量率: 0%
2026-07-25 01:52:22 | INFO     | 
🔍 [正在处理] ANS_CO_168 | 启动 3WD 流水线...
2026-07-25 01:52:22 | INFO     | 📢 [总进度] 22/99 份试卷已归档。
2026-07-25 01:52:42 | INFO     | ✅ [批改完成] ANS_CO_166 | 路由: BND | 最终分: 9.3 | 风险: P0.00/U0.09/F0.00/H0/L0 | 提取质量: 🟢high | 留白率: 0% | 低质量率: 0%
2026-07-25 01:52:42 | INFO     | 
🔍 [正在处理] ANS_CO_169 | 启动 3WD 流水线...
2026-07-25 01:52:42 | INFO     | 📢 [总进度] 23/99 份试卷已归档。
2026-07-25 01:52:43 | INFO     | ✅ [批改完成] ANS_CO_168 | 路由: BND | 最终分: 9.7 | 风险: P0.00/U0.05/F0.00/H0/L0 | 提取质量: 🟢high | 留白率: 0% | 低质量率: 0%
2026-07-25 01:52:43 | INFO     | 
🔍 [正在处理] ANS_CO_170 | 启动 3WD 流水线...
2026-07-25 01:52:43 | INFO     | 📢 [总进度] 24/99 份试卷已归档。
2026-07-25 01:52:57 | INFO     | ✅ [批改完成] ANS_CO_169 | 路由: POS | 最终分: 6.5 | 风险: P0.00/U0.04/F0.00/H0/L0 | 提取质量: 🟢high | 留白率: 0% | 低质量率: 0%
2026-07-25 01:52:57 | INFO     | 
🔍 [正在处理] ANS_CO_171 | 启动 3WD 流水线...
2026-07-25 01:52:57 | INFO     | 📢 [总进度] 25/99 份试卷已归档。
2026-07-25 01:53:29 | INFO     | ✅ [批改完成] ANS_CO_170 | 路由: BND | 最终分: 3.3 | 风险: P0.00/U0.09/F0.00/H0/L1 | 提取质量: 🟢high | 留白率: 0% | 低质量率: 0%
2026-07-25 01:53:29 | INFO     | 
🔍 [正在处理] ANS_CO_172 | 启动 3WD 流水线...
2026-07-25 01:53:29 | INFO     | 📢 [总进度] 26/99 份试卷已归档。
2026-07-25 01:53:44 | INFO     | ✅ [批改完成] ANS_CO_171 | 路由: BND | 最终分: 8.7 | 风险: P0.00/U0.06/F0.00/H0/L0 | 提取质量: 🟢high | 留白率: 0% | 低质量率: 0%
2026-07-25 01:53:44 | INFO     | 
🔍 [正在处理] ANS_CO_173 | 启动 3WD 流水线...
2026-07-25 01:53:44 | INFO     | 📢 [总进度] 27/99 份试卷已归档。
2026-07-25 01:54:10 | INFO     | ✅ [批改完成] ANS_CO_173 | 路由: BND | 最终分: 5.7 | 风险: P0.00/U0.10/F0.00/H0/L1 | 提取质量: 🟢high | 留白率: 0% | 低质量率: 0%
2026-07-25 01:54:10 | INFO     | 
🔍 [正在处理] ANS_CO_174 | 启动 3WD 流水线...
2026-07-25 01:54:10 | INFO     | 📢 [总进度] 28/99 份试卷已归档。
2026-07-25 01:54:18 | INFO     | ✅ [批改完成] ANS_CO_172 | 路由: BND | 最终分: 7.5 | 风险: P0.00/U0.08/F0.00/H0/L0 | 提取质量: 🟢high | 留白率: 0% | 低质量率: 0%
2026-07-25 01:54:18 | INFO     | 
🔍 [正在处理] ANS_CO_177 | 启动 3WD 流水线...
2026-07-25 01:54:18 | INFO     | 📢 [总进度] 29/99 份试卷已归档。
2026-07-25 01:54:35 | INFO     | ✅ [批改完成] ANS_CO_174 | 路由: BND | 最终分: 8.7 | 风险: P0.00/U0.12/F0.00/H0/L0 | 提取质量: 🟢high | 留白率: 0% | 低质量率: 0%
2026-07-25 01:54:35 | INFO     | 
🔍 [正在处理] ANS_CO_178 | 启动 3WD 流水线...
2026-07-25 01:54:35 | INFO     | 📢 [总进度] 30/99 份试卷已归档。
2026-07-25 01:54:54 | INFO     | ✅ [批改完成] ANS_CO_178 | 路由: BND | 最终分: 9.5 | 风险: P0.00/U0.04/F0.00/H0/L0 | 提取质量: 🟢high | 留白率: 0% | 低质量率: 0%
2026-07-25 01:54:54 | INFO     | 
🔍 [正在处理] ANS_CO_179 | 启动 3WD 流水线...
2026-07-25 01:54:54 | INFO     | 📢 [总进度] 31/99 份试卷已归档。
2026-07-25 01:55:18 | INFO     | ✅ [批改完成] ANS_CO_179 | 路由: BND | 最终分: 5.7 | 风险: P0.00/U0.09/F0.00/H0/L1 | 提取质量: 🟢high | 留白率: 0% | 低质量率: 0%
2026-07-25 01:55:18 | INFO     | 
🔍 [正在处理] ANS_CO_180 | 启动 3WD 流水线...
2026-07-25 01:55:18 | INFO     | 📢 [总进度] 32/99 份试卷已归档。
2026-07-25 01:55:34 | INFO     | ✅ [批改完成] ANS_CO_180 | 路由: POS | 最终分: 3.0 | 风险: P0.00/U0.00/F0.00/H0/L1 | 提取质量: 🟢high | 留白率: 0% | 低质量率: 0%
2026-07-25 01:55:34 | INFO     | 
🔍 [正在处理] ANS_CO_182 | 启动 3WD 流水线...
2026-07-25 01:55:34 | INFO     | 📢 [总进度] 33/99 份试卷已归档。
2026-07-25 01:55:50 | INFO     | ✅ [批改完成] ANS_CO_182 | 路由: POS | 最终分: 9.8 | 风险: P0.00/U0.02/F0.00/H0/L0 | 提取质量: 🟢high | 留白率: 0% | 低质量率: 0%
2026-07-25 01:55:50 | INFO     | 
🔍 [正在处理] ANS_CO_184 | 启动 3WD 流水线...
2026-07-25 01:55:50 | INFO     | 📢 [总进度] 34/99 份试卷已归档。
2026-07-25 01:56:13 | INFO     | ✅ [批改完成] ANS_CO_184 | 路由: BND | 最终分: 2.3 | 风险: P0.00/U0.06/F0.00/H0/L1 | 提取质量: 🟢high | 留白率: 0% | 低质量率: 0%
2026-07-25 01:56:13 | INFO     | 
🔍 [正在处理] ANS_CO_185 | 启动 3WD 流水线...
2026-07-25 01:56:13 | INFO     | 📢 [总进度] 35/99 份试卷已归档。
2026-07-25 01:56:32 | INFO     | ✅ [批改完成] ANS_CO_185 | 路由: BND | 最终分: 3.8 | 风险: P0.00/U0.06/F0.00/H0/L1 | 提取质量: 🟢high | 留白率: 0% | 低质量率: 0%
2026-07-25 01:56:32 | INFO     | 
🔍 [正在处理] ANS_CO_186 | 启动 3WD 流水线...
2026-07-25 01:56:32 | INFO     | 📢 [总进度] 36/99 份试卷已归档。
2026-07-25 01:56:52 | INFO     | ✅ [批改完成] ANS_CO_186 | 路由: BND | 最终分: 6.5 | 风险: P0.00/U0.07/F0.00/H0/L0 | 提取质量: 🟢high | 留白率: 0% | 低质量率: 0%
2026-07-25 01:56:52 | INFO     | 
🔍 [正在处理] ANS_CO_188 | 启动 3WD 流水线...
2026-07-25 01:56:52 | INFO     | 📢 [总进度] 37/99 份试卷已归档。
2026-07-25 01:57:09 | INFO     | ✅ [批改完成] ANS_CO_188 | 路由: NEG | 最终分: 0 | 风险: P0.80/U0.00/F0.00/H0/L0 | 提取质量: 🟡low | 留白率: 100% | 低质量率: 0%
2026-07-25 01:57:09 | INFO     | 
🔍 [正在处理] ANS_CO_189 | 启动 3WD 流水线...
2026-07-25 01:57:09 | INFO     | 📢 [总进度] 38/99 份试卷已归档 [NEG-拒绝]。
2026-07-25 01:57:31 | INFO     | ✅ [批改完成] ANS_CO_189 | 路由: BND | 最终分: 5.7 | 风险: P0.00/U0.09/F0.00/H0/L1 | 提取质量: 🟢high | 留白率: 0% | 低质量率: 0%
2026-07-25 01:57:31 | INFO     | 
🔍 [正在处理] ANS_CO_191 | 启动 3WD 流水线...
2026-07-25 01:57:31 | INFO     | 📢 [总进度] 39/99 份试卷已归档。
2026-07-25 01:57:48 | INFO     | ✅ [批改完成] ANS_CO_191 | 路由: POS | 最终分: 7.5 | 风险: P0.00/U0.00/F0.00/H0/L0 | 提取质量: 🟢high | 留白率: 0% | 低质量率: 0%
2026-07-25 01:57:48 | INFO     | 
🔍 [正在处理] ANS_CO_192 | 启动 3WD 流水线...
2026-07-25 01:57:48 | INFO     | 📢 [总进度] 40/99 份试卷已归档。
2026-07-25 01:57:53 | INFO     | ✅ [批改完成] ANS_CO_177 | 路由: POS | 最终分: 4.5 | 风险: P0.00/U0.04/F0.00/H0/L1 | 提取质量: 🟢high | 留白率: 0% | 低质量率: 0%
2026-07-25 01:57:53 | INFO     | 
🔍 [正在处理] ANS_CO_193 | 启动 3WD 流水线...
2026-07-25 01:57:53 | INFO     | 📢 [总进度] 41/99 份试卷已归档。
2026-07-25 01:58:16 | INFO     | ✅ [批改完成] ANS_CO_193 | 路由: BND | 最终分: 0 | 风险: P0.00/U0.14/F0.00/H0/L1 | 提取质量: 🟢high | 留白率: 0% | 低质量率: 0%
2026-07-25 01:58:16 | INFO     | 
🔍 [正在处理] ANS_CO_194 | 启动 3WD 流水线...
2026-07-25 01:58:16 | INFO     | 📢 [总进度] 42/99 份试卷已归档。
2026-07-25 01:58:33 | INFO     | ✅ [批改完成] ANS_CO_194 | 路由: POS | 最终分: 7.3 | 风险: P0.00/U0.02/F0.00/H0/L0 | 提取质量: 🟢high | 留白率: 0% | 低质量率: 0%
2026-07-25 01:58:33 | INFO     | 
🔍 [正在处理] ANS_CO_195 | 启动 3WD 流水线...
2026-07-25 01:58:33 | INFO     | 📢 [总进度] 43/99 份试卷已归档。
2026-07-25 01:58:40 | INFO     | ✅ [批改完成] ANS_CO_192 | 路由: BND | 最终分: 8.0 | 风险: P0.00/U0.16/F0.00/H0/L1 | 提取质量: 🟢high | 留白率: 0% | 低质量率: 0%
2026-07-25 01:58:40 | INFO     | 
🔍 [正在处理] ANS_CO_196 | 启动 3WD 流水线...
2026-07-25 01:58:40 | INFO     | 📢 [总进度] 44/99 份试卷已归档。
2026-07-25 01:58:48 | INFO     | ✅ [批改完成] ANS_CO_195 | 路由: POS | 最终分: 10.0 | 风险: P0.00/U0.00/F0.00/H0/L0 | 提取质量: 🟢high | 留白率: 0% | 低质量率: 0%
2026-07-25 01:58:48 | INFO     | 
🔍 [正在处理] ANS_CO_197 | 启动 3WD 流水线...
2026-07-25 01:58:48 | INFO     | 📢 [总进度] 45/99 份试卷已归档。
2026-07-25 01:58:59 | INFO     | ✅ [批改完成] ANS_CO_196 | 路由: BND | 最终分: 4.7 | 风险: P0.00/U0.13/F0.00/H0/L1 | 提取质量: 🟢high | 留白率: 0% | 低质量率: 0%
2026-07-25 01:58:59 | INFO     | 
🔍 [正在处理] ANS_CO_199 | 启动 3WD 流水线...
2026-07-25 01:58:59 | INFO     | 📢 [总进度] 46/99 份试卷已归档。
2026-07-25 01:59:03 | INFO     | ✅ [批改完成] ANS_CO_197 | 路由: POS | 最终分: 3.3 | 风险: P0.00/U0.05/F0.00/H0/L1 | 提取质量: 🟢high | 留白率: 0% | 低质量率: 0%
2026-07-25 01:59:03 | INFO     | 
🔍 [正在处理] ANS_CO_200 | 启动 3WD 流水线...
2026-07-25 01:59:03 | INFO     | 📢 [总进度] 47/99 份试卷已归档。
2026-07-25 01:59:23 | INFO     | ✅ [批改完成] ANS_CO_199 | 路由: BND | 最终分: 1.3 | 风险: P0.00/U0.24/F0.00/H0/L1 | 提取质量: 🟢high | 留白率: 0% | 低质量率: 0%
2026-07-25 01:59:23 | INFO     | 
🔍 [正在处理] ANS_CO_201 | 启动 3WD 流水线...
2026-07-25 01:59:23 | INFO     | 📢 [总进度] 48/99 份试卷已归档。
2026-07-25 01:59:23 | INFO     | ✅ [批改完成] ANS_CO_200 | 路由: BND | 最终分: 3.2 | 风险: P0.00/U0.06/F0.50/H0/L1 | 提取质量: 🟢high | 留白率: 0% | 低质量率: 0%
2026-07-25 01:59:23 | INFO     | 
🔍 [正在处理] ANS_CO_202 | 启动 3WD 流水线...
2026-07-25 01:59:23 | INFO     | 📢 [总进度] 49/99 份试卷已归档。
2026-07-25 01:59:43 | INFO     | ✅ [批改完成] ANS_CO_202 | 路由: BND | 最终分: 6.7 | 风险: P0.00/U0.09/F0.00/H0/L0 | 提取质量: 🟢high | 留白率: 0% | 低质量率: 0%
2026-07-25 01:59:43 | INFO     | 
🔍 [正在处理] ANS_CO_203 | 启动 3WD 流水线...
2026-07-25 01:59:43 | INFO     | 📢 [总进度] 50/99 份试卷已归档。
2026-07-25 01:59:52 | INFO     | ✅ [批改完成] ANS_CO_201 | 路由: BND | 最终分: 3.8 | 风险: P0.00/U0.20/F0.00/H0/L1 | 提取质量: 🟢high | 留白率: 0% | 低质量率: 0%
2026-07-25 01:59:52 | INFO     | 
🔍 [正在处理] ANS_CO_204 | 启动 3WD 流水线...
2026-07-25 01:59:52 | INFO     | 📢 [总进度] 51/99 份试卷已归档。
2026-07-25 02:00:05 | INFO     | ✅ [批改完成] ANS_CO_203 | 路由: BND | 最终分: 4.7 | 风险: P0.00/U0.09/F0.00/H0/L1 | 提取质量: 🟢high | 留白率: 0% | 低质量率: 0%
2026-07-25 02:00:05 | INFO     | 
🔍 [正在处理] ANS_CO_205 | 启动 3WD 流水线...
2026-07-25 02:00:05 | INFO     | 📢 [总进度] 52/99 份试卷已归档。
2026-07-25 02:00:21 | INFO     | ✅ [批改完成] ANS_CO_205 | 路由: POS | 最终分: 6.7 | 风险: P0.00/U0.02/F0.00/H0/L0 | 提取质量: 🟢high | 留白率: 0% | 低质量率: 0%
2026-07-25 02:00:21 | INFO     | 
🔍 [正在处理] ANS_CO_206 | 启动 3WD 流水线...
2026-07-25 02:00:21 | INFO     | 📢 [总进度] 53/99 份试卷已归档。
2026-07-25 02:01:04 | INFO     | ✅ [批改完成] ANS_CO_206 | 路由: BND | 最终分: 7.3 | 风险: P0.00/U0.09/F0.00/H0/L0 | 提取质量: 🟢high | 留白率: 0% | 低质量率: 0%
2026-07-25 02:01:04 | INFO     | 
🔍 [正在处理] ANS_CO_207 | 启动 3WD 流水线...
2026-07-25 02:01:04 | INFO     | 📢 [总进度] 54/99 份试卷已归档。
2026-07-25 02:01:26 | INFO     | ✅ [批改完成] ANS_CO_207 | 路由: BND | 最终分: 7.7 | 风险: P0.00/U0.09/F0.00/H0/L1 | 提取质量: 🟢high | 留白率: 0% | 低质量率: 0%
2026-07-25 02:01:26 | INFO     | 
🔍 [正在处理] ANS_CO_208 | 启动 3WD 流水线...
2026-07-25 02:01:26 | INFO     | 📢 [总进度] 55/99 份试卷已归档。
2026-07-25 02:01:45 | INFO     | ✅ [批改完成] ANS_CO_208 | 路由: POS | 最终分: 8.2 | 风险: P0.00/U0.02/F0.00/H0/L0 | 提取质量: 🟢high | 留白率: 0% | 低质量率: 0%
2026-07-25 02:01:45 | INFO     | 
🔍 [正在处理] ANS_CO_209 | 启动 3WD 流水线...
2026-07-25 02:01:45 | INFO     | 📢 [总进度] 56/99 份试卷已归档。
2026-07-25 02:02:00 | INFO     | ✅ [批改完成] ANS_CO_209 | 路由: POS | 最终分: 5.7 | 风险: P0.00/U0.05/F0.00/H0/L1 | 提取质量: 🟢high | 留白率: 0% | 低质量率: 0%
2026-07-25 02:02:00 | INFO     | 
🔍 [正在处理] ANS_CO_210 | 启动 3WD 流水线...
2026-07-25 02:02:00 | INFO     | 📢 [总进度] 57/99 份试卷已归档。
2026-07-25 02:02:21 | INFO     | ✅ [批改完成] ANS_CO_210 | 路由: BND | 最终分: 5.0 | 风险: P0.00/U0.08/F0.00/H0/L1 | 提取质量: 🟢high | 留白率: 0% | 低质量率: 0%
2026-07-25 02:02:21 | INFO     | 
🔍 [正在处理] ANS_CO_211 | 启动 3WD 流水线...
2026-07-25 02:02:21 | INFO     | 📢 [总进度] 58/99 份试卷已归档。
2026-07-25 02:02:45 | INFO     | ✅ [批改完成] ANS_CO_211 | 路由: BND | 最终分: 6.3 | 风险: P0.00/U0.05/F0.00/H0/L0 | 提取质量: 🟢high | 留白率: 0% | 低质量率: 0%
2026-07-25 02:02:45 | INFO     | 
🔍 [正在处理] ANS_CO_214 | 启动 3WD 流水线...
2026-07-25 02:02:45 | INFO     | 📢 [总进度] 59/99 份试卷已归档。
2026-07-25 02:02:48 | INFO     | ✅ [批改完成] ANS_CO_204 | 路由: BND | 最终分: 9.5 | 风险: P0.00/U0.07/F0.00/H0/L0 | 提取质量: 🟢high | 留白率: 0% | 低质量率: 0%
2026-07-25 02:02:48 | INFO     | 
🔍 [正在处理] ANS_CO_216 | 启动 3WD 流水线...
2026-07-25 02:02:48 | INFO     | 📢 [总进度] 60/99 份试卷已归档。
2026-07-25 02:03:09 | INFO     | ✅ [批改完成] ANS_CO_214 | 路由: BND | 最终分: 5.3 | 风险: P0.00/U0.09/F0.00/H0/L1 | 提取质量: 🟢high | 留白率: 0% | 低质量率: 0%
2026-07-25 02:03:09 | INFO     | 
🔍 [正在处理] ANS_CO_217 | 启动 3WD 流水线...
2026-07-25 02:03:09 | INFO     | 📢 [总进度] 61/99 份试卷已归档。
2026-07-25 02:03:10 | INFO     | ✅ [批改完成] ANS_CO_216 | 路由: BND | 最终分: 7.7 | 风险: P0.00/U0.10/F0.00/H0/L0 | 提取质量: 🟢high | 留白率: 0% | 低质量率: 0%
2026-07-25 02:03:10 | INFO     | 
🔍 [正在处理] ANS_CO_218 | 启动 3WD 流水线...
2026-07-25 02:03:10 | INFO     | 📢 [总进度] 62/99 份试卷已归档。
2026-07-25 02:03:26 | INFO     | ✅ [批改完成] ANS_CO_218 | 路由: POS | 最终分: 7.8 | 风险: P0.00/U0.02/F0.00/H0/L0 | 提取质量: 🟢high | 留白率: 0% | 低质量率: 0%
2026-07-25 02:03:26 | INFO     | 
🔍 [正在处理] ANS_CO_219 | 启动 3WD 流水线...
2026-07-25 02:03:26 | INFO     | 📢 [总进度] 63/99 份试卷已归档。
2026-07-25 02:03:32 | INFO     | ✅ [批改完成] ANS_CO_217 | 路由: BND | 最终分: 8.7 | 风险: P0.00/U0.06/F0.00/H0/L0 | 提取质量: 🟢high | 留白率: 0% | 低质量率: 0%
2026-07-25 02:03:32 | INFO     | 
🔍 [正在处理] ANS_CO_220 | 启动 3WD 流水线...
2026-07-25 02:03:32 | INFO     | 📢 [总进度] 64/99 份试卷已归档。
2026-07-25 02:03:43 | INFO     | ✅ [批改完成] ANS_CO_219 | 路由: POS | 最终分: 4.7 | 风险: P0.00/U0.02/F0.00/H0/L1 | 提取质量: 🟢high | 留白率: 0% | 低质量率: 0%
2026-07-25 02:03:43 | INFO     | 
🔍 [正在处理] ANS_CO_221 | 启动 3WD 流水线...
2026-07-25 02:03:43 | INFO     | 📢 [总进度] 65/99 份试卷已归档。
2026-07-25 02:03:56 | INFO     | ✅ [批改完成] ANS_CO_220 | 路由: BND | 最终分: 3.2 | 风险: P0.00/U0.06/F0.00/H0/L1 | 提取质量: 🟢high | 留白率: 0% | 低质量率: 0%
2026-07-25 02:03:56 | INFO     | 
🔍 [正在处理] ANS_CO_222 | 启动 3WD 流水线...
2026-07-25 02:03:56 | INFO     | 📢 [总进度] 66/99 份试卷已归档。
2026-07-25 02:04:01 | INFO     | ✅ [批改完成] ANS_CO_221 | 路由: BND | 最终分: 7.3 | 风险: P0.00/U0.06/F0.00/H0/L0 | 提取质量: 🟢high | 留白率: 0% | 低质量率: 0%
2026-07-25 02:04:01 | INFO     | 
🔍 [正在处理] ANS_CO_223 | 启动 3WD 流水线...
2026-07-25 02:04:01 | INFO     | 📢 [总进度] 67/99 份试卷已归档。
2026-07-25 02:04:20 | INFO     | ✅ [批改完成] ANS_CO_222 | 路由: BND | 最终分: 6.2 | 风险: P0.00/U0.17/F0.00/H0/L1 | 提取质量: 🟢high | 留白率: 0% | 低质量率: 0%
2026-07-25 02:04:20 | INFO     | 
🔍 [正在处理] ANS_CO_224 | 启动 3WD 流水线...
2026-07-25 02:04:20 | INFO     | 📢 [总进度] 68/99 份试卷已归档。
2026-07-25 02:04:28 | INFO     | ✅ [批改完成] ANS_CO_223 | 路由: BND | 最终分: 5.3 | 风险: P0.00/U0.09/F0.00/H0/L1 | 提取质量: 🟢high | 留白率: 0% | 低质量率: 0%
2026-07-25 02:04:28 | INFO     | 
🔍 [正在处理] ANS_CO_225 | 启动 3WD 流水线...
2026-07-25 02:04:28 | INFO     | 📢 [总进度] 69/99 份试卷已归档。
2026-07-25 02:04:44 | INFO     | ✅ [批改完成] ANS_CO_224 | 路由: BND | 最终分: 1.8 | 风险: P0.00/U0.18/F0.00/H0/L1 | 提取质量: 🟢high | 留白率: 0% | 低质量率: 0%
2026-07-25 02:04:44 | INFO     | 
🔍 [正在处理] ANS_CO_226 | 启动 3WD 流水线...
2026-07-25 02:04:44 | INFO     | 📢 [总进度] 70/99 份试卷已归档。
2026-07-25 02:04:50 | INFO     | ✅ [批改完成] ANS_CO_225 | 路由: BND | 最终分: 1.2 | 风险: P0.00/U0.12/F0.00/H0/L1 | 提取质量: 🟢high | 留白率: 0% | 低质量率: 0%
2026-07-25 02:04:50 | INFO     | 
🔍 [正在处理] ANS_CO_227 | 启动 3WD 流水线...
2026-07-25 02:04:50 | INFO     | 📢 [总进度] 71/99 份试卷已归档。
2026-07-25 02:05:08 | INFO     | ✅ [批改完成] ANS_CO_226 | 路由: BND | 最终分: 7.3 | 风险: P0.00/U0.09/F0.00/H0/L1 | 提取质量: 🟢high | 留白率: 0% | 低质量率: 0%
2026-07-25 02:05:08 | INFO     | 
🔍 [正在处理] ANS_CO_228 | 启动 3WD 流水线...
2026-07-25 02:05:08 | INFO     | 📢 [总进度] 72/99 份试卷已归档。
2026-07-25 02:05:13 | INFO     | ✅ [批改完成] ANS_CO_227 | 路由: BND | 最终分: 5.7 | 风险: P0.00/U0.12/F0.00/H0/L0 | 提取质量: 🟢high | 留白率: 0% | 低质量率: 0%
2026-07-25 02:05:13 | INFO     | 
🔍 [正在处理] ANS_CO_229 | 启动 3WD 流水线...
2026-07-25 02:05:13 | INFO     | 📢 [总进度] 73/99 份试卷已归档。
2026-07-25 02:05:25 | INFO     | ✅ [批改完成] ANS_CO_228 | 路由: POS | 最终分: 4.8 | 风险: P0.00/U0.02/F0.00/H0/L1 | 提取质量: 🟢high | 留白率: 0% | 低质量率: 0%
2026-07-25 02:05:25 | INFO     | 
🔍 [正在处理] ANS_CO_230 | 启动 3WD 流水线...
2026-07-25 02:05:25 | INFO     | 📢 [总进度] 74/99 份试卷已归档。
2026-07-25 02:05:31 | INFO     | ✅ [批改完成] ANS_CO_229 | 路由: BND | 最终分: 1.5 | 风险: P0.40/U0.04/F0.00/H0/L0 | 提取质量: 🟡low | 留白率: 50% | 低质量率: 0%
2026-07-25 02:05:31 | INFO     | 
🔍 [正在处理] ANS_CO_231 | 启动 3WD 流水线...
2026-07-25 02:05:31 | INFO     | 📢 [总进度] 75/99 份试卷已归档。
2026-07-25 02:05:48 | INFO     | ✅ [批改完成] ANS_CO_230 | 路由: BND | 最终分: 4.8 | 风险: P0.00/U0.10/F0.00/H0/L1 | 提取质量: 🟢high | 留白率: 0% | 低质量率: 0%
2026-07-25 02:05:48 | INFO     | 
🔍 [正在处理] ANS_CO_232 | 启动 3WD 流水线...
2026-07-25 02:05:48 | INFO     | 📢 [总进度] 76/99 份试卷已归档。
2026-07-25 02:05:51 | INFO     | ✅ [批改完成] ANS_CO_231 | 路由: BND | 最终分: 4.2 | 风险: P0.00/U0.14/F0.00/H0/L1 | 提取质量: 🟢high | 留白率: 0% | 低质量率: 0%
2026-07-25 02:05:51 | INFO     | 
🔍 [正在处理] ANS_CO_234 | 启动 3WD 流水线...
2026-07-25 02:05:51 | INFO     | 📢 [总进度] 77/99 份试卷已归档。
2026-07-25 02:06:08 | INFO     | ✅ [批改完成] ANS_CO_232 | 路由: BND | 最终分: 7.0 | 风险: P0.00/U0.04/F0.00/H0/L0 | 提取质量: 🟢high | 留白率: 0% | 低质量率: 0%
2026-07-25 02:06:08 | INFO     | 
🔍 [正在处理] ANS_CO_235 | 启动 3WD 流水线...
2026-07-25 02:06:08 | INFO     | 📢 [总进度] 78/99 份试卷已归档。
2026-07-25 02:06:12 | INFO     | ✅ [批改完成] ANS_CO_234 | 路由: BND | 最终分: 3.8 | 风险: P0.00/U0.14/F0.00/H0/L1 | 提取质量: 🟢high | 留白率: 0% | 低质量率: 0%
2026-07-25 02:06:12 | INFO     | 
🔍 [正在处理] ANS_CO_236 | 启动 3WD 流水线...
2026-07-25 02:06:12 | INFO     | 📢 [总进度] 79/99 份试卷已归档。
2026-07-25 02:06:26 | INFO     | ✅ [批改完成] ANS_CO_236 | 路由: POS | 最终分: 4.3 | 风险: P0.00/U0.05/F0.00/H0/L1 | 提取质量: 🟢high | 留白率: 0% | 低质量率: 0%
2026-07-25 02:06:26 | INFO     | 
🔍 [正在处理] ANS_CO_237 | 启动 3WD 流水线...
2026-07-25 02:06:26 | INFO     | 📢 [总进度] 80/99 份试卷已归档。
2026-07-25 02:06:27 | INFO     | ✅ [批改完成] ANS_CO_235 | 路由: BND | 最终分: 7.5 | 风险: P0.00/U0.07/F0.00/H0/L0 | 提取质量: 🟢high | 留白率: 0% | 低质量率: 0%
2026-07-25 02:06:27 | INFO     | 
🔍 [正在处理] ANS_CO_238 | 启动 3WD 流水线...
2026-07-25 02:06:27 | INFO     | 📢 [总进度] 81/99 份试卷已归档。
2026-07-25 02:06:39 | INFO     | ✅ [批改完成] ANS_CO_237 | 路由: POS | 最终分: 7.5 | 风险: P0.00/U0.04/F0.00/H0/L0 | 提取质量: 🟢high | 留白率: 0% | 低质量率: 0%
2026-07-25 02:06:39 | INFO     | 
🔍 [正在处理] ANS_CO_239 | 启动 3WD 流水线...
2026-07-25 02:06:39 | INFO     | 📢 [总进度] 82/99 份试卷已归档。
2026-07-25 02:06:48 | INFO     | ✅ [批改完成] ANS_CO_238 | 路由: BND | 最终分: 3.2 | 风险: P0.00/U0.06/F0.00/H0/L1 | 提取质量: 🟢high | 留白率: 0% | 低质量率: 0%
2026-07-25 02:06:48 | INFO     | 
🔍 [正在处理] ANS_CO_240 | 启动 3WD 流水线...
2026-07-25 02:06:48 | INFO     | 📢 [总进度] 83/99 份试卷已归档。
2026-07-25 02:07:04 | INFO     | ✅ [批改完成] ANS_CO_239 | 路由: BND | 最终分: 3.2 | 风险: P0.00/U0.06/F0.00/H0/L1 | 提取质量: 🟢high | 留白率: 0% | 低质量率: 0%
2026-07-25 02:07:04 | INFO     | 
🔍 [正在处理] ANS_CO_241 | 启动 3WD 流水线...
2026-07-25 02:07:04 | INFO     | 📢 [总进度] 84/99 份试卷已归档。
2026-07-25 02:07:10 | INFO     | ✅ [批改完成] ANS_CO_240 | 路由: BND | 最终分: 4.7 | 风险: P0.00/U0.06/F0.00/H0/L1 | 提取质量: 🟢high | 留白率: 0% | 低质量率: 0%
2026-07-25 02:07:10 | INFO     | 
🔍 [正在处理] ANS_CO_242 | 启动 3WD 流水线...
2026-07-25 02:07:10 | INFO     | 📢 [总进度] 85/99 份试卷已归档。
2026-07-25 02:07:27 | INFO     | ✅ [批改完成] ANS_CO_241 | 路由: BND | 最终分: 6.0 | 风险: P0.00/U0.15/F0.50/H0/L1 | 提取质量: 🟢high | 留白率: 0% | 低质量率: 0%
2026-07-25 02:07:27 | INFO     | 
🔍 [正在处理] ANS_CO_243 | 启动 3WD 流水线...
2026-07-25 02:07:27 | INFO     | 📢 [总进度] 86/99 份试卷已归档。
2026-07-25 02:07:35 | INFO     | ✅ [批改完成] ANS_CO_242 | 路由: BND | 最终分: 5.8 | 风险: P0.00/U0.21/F0.00/H0/L1 | 提取质量: 🟢high | 留白率: 0% | 低质量率: 0%
2026-07-25 02:07:35 | INFO     | 
🔍 [正在处理] ANS_CO_244 | 启动 3WD 流水线...
2026-07-25 02:07:35 | INFO     | 📢 [总进度] 87/99 份试卷已归档。
2026-07-25 02:07:48 | INFO     | ✅ [批改完成] ANS_CO_243 | 路由: BND | 最终分: 1.3 | 风险: P0.00/U0.17/F0.00/H0/L1 | 提取质量: 🟢high | 留白率: 0% | 低质量率: 0%
2026-07-25 02:07:48 | INFO     | 
🔍 [正在处理] ANS_CO_245 | 启动 3WD 流水线...
2026-07-25 02:07:48 | INFO     | 📢 [总进度] 88/99 份试卷已归档。
2026-07-25 02:07:52 | INFO     | ✅ [批改完成] ANS_CO_244 | 路由: POS | 最终分: 4.7 | 风险: P0.00/U0.05/F0.00/H0/L1 | 提取质量: 🟢high | 留白率: 0% | 低质量率: 0%
2026-07-25 02:07:52 | INFO     | 
🔍 [正在处理] ANS_CO_246 | 启动 3WD 流水线...
2026-07-25 02:07:52 | INFO     | 📢 [总进度] 89/99 份试卷已归档。
2026-07-25 02:08:07 | INFO     | ✅ [批改完成] ANS_CO_245 | 路由: BND | 最终分: 5.7 | 风险: P0.00/U0.09/F0.00/H0/L1 | 提取质量: 🟢high | 留白率: 0% | 低质量率: 0%
2026-07-25 02:08:07 | INFO     | 
🔍 [正在处理] ANS_CO_247 | 启动 3WD 流水线...
2026-07-25 02:08:07 | INFO     | 📢 [总进度] 90/99 份试卷已归档。
2026-07-25 02:08:12 | INFO     | ✅ [批改完成] ANS_CO_246 | 路由: BND | 最终分: 6.3 | 风险: P0.00/U0.09/F0.50/H0/L0 | 提取质量: 🟢high | 留白率: 0% | 低质量率: 0%
2026-07-25 02:08:12 | INFO     | 
🔍 [正在处理] ANS_CO_248 | 启动 3WD 流水线...
2026-07-25 02:08:12 | INFO     | 📢 [总进度] 91/99 份试卷已归档。
2026-07-25 02:08:38 | INFO     | ✅ [批改完成] ANS_CO_248 | 路由: BND | 最终分: 4.0 | 风险: P0.00/U0.16/F0.00/H0/L1 | 提取质量: 🟢high | 留白率: 0% | 低质量率: 0%
2026-07-25 02:08:38 | INFO     | 
🔍 [正在处理] ANS_CO_249 | 启动 3WD 流水线...
2026-07-25 02:08:38 | INFO     | 📢 [总进度] 92/99 份试卷已归档。
2026-07-25 02:08:46 | INFO     | ✅ [批改完成] ANS_CO_247 | 路由: BND | 最终分: 6.5 | 风险: P0.00/U0.18/F0.00/H0/L1 | 提取质量: 🟢high | 留白率: 0% | 低质量率: 0%
2026-07-25 02:08:46 | INFO     | 
🔍 [正在处理] ANS_CO_250 | 启动 3WD 流水线...
2026-07-25 02:08:46 | INFO     | 📢 [总进度] 93/99 份试卷已归档。
2026-07-25 02:09:03 | INFO     | ✅ [批改完成] ANS_CO_249 | 路由: BND | 最终分: 1.8 | 风险: P0.00/U0.09/F0.00/H0/L1 | 提取质量: 🟢high | 留白率: 0% | 低质量率: 0%
2026-07-25 02:09:03 | INFO     | 
🔍 [正在处理] ANS_CO_251 | 启动 3WD 流水线...
2026-07-25 02:09:03 | INFO     | 📢 [总进度] 94/99 份试卷已归档。
2026-07-25 02:09:09 | INFO     | ✅ [批改完成] ANS_CO_250 | 路由: BND | 最终分: 8.8 | 风险: P0.00/U0.06/F0.00/H0/L0 | 提取质量: 🟢high | 留白率: 0% | 低质量率: 0%
2026-07-25 02:09:10 | INFO     | 
🔍 [正在处理] ANS_CO_252 | 启动 3WD 流水线...
2026-07-25 02:09:10 | INFO     | 📢 [总进度] 95/99 份试卷已归档。
2026-07-25 02:09:25 | INFO     | ✅ [批改完成] ANS_CO_251 | 路由: BND | 最终分: 6.0 | 风险: P0.00/U0.08/F0.00/H0/L1 | 提取质量: 🟢high | 留白率: 0% | 低质量率: 0%
2026-07-25 02:09:25 | INFO     | 
🔍 [正在处理] ANS_CO_254 | 启动 3WD 流水线...
2026-07-25 02:09:25 | INFO     | 📢 [总进度] 96/99 份试卷已归档。
2026-07-25 02:09:30 | INFO     | ✅ [批改完成] ANS_CO_252 | 路由: BND | 最终分: 6.0 | 风险: P0.00/U0.07/F0.00/H0/L1 | 提取质量: 🟢high | 留白率: 0% | 低质量率: 0%
2026-07-25 02:09:30 | INFO     | 
🔍 [正在处理] ANS_CO_255 | 启动 3WD 流水线...
2026-07-25 02:09:30 | INFO     | 📢 [总进度] 97/99 份试卷已归档。
2026-07-25 02:09:42 | INFO     | ✅ [批改完成] ANS_CO_254 | 路由: POS | 最终分: 7.3 | 风险: P0.00/U0.02/F0.00/H0/L0 | 提取质量: 🟢high | 留白率: 0% | 低质量率: 0%
2026-07-25 02:09:42 | INFO     | 📢 [总进度] 98/99 份试卷已归档。
2026-07-25 02:10:11 | INFO     | ✅ [批改完成] ANS_CO_255 | 路由: BND | 最终分: 6.2 | 风险: P0.00/U0.09/F0.00/H0/L0 | 提取质量: 🟢high | 留白率: 0% | 低质量率: 0%
2026-07-25 02:10:11 | INFO     | 📢 [总进度] 99/99 份试卷已归档。
2026-07-25 02:10:11 | INFO     | 🗂️ 所有线程交卷完毕，正在整理数据... (共收集 99/99 份结果)
2026-07-25 02:10:11 | INFO     | 💾 正常批改结果已保存: D:\users\王鑫020420\Desktop\refgrader-main\results_runs\csbench_co1_co2_co3_co4_co5_co6_co7_all\runs\teacher_audit_all7_20260725_000621\CO_3_graded_results.json (97 人)
2026-07-25 02:10:11 | INFO     | 🛑 拒绝域结果已单独保存: D:\users\王鑫020420\Desktop\refgrader-main\results_runs\csbench_co1_co2_co3_co4_co5_co6_co7_all\runs\teacher_audit_all7_20260725_000621\CO_3_rejected.json (2 人)
2026-07-25 02:10:11 | INFO     | [result consistency] CO_3: checkpoint=99, graded=97, rejected=2, failed=0, expected=99
2026-07-25 02:10:11 | INFO     | 
🚀 [标准模式] 开始处理: CO_4
2026-07-25 02:10:11 | INFO     | ⚡ 已加载本地标准: D:\users\王鑫020420\Desktop\refgrader-main\data\csbench\rubrics\optimized\CO\CO_4_rubric_standard.json
2026-07-25 02:10:11 | INFO     | [PaddleOCR] preparing 29/86 visual-answer cache entries...
2026-07-25 02:10:15 | INFO     | [1/1] cache hit: ANS_CO_647.jpg
summary: completed=0, skipped=1, failed=0
2026-07-25 02:10:18 | INFO     | [1/1] cache hit: ANS_CO_656.jpg
summary: completed=0, skipped=1, failed=0
2026-07-25 02:10:21 | INFO     | [1/1] cache hit: ANS_CO_659.jpg
summary: completed=0, skipped=1, failed=0
2026-07-25 02:10:25 | INFO     | [1/1] cache hit: ANS_CO_668.jpg
summary: completed=0, skipped=1, failed=0
2026-07-25 02:10:28 | INFO     | [1/1] cache hit: ANS_CO_670.jpg
summary: completed=0, skipped=1, failed=0
2026-07-25 02:10:31 | INFO     | [1/1] cache hit: ANS_CO_675.jpg
summary: completed=0, skipped=1, failed=0
2026-07-25 02:10:35 | INFO     | [1/1] cache hit: ANS_CO_676.jpg
summary: completed=0, skipped=1, failed=0
2026-07-25 02:10:38 | INFO     | [1/1] cache hit: ANS_CO_678.jpg
summary: completed=0, skipped=1, failed=0
2026-07-25 02:10:41 | INFO     | [1/1] cache hit: ANS_CO_681.jpg
summary: completed=0, skipped=1, failed=0
2026-07-25 02:10:45 | INFO     | [1/1] cache hit: ANS_CO_683.jpg
summary: completed=0, skipped=1, failed=0
2026-07-25 02:10:48 | INFO     | [1/1] cache hit: ANS_CO_689.jpg
summary: completed=0, skipped=1, failed=0
2026-07-25 02:10:51 | INFO     | [1/1] cache hit: ANS_CO_692.jpg
summary: completed=0, skipped=1, failed=0
2026-07-25 02:10:55 | INFO     | [1/1] cache hit: ANS_CO_703.png
summary: completed=0, skipped=1, failed=0
2026-07-25 02:10:58 | INFO     | [1/1] cache hit: ANS_CO_709.png
summary: completed=0, skipped=1, failed=0
2026-07-25 02:11:01 | INFO     | [1/1] cache hit: ANS_CO_710.png
summary: completed=0, skipped=1, failed=0
2026-07-25 02:11:18 | INFO     | Initialize PaddleOCR | device=cpu | lang=ch | pending=1/1 | model_cache=D:\paddlex_cache
[1/1] completed: ANS_CO_711.png | tokens=32 | mean_conf=0.876711 | output=D:\users\王鑫020420\Desktop\refgrader-main\ocr_cache\csbench\CO_4\ANS_CO_711.json
summary: completed=1, skipped=0, failed=0
2026-07-25 02:11:32 | INFO     | Initialize PaddleOCR | device=cpu | lang=ch | pending=1/1 | model_cache=D:\paddlex_cache
[1/1] completed: ANS_CO_712.png | tokens=22 | mean_conf=0.953118 | output=D:\users\王鑫020420\Desktop\refgrader-main\ocr_cache\csbench\CO_4\ANS_CO_712.json
summary: completed=1, skipped=0, failed=0
2026-07-25 02:11:35 | INFO     | [1/1] cache hit: ANS_CO_713.png
summary: completed=0, skipped=1, failed=0
2026-07-25 02:11:38 | INFO     | [1/1] cache hit: ANS_CO_715.png
summary: completed=0, skipped=1, failed=0
2026-07-25 02:11:42 | INFO     | [1/1] cache hit: ANS_CO_720.png
summary: completed=0, skipped=1, failed=0
2026-07-25 02:11:45 | INFO     | [1/1] cache hit: ANS_CO_724.png
summary: completed=0, skipped=1, failed=0
2026-07-25 02:11:49 | INFO     | [1/1] cache hit: ANS_CO_725.png
summary: completed=0, skipped=1, failed=0
2026-07-25 02:11:52 | INFO     | [1/1] cache hit: ANS_CO_730.png
summary: completed=0, skipped=1, failed=0
2026-07-25 02:11:55 | INFO     | [1/1] cache hit: ANS_CO_738.png
summary: completed=0, skipped=1, failed=0
2026-07-25 02:11:59 | INFO     | [1/1] cache hit: ANS_CO_741.png
summary: completed=0, skipped=1, failed=0
2026-07-25 02:12:02 | INFO     | [1/1] cache hit: ANS_CO_752.png
summary: completed=0, skipped=1, failed=0
2026-07-25 02:12:05 | INFO     | [1/1] cache hit: ANS_CO_754.png
summary: completed=0, skipped=1, failed=0
2026-07-25 02:12:09 | INFO     | [1/1] cache hit: ANS_CO_759.png
summary: completed=0, skipped=1, failed=0
2026-07-25 02:12:12 | INFO     | [1/1] cache hit: ANS_CO_760.png
summary: completed=0, skipped=1, failed=0
2026-07-25 02:12:18 | INFO     | ⚡ 脱敏清单已预生成，86 名学生共享复用。
2026-07-25 02:12:18 | INFO     | 🏃 开始批改 86 张试卷 (⚡ 开启多线程模式)...
2026-07-25 02:12:18 | INFO     | 
🔍 [正在处理] ANS_CO_645 | 启动 3WD 流水线...
2026-07-25 02:12:18 | INFO     | 
🔍 [正在处理] ANS_CO_646 | 启动 3WD 流水线...
2026-07-25 02:12:18 | INFO     | ⏳ [主线程] 已提交 86 个任务，等待结果回收...
2026-07-25 02:12:46 | INFO     | ✅ [批改完成] ANS_CO_645 | 路由: BND | 最终分: 0.57 | 风险: P0.34/U0.02/F0.20/H0/L0 | 提取质量: 🟢high | 留白率: 43% | 低质量率: 0%
2026-07-25 02:12:46 | INFO     | 
🔍 [正在处理] ANS_CO_647 | 启动 3WD 流水线...
2026-07-25 02:12:46 | INFO     | 📢 [总进度] 1/86 份试卷已归档。
2026-07-25 02:12:49 | INFO     | ✅ [批改完成] ANS_CO_646 | 路由: BND | 最终分: 3.0 | 风险: P0.34/U0.07/F0.20/H0/L0 | 提取质量: 🟢high | 留白率: 43% | 低质量率: 0%
2026-07-25 02:12:49 | INFO     | 
🔍 [正在处理] ANS_CO_651 | 启动 3WD 流水线...
2026-07-25 02:12:49 | INFO     | 📢 [总进度] 2/86 份试卷已归档。
2026-07-25 02:13:12 | INFO     | ✅ [批改完成] ANS_CO_651 | 路由: POS | 最终分: 19.0 | 风险: P0.00/U0.00/F0.00/H0/L0 | 提取质量: 🟢high | 留白率: 0% | 低质量率: 0%
2026-07-25 02:13:12 | INFO     | 
🔍 [正在处理] ANS_CO_652 | 启动 3WD 流水线...
2026-07-25 02:13:12 | INFO     | 📢 [总进度] 3/86 份试卷已归档。
2026-07-25 02:13:37 | INFO     | ✅ [批改完成] ANS_CO_647 | 路由: BND | 最终分: 8.8 | 风险: P0.00/U0.10/F0.10/H0/L1 | 提取质量: 🟢high | 留白率: 0% | 低质量率: 0%
2026-07-25 02:13:37 | INFO     | 
🔍 [正在处理] ANS_CO_653 | 启动 3WD 流水线...
2026-07-25 02:13:37 | INFO     | 📢 [总进度] 4/86 份试卷已归档。
2026-07-25 02:13:42 | INFO     | ✅ [批改完成] ANS_CO_652 | 路由: BND | 最终分: 12.3 | 风险: P0.00/U0.20/F0.20/H0/L0 | 提取质量: 🟢high | 留白率: 0% | 低质量率: 0%
2026-07-25 02:13:42 | INFO     | 
🔍 [正在处理] ANS_CO_654 | 启动 3WD 流水线...
2026-07-25 02:13:42 | INFO     | 📢 [总进度] 5/86 份试卷已归档。
2026-07-25 02:14:06 | INFO     | ✅ [批改完成] ANS_CO_654 | 路由: POS | 最终分: 20.0 | 风险: P0.00/U0.00/F0.00/H0/L0 | 提取质量: 🟢high | 留白率: 0% | 低质量率: 0%
2026-07-25 02:14:06 | INFO     | 
🔍 [正在处理] ANS_CO_656 | 启动 3WD 流水线...
2026-07-25 02:14:06 | INFO     | 📢 [总进度] 6/86 份试卷已归档。
2026-07-25 02:14:09 | INFO     | ✅ [批改完成] ANS_CO_653 | 路由: BND | 最终分: 5.5 | 风险: P0.11/U0.07/F0.50/H0/L1 | 提取质量: 🟢high | 留白率: 14% | 低质量率: 0%
2026-07-25 02:14:09 | INFO     | 
🔍 [正在处理] ANS_CO_659 | 启动 3WD 流水线...
2026-07-25 02:14:09 | INFO     | 📢 [总进度] 7/86 份试卷已归档。
2026-07-25 02:15:12 | INFO     | ✅ [批改完成] ANS_CO_659 | 路由: POS | 最终分: 18.3 | 风险: P0.00/U0.02/F0.00/H0/L0 | 提取质量: 🟢high | 留白率: 0% | 低质量率: 0%
2026-07-25 02:15:12 | INFO     | 
🔍 [正在处理] ANS_CO_660 | 启动 3WD 流水线...
2026-07-25 02:15:12 | INFO     | 📢 [总进度] 8/86 份试卷已归档。
2026-07-25 02:15:19 | INFO     | ✅ [批改完成] ANS_CO_656 | 路由: POS | 最终分: 5.7 | 风险: P0.09/U0.02/F0.10/H0/L1 | 提取质量: 🟢high | 留白率: 0% | 低质量率: 0%
2026-07-25 02:15:19 | INFO     | 
🔍 [正在处理] ANS_CO_661 | 启动 3WD 流水线...
2026-07-25 02:15:19 | INFO     | 📢 [总进度] 9/86 份试卷已归档。
2026-07-25 02:15:40 | INFO     | ✅ [批改完成] ANS_CO_660 | 路由: BND | 最终分: 12.8 | 风险: P0.00/U0.08/F0.00/H0/L0 | 提取质量: 🟢high | 留白率: 0% | 低质量率: 0%
2026-07-25 02:15:40 | INFO     | 
🔍 [正在处理] ANS_CO_662 | 启动 3WD 流水线...
2026-07-25 02:15:40 | INFO     | 📢 [总进度] 10/86 份试卷已归档。
2026-07-25 02:15:51 | INFO     | ✅ [批改完成] ANS_CO_661 | 路由: BND | 最终分: 17.5 | 风险: P0.00/U0.09/F0.10/H0/L0 | 提取质量: 🟢high | 留白率: 0% | 低质量率: 0%
2026-07-25 02:15:51 | INFO     | 
🔍 [正在处理] ANS_CO_663 | 启动 3WD 流水线...
2026-07-25 02:15:51 | INFO     | 📢 [总进度] 11/86 份试卷已归档。
2026-07-25 02:16:01 | INFO     | ✅ [批改完成] ANS_CO_662 | 路由: POS | 最终分: 19.3 | 风险: P0.00/U0.05/F0.00/H0/L0 | 提取质量: 🟢high | 留白率: 0% | 低质量率: 0%
2026-07-25 02:16:01 | INFO     | 
🔍 [正在处理] ANS_CO_664 | 启动 3WD 流水线...
2026-07-25 02:16:01 | INFO     | 📢 [总进度] 12/86 份试卷已归档。
2026-07-25 02:16:19 | INFO     | ✅ [批改完成] ANS_CO_663 | 路由: POS | 最终分: 4.5 | 风险: P0.00/U0.04/F0.30/H0/L1 | 提取质量: 🟢high | 留白率: 0% | 低质量率: 0%
2026-07-25 02:16:19 | INFO     | 
🔍 [正在处理] ANS_CO_665 | 启动 3WD 流水线...
2026-07-25 02:16:19 | INFO     | 📢 [总进度] 13/86 份试卷已归档。
2026-07-25 02:16:33 | INFO     | ✅ [批改完成] ANS_CO_664 | 路由: POS | 最终分: 10.7 | 风险: P0.00/U0.02/F0.00/H0/L1 | 提取质量: 🟢high | 留白率: 0% | 低质量率: 0%
2026-07-25 02:16:33 | INFO     | 
🔍 [正在处理] ANS_CO_666 | 启动 3WD 流水线...
2026-07-25 02:16:33 | INFO     | 📢 [总进度] 14/86 份试卷已归档。
2026-07-25 02:16:49 | INFO     | ✅ [批改完成] ANS_CO_665 | 路由: BND | 最终分: 5.7 | 风险: P0.00/U0.06/F0.30/H0/L1 | 提取质量: 🟢high | 留白率: 0% | 低质量率: 0%
2026-07-25 02:16:49 | INFO     | 
🔍 [正在处理] ANS_CO_667 | 启动 3WD 流水线...
2026-07-25 02:16:49 | INFO     | 📢 [总进度] 15/86 份试卷已归档。
2026-07-25 02:17:05 | INFO     | ✅ [批改完成] ANS_CO_666 | 路由: BND | 最终分: 5.7 | 风险: P0.16/U0.09/F0.00/H0/L1 | 提取质量: 🟢high | 留白率: 14% | 低质量率: 0%
2026-07-25 02:17:05 | INFO     | 
🔍 [正在处理] ANS_CO_668 | 启动 3WD 流水线...
2026-07-25 02:17:05 | INFO     | 📢 [总进度] 16/86 份试卷已归档。
2026-07-25 02:17:12 | INFO     | ✅ [批改完成] ANS_CO_667 | 路由: POS | 最终分: 15.0 | 风险: P0.00/U0.04/F0.00/H0/L0 | 提取质量: 🟢high | 留白率: 0% | 低质量率: 0%
2026-07-25 02:17:12 | INFO     | 
🔍 [正在处理] ANS_CO_670 | 启动 3WD 流水线...
2026-07-25 02:17:12 | INFO     | 📢 [总进度] 17/86 份试卷已归档。
2026-07-25 02:17:51 | INFO     | ✅ [批改完成] ANS_CO_668 | 路由: POS | 最终分: 20.0 | 风险: P0.00/U0.00/F0.00/H0/L0 | 提取质量: 🟢high | 留白率: 0% | 低质量率: 0%
2026-07-25 02:17:51 | INFO     | 
🔍 [正在处理] ANS_CO_672 | 启动 3WD 流水线...
2026-07-25 02:17:51 | INFO     | 📢 [总进度] 18/86 份试卷已归档。
2026-07-25 02:18:18 | INFO     | ✅ [批改完成] ANS_CO_670 | 路由: BND | 最终分: 13.7 | 风险: P0.09/U0.09/F0.00/H0/L0 | 提取质量: 🟢high | 留白率: 0% | 低质量率: 0%
2026-07-25 02:18:18 | INFO     | 
🔍 [正在处理] ANS_CO_673 | 启动 3WD 流水线...
2026-07-25 02:18:18 | INFO     | 📢 [总进度] 19/86 份试卷已归档。
2026-07-25 02:18:23 | INFO     | ✅ [批改完成] ANS_CO_672 | 路由: BND | 最终分: 17.0 | 风险: P0.00/U0.11/F0.00/H0/L0 | 提取质量: 🟢high | 留白率: 0% | 低质量率: 0%
2026-07-25 02:18:23 | INFO     | 
🔍 [正在处理] ANS_CO_674 | 启动 3WD 流水线...
2026-07-25 02:18:23 | INFO     | 📢 [总进度] 20/86 份试卷已归档。
2026-07-25 02:18:40 | INFO     | ✅ [批改完成] ANS_CO_673 | 路由: POS | 最终分: 19.3 | 风险: P0.00/U0.02/F0.00/H0/L0 | 提取质量: 🟢high | 留白率: 0% | 低质量率: 0%
2026-07-25 02:18:40 | INFO     | 
🔍 [正在处理] ANS_CO_675 | 启动 3WD 流水线...
2026-07-25 02:18:40 | INFO     | 📢 [总进度] 21/86 份试卷已归档。
2026-07-25 02:18:59 | INFO     | ✅ [批改完成] ANS_CO_674 | 路由: BND | 最终分: 4.55 | 风险: P0.11/U0.05/F0.50/H0/L1 | 提取质量: 🟢high | 留白率: 14% | 低质量率: 0%
2026-07-25 02:18:59 | INFO     | 
🔍 [正在处理] ANS_CO_676 | 启动 3WD 流水线...
2026-07-25 02:18:59 | INFO     | 📢 [总进度] 22/86 份试卷已归档。
2026-07-25 02:19:26 | INFO     | ✅ [批改完成] ANS_CO_675 | 路由: POS | 最终分: 20.0 | 风险: P0.00/U0.00/F0.00/H0/L0 | 提取质量: 🟢high | 留白率: 0% | 低质量率: 0%
2026-07-25 02:19:26 | INFO     | 
🔍 [正在处理] ANS_CO_678 | 启动 3WD 流水线...
2026-07-25 02:19:26 | INFO     | 📢 [总进度] 23/86 份试卷已归档。
2026-07-25 02:20:09 | INFO     | ✅ [批改完成] ANS_CO_678 | 路由: BND | 最终分: 8.0 | 风险: P0.00/U0.04/F0.60/H0/L1 | 提取质量: 🟢high | 留白率: 0% | 低质量率: 0%
2026-07-25 02:20:09 | INFO     | 
🔍 [正在处理] ANS_CO_679 | 启动 3WD 流水线...
2026-07-25 02:20:09 | INFO     | 📢 [总进度] 24/86 份试卷已归档。
2026-07-25 02:20:51 | INFO     | ✅ [批改完成] ANS_CO_679 | 路由: BND | 最终分: 8.95 | 风险: P0.00/U0.05/F0.10/H0/L1 | 提取质量: 🟢high | 留白率: 0% | 低质量率: 0%
2026-07-25 02:20:51 | INFO     | 
🔍 [正在处理] ANS_CO_681 | 启动 3WD 流水线...
2026-07-25 02:20:51 | INFO     | 📢 [总进度] 25/86 份试卷已归档。
2026-07-25 02:22:05 | INFO     | ✅ [批改完成] ANS_CO_681 | 路由: BND | 最终分: 17.3 | 风险: P0.00/U0.05/F0.10/H0/L0 | 提取质量: 🟢high | 留白率: 0% | 低质量率: 0%
2026-07-25 02:22:05 | INFO     | 
🔍 [正在处理] ANS_CO_683 | 启动 3WD 流水线...
2026-07-25 02:22:05 | INFO     | 📢 [总进度] 26/86 份试卷已归档。
2026-07-25 02:22:13 | INFO     | ✅ [批改完成] ANS_CO_676 | 路由: BND | 最终分: 8.7 | 风险: P0.00/U0.26/F0.10/H0/L0 | 提取质量: 🟢high | 留白率: 0% | 低质量率: 0%
2026-07-25 02:22:13 | INFO     | 
🔍 [正在处理] ANS_CO_685 | 启动 3WD 流水线...
2026-07-25 02:22:13 | INFO     | 📢 [总进度] 27/86 份试卷已归档。
2026-07-25 02:22:44 | INFO     | ✅ [批改完成] ANS_CO_685 | 路由: BND | 最终分: 2.7 | 风险: P0.16/U0.05/F0.30/H0/L1 | 提取质量: 🟢high | 留白率: 14% | 低质量率: 0%
2026-07-25 02:22:44 | INFO     | 
🔍 [正在处理] ANS_CO_686 | 启动 3WD 流水线...
2026-07-25 02:22:44 | INFO     | 📢 [总进度] 28/86 份试卷已归档。
2026-07-25 02:23:14 | INFO     | ✅ [批改完成] ANS_CO_686 | 路由: POS | 最终分: 10.7 | 风险: P0.00/U0.02/F0.25/H0/L1 | 提取质量: 🟢high | 留白率: 0% | 低质量率: 0%
2026-07-25 02:23:14 | INFO     | 
🔍 [正在处理] ANS_CO_687 | 启动 3WD 流水线...
2026-07-25 02:23:14 | INFO     | 📢 [总进度] 29/86 份试卷已归档。
2026-07-25 02:23:15 | INFO     | ✅ [批改完成] ANS_CO_683 | 路由: POS | 最终分: 11.0 | 风险: P0.00/U0.00/F0.25/H0/L1 | 提取质量: 🟢high | 留白率: 0% | 低质量率: 0%
2026-07-25 02:23:15 | INFO     | 
🔍 [正在处理] ANS_CO_688 | 启动 3WD 流水线...
2026-07-25 02:23:15 | INFO     | 📢 [总进度] 30/86 份试卷已归档。
2026-07-25 02:23:49 | INFO     | ✅ [批改完成] ANS_CO_688 | 路由: BND | 最终分: 6.55 | 风险: P0.11/U0.06/F0.00/H0/L1 | 提取质量: 🟢high | 留白率: 14% | 低质量率: 0%
2026-07-25 02:23:49 | INFO     | 
🔍 [正在处理] ANS_CO_689 | 启动 3WD 流水线...
2026-07-25 02:23:49 | INFO     | 📢 [总进度] 31/86 份试卷已归档。
2026-07-25 02:23:49 | INFO     | ✅ [批改完成] ANS_CO_687 | 路由: BND | 最终分: 9.3 | 风险: P0.11/U0.12/F0.10/H0/L1 | 提取质量: 🟢high | 留白率: 14% | 低质量率: 0%
2026-07-25 02:23:49 | INFO     | 
🔍 [正在处理] ANS_CO_692 | 启动 3WD 流水线...
2026-07-25 02:23:49 | INFO     | 📢 [总进度] 32/86 份试卷已归档。
2026-07-25 02:24:59 | INFO     | ✅ [批改完成] ANS_CO_692 | 路由: BND | 最终分: 17.2 | 风险: P0.04/U0.06/F0.00/H0/L0 | 提取质量: 🟢high | 留白率: 0% | 低质量率: 0%
2026-07-25 02:24:59 | INFO     | 
🔍 [正在处理] ANS_CO_693 | 启动 3WD 流水线...
2026-07-25 02:24:59 | INFO     | 📢 [总进度] 33/86 份试卷已归档。
2026-07-25 02:25:04 | INFO     | ✅ [批改完成] ANS_CO_689 | 路由: BND | 最终分: 18.2 | 风险: P0.00/U0.07/F0.00/H0/L0 | 提取质量: 🟢high | 留白率: 0% | 低质量率: 0%
2026-07-25 02:25:04 | INFO     | 
🔍 [正在处理] ANS_CO_695 | 启动 3WD 流水线...
2026-07-25 02:25:04 | INFO     | 📢 [总进度] 34/86 份试卷已归档。
2026-07-25 02:25:30 | INFO     | ✅ [批改完成] ANS_CO_693 | 路由: BND | 最终分: 10.0 | 风险: P0.00/U0.11/F0.20/H0/L1 | 提取质量: 🟢high | 留白率: 0% | 低质量率: 0%
2026-07-25 02:25:30 | INFO     | 
🔍 [正在处理] ANS_CO_696 | 启动 3WD 流水线...
2026-07-25 02:25:30 | INFO     | 📢 [总进度] 35/86 份试卷已归档。
2026-07-25 02:25:43 | INFO     | ✅ [批改完成] ANS_CO_695 | 路由: BND | 最终分: 15.0 | 风险: P0.00/U0.04/F0.00/H0/L0 | 提取质量: 🟢high | 留白率: 0% | 低质量率: 0%
2026-07-25 02:25:43 | INFO     | 
🔍 [正在处理] ANS_CO_697 | 启动 3WD 流水线...
2026-07-25 02:25:43 | INFO     | 📢 [总进度] 36/86 份试卷已归档。
2026-07-25 02:25:55 | INFO     | ✅ [批改完成] ANS_CO_696 | 路由: POS | 最终分: 20.0 | 风险: P0.00/U0.00/F0.00/H0/L0 | 提取质量: 🟢high | 留白率: 0% | 低质量率: 0%
2026-07-25 02:25:55 | INFO     | 
🔍 [正在处理] ANS_CO_698 | 启动 3WD 流水线...
2026-07-25 02:25:55 | INFO     | 📢 [总进度] 37/86 份试卷已归档。
2026-07-25 02:26:14 | INFO     | ✅ [批改完成] ANS_CO_697 | 路由: POS | 最终分: 10.0 | 风险: P0.00/U0.00/F0.10/H0/L1 | 提取质量: 🟢high | 留白率: 0% | 低质量率: 0%
2026-07-25 02:26:14 | INFO     | 
🔍 [正在处理] ANS_CO_699 | 启动 3WD 流水线...
2026-07-25 02:26:14 | INFO     | 📢 [总进度] 38/86 份试卷已归档。
2026-07-25 02:26:31 | INFO     | ✅ [批改完成] ANS_CO_698 | 路由: BND | 最终分: 1.8 | 风险: P0.23/U0.03/F0.30/H0/L1 | 提取质量: 🟢high | 留白率: 29% | 低质量率: 0%
2026-07-25 02:26:31 | INFO     | 
🔍 [正在处理] ANS_CO_700 | 启动 3WD 流水线...
2026-07-25 02:26:31 | INFO     | 📢 [总进度] 39/86 份试卷已归档。
2026-07-25 02:26:41 | INFO     | ✅ [批改完成] ANS_CO_699 | 路由: NEG | 最终分: 0 | 风险: P0.80/U0.00/F0.00/H0/L0 | 提取质量: 🟡low | 留白率: 100% | 低质量率: 0%
2026-07-25 02:26:41 | INFO     | 
🔍 [正在处理] ANS_CO_701 | 启动 3WD 流水线...
2026-07-25 02:26:41 | INFO     | 📢 [总进度] 40/86 份试卷已归档 [NEG-拒绝]。
2026-07-25 02:27:01 | INFO     | ✅ [批改完成] ANS_CO_700 | 路由: POS | 最终分: 9.8 | 风险: P0.00/U0.01/F0.25/H0/L1 | 提取质量: 🟢high | 留白率: 0% | 低质量率: 0%
2026-07-25 02:27:01 | INFO     | 
🔍 [正在处理] ANS_CO_702 | 启动 3WD 流水线...
2026-07-25 02:27:01 | INFO     | 📢 [总进度] 41/86 份试卷已归档。
2026-07-25 02:27:14 | INFO     | ✅ [批改完成] ANS_CO_701 | 路由: BND | 最终分: 1.5 | 风险: P0.57/U0.00/F0.00/H0/L0 | 提取质量: 🟡low | 留白率: 71% | 低质量率: 0%
2026-07-25 02:27:14 | INFO     | 
🔍 [正在处理] ANS_CO_703 | 启动 3WD 流水线...
2026-07-25 02:27:14 | INFO     | 📢 [总进度] 42/86 份试卷已归档。
2026-07-25 02:27:29 | INFO     | ✅ [批改完成] ANS_CO_702 | 路由: BND | 最终分: 4.7 | 风险: P0.23/U0.12/F0.00/H0/L1 | 提取质量: 🟢high | 留白率: 29% | 低质量率: 0%
2026-07-25 02:27:29 | INFO     | 
🔍 [正在处理] ANS_CO_704 | 启动 3WD 流水线...
2026-07-25 02:27:29 | INFO     | 📢 [总进度] 43/86 份试卷已归档。
2026-07-25 02:27:53 | INFO     | ✅ [批改完成] ANS_CO_704 | 路由: BND | 最终分: 0 | 风险: P0.57/U0.00/F0.50/H0/L0 | 提取质量: 🟡low | 留白率: 71% | 低质量率: 0%
2026-07-25 02:27:53 | INFO     | 
🔍 [正在处理] ANS_CO_706 | 启动 3WD 流水线...
2026-07-25 02:27:53 | INFO     | 📢 [总进度] 44/86 份试卷已归档。
2026-07-25 02:28:07 | INFO     | ✅ [批改完成] ANS_CO_703 | 路由: POS | 最终分: 6.5 | 风险: P0.00/U0.04/F0.35/H0/L1 | 提取质量: 🟢high | 留白率: 0% | 低质量率: 0%
2026-07-25 02:28:07 | INFO     | 
🔍 [正在处理] ANS_CO_708 | 启动 3WD 流水线...
2026-07-25 02:28:07 | INFO     | 📢 [总进度] 45/86 份试卷已归档。
2026-07-25 02:28:14 | INFO     | ✅ [批改完成] ANS_CO_706 | 路由: POS | 最终分: 8.7 | 风险: P0.00/U0.05/F0.60/H0/L1 | 提取质量: 🟢high | 留白率: 0% | 低质量率: 0%
2026-07-25 02:28:14 | INFO     | 
🔍 [正在处理] ANS_CO_709 | 启动 3WD 流水线...
2026-07-25 02:28:14 | INFO     | 📢 [总进度] 46/86 份试卷已归档。
2026-07-25 02:28:33 | INFO     | ✅ [批改完成] ANS_CO_708 | 路由: BND | 最终分: 10.0 | 风险: P0.20/U0.00/F0.00/H0/L1 | 提取质量: 🟢high | 留白率: 14% | 低质量率: 0%
2026-07-25 02:28:33 | INFO     | 
🔍 [正在处理] ANS_CO_710 | 启动 3WD 流水线...
2026-07-25 02:28:33 | INFO     | 📢 [总进度] 47/86 份试卷已归档。
2026-07-25 02:29:03 | INFO     | ✅ [批改完成] ANS_CO_709 | 路由: POS | 最终分: 15.5 | 风险: P0.00/U0.02/F0.00/H0/L0 | 提取质量: 🟢high | 留白率: 0% | 低质量率: 0%
2026-07-25 02:29:03 | INFO     | 
🔍 [正在处理] ANS_CO_711 | 启动 3WD 流水线...
2026-07-25 02:29:03 | INFO     | 📢 [总进度] 48/86 份试卷已归档。
2026-07-25 02:29:20 | INFO     | ✅ [批改完成] ANS_CO_710 | 路由: POS | 最终分: 20.0 | 风险: P0.00/U0.00/F0.00/H0/L0 | 提取质量: 🟢high | 留白率: 0% | 低质量率: 0%
2026-07-25 02:29:20 | INFO     | 
🔍 [正在处理] ANS_CO_712 | 启动 3WD 流水线...
2026-07-25 02:29:20 | INFO     | 📢 [总进度] 49/86 份试卷已归档。
2026-07-25 02:29:59 | INFO     | ✅ [批改完成] ANS_CO_711 | 路由: BND | 最终分: 13.45 | 风险: P0.00/U0.08/F0.00/H0/L0 | 提取质量: 🟢high | 留白率: 0% | 低质量率: 0%
2026-07-25 02:29:59 | INFO     | 
🔍 [正在处理] ANS_CO_713 | 启动 3WD 流水线...
2026-07-25 02:29:59 | INFO     | 📢 [总进度] 50/86 份试卷已归档。
2026-07-25 02:30:31 | INFO     | ✅ [批改完成] ANS_CO_712 | 路由: BND | 最终分: 6.3 | 风险: P0.00/U0.09/F0.30/H0/L1 | 提取质量: 🟢high | 留白率: 0% | 低质量率: 0%
2026-07-25 02:30:31 | INFO     | 
🔍 [正在处理] ANS_CO_714 | 启动 3WD 流水线...
2026-07-25 02:30:31 | INFO     | 📢 [总进度] 51/86 份试卷已归档。
2026-07-25 02:30:52 | INFO     | ✅ [批改完成] ANS_CO_714 | 路由: POS | 最终分: 13.3 | 风险: P0.00/U0.05/F0.00/H0/L0 | 提取质量: 🟢high | 留白率: 0% | 低质量率: 0%
2026-07-25 02:30:52 | INFO     | 
🔍 [正在处理] ANS_CO_715 | 启动 3WD 流水线...
2026-07-25 02:30:52 | INFO     | 📢 [总进度] 52/86 份试卷已归档。
2026-07-25 02:31:19 | INFO     | ✅ [批改完成] ANS_CO_713 | 路由: BND | 最终分: 18.0 | 风险: P0.00/U0.08/F0.00/H0/L0 | 提取质量: 🟢high | 留白率: 0% | 低质量率: 0%
2026-07-25 02:31:19 | INFO     | 
🔍 [正在处理] ANS_CO_717 | 启动 3WD 流水线...
2026-07-25 02:31:19 | INFO     | 📢 [总进度] 53/86 份试卷已归档。
2026-07-25 02:31:39 | INFO     | ✅ [批改完成] ANS_CO_715 | 路由: POS | 最终分: 19.5 | 风险: P0.00/U0.02/F0.00/H0/L0 | 提取质量: 🟢high | 留白率: 0% | 低质量率: 0%
2026-07-25 02:31:39 | INFO     | 
🔍 [正在处理] ANS_CO_718 | 启动 3WD 流水线...
2026-07-25 02:31:39 | INFO     | 📢 [总进度] 54/86 份试卷已归档。
2026-07-25 02:31:53 | INFO     | ✅ [批改完成] ANS_CO_717 | 路由: BND | 最终分: 17.7 | 风险: P0.00/U0.10/F0.00/H0/L0 | 提取质量: 🟢high | 留白率: 0% | 低质量率: 0%
2026-07-25 02:31:53 | INFO     | 
🔍 [正在处理] ANS_CO_719 | 启动 3WD 流水线...
2026-07-25 02:31:53 | INFO     | 📢 [总进度] 55/86 份试卷已归档。
2026-07-25 02:32:11 | INFO     | ✅ [批改完成] ANS_CO_718 | 路由: BND | 最终分: 13.3 | 风险: P0.00/U0.05/F0.10/H0/L0 | 提取质量: 🟢high | 留白率: 0% | 低质量率: 0%
2026-07-25 02:32:11 | INFO     | 
🔍 [正在处理] ANS_CO_720 | 启动 3WD 流水线...
2026-07-25 02:32:11 | INFO     | 📢 [总进度] 56/86 份试卷已归档。
2026-07-25 02:32:22 | INFO     | ✅ [批改完成] ANS_CO_719 | 路由: BND | 最终分: 10.3 | 风险: P0.11/U0.02/F0.25/H0/L1 | 提取质量: 🟢high | 留白率: 14% | 低质量率: 0%
2026-07-25 02:32:22 | INFO     | 
🔍 [正在处理] ANS_CO_721 | 启动 3WD 流水线...
2026-07-25 02:32:22 | INFO     | 📢 [总进度] 57/86 份试卷已归档。
2026-07-25 02:32:56 | INFO     | ✅ [批改完成] ANS_CO_721 | 路由: BND | 最终分: 11.8 | 风险: P0.11/U0.10/F0.00/H0/L1 | 提取质量: 🟢high | 留白率: 14% | 低质量率: 0%
2026-07-25 02:32:56 | INFO     | 
🔍 [正在处理] ANS_CO_722 | 启动 3WD 流水线...
2026-07-25 02:32:56 | INFO     | 📢 [总进度] 58/86 份试卷已归档。
2026-07-25 02:33:06 | INFO     | ✅ [批改完成] ANS_CO_720 | 路由: BND | 最终分: 14.0 | 风险: P0.00/U0.09/F0.00/H0/L0 | 提取质量: 🟢high | 留白率: 0% | 低质量率: 0%
2026-07-25 02:33:06 | INFO     | 
🔍 [正在处理] ANS_CO_723 | 启动 3WD 流水线...
2026-07-25 02:33:06 | INFO     | 📢 [总进度] 59/86 份试卷已归档。
2026-07-25 02:33:27 | INFO     | ✅ [批改完成] ANS_CO_722 | 路由: BND | 最终分: 14.2 | 风险: P0.00/U0.07/F0.00/H0/L0 | 提取质量: 🟢high | 留白率: 0% | 低质量率: 0%
2026-07-25 02:33:27 | INFO     | 
🔍 [正在处理] ANS_CO_724 | 启动 3WD 流水线...
2026-07-25 02:33:27 | INFO     | 📢 [总进度] 60/86 份试卷已归档。
2026-07-25 02:33:37 | INFO     | ✅ [批改完成] ANS_CO_723 | 路由: POS | 最终分: 17.5 | 风险: P0.00/U0.02/F0.00/H0/L0 | 提取质量: 🟢high | 留白率: 0% | 低质量率: 0%
2026-07-25 02:33:37 | INFO     | 
🔍 [正在处理] ANS_CO_725 | 启动 3WD 流水线...
2026-07-25 02:33:37 | INFO     | 📢 [总进度] 61/86 份试卷已归档。
2026-07-25 02:34:29 | INFO     | ✅ [批改完成] ANS_CO_725 | 路由: BND | 最终分: 4.0 | 风险: P0.09/U0.00/F0.00/H0/L1 | 提取质量: 🟢high | 留白率: 0% | 低质量率: 0%
2026-07-25 02:34:29 | INFO     | 
🔍 [正在处理] ANS_CO_727 | 启动 3WD 流水线...
2026-07-25 02:34:29 | INFO     | 📢 [总进度] 62/86 份试卷已归档。
2026-07-25 02:34:46 | INFO     | ✅ [批改完成] ANS_CO_724 | 路由: BND | 最终分: 14.7 | 风险: P0.09/U0.25/F0.00/H0/L0 | 提取质量: 🟢high | 留白率: 0% | 低质量率: 0%
2026-07-25 02:34:46 | INFO     | 
🔍 [正在处理] ANS_CO_730 | 启动 3WD 流水线...
2026-07-25 02:34:46 | INFO     | 📢 [总进度] 63/86 份试卷已归档。
2026-07-25 02:34:57 | INFO     | ✅ [批改完成] ANS_CO_727 | 路由: BND | 最终分: 1.25 | 风险: P0.34/U0.04/F0.00/H0/L0 | 提取质量: 🟢high | 留白率: 43% | 低质量率: 0%
2026-07-25 02:34:57 | INFO     | 
🔍 [正在处理] ANS_CO_731 | 启动 3WD 流水线...
2026-07-25 02:34:57 | INFO     | 📢 [总进度] 64/86 份试卷已归档。
2026-07-25 02:35:21 | INFO     | ✅ [批改完成] ANS_CO_731 | 路由: BND | 最终分: 5.7 | 风险: P0.20/U0.06/F0.00/H0/L1 | 提取质量: 🟢high | 留白率: 14% | 低质量率: 0%
2026-07-25 02:35:21 | INFO     | 
🔍 [正在处理] ANS_CO_732 | 启动 3WD 流水线...
2026-07-25 02:35:21 | INFO     | 📢 [总进度] 65/86 份试卷已归档。
2026-07-25 02:35:53 | INFO     | ✅ [批改完成] ANS_CO_732 | 路由: BND | 最终分: 12.5 | 风险: P0.00/U0.24/F0.00/H0/L0 | 提取质量: 🟢high | 留白率: 0% | 低质量率: 0%
2026-07-25 02:35:53 | INFO     | 
🔍 [正在处理] ANS_CO_735 | 启动 3WD 流水线...
2026-07-25 02:35:53 | INFO     | 📢 [总进度] 66/86 份试卷已归档。
2026-07-25 02:35:55 | INFO     | ✅ [批改完成] ANS_CO_730 | 路由: BND | 最终分: 14.3 | 风险: P0.04/U0.12/F0.00/H0/L0 | 提取质量: 🟢high | 留白率: 0% | 低质量率: 0%
2026-07-25 02:35:55 | INFO     | 
🔍 [正在处理] ANS_CO_737 | 启动 3WD 流水线...
2026-07-25 02:35:55 | INFO     | 📢 [总进度] 67/86 份试卷已归档。
2026-07-25 02:36:20 | INFO     | ✅ [批改完成] ANS_CO_737 | 路由: POS | 最终分: 13.0 | 风险: P0.00/U0.04/F0.00/H0/L0 | 提取质量: 🟢high | 留白率: 0% | 低质量率: 0%
2026-07-25 02:36:20 | INFO     | 
🔍 [正在处理] ANS_CO_738 | 启动 3WD 流水线...
2026-07-25 02:36:20 | INFO     | 📢 [总进度] 68/86 份试卷已归档。
2026-07-25 02:36:25 | INFO     | ✅ [批改完成] ANS_CO_735 | 路由: BND | 最终分: 18.7 | 风险: P0.00/U0.13/F0.00/H0/L0 | 提取质量: 🟢high | 留白率: 0% | 低质量率: 0%
2026-07-25 02:36:25 | INFO     | 
🔍 [正在处理] ANS_CO_740 | 启动 3WD 流水线...
2026-07-25 02:36:25 | INFO     | 📢 [总进度] 69/86 份试卷已归档。
2026-07-25 02:36:53 | INFO     | ✅ [批改完成] ANS_CO_740 | 路由: BND | 最终分: 1.75 | 风险: P0.34/U0.07/F0.60/H0/L0 | 提取质量: 🟢high | 留白率: 43% | 低质量率: 0%
2026-07-25 02:36:53 | INFO     | 
🔍 [正在处理] ANS_CO_741 | 启动 3WD 流水线...
2026-07-25 02:36:53 | INFO     | 📢 [总进度] 70/86 份试卷已归档。
2026-07-25 02:37:04 | INFO     | ✅ [批改完成] ANS_CO_738 | 路由: POS | 最终分: 19.0 | 风险: P0.00/U0.04/F0.00/H0/L0 | 提取质量: 🟢high | 留白率: 0% | 低质量率: 0%
2026-07-25 02:37:04 | INFO     | 
🔍 [正在处理] ANS_CO_742 | 启动 3WD 流水线...
2026-07-25 02:37:04 | INFO     | 📢 [总进度] 71/86 份试卷已归档。
2026-07-25 02:37:30 | INFO     | ✅ [批改完成] ANS_CO_742 | 路由: POS | 最终分: 6.0 | 风险: P0.11/U0.00/F0.10/H0/L1 | 提取质量: 🟢high | 留白率: 14% | 低质量率: 0%
2026-07-25 02:37:30 | INFO     | 
🔍 [正在处理] ANS_CO_743 | 启动 3WD 流水线...
2026-07-25 02:37:30 | INFO     | 📢 [总进度] 72/86 份试卷已归档。
2026-07-25 02:37:50 | INFO     | ✅ [批改完成] ANS_CO_741 | 路由: BND | 最终分: 13.07 | 风险: P0.20/U0.06/F0.00/H0/L0 | 提取质量: 🟢high | 留白率: 14% | 低质量率: 0%
2026-07-25 02:37:50 | INFO     | 
🔍 [正在处理] ANS_CO_747 | 启动 3WD 流水线...
2026-07-25 02:37:50 | INFO     | 📢 [总进度] 73/86 份试卷已归档。
2026-07-25 02:37:53 | INFO     | ✅ [批改完成] ANS_CO_743 | 路由: BND | 最终分: 0 | 风险: P0.57/U0.00/F0.20/H0/L0 | 提取质量: 🟡low | 留白率: 71% | 低质量率: 0%
2026-07-25 02:37:53 | INFO     | 
🔍 [正在处理] ANS_CO_748 | 启动 3WD 流水线...
2026-07-25 02:37:53 | INFO     | 📢 [总进度] 74/86 份试卷已归档。
2026-07-25 02:38:20 | INFO     | ✅ [批改完成] ANS_CO_748 | 路由: BND | 最终分: 10.3 | 风险: P0.11/U0.06/F0.00/H0/L1 | 提取质量: 🟢high | 留白率: 14% | 低质量率: 0%
2026-07-25 02:38:20 | INFO     | 
🔍 [正在处理] ANS_CO_751 | 启动 3WD 流水线...
2026-07-25 02:38:20 | INFO     | 📢 [总进度] 75/86 份试卷已归档。
2026-07-25 02:38:22 | INFO     | ✅ [批改完成] ANS_CO_747 | 路由: BND | 最终分: 0 | 风险: P0.00/U0.05/F0.50/H0/L1 | 提取质量: 🟢high | 留白率: 0% | 低质量率: 0%
2026-07-25 02:38:22 | INFO     | 
🔍 [正在处理] ANS_CO_752 | 启动 3WD 流水线...
2026-07-25 02:38:22 | INFO     | 📢 [总进度] 76/86 份试卷已归档。
2026-07-25 02:38:54 | INFO     | ✅ [批改完成] ANS_CO_751 | 路由: BND | 最终分: 4.2 | 风险: P0.16/U0.05/F0.45/H0/L1 | 提取质量: 🟢high | 留白率: 14% | 低质量率: 0%
2026-07-25 02:38:54 | INFO     | 
🔍 [正在处理] ANS_CO_753 | 启动 3WD 流水线...
2026-07-25 02:38:54 | INFO     | 📢 [总进度] 77/86 份试卷已归档。
2026-07-25 02:39:10 | INFO     | ✅ [批改完成] ANS_CO_752 | 路由: BND | 最终分: 14.8 | 风险: P0.11/U0.04/F0.00/H0/L0 | 提取质量: 🟢high | 留白率: 14% | 低质量率: 0%
2026-07-25 02:39:10 | INFO     | 
🔍 [正在处理] ANS_CO_754 | 启动 3WD 流水线...
2026-07-25 02:39:10 | INFO     | 📢 [总进度] 78/86 份试卷已归档。
2026-07-25 02:39:19 | INFO     | ✅ [批改完成] ANS_CO_753 | 路由: BND | 最终分: 7.7 | 风险: P0.11/U0.05/F0.35/H0/L1 | 提取质量: 🟢high | 留白率: 14% | 低质量率: 0%
2026-07-25 02:39:19 | INFO     | 
🔍 [正在处理] ANS_CO_755 | 启动 3WD 流水线...
2026-07-25 02:39:19 | INFO     | 📢 [总进度] 79/86 份试卷已归档。
2026-07-25 02:39:45 | INFO     | ✅ [批改完成] ANS_CO_755 | 路由: BND | 最终分: 12.3 | 风险: P0.00/U0.10/F0.00/H0/L0 | 提取质量: 🟢high | 留白率: 0% | 低质量率: 0%
2026-07-25 02:39:45 | INFO     | 
🔍 [正在处理] ANS_CO_756 | 启动 3WD 流水线...
2026-07-25 02:39:45 | INFO     | 📢 [总进度] 80/86 份试卷已归档。
2026-07-25 02:39:58 | INFO     | ✅ [批改完成] ANS_CO_754 | 路由: POS | 最终分: 19.8 | 风险: P0.09/U0.01/F0.00/H0/L0 | 提取质量: 🟢high | 留白率: 0% | 低质量率: 0%
2026-07-25 02:39:58 | INFO     | 
🔍 [正在处理] ANS_CO_757 | 启动 3WD 流水线...
2026-07-25 02:39:58 | INFO     | 📢 [总进度] 81/86 份试卷已归档。
2026-07-25 02:40:12 | INFO     | ✅ [批改完成] ANS_CO_756 | 路由: POS | 最终分: 12.0 | 风险: P0.00/U0.00/F0.00/H0/L1 | 提取质量: 🟢high | 留白率: 0% | 低质量率: 0%
2026-07-25 02:40:12 | INFO     | 
🔍 [正在处理] ANS_CO_758 | 启动 3WD 流水线...
2026-07-25 02:40:12 | INFO     | 📢 [总进度] 82/86 份试卷已归档。
2026-07-25 02:40:22 | INFO     | ✅ [批改完成] ANS_CO_757 | 路由: NEG | 最终分: 0 | 风险: P0.80/U0.00/F0.00/H0/L0 | 提取质量: 🟡low | 留白率: 100% | 低质量率: 0%
2026-07-25 02:40:22 | INFO     | 
🔍 [正在处理] ANS_CO_759 | 启动 3WD 流水线...
2026-07-25 02:40:22 | INFO     | 📢 [总进度] 83/86 份试卷已归档 [NEG-拒绝]。
2026-07-25 02:40:40 | INFO     | ✅ [批改完成] ANS_CO_758 | 路由: BND | 最终分: 3.7 | 风险: P0.11/U0.05/F0.55/H0/L1 | 提取质量: 🟢high | 留白率: 14% | 低质量率: 0%
2026-07-25 02:40:40 | INFO     | 
🔍 [正在处理] ANS_CO_760 | 启动 3WD 流水线...
2026-07-25 02:40:40 | INFO     | 📢 [总进度] 84/86 份试卷已归档。
2026-07-25 02:41:14 | INFO     | ✅ [批改完成] ANS_CO_759 | 路由: BND | 最终分: 19.3 | 风险: P0.09/U0.05/F0.00/H0/L0 | 提取质量: 🟢high | 留白率: 0% | 低质量率: 0%
2026-07-25 02:41:14 | INFO     | 📢 [总进度] 85/86 份试卷已归档。
2026-07-25 02:41:33 | INFO     | ✅ [批改完成] ANS_CO_760 | 路由: POS | 最终分: 19.7 | 风险: P0.00/U0.02/F0.00/H0/L0 | 提取质量: 🟢high | 留白率: 0% | 低质量率: 0%
2026-07-25 02:41:33 | INFO     | 📢 [总进度] 86/86 份试卷已归档。
2026-07-25 02:41:34 | INFO     | 🗂️ 所有线程交卷完毕，正在整理数据... (共收集 86/86 份结果)
2026-07-25 02:41:34 | INFO     | 💾 正常批改结果已保存: D:\users\王鑫020420\Desktop\refgrader-main\results_runs\csbench_co1_co2_co3_co4_co5_co6_co7_all\runs\teacher_audit_all7_20260725_000621\CO_4_graded_results.json (84 人)
2026-07-25 02:41:34 | INFO     | 🛑 拒绝域结果已单独保存: D:\users\王鑫020420\Desktop\refgrader-main\results_runs\csbench_co1_co2_co3_co4_co5_co6_co7_all\runs\teacher_audit_all7_20260725_000621\CO_4_rejected.json (2 人)
2026-07-25 02:41:34 | INFO     | [result consistency] CO_4: checkpoint=86, graded=84, rejected=2, failed=0, expected=86
2026-07-25 02:41:34 | INFO     | 
🚀 [标准模式] 开始处理: CO_5
2026-07-25 02:41:34 | INFO     | ⚡ 已加载本地标准: D:\users\王鑫020420\Desktop\refgrader-main\data\csbench\rubrics\optimized\CO\CO_5_rubric_standard.json
2026-07-25 02:41:37 | INFO     | ⚡ 脱敏清单已预生成，107 名学生共享复用。
2026-07-25 02:41:37 | INFO     | 🏃 开始批改 107 张试卷 (⚡ 开启多线程模式)...
2026-07-25 02:41:37 | INFO     | 
🔍 [正在处理] ANS_CO_258 | 启动 3WD 流水线...
2026-07-25 02:41:37 | INFO     | 
🔍 [正在处理] ANS_CO_259 | 启动 3WD 流水线...
2026-07-25 02:41:37 | INFO     | ⏳ [主线程] 已提交 107 个任务，等待结果回收...
2026-07-25 02:41:53 | INFO     | ✅ [批改完成] ANS_CO_258 | 路由: POS | 最终分: 0 | 风险: P0.00/U0.00/F1.00/H0/L1 | 提取质量: 🟢high | 留白率: 0% | 低质量率: 0%
2026-07-25 02:41:53 | INFO     | 
🔍 [正在处理] ANS_CO_260 | 启动 3WD 流水线...
2026-07-25 02:41:53 | INFO     | 📢 [总进度] 1/107 份试卷已归档。
2026-07-25 02:41:57 | INFO     | ✅ [批改完成] ANS_CO_259 | 路由: BND | 最终分: 10.4 | 风险: P0.00/U0.10/F0.00/H0/L0 | 提取质量: 🟢high | 留白率: 0% | 低质量率: 0%
2026-07-25 02:41:57 | INFO     | 
🔍 [正在处理] ANS_CO_261 | 启动 3WD 流水线...
2026-07-25 02:41:57 | INFO     | 📢 [总进度] 2/107 份试卷已归档。
2026-07-25 02:42:16 | INFO     | ✅ [批改完成] ANS_CO_261 | 路由: BND | 最终分: 1.7 | 风险: P0.20/U0.04/F0.33/H0/L1 | 提取质量: 🟢high | 留白率: 25% | 低质量率: 0%
2026-07-25 02:42:16 | INFO     | 
🔍 [正在处理] ANS_CO_262 | 启动 3WD 流水线...
2026-07-25 02:42:16 | INFO     | 📢 [总进度] 3/107 份试卷已归档。
2026-07-25 02:42:38 | INFO     | ✅ [批改完成] ANS_CO_260 | 路由: BND | 最终分: 0 | 风险: P0.20/U0.00/F0.67/H0/L1 | 提取质量: 🟢high | 留白率: 25% | 低质量率: 0%
2026-07-25 02:42:38 | INFO     | 
🔍 [正在处理] ANS_CO_263 | 启动 3WD 流水线...
2026-07-25 02:42:38 | INFO     | 📢 [总进度] 4/107 份试卷已归档。
2026-07-25 02:42:39 | INFO     | ✅ [批改完成] ANS_CO_262 | 路由: BND | 最终分: 12.5 | 风险: P0.00/U0.24/F0.00/H0/L0 | 提取质量: 🟢high | 留白率: 0% | 低质量率: 0%
2026-07-25 02:42:39 | INFO     | 
🔍 [正在处理] ANS_CO_264 | 启动 3WD 流水线...
2026-07-25 02:42:39 | INFO     | 📢 [总进度] 5/107 份试卷已归档。
2026-07-25 02:42:55 | INFO     | ✅ [批改完成] ANS_CO_263 | 路由: POS | 最终分: 12.9 | 风险: P0.00/U0.04/F0.00/H0/L0 | 提取质量: 🟢high | 留白率: 0% | 低质量率: 0%
2026-07-25 02:42:55 | INFO     | 
🔍 [正在处理] ANS_CO_265 | 启动 3WD 流水线...
2026-07-25 02:42:55 | INFO     | 📢 [总进度] 6/107 份试卷已归档。
2026-07-25 02:42:57 | INFO     | ✅ [批改完成] ANS_CO_264 | 路由: POS | 最终分: 15.0 | 风险: P0.00/U0.00/F0.00/H0/L0 | 提取质量: 🟢high | 留白率: 0% | 低质量率: 0%
2026-07-25 02:42:57 | INFO     | 
🔍 [正在处理] ANS_CO_267 | 启动 3WD 流水线...
2026-07-25 02:42:57 | INFO     | 📢 [总进度] 7/107 份试卷已归档。
2026-07-25 02:43:16 | INFO     | ✅ [批改完成] ANS_CO_265 | 路由: BND | 最终分: 10.8 | 风险: P0.00/U0.28/F0.00/H0/L0 | 提取质量: 🟢high | 留白率: 0% | 低质量率: 0%
2026-07-25 02:43:16 | INFO     | 
🔍 [正在处理] ANS_CO_268 | 启动 3WD 流水线...
2026-07-25 02:43:16 | INFO     | 📢 [总进度] 8/107 份试卷已归档。
2026-07-25 02:43:32 | INFO     | ✅ [批改完成] ANS_CO_268 | 路由: POS | 最终分: 0.4 | 风险: P0.00/U0.04/F1.00/H0/L1 | 提取质量: 🟢high | 留白率: 0% | 低质量率: 0%
2026-07-25 02:43:32 | INFO     | 
🔍 [正在处理] ANS_CO_269 | 启动 3WD 流水线...
2026-07-25 02:43:32 | INFO     | 📢 [总进度] 9/107 份试卷已归档。
2026-07-25 02:43:42 | INFO     | ✅ [批改完成] ANS_CO_267 | 路由: POS | 最终分: 15.0 | 风险: P0.00/U0.00/F0.00/H0/L0 | 提取质量: 🟢high | 留白率: 0% | 低质量率: 0%
2026-07-25 02:43:42 | INFO     | 
🔍 [正在处理] ANS_CO_270 | 启动 3WD 流水线...
2026-07-25 02:43:42 | INFO     | 📢 [总进度] 10/107 份试卷已归档。
2026-07-25 02:44:00 | INFO     | ✅ [批改完成] ANS_CO_270 | 路由: POS | 最终分: 0.8 | 风险: P0.00/U0.04/F0.83/H0/L1 | 提取质量: 🟢high | 留白率: 0% | 低质量率: 0%
2026-07-25 02:44:00 | INFO     | 
🔍 [正在处理] ANS_CO_271 | 启动 3WD 流水线...
2026-07-25 02:44:00 | INFO     | 📢 [总进度] 11/107 份试卷已归档。
2026-07-25 02:44:18 | INFO     | ✅ [批改完成] ANS_CO_271 | 路由: POS | 最终分: 0 | 风险: P0.00/U0.00/F1.00/H0/L1 | 提取质量: 🟢high | 留白率: 0% | 低质量率: 0%
2026-07-25 02:44:18 | INFO     | 
🔍 [正在处理] ANS_CO_272 | 启动 3WD 流水线...
2026-07-25 02:44:18 | INFO     | 📢 [总进度] 12/107 份试卷已归档。
2026-07-25 02:44:34 | INFO     | ✅ [批改完成] ANS_CO_272 | 路由: POS | 最终分: 14.6 | 风险: P0.00/U0.04/F0.00/H0/L0 | 提取质量: 🟢high | 留白率: 0% | 低质量率: 0%
2026-07-25 02:44:34 | INFO     | 
🔍 [正在处理] ANS_CO_273 | 启动 3WD 流水线...
2026-07-25 02:44:34 | INFO     | 📢 [总进度] 13/107 份试卷已归档。
2026-07-25 02:44:48 | INFO     | ✅ [批改完成] ANS_CO_269 | 路由: BND | 最终分: 7.1 | 风险: P0.00/U0.14/F0.33/H0/L1 | 提取质量: 🟢high | 留白率: 0% | 低质量率: 0%
2026-07-25 02:44:48 | INFO     | 
🔍 [正在处理] ANS_CO_274 | 启动 3WD 流水线...
2026-07-25 02:44:48 | INFO     | 📢 [总进度] 14/107 份试卷已归档。
2026-07-25 02:44:51 | INFO     | ✅ [批改完成] ANS_CO_273 | 路由: POS | 最终分: 0 | 风险: P0.00/U0.00/F1.00/H0/L1 | 提取质量: 🟢high | 留白率: 0% | 低质量率: 0%
2026-07-25 02:44:51 | INFO     | 
🔍 [正在处理] ANS_CO_275 | 启动 3WD 流水线...
2026-07-25 02:44:51 | INFO     | 📢 [总进度] 15/107 份试卷已归档。
2026-07-25 02:45:30 | INFO     | ✅ [批改完成] ANS_CO_274 | 路由: BND | 最终分: 2.1 | 风险: P0.00/U0.08/F0.67/H0/L1 | 提取质量: 🟢high | 留白率: 0% | 低质量率: 0%
2026-07-25 02:45:30 | INFO     | 
🔍 [正在处理] ANS_CO_276 | 启动 3WD 流水线...
2026-07-25 02:45:30 | INFO     | 📢 [总进度] 16/107 份试卷已归档。
2026-07-25 02:45:53 | INFO     | ✅ [批改完成] ANS_CO_275 | 路由: POS | 最终分: 14.6 | 风险: P0.00/U0.04/F0.00/H0/L0 | 提取质量: 🟢high | 留白率: 0% | 低质量率: 0%
2026-07-25 02:45:53 | INFO     | 
🔍 [正在处理] ANS_CO_277 | 启动 3WD 流水线...
2026-07-25 02:45:53 | INFO     | 📢 [总进度] 17/107 份试卷已归档。
2026-07-25 02:45:58 | INFO     | ✅ [批改完成] ANS_CO_276 | 路由: BND | 最终分: 7.9 | 风险: P0.00/U0.04/F0.33/H0/L1 | 提取质量: 🟢high | 留白率: 0% | 低质量率: 0%
2026-07-25 02:45:58 | INFO     | 
🔍 [正在处理] ANS_CO_278 | 启动 3WD 流水线...
2026-07-25 02:45:58 | INFO     | 📢 [总进度] 18/107 份试卷已归档。
2026-07-25 02:46:16 | INFO     | ✅ [批改完成] ANS_CO_278 | 路由: POS | 最终分: 14.6 | 风险: P0.00/U0.04/F0.00/H0/L0 | 提取质量: 🟢high | 留白率: 0% | 低质量率: 0%
2026-07-25 02:46:16 | INFO     | 
🔍 [正在处理] ANS_CO_279 | 启动 3WD 流水线...
2026-07-25 02:46:16 | INFO     | 📢 [总进度] 19/107 份试卷已归档。
2026-07-25 02:46:38 | INFO     | ✅ [批改完成] ANS_CO_279 | 路由: BND | 最终分: 4.83 | 风险: P0.00/U0.16/F0.33/H0/L1 | 提取质量: 🟢high | 留白率: 0% | 低质量率: 0%
2026-07-25 02:46:38 | INFO     | 
🔍 [正在处理] ANS_CO_280 | 启动 3WD 流水线...
2026-07-25 02:46:38 | INFO     | 📢 [总进度] 20/107 份试卷已归档。
2026-07-25 02:46:54 | INFO     | ✅ [批改完成] ANS_CO_280 | 路由: POS | 最终分: 0 | 风险: P0.20/U0.00/F0.83/H0/L1 | 提取质量: 🟢high | 留白率: 25% | 低质量率: 0%
2026-07-25 02:46:54 | INFO     | 
🔍 [正在处理] ANS_CO_281 | 启动 3WD 流水线...
2026-07-25 02:46:54 | INFO     | 📢 [总进度] 21/107 份试卷已归档。
2026-07-25 02:47:01 | INFO     | ✅ [批改完成] ANS_CO_277 | 路由: POS | 最终分: 0 | 风险: P0.00/U0.00/F1.00/H0/L1 | 提取质量: 🟢high | 留白率: 0% | 低质量率: 0%
2026-07-25 02:47:01 | INFO     | 
🔍 [正在处理] ANS_CO_282 | 启动 3WD 流水线...
2026-07-25 02:47:01 | INFO     | 📢 [总进度] 22/107 份试卷已归档。
2026-07-25 02:47:18 | INFO     | ✅ [批改完成] ANS_CO_282 | 路由: POS | 最终分: 14.6 | 风险: P0.00/U0.04/F0.00/H0/L0 | 提取质量: 🟢high | 留白率: 0% | 低质量率: 0%
2026-07-25 02:47:18 | INFO     | 
🔍 [正在处理] ANS_CO_283 | 启动 3WD 流水线...
2026-07-25 02:47:18 | INFO     | 📢 [总进度] 23/107 份试卷已归档。
2026-07-25 02:47:27 | INFO     | ✅ [批改完成] ANS_CO_281 | 路由: BND | 最终分: 15.0 | 风险: P0.00/U0.16/F0.00/H0/L0 | 提取质量: 🟢high | 留白率: 0% | 低质量率: 0%
2026-07-25 02:47:27 | INFO     | 
🔍 [正在处理] ANS_CO_284 | 启动 3WD 流水线...
2026-07-25 02:47:27 | INFO     | 📢 [总进度] 24/107 份试卷已归档。
2026-07-25 02:47:43 | INFO     | ✅ [批改完成] ANS_CO_284 | 路由: POS | 最终分: 15.0 | 风险: P0.00/U0.00/F0.00/H0/L0 | 提取质量: 🟢high | 留白率: 0% | 低质量率: 0%
2026-07-25 02:47:43 | INFO     | 
🔍 [正在处理] ANS_CO_285 | 启动 3WD 流水线...
2026-07-25 02:47:43 | INFO     | 📢 [总进度] 25/107 份试卷已归档。
2026-07-25 02:47:49 | INFO     | ✅ [批改完成] ANS_CO_283 | 路由: POS | 最终分: 15.0 | 风险: P0.00/U0.00/F0.00/H0/L0 | 提取质量: 🟢high | 留白率: 0% | 低质量率: 0%
2026-07-25 02:47:49 | INFO     | 
🔍 [正在处理] ANS_CO_286 | 启动 3WD 流水线...
2026-07-25 02:47:49 | INFO     | 📢 [总进度] 26/107 份试卷已归档。
2026-07-25 02:48:44 | INFO     | ✅ [批改完成] ANS_CO_286 | 路由: BND | 最终分: 7.8 | 风险: P0.00/U0.16/F0.00/H0/L0 | 提取质量: 🟢high | 留白率: 0% | 低质量率: 0%
2026-07-25 02:48:44 | INFO     | 
🔍 [正在处理] ANS_CO_287 | 启动 3WD 流水线...
2026-07-25 02:48:44 | INFO     | 📢 [总进度] 27/107 份试卷已归档。
2026-07-25 02:48:52 | INFO     | ✅ [批改完成] ANS_CO_285 | 路由: BND | 最终分: 12.1 | 风险: P0.00/U0.14/F0.00/H0/L0 | 提取质量: 🟢high | 留白率: 0% | 低质量率: 0%
2026-07-25 02:48:52 | INFO     | 
🔍 [正在处理] ANS_CO_288 | 启动 3WD 流水线...
2026-07-25 02:48:52 | INFO     | 📢 [总进度] 28/107 份试卷已归档。
2026-07-25 02:48:59 | INFO     | ✅ [批改完成] ANS_CO_287 | 路由: BND | 最终分: 0 | 风险: P0.40/U0.00/F0.67/H0/L0 | 提取质量: 🟡low | 留白率: 50% | 低质量率: 0%
2026-07-25 02:48:59 | INFO     | 
🔍 [正在处理] ANS_CO_289 | 启动 3WD 流水线...
2026-07-25 02:48:59 | INFO     | 📢 [总进度] 29/107 份试卷已归档。
2026-07-25 02:49:14 | INFO     | ✅ [批改完成] ANS_CO_289 | 路由: POS | 最终分: 0 | 风险: P0.00/U0.00/F1.00/H0/L1 | 提取质量: 🟢high | 留白率: 0% | 低质量率: 0%
2026-07-25 02:49:14 | INFO     | 
🔍 [正在处理] ANS_CO_290 | 启动 3WD 流水线...
2026-07-25 02:49:14 | INFO     | 📢 [总进度] 30/107 份试卷已归档。
2026-07-25 02:49:20 | INFO     | ✅ [批改完成] ANS_CO_288 | 路由: BND | 最终分: 9.8 | 风险: P0.00/U0.14/F0.00/H0/L0 | 提取质量: 🟢high | 留白率: 0% | 低质量率: 0%
2026-07-25 02:49:20 | INFO     | 
🔍 [正在处理] ANS_CO_291 | 启动 3WD 流水线...
2026-07-25 02:49:20 | INFO     | 📢 [总进度] 31/107 份试卷已归档。
2026-07-25 02:49:33 | INFO     | ✅ [批改完成] ANS_CO_290 | 路由: POS | 最终分: 15.0 | 风险: P0.00/U0.00/F0.00/H0/L0 | 提取质量: 🟢high | 留白率: 0% | 低质量率: 0%
2026-07-25 02:49:33 | INFO     | 
🔍 [正在处理] ANS_CO_292 | 启动 3WD 流水线...
2026-07-25 02:49:33 | INFO     | 📢 [总进度] 32/107 份试卷已归档。
2026-07-25 02:49:36 | INFO     | ✅ [批改完成] ANS_CO_291 | 路由: POS | 最终分: 2.8 | 风险: P0.00/U0.03/F0.83/H0/L1 | 提取质量: 🟢high | 留白率: 0% | 低质量率: 0%
2026-07-25 02:49:36 | INFO     | 
🔍 [正在处理] ANS_CO_293 | 启动 3WD 流水线...
2026-07-25 02:49:36 | INFO     | 📢 [总进度] 33/107 份试卷已归档。
2026-07-25 02:49:50 | INFO     | ✅ [批改完成] ANS_CO_292 | 路由: POS | 最终分: 14.6 | 风险: P0.00/U0.04/F0.00/H0/L0 | 提取质量: 🟢high | 留白率: 0% | 低质量率: 0%
2026-07-25 02:49:50 | INFO     | 
🔍 [正在处理] ANS_CO_294 | 启动 3WD 流水线...
2026-07-25 02:49:50 | INFO     | 📢 [总进度] 34/107 份试卷已归档。
2026-07-25 02:49:53 | INFO     | ✅ [批改完成] ANS_CO_293 | 路由: NEG | 最终分: 0 | 风险: P0.80/U0.00/F0.00/H0/L0 | 提取质量: 🟡low | 留白率: 100% | 低质量率: 0%
2026-07-25 02:49:53 | INFO     | 
🔍 [正在处理] ANS_CO_295 | 启动 3WD 流水线...
2026-07-25 02:49:53 | INFO     | 📢 [总进度] 35/107 份试卷已归档 [NEG-拒绝]。
2026-07-25 02:50:06 | INFO     | ✅ [批改完成] ANS_CO_294 | 路由: POS | 最终分: 0 | 风险: P0.00/U0.00/F1.00/H0/L1 | 提取质量: 🟢high | 留白率: 0% | 低质量率: 0%
2026-07-25 02:50:06 | INFO     | 
🔍 [正在处理] ANS_CO_296 | 启动 3WD 流水线...
2026-07-25 02:50:06 | INFO     | 📢 [总进度] 36/107 份试卷已归档。
2026-07-25 02:50:10 | INFO     | ✅ [批改完成] ANS_CO_295 | 路由: POS | 最终分: 0 | 风险: P0.00/U0.00/F1.00/H0/L1 | 提取质量: 🟢high | 留白率: 0% | 低质量率: 0%
2026-07-25 02:50:10 | INFO     | 
🔍 [正在处理] ANS_CO_298 | 启动 3WD 流水线...
2026-07-25 02:50:10 | INFO     | 📢 [总进度] 37/107 份试卷已归档。
2026-07-25 02:50:31 | INFO     | ✅ [批改完成] ANS_CO_298 | 路由: BND | 最终分: 0.4 | 风险: P0.40/U0.04/F0.50/H0/L0 | 提取质量: 🟡low | 留白率: 50% | 低质量率: 0%
2026-07-25 02:50:31 | INFO     | 
🔍 [正在处理] ANS_CO_299 | 启动 3WD 流水线...
2026-07-25 02:50:31 | INFO     | 📢 [总进度] 38/107 份试卷已归档。
2026-07-25 02:50:47 | INFO     | ✅ [批改完成] ANS_CO_296 | 路由: BND | 最终分: 7.9 | 风险: P0.00/U0.10/F0.33/H0/L1 | 提取质量: 🟢high | 留白率: 0% | 低质量率: 0%
2026-07-25 02:50:47 | INFO     | 
🔍 [正在处理] ANS_CO_300 | 启动 3WD 流水线...
2026-07-25 02:50:47 | INFO     | 📢 [总进度] 39/107 份试卷已归档。
2026-07-25 02:51:04 | INFO     | ✅ [批改完成] ANS_CO_299 | 路由: POS | 最终分: 0 | 风险: P0.00/U0.00/F1.00/H0/L1 | 提取质量: 🟢high | 留白率: 0% | 低质量率: 0%
2026-07-25 02:51:04 | INFO     | 
🔍 [正在处理] ANS_CO_301 | 启动 3WD 流水线...
2026-07-25 02:51:04 | INFO     | 📢 [总进度] 40/107 份试卷已归档。
2026-07-25 02:51:05 | INFO     | ✅ [批改完成] ANS_CO_300 | 路由: BND | 最终分: 0 | 风险: P0.40/U0.00/F0.67/H0/L0 | 提取质量: 🟡low | 留白率: 50% | 低质量率: 0%
2026-07-25 02:51:05 | INFO     | 
🔍 [正在处理] ANS_CO_302 | 启动 3WD 流水线...
2026-07-25 02:51:05 | INFO     | 📢 [总进度] 41/107 份试卷已归档。
2026-07-25 02:51:29 | INFO     | ✅ [批改完成] ANS_CO_301 | 路由: BND | 最终分: 0 | 风险: P0.00/U0.12/F1.00/H0/L1 | 提取质量: 🟢high | 留白率: 0% | 低质量率: 0%
2026-07-25 02:51:29 | INFO     | 
🔍 [正在处理] ANS_CO_304 | 启动 3WD 流水线...
2026-07-25 02:51:29 | INFO     | 📢 [总进度] 42/107 份试卷已归档。
2026-07-25 02:51:32 | INFO     | ✅ [批改完成] ANS_CO_302 | 路由: POS | 最终分: 15.0 | 风险: P0.00/U0.00/F0.00/H0/L0 | 提取质量: 🟢high | 留白率: 0% | 低质量率: 0%
2026-07-25 02:51:32 | INFO     | 
🔍 [正在处理] ANS_CO_305 | 启动 3WD 流水线...
2026-07-25 02:51:32 | INFO     | 📢 [总进度] 43/107 份试卷已归档。
2026-07-25 02:51:45 | INFO     | ✅ [批改完成] ANS_CO_304 | 路由: POS | 最终分: 0 | 风险: P0.00/U0.00/F1.00/H0/L1 | 提取质量: 🟢high | 留白率: 0% | 低质量率: 0%
2026-07-25 02:51:45 | INFO     | 
🔍 [正在处理] ANS_CO_307 | 启动 3WD 流水线...
2026-07-25 02:51:45 | INFO     | 📢 [总进度] 44/107 份试卷已归档。
2026-07-25 02:52:09 | INFO     | ✅ [批改完成] ANS_CO_307 | 路由: BND | 最终分: 0 | 风险: P0.20/U0.04/F0.83/H0/L1 | 提取质量: 🟢high | 留白率: 25% | 低质量率: 0%
2026-07-25 02:52:09 | INFO     | 
🔍 [正在处理] ANS_CO_308 | 启动 3WD 流水线...
2026-07-25 02:52:09 | INFO     | 📢 [总进度] 45/107 份试卷已归档。
2026-07-25 02:52:14 | INFO     | ✅ [批改完成] ANS_CO_305 | 路由: POS | 最终分: 15.0 | 风险: P0.00/U0.00/F0.00/H0/L0 | 提取质量: 🟢high | 留白率: 0% | 低质量率: 0%
2026-07-25 02:52:14 | INFO     | 
🔍 [正在处理] ANS_CO_311 | 启动 3WD 流水线...
2026-07-25 02:52:14 | INFO     | 📢 [总进度] 46/107 份试卷已归档。
2026-07-25 02:52:25 | INFO     | ✅ [批改完成] ANS_CO_308 | 路由: POS | 最终分: 14.6 | 风险: P0.00/U0.04/F0.00/H0/L0 | 提取质量: 🟢high | 留白率: 0% | 低质量率: 0%
2026-07-25 02:52:25 | INFO     | 
🔍 [正在处理] ANS_CO_312 | 启动 3WD 流水线...
2026-07-25 02:52:25 | INFO     | 📢 [总进度] 47/107 份试卷已归档。
2026-07-25 02:52:42 | INFO     | ✅ [批改完成] ANS_CO_311 | 路由: BND | 最终分: 0 | 风险: P0.00/U0.14/F0.83/H0/L1 | 提取质量: 🟢high | 留白率: 0% | 低质量率: 0%
2026-07-25 02:52:42 | INFO     | 
🔍 [正在处理] ANS_CO_313 | 启动 3WD 流水线...
2026-07-25 02:52:42 | INFO     | 📢 [总进度] 48/107 份试卷已归档。
2026-07-25 02:52:46 | INFO     | ✅ [批改完成] ANS_CO_312 | 路由: NEG | 最终分: 0 | 风险: P0.80/U0.00/F0.00/H0/L0 | 提取质量: 🟡low | 留白率: 100% | 低质量率: 0%
2026-07-25 02:52:46 | INFO     | 
🔍 [正在处理] ANS_CO_314 | 启动 3WD 流水线...
2026-07-25 02:52:46 | INFO     | 📢 [总进度] 49/107 份试卷已归档 [NEG-拒绝]。
2026-07-25 02:53:06 | INFO     | ✅ [批改完成] ANS_CO_313 | 路由: BND | 最终分: 1.2 | 风险: P0.07/U0.07/F0.00/H0/L1 | 提取质量: 🟢high | 留白率: 0% | 低质量率: 0%
2026-07-25 02:53:06 | INFO     | ✅ [批改完成] ANS_CO_314 | 路由: POS | 最终分: 15.0 | 风险: P0.00/U0.00/F0.00/H0/L0 | 提取质量: 🟢high | 留白率: 0% | 低质量率: 0%
2026-07-25 02:53:06 | INFO     | 
🔍 [正在处理] ANS_CO_315 | 启动 3WD 流水线...
2026-07-25 02:53:06 | INFO     | 📢 [总进度] 50/107 份试卷已归档。
2026-07-25 02:53:06 | INFO     | 
🔍 [正在处理] ANS_CO_316 | 启动 3WD 流水线...
2026-07-25 02:53:07 | INFO     | 📢 [总进度] 51/107 份试卷已归档。
2026-07-25 02:53:27 | INFO     | ✅ [批改完成] ANS_CO_315 | 路由: BND | 最终分: 0 | 风险: P0.40/U0.00/F0.67/H0/L0 | 提取质量: 🟡low | 留白率: 50% | 低质量率: 0%
2026-07-25 02:53:27 | INFO     | 
🔍 [正在处理] ANS_CO_317 | 启动 3WD 流水线...
2026-07-25 02:53:27 | INFO     | 📢 [总进度] 52/107 份试卷已归档。
2026-07-25 02:53:34 | INFO     | ✅ [批改完成] ANS_CO_316 | 路由: BND | 最终分: 9.5 | 风险: P0.00/U0.14/F0.00/H0/L0 | 提取质量: 🟢high | 留白率: 0% | 低质量率: 0%
2026-07-25 02:53:34 | INFO     | 
🔍 [正在处理] ANS_CO_318 | 启动 3WD 流水线...
2026-07-25 02:53:34 | INFO     | 📢 [总进度] 53/107 份试卷已归档。
2026-07-25 02:53:49 | INFO     | ✅ [批改完成] ANS_CO_317 | 路由: BND | 最终分: 0.8 | 风险: P0.07/U0.08/F0.83/H0/L1 | 提取质量: 🟢high | 留白率: 0% | 低质量率: 0%
2026-07-25 02:53:49 | INFO     | 
🔍 [正在处理] ANS_CO_319 | 启动 3WD 流水线...
2026-07-25 02:53:49 | INFO     | 📢 [总进度] 54/107 份试卷已归档。
2026-07-25 02:53:52 | INFO     | ✅ [批改完成] ANS_CO_318 | 路由: POS | 最终分: 15.0 | 风险: P0.00/U0.00/F0.00/H0/L0 | 提取质量: 🟢high | 留白率: 0% | 低质量率: 0%
2026-07-25 02:53:52 | INFO     | 
🔍 [正在处理] ANS_CO_320 | 启动 3WD 流水线...
2026-07-25 02:53:52 | INFO     | 📢 [总进度] 55/107 份试卷已归档。
2026-07-25 02:54:05 | INFO     | ✅ [批改完成] ANS_CO_319 | 路由: POS | 最终分: 0.4 | 风险: P0.00/U0.04/F0.83/H0/L1 | 提取质量: 🟢high | 留白率: 0% | 低质量率: 0%
2026-07-25 02:54:05 | INFO     | 
🔍 [正在处理] ANS_CO_321 | 启动 3WD 流水线...
2026-07-25 02:54:05 | INFO     | 📢 [总进度] 56/107 份试卷已归档。
2026-07-25 02:54:14 | INFO     | ✅ [批改完成] ANS_CO_320 | 路由: BND | 最终分: 5.8 | 风险: P0.07/U0.04/F0.50/H0/L1 | 提取质量: 🟢high | 留白率: 0% | 低质量率: 0%
2026-07-25 02:54:14 | INFO     | 
🔍 [正在处理] ANS_CO_322 | 启动 3WD 流水线...
2026-07-25 02:54:14 | INFO     | 📢 [总进度] 57/107 份试卷已归档。
2026-07-25 02:54:28 | INFO     | ✅ [批改完成] ANS_CO_321 | 路由: BND | 最终分: 6.2 | 风险: P0.00/U0.21/F0.00/H0/L0 | 提取质量: 🟢high | 留白率: 0% | 低质量率: 0%
2026-07-25 02:54:28 | INFO     | 
🔍 [正在处理] ANS_CO_323 | 启动 3WD 流水线...
2026-07-25 02:54:28 | INFO     | 📢 [总进度] 58/107 份试卷已归档。
2026-07-25 02:54:31 | INFO     | ✅ [批改完成] ANS_CO_322 | 路由: POS | 最终分: 15.0 | 风险: P0.00/U0.00/F0.00/H0/L0 | 提取质量: 🟢high | 留白率: 0% | 低质量率: 0%
2026-07-25 02:54:31 | INFO     | 
🔍 [正在处理] ANS_CO_324 | 启动 3WD 流水线...
2026-07-25 02:54:31 | INFO     | 📢 [总进度] 59/107 份试卷已归档。
2026-07-25 02:54:46 | INFO     | ✅ [批改完成] ANS_CO_324 | 路由: POS | 最终分: 14.6 | 风险: P0.00/U0.04/F0.00/H0/L0 | 提取质量: 🟢high | 留白率: 0% | 低质量率: 0%
2026-07-25 02:54:46 | INFO     | 
🔍 [正在处理] ANS_CO_325 | 启动 3WD 流水线...
2026-07-25 02:54:46 | INFO     | 📢 [总进度] 60/107 份试卷已归档。
2026-07-25 02:54:56 | INFO     | ✅ [批改完成] ANS_CO_323 | 路由: BND | 最终分: 5.62 | 风险: P0.00/U0.14/F0.50/H0/L1 | 提取质量: 🟢high | 留白率: 0% | 低质量率: 0%
2026-07-25 02:54:56 | INFO     | 
🔍 [正在处理] ANS_CO_326 | 启动 3WD 流水线...
2026-07-25 02:54:56 | INFO     | 📢 [总进度] 61/107 份试卷已归档。
2026-07-25 02:55:03 | INFO     | ✅ [批改完成] ANS_CO_325 | 路由: POS | 最终分: 15.0 | 风险: P0.00/U0.00/F0.00/H0/L0 | 提取质量: 🟢high | 留白率: 0% | 低质量率: 0%
2026-07-25 02:55:03 | INFO     | 
🔍 [正在处理] ANS_CO_327 | 启动 3WD 流水线...
2026-07-25 02:55:03 | INFO     | 📢 [总进度] 62/107 份试卷已归档。
2026-07-25 02:55:13 | INFO     | ✅ [批改完成] ANS_CO_326 | 路由: POS | 最终分: 15.0 | 风险: P0.00/U0.00/F0.00/H0/L0 | 提取质量: 🟢high | 留白率: 0% | 低质量率: 0%
2026-07-25 02:55:13 | INFO     | 
🔍 [正在处理] ANS_CO_328 | 启动 3WD 流水线...
2026-07-25 02:55:13 | INFO     | 📢 [总进度] 63/107 份试卷已归档。
2026-07-25 02:55:27 | INFO     | ✅ [批改完成] ANS_CO_328 | 路由: POS | 最终分: 15.0 | 风险: P0.00/U0.00/F0.00/H0/L0 | 提取质量: 🟢high | 留白率: 0% | 低质量率: 0%
2026-07-25 02:55:27 | INFO     | 
🔍 [正在处理] ANS_CO_330 | 启动 3WD 流水线...
2026-07-25 02:55:27 | INFO     | 📢 [总进度] 64/107 份试卷已归档。
2026-07-25 02:55:43 | INFO     | ✅ [批改完成] ANS_CO_330 | 路由: POS | 最终分: 15.0 | 风险: P0.00/U0.00/F0.00/H0/L0 | 提取质量: 🟢high | 留白率: 0% | 低质量率: 0%
2026-07-25 02:55:43 | INFO     | 
🔍 [正在处理] ANS_CO_332 | 启动 3WD 流水线...
2026-07-25 02:55:43 | INFO     | 📢 [总进度] 65/107 份试卷已归档。
2026-07-25 02:56:03 | INFO     | ✅ [批改完成] ANS_CO_332 | 路由: POS | 最终分: 15.0 | 风险: P0.00/U0.00/F0.00/H0/L0 | 提取质量: 🟢high | 留白率: 0% | 低质量率: 0%
2026-07-25 02:56:03 | INFO     | 
🔍 [正在处理] ANS_CO_333 | 启动 3WD 流水线...
2026-07-25 02:56:03 | INFO     | 📢 [总进度] 66/107 份试卷已归档。
2026-07-25 02:56:20 | INFO     | ✅ [批改完成] ANS_CO_333 | 路由: POS | 最终分: 15.0 | 风险: P0.00/U0.00/F0.00/H0/L0 | 提取质量: 🟢high | 留白率: 0% | 低质量率: 0%
2026-07-25 02:56:20 | INFO     | 
🔍 [正在处理] ANS_CO_334 | 启动 3WD 流水线...
2026-07-25 02:56:20 | INFO     | 📢 [总进度] 67/107 份试卷已归档。
2026-07-25 02:56:30 | INFO     | ✅ [批改完成] ANS_CO_334 | 路由: NEG | 最终分: 0 | 风险: P0.80/U0.00/F0.00/H0/L0 | 提取质量: 🟡low | 留白率: 100% | 低质量率: 0%
2026-07-25 02:56:30 | INFO     | 
🔍 [正在处理] ANS_CO_335 | 启动 3WD 流水线...
2026-07-25 02:56:30 | INFO     | 📢 [总进度] 68/107 份试卷已归档 [NEG-拒绝]。
2026-07-25 02:56:47 | INFO     | ✅ [批改完成] ANS_CO_335 | 路由: POS | 最终分: 14.6 | 风险: P0.00/U0.04/F0.00/H0/L0 | 提取质量: 🟢high | 留白率: 0% | 低质量率: 0%
2026-07-25 02:56:47 | INFO     | 
🔍 [正在处理] ANS_CO_336 | 启动 3WD 流水线...
2026-07-25 02:56:47 | INFO     | 📢 [总进度] 69/107 份试卷已归档。
2026-07-25 02:57:05 | INFO     | ✅ [批改完成] ANS_CO_336 | 路由: POS | 最终分: 15.0 | 风险: P0.00/U0.00/F0.00/H0/L0 | 提取质量: 🟢high | 留白率: 0% | 低质量率: 0%
2026-07-25 02:57:05 | INFO     | 
🔍 [正在处理] ANS_CO_337 | 启动 3WD 流水线...
2026-07-25 02:57:05 | INFO     | 📢 [总进度] 70/107 份试卷已归档。
2026-07-25 02:57:22 | INFO     | ✅ [批改完成] ANS_CO_337 | 路由: POS | 最终分: 0 | 风险: P0.00/U0.00/F1.00/H0/L1 | 提取质量: 🟢high | 留白率: 0% | 低质量率: 0%
2026-07-25 02:57:22 | INFO     | 
🔍 [正在处理] ANS_CO_338 | 启动 3WD 流水线...
2026-07-25 02:57:22 | INFO     | 📢 [总进度] 71/107 份试卷已归档。
2026-07-25 02:58:07 | INFO     | ✅ [批改完成] ANS_CO_338 | 路由: BND | 最终分: 0 | 风险: P0.00/U0.14/F1.00/H0/L1 | 提取质量: 🟢high | 留白率: 0% | 低质量率: 0%
2026-07-25 02:58:07 | INFO     | 
🔍 [正在处理] ANS_CO_339 | 启动 3WD 流水线...
2026-07-25 02:58:07 | INFO     | 📢 [总进度] 72/107 份试卷已归档。
2026-07-25 02:58:12 | INFO     | ✅ [批改完成] ANS_CO_327 | 路由: BND | 最终分: 0.12 | 风险: P0.00/U0.19/F1.00/H0/L1 | 提取质量: 🟢high | 留白率: 0% | 低质量率: 0%
2026-07-25 02:58:12 | INFO     | 
🔍 [正在处理] ANS_CO_340 | 启动 3WD 流水线...
2026-07-25 02:58:12 | INFO     | 📢 [总进度] 73/107 份试卷已归档。
2026-07-25 02:58:25 | INFO     | ✅ [批改完成] ANS_CO_339 | 路由: POS | 最终分: 0 | 风险: P0.00/U0.00/F1.00/H0/L1 | 提取质量: 🟢high | 留白率: 0% | 低质量率: 0%
2026-07-25 02:58:25 | INFO     | 
🔍 [正在处理] ANS_CO_341 | 启动 3WD 流水线...
2026-07-25 02:58:25 | INFO     | 📢 [总进度] 74/107 份试卷已归档。
2026-07-25 02:58:27 | INFO     | ✅ [批改完成] ANS_CO_340 | 路由: POS | 最终分: 15.0 | 风险: P0.00/U0.00/F0.00/H0/L0 | 提取质量: 🟢high | 留白率: 0% | 低质量率: 0%
2026-07-25 02:58:27 | INFO     | 
🔍 [正在处理] ANS_CO_342 | 启动 3WD 流水线...
2026-07-25 02:58:27 | INFO     | 📢 [总进度] 75/107 份试卷已归档。
2026-07-25 02:58:44 | INFO     | ✅ [批改完成] ANS_CO_341 | 路由: NEG | 最终分: 0 | 风险: P0.80/U0.00/F0.00/H0/L0 | 提取质量: 🟡low | 留白率: 100% | 低质量率: 0%
2026-07-25 02:58:44 | INFO     | 
🔍 [正在处理] ANS_CO_343 | 启动 3WD 流水线...
2026-07-25 02:58:44 | INFO     | 📢 [总进度] 76/107 份试卷已归档 [NEG-拒绝]。
2026-07-25 02:58:44 | INFO     | ✅ [批改完成] ANS_CO_342 | 路由: POS | 最终分: 15.0 | 风险: P0.00/U0.00/F0.00/H0/L0 | 提取质量: 🟢high | 留白率: 0% | 低质量率: 0%
2026-07-25 02:58:44 | INFO     | 
🔍 [正在处理] ANS_CO_344 | 启动 3WD 流水线...
2026-07-25 02:58:44 | INFO     | 📢 [总进度] 77/107 份试卷已归档。
2026-07-25 02:58:58 | INFO     | ✅ [批改完成] ANS_CO_343 | 路由: POS | 最终分: 15.0 | 风险: P0.00/U0.00/F0.00/H0/L0 | 提取质量: 🟢high | 留白率: 0% | 低质量率: 0%
2026-07-25 02:58:58 | INFO     | 
🔍 [正在处理] ANS_CO_345 | 启动 3WD 流水线...
2026-07-25 02:58:58 | INFO     | 📢 [总进度] 78/107 份试卷已归档。
2026-07-25 02:59:01 | INFO     | ✅ [批改完成] ANS_CO_344 | 路由: POS | 最终分: 15.0 | 风险: P0.00/U0.00/F0.00/H0/L0 | 提取质量: 🟢high | 留白率: 0% | 低质量率: 0%
2026-07-25 02:59:01 | INFO     | 
🔍 [正在处理] ANS_CO_348 | 启动 3WD 流水线...
2026-07-25 02:59:01 | INFO     | 📢 [总进度] 79/107 份试卷已归档。
2026-07-25 02:59:24 | INFO     | ✅ [批改完成] ANS_CO_348 | 路由: BND | 最终分: 2.9 | 风险: P0.00/U0.08/F0.50/H0/L1 | 提取质量: 🟢high | 留白率: 0% | 低质量率: 0%
2026-07-25 02:59:24 | INFO     | 
🔍 [正在处理] ANS_CO_349 | 启动 3WD 流水线...
2026-07-25 02:59:24 | INFO     | 📢 [总进度] 80/107 份试卷已归档。
2026-07-25 02:59:24 | INFO     | ✅ [批改完成] ANS_CO_345 | 路由: BND | 最终分: 4.69 | 风险: P0.00/U0.14/F0.33/H0/L1 | 提取质量: 🟢high | 留白率: 0% | 低质量率: 0%
2026-07-25 02:59:24 | INFO     | 
🔍 [正在处理] ANS_CO_350 | 启动 3WD 流水线...
2026-07-25 02:59:24 | INFO     | 📢 [总进度] 81/107 份试卷已归档。
2026-07-25 02:59:40 | INFO     | ✅ [批改完成] ANS_CO_349 | 路由: BND | 最终分: 0 | 风险: P0.40/U0.00/F0.67/H0/L0 | 提取质量: 🟡low | 留白率: 50% | 低质量率: 0%
2026-07-25 02:59:40 | INFO     | 
🔍 [正在处理] ANS_CO_351 | 启动 3WD 流水线...
2026-07-25 02:59:40 | INFO     | 📢 [总进度] 82/107 份试卷已归档。
2026-07-25 02:59:43 | INFO     | ✅ [批改完成] ANS_CO_350 | 路由: POS | 最终分: 15.0 | 风险: P0.00/U0.00/F0.00/H0/L0 | 提取质量: 🟢high | 留白率: 0% | 低质量率: 0%
2026-07-25 02:59:43 | INFO     | 
🔍 [正在处理] ANS_CO_352 | 启动 3WD 流水线...
2026-07-25 02:59:43 | INFO     | 📢 [总进度] 83/107 份试卷已归档。
2026-07-25 03:00:06 | INFO     | ✅ [批改完成] ANS_CO_352 | 路由: BND | 最终分: 14.2 | 风险: P0.00/U0.08/F0.00/H0/L0 | 提取质量: 🟢high | 留白率: 0% | 低质量率: 0%
2026-07-25 03:00:06 | INFO     | 
🔍 [正在处理] ANS_CO_353 | 启动 3WD 流水线...
2026-07-25 03:00:06 | INFO     | 📢 [总进度] 84/107 份试卷已归档。
2026-07-25 03:00:28 | INFO     | ✅ [批改完成] ANS_CO_351 | 路由: BND | 最终分: 10.4 | 风险: P0.00/U0.14/F0.00/H0/L1 | 提取质量: 🟢high | 留白率: 0% | 低质量率: 0%
2026-07-25 03:00:28 | INFO     | 
🔍 [正在处理] ANS_CO_355 | 启动 3WD 流水线...
2026-07-25 03:00:28 | INFO     | 📢 [总进度] 85/107 份试卷已归档。
2026-07-25 03:00:45 | INFO     | ✅ [批改完成] ANS_CO_355 | 路由: POS | 最终分: 15.0 | 风险: P0.00/U0.00/F0.00/H0/L0 | 提取质量: 🟢high | 留白率: 0% | 低质量率: 0%
2026-07-25 03:00:45 | INFO     | 
🔍 [正在处理] ANS_CO_356 | 启动 3WD 流水线...
2026-07-25 03:00:45 | INFO     | 📢 [总进度] 86/107 份试卷已归档。
2026-07-25 03:01:02 | INFO     | ✅ [批改完成] ANS_CO_353 | 路由: BND | 最终分: 5.62 | 风险: P0.00/U0.14/F0.33/H0/L1 | 提取质量: 🟢high | 留白率: 0% | 低质量率: 0%
2026-07-25 03:01:02 | INFO     | 
🔍 [正在处理] ANS_CO_357 | 启动 3WD 流水线...
2026-07-25 03:01:02 | INFO     | 📢 [总进度] 87/107 份试卷已归档。
2026-07-25 03:01:18 | INFO     | ✅ [批改完成] ANS_CO_357 | 路由: POS | 最终分: 15.0 | 风险: P0.00/U0.00/F0.00/H0/L0 | 提取质量: 🟢high | 留白率: 0% | 低质量率: 0%
2026-07-25 03:01:18 | INFO     | 
🔍 [正在处理] ANS_CO_358 | 启动 3WD 流水线...
2026-07-25 03:01:18 | INFO     | 📢 [总进度] 88/107 份试卷已归档。
2026-07-25 03:01:33 | INFO     | ✅ [批改完成] ANS_CO_358 | 路由: POS | 最终分: 14.7 | 风险: P0.00/U0.03/F0.00/H0/L0 | 提取质量: 🟢high | 留白率: 0% | 低质量率: 0%
2026-07-25 03:01:33 | INFO     | 
🔍 [正在处理] ANS_CO_359 | 启动 3WD 流水线...
2026-07-25 03:01:33 | INFO     | 📢 [总进度] 89/107 份试卷已归档。
2026-07-25 03:01:54 | INFO     | ✅ [批改完成] ANS_CO_359 | 路由: BND | 最终分: 10.8 | 风险: P0.00/U0.08/F0.33/H0/L0 | 提取质量: 🟢high | 留白率: 0% | 低质量率: 0%
2026-07-25 03:01:54 | INFO     | 
🔍 [正在处理] ANS_CO_360 | 启动 3WD 流水线...
2026-07-25 03:01:54 | INFO     | 📢 [总进度] 90/107 份试卷已归档。
2026-07-25 03:02:10 | INFO     | ✅ [批改完成] ANS_CO_360 | 路由: POS | 最终分: 14.6 | 风险: P0.00/U0.04/F0.00/H0/L0 | 提取质量: 🟢high | 留白率: 0% | 低质量率: 0%
2026-07-25 03:02:10 | INFO     | 
🔍 [正在处理] ANS_CO_361 | 启动 3WD 流水线...
2026-07-25 03:02:10 | INFO     | 📢 [总进度] 91/107 份试卷已归档。
2026-07-25 03:02:22 | INFO     | ✅ [批改完成] ANS_CO_356 | 路由: BND | 最终分: 12.5 | 风险: P0.00/U0.24/F0.00/H0/L0 | 提取质量: 🟢high | 留白率: 0% | 低质量率: 0%
2026-07-25 03:02:22 | INFO     | 
🔍 [正在处理] ANS_CO_363 | 启动 3WD 流水线...
2026-07-25 03:02:22 | INFO     | 📢 [总进度] 92/107 份试卷已归档。
2026-07-25 03:02:24 | INFO     | ✅ [批改完成] ANS_CO_361 | 路由: POS | 最终分: 15.0 | 风险: P0.00/U0.00/F0.00/H0/L0 | 提取质量: 🟢high | 留白率: 0% | 低质量率: 0%
2026-07-25 03:02:24 | INFO     | 
🔍 [正在处理] ANS_CO_364 | 启动 3WD 流水线...
2026-07-25 03:02:24 | INFO     | 📢 [总进度] 93/107 份试卷已归档。
2026-07-25 03:02:39 | INFO     | ✅ [批改完成] ANS_CO_363 | 路由: POS | 最终分: 15.0 | 风险: P0.00/U0.00/F0.00/H0/L0 | 提取质量: 🟢high | 留白率: 0% | 低质量率: 0%
2026-07-25 03:02:39 | INFO     | 
🔍 [正在处理] ANS_CO_365 | 启动 3WD 流水线...
2026-07-25 03:02:39 | INFO     | 📢 [总进度] 94/107 份试卷已归档。
2026-07-25 03:03:04 | INFO     | ✅ [批改完成] ANS_CO_365 | 路由: BND | 最终分: 10.8 | 风险: P0.00/U0.16/F0.00/H0/L0 | 提取质量: 🟢high | 留白率: 0% | 低质量率: 0%
2026-07-25 03:03:04 | INFO     | 
🔍 [正在处理] ANS_CO_366 | 启动 3WD 流水线...
2026-07-25 03:03:04 | INFO     | 📢 [总进度] 95/107 份试卷已归档。
2026-07-25 03:03:07 | INFO     | ✅ [批改完成] ANS_CO_364 | 路由: BND | 最终分: 4.5 | 风险: P0.00/U0.14/F0.50/H0/L1 | 提取质量: 🟢high | 留白率: 0% | 低质量率: 0%
2026-07-25 03:03:07 | INFO     | 
🔍 [正在处理] ANS_CO_367 | 启动 3WD 流水线...
2026-07-25 03:03:07 | INFO     | 📢 [总进度] 96/107 份试卷已归档。
2026-07-25 03:03:22 | INFO     | ✅ [批改完成] ANS_CO_366 | 路由: BND | 最终分: 14.2 | 风险: P0.00/U0.08/F0.00/H0/L0 | 提取质量: 🟢high | 留白率: 0% | 低质量率: 0%
2026-07-25 03:03:22 | INFO     | 
🔍 [正在处理] ANS_CO_368 | 启动 3WD 流水线...
2026-07-25 03:03:22 | INFO     | 📢 [总进度] 97/107 份试卷已归档。
2026-07-25 03:03:24 | INFO     | ✅ [批改完成] ANS_CO_367 | 路由: POS | 最终分: 15.0 | 风险: P0.00/U0.00/F0.00/H0/L0 | 提取质量: 🟢high | 留白率: 0% | 低质量率: 0%
2026-07-25 03:03:24 | INFO     | 
🔍 [正在处理] ANS_CO_369 | 启动 3WD 流水线...
2026-07-25 03:03:24 | INFO     | 📢 [总进度] 98/107 份试卷已归档。
2026-07-25 03:03:36 | INFO     | ✅ [批改完成] ANS_CO_368 | 路由: POS | 最终分: 15.0 | 风险: P0.00/U0.00/F0.00/H0/L0 | 提取质量: 🟢high | 留白率: 0% | 低质量率: 0%
2026-07-25 03:03:36 | INFO     | 
🔍 [正在处理] ANS_CO_370 | 启动 3WD 流水线...
2026-07-25 03:03:36 | INFO     | 📢 [总进度] 99/107 份试卷已归档。
2026-07-25 03:03:39 | INFO     | ✅ [批改完成] ANS_CO_369 | 路由: POS | 最终分: 15.0 | 风险: P0.00/U0.00/F0.00/H0/L0 | 提取质量: 🟢high | 留白率: 0% | 低质量率: 0%
2026-07-25 03:03:39 | INFO     | 
🔍 [正在处理] ANS_CO_372 | 启动 3WD 流水线...
2026-07-25 03:03:39 | INFO     | 📢 [总进度] 100/107 份试卷已归档。
2026-07-25 03:03:52 | INFO     | ✅ [批改完成] ANS_CO_370 | 路由: POS | 最终分: 14.6 | 风险: P0.00/U0.04/F0.00/H0/L0 | 提取质量: 🟢high | 留白率: 0% | 低质量率: 0%
2026-07-25 03:03:52 | INFO     | 
🔍 [正在处理] ANS_CO_373 | 启动 3WD 流水线...
2026-07-25 03:03:52 | INFO     | 📢 [总进度] 101/107 份试卷已归档。
2026-07-25 03:03:54 | INFO     | ✅ [批改完成] ANS_CO_372 | 路由: NEG | 最终分: 2.1 | 风险: P0.60/U0.04/F0.00/H0/L0 | 提取质量: 🟡low | 留白率: 75% | 低质量率: 0%
2026-07-25 03:03:54 | INFO     | 
🔍 [正在处理] ANS_CO_374 | 启动 3WD 流水线...
2026-07-25 03:03:54 | INFO     | 📢 [总进度] 102/107 份试卷已归档 [NEG-拒绝]。
2026-07-25 03:04:08 | INFO     | ✅ [批改完成] ANS_CO_373 | 路由: BND | 最终分: 0 | 风险: P0.40/U0.00/F0.67/H0/L0 | 提取质量: 🟡low | 留白率: 50% | 低质量率: 0%
2026-07-25 03:04:08 | INFO     | 
🔍 [正在处理] ANS_CO_375 | 启动 3WD 流水线...
2026-07-25 03:04:08 | INFO     | 📢 [总进度] 103/107 份试卷已归档。
2026-07-25 03:04:14 | INFO     | ✅ [批改完成] ANS_CO_374 | 路由: BND | 最终分: 14.2 | 风险: P0.00/U0.08/F0.00/H0/L0 | 提取质量: 🟢high | 留白率: 0% | 低质量率: 0%
2026-07-25 03:04:14 | INFO     | 
🔍 [正在处理] ANS_CO_377 | 启动 3WD 流水线...
2026-07-25 03:04:14 | INFO     | 📢 [总进度] 104/107 份试卷已归档。
2026-07-25 03:04:24 | INFO     | ✅ [批改完成] ANS_CO_375 | 路由: BND | 最终分: 0 | 风险: P0.40/U0.00/F0.67/H0/L0 | 提取质量: 🟡low | 留白率: 50% | 低质量率: 0%
2026-07-25 03:04:24 | INFO     | 
🔍 [正在处理] ANS_CO_379 | 启动 3WD 流水线...
2026-07-25 03:04:24 | INFO     | 📢 [总进度] 105/107 份试卷已归档。
2026-07-25 03:04:35 | INFO     | ✅ [批改完成] ANS_CO_377 | 路由: BND | 最终分: 11.7 | 风险: P0.00/U0.21/F0.00/H0/L0 | 提取质量: 🟢high | 留白率: 0% | 低质量率: 0%
2026-07-25 03:04:35 | INFO     | 📢 [总进度] 106/107 份试卷已归档。
2026-07-25 03:04:41 | INFO     | ✅ [批改完成] ANS_CO_379 | 路由: POS | 最终分: 15.0 | 风险: P0.00/U0.00/F0.00/H0/L0 | 提取质量: 🟢high | 留白率: 0% | 低质量率: 0%
2026-07-25 03:04:41 | INFO     | 📢 [总进度] 107/107 份试卷已归档。
2026-07-25 03:04:42 | INFO     | 🗂️ 所有线程交卷完毕，正在整理数据... (共收集 107/107 份结果)
2026-07-25 03:04:42 | INFO     | 💾 正常批改结果已保存: D:\users\王鑫020420\Desktop\refgrader-main\results_runs\csbench_co1_co2_co3_co4_co5_co6_co7_all\runs\teacher_audit_all7_20260725_000621\CO_5_graded_results.json (102 人)
2026-07-25 03:04:42 | INFO     | 🛑 拒绝域结果已单独保存: D:\users\王鑫020420\Desktop\refgrader-main\results_runs\csbench_co1_co2_co3_co4_co5_co6_co7_all\runs\teacher_audit_all7_20260725_000621\CO_5_rejected.json (5 人)
2026-07-25 03:04:42 | INFO     | [result consistency] CO_5: checkpoint=107, graded=102, rejected=5, failed=0, expected=107
2026-07-25 03:04:42 | INFO     | 
🚀 [标准模式] 开始处理: CO_6
2026-07-25 03:04:42 | INFO     | ⚡ 已加载本地标准: D:\users\王鑫020420\Desktop\refgrader-main\data\csbench\rubrics\optimized\CO\CO_6_rubric_standard.json
2026-07-25 03:04:46 | INFO     | ⚡ 脱敏清单已预生成，59 名学生共享复用。
2026-07-25 03:04:46 | INFO     | 🏃 开始批改 59 张试卷 (⚡ 开启多线程模式)...
2026-07-25 03:04:46 | INFO     | 
🔍 [正在处理] ANS_CO_380 | 启动 3WD 流水线...
2026-07-25 03:04:46 | INFO     | 
🔍 [正在处理] ANS_CO_381 | 启动 3WD 流水线...
2026-07-25 03:04:46 | INFO     | ⏳ [主线程] 已提交 59 个任务，等待结果回收...
2026-07-25 03:05:06 | INFO     | ✅ [批改完成] ANS_CO_380 | 路由: POS | 最终分: 19.7 | 风险: P0.00/U0.02/F0.00/H0/L0 | 提取质量: 🟢high | 留白率: 0% | 低质量率: 0%
2026-07-25 03:05:06 | INFO     | 
🔍 [正在处理] ANS_CO_382 | 启动 3WD 流水线...
2026-07-25 03:05:06 | INFO     | 📢 [总进度] 1/59 份试卷已归档。
2026-07-25 03:05:17 | INFO     | ✅ [批改完成] ANS_CO_381 | 路由: BND | 最终分: 10.7 | 风险: P0.13/U0.02/F0.00/H0/L1 | 提取质量: 🟢high | 留白率: 17% | 低质量率: 0%
2026-07-25 03:05:17 | INFO     | 
🔍 [正在处理] ANS_CO_383 | 启动 3WD 流水线...
2026-07-25 03:05:17 | INFO     | 📢 [总进度] 2/59 份试卷已归档。
2026-07-25 03:05:26 | INFO     | ✅ [批改完成] ANS_CO_382 | 路由: BND | 最终分: 0 | 风险: P0.27/U0.00/F0.60/H0/L1 | 提取质量: 🟢high | 留白率: 33% | 低质量率: 0%
2026-07-25 03:05:26 | INFO     | 
🔍 [正在处理] ANS_CO_384 | 启动 3WD 流水线...
2026-07-25 03:05:26 | INFO     | 📢 [总进度] 3/59 份试卷已归档。
2026-07-25 03:05:44 | INFO     | ✅ [批改完成] ANS_CO_383 | 路由: BND | 最终分: 6.3 | 风险: P0.00/U0.12/F0.40/H0/L1 | 提取质量: 🟢high | 留白率: 0% | 低质量率: 0%
2026-07-25 03:05:44 | INFO     | 
🔍 [正在处理] ANS_CO_385 | 启动 3WD 流水线...
2026-07-25 03:05:44 | INFO     | 📢 [总进度] 4/59 份试卷已归档。
2026-07-25 03:05:52 | INFO     | ✅ [批改完成] ANS_CO_384 | 路由: BND | 最终分: 5.0 | 风险: P0.13/U0.07/F0.20/H0/L1 | 提取质量: 🟢high | 留白率: 17% | 低质量率: 0%
2026-07-25 03:05:52 | INFO     | 
🔍 [正在处理] ANS_CO_386 | 启动 3WD 流水线...
2026-07-25 03:05:52 | INFO     | 📢 [总进度] 5/59 份试卷已归档。
2026-07-25 03:06:06 | INFO     | ✅ [批改完成] ANS_CO_385 | 路由: POS | 最终分: 10.2 | 风险: P0.00/U0.01/F0.20/H0/L1 | 提取质量: 🟢high | 留白率: 0% | 低质量率: 0%
2026-07-25 03:06:06 | INFO     | 
🔍 [正在处理] ANS_CO_387 | 启动 3WD 流水线...
2026-07-25 03:06:06 | INFO     | 📢 [总进度] 6/59 份试卷已归档。
2026-07-25 03:06:18 | INFO     | ✅ [批改完成] ANS_CO_386 | 路由: BND | 最终分: 11.7 | 风险: P0.00/U0.10/F0.20/H0/L1 | 提取质量: 🟢high | 留白率: 0% | 低质量率: 0%
2026-07-25 03:06:18 | INFO     | 
🔍 [正在处理] ANS_CO_388 | 启动 3WD 流水线...
2026-07-25 03:06:18 | INFO     | 📢 [总进度] 7/59 份试卷已归档。
2026-07-25 03:06:27 | INFO     | ✅ [批改完成] ANS_CO_387 | 路由: POS | 最终分: 4.0 | 风险: P0.00/U0.00/F0.80/H0/L1 | 提取质量: 🟢high | 留白率: 0% | 低质量率: 0%
2026-07-25 03:06:27 | INFO     | 
🔍 [正在处理] ANS_CO_389 | 启动 3WD 流水线...
2026-07-25 03:06:27 | INFO     | 📢 [总进度] 8/59 份试卷已归档。
2026-07-25 03:06:41 | INFO     | ✅ [批改完成] ANS_CO_388 | 路由: BND | 最终分: 14.0 | 风险: P0.32/U0.00/F0.00/H0/L0 | 提取质量: 🟢high | 留白率: 33% | 低质量率: 0%
2026-07-25 03:06:41 | INFO     | 
🔍 [正在处理] ANS_CO_390 | 启动 3WD 流水线...
2026-07-25 03:06:41 | INFO     | 📢 [总进度] 9/59 份试卷已归档。
2026-07-25 03:06:57 | INFO     | ✅ [批改完成] ANS_CO_389 | 路由: BND | 最终分: 12.7 | 风险: P0.00/U0.09/F0.00/H0/L1 | 提取质量: 🟢high | 留白率: 0% | 低质量率: 0%
2026-07-25 03:06:57 | INFO     | 
🔍 [正在处理] ANS_CO_391 | 启动 3WD 流水线...
2026-07-25 03:06:57 | INFO     | 📢 [总进度] 10/59 份试卷已归档。
2026-07-25 03:07:02 | INFO     | ✅ [批改完成] ANS_CO_390 | 路由: POS | 最终分: 8.7 | 风险: P0.00/U0.02/F0.20/H0/L1 | 提取质量: 🟢high | 留白率: 0% | 低质量率: 0%
2026-07-25 03:07:02 | INFO     | 
🔍 [正在处理] ANS_CO_393 | 启动 3WD 流水线...
2026-07-25 03:07:02 | INFO     | 📢 [总进度] 11/59 份试卷已归档。
2026-07-25 03:07:24 | INFO     | ✅ [批改完成] ANS_CO_391 | 路由: BND | 最终分: 10.0 | 风险: P0.13/U0.14/F0.00/H0/L1 | 提取质量: 🟢high | 留白率: 17% | 低质量率: 0%
2026-07-25 03:07:24 | INFO     | 
🔍 [正在处理] ANS_CO_396 | 启动 3WD 流水线...
2026-07-25 03:07:24 | INFO     | 📢 [总进度] 12/59 份试卷已归档。
2026-07-25 03:07:34 | INFO     | ✅ [批改完成] ANS_CO_393 | 路由: BND | 最终分: 13.2 | 风险: P0.00/U0.14/F0.15/H0/L1 | 提取质量: 🟢high | 留白率: 0% | 低质量率: 0%
2026-07-25 03:07:34 | INFO     | 
🔍 [正在处理] ANS_CO_398 | 启动 3WD 流水线...
2026-07-25 03:07:34 | INFO     | 📢 [总进度] 13/59 份试卷已归档。
2026-07-25 03:07:54 | INFO     | ✅ [批改完成] ANS_CO_396 | 路由: BND | 最终分: 15.0 | 风险: P0.13/U0.04/F0.00/H0/L0 | 提取质量: 🟢high | 留白率: 17% | 低质量率: 0%
2026-07-25 03:07:54 | INFO     | 
🔍 [正在处理] ANS_CO_399 | 启动 3WD 流水线...
2026-07-25 03:07:54 | INFO     | 📢 [总进度] 14/59 份试卷已归档。
2026-07-25 03:08:02 | INFO     | ✅ [批改完成] ANS_CO_398 | 路由: BND | 最终分: 10.2 | 风险: P0.13/U0.04/F0.00/H0/L1 | 提取质量: 🟢high | 留白率: 17% | 低质量率: 0%
2026-07-25 03:08:02 | INFO     | 
🔍 [正在处理] ANS_CO_400 | 启动 3WD 流水线...
2026-07-25 03:08:02 | INFO     | 📢 [总进度] 15/59 份试卷已归档。
2026-07-25 03:08:17 | INFO     | ✅ [批改完成] ANS_CO_399 | 路由: POS | 最终分: 13.3 | 风险: P0.00/U0.05/F0.00/H0/L0 | 提取质量: 🟢high | 留白率: 0% | 低质量率: 0%
2026-07-25 03:08:17 | INFO     | 
🔍 [正在处理] ANS_CO_401 | 启动 3WD 流水线...
2026-07-25 03:08:17 | INFO     | 📢 [总进度] 16/59 份试卷已归档。
2026-07-25 03:08:19 | INFO     | ✅ [批改完成] ANS_CO_400 | 路由: NEG | 最终分: 3.3 | 风险: P0.53/U0.09/F0.10/H0/L0 | 提取质量: 🟡low | 留白率: 67% | 低质量率: 0%
2026-07-25 03:08:19 | INFO     | 
🔍 [正在处理] ANS_CO_402 | 启动 3WD 流水线...
2026-07-25 03:08:19 | INFO     | 📢 [总进度] 17/59 份试卷已归档 [NEG-拒绝]。
2026-07-25 03:08:40 | INFO     | ✅ [批改完成] ANS_CO_401 | 路由: POS | 最终分: 11.0 | 风险: P0.00/U0.04/F0.30/H0/L1 | 提取质量: 🟢high | 留白率: 0% | 低质量率: 0%
2026-07-25 03:08:40 | INFO     | 
🔍 [正在处理] ANS_CO_403 | 启动 3WD 流水线...
2026-07-25 03:08:40 | INFO     | 📢 [总进度] 18/59 份试卷已归档。
2026-07-25 03:08:50 | INFO     | ✅ [批改完成] ANS_CO_402 | 路由: BND | 最终分: 11.7 | 风险: P0.13/U0.10/F0.00/H0/L1 | 提取质量: 🟢high | 留白率: 17% | 低质量率: 0%
2026-07-25 03:08:50 | INFO     | 
🔍 [正在处理] ANS_CO_404 | 启动 3WD 流水线...
2026-07-25 03:08:50 | INFO     | 📢 [总进度] 19/59 份试卷已归档。
2026-07-25 03:09:13 | INFO     | ✅ [批改完成] ANS_CO_403 | 路由: BND | 最终分: 11.2 | 风险: P0.13/U0.12/F0.00/H0/L1 | 提取质量: 🟢high | 留白率: 17% | 低质量率: 0%
2026-07-25 03:09:13 | INFO     | 
🔍 [正在处理] ANS_CO_405 | 启动 3WD 流水线...
2026-07-25 03:09:13 | INFO     | 📢 [总进度] 20/59 份试卷已归档。
2026-07-25 03:09:17 | INFO     | ✅ [批改完成] ANS_CO_404 | 路由: BND | 最终分: 0 | 风险: P0.00/U0.14/F1.00/H0/L1 | 提取质量: 🟢high | 留白率: 0% | 低质量率: 0%
2026-07-25 03:09:17 | INFO     | 
🔍 [正在处理] ANS_CO_406 | 启动 3WD 流水线...
2026-07-25 03:09:17 | INFO     | 📢 [总进度] 21/59 份试卷已归档。
2026-07-25 03:09:36 | INFO     | ✅ [批改完成] ANS_CO_405 | 路由: BND | 最终分: 3.3 | 风险: P0.53/U0.05/F0.00/H0/L0 | 提取质量: 🟡low | 留白率: 67% | 低质量率: 0%
2026-07-25 03:09:36 | INFO     | 
🔍 [正在处理] ANS_CO_407 | 启动 3WD 流水线...
2026-07-25 03:09:36 | INFO     | 📢 [总进度] 22/59 份试卷已归档。
2026-07-25 03:09:49 | INFO     | ✅ [批改完成] ANS_CO_406 | 路由: BND | 最终分: 12.5 | 风险: P0.13/U0.11/F0.00/H0/L1 | 提取质量: 🟢high | 留白率: 17% | 低质量率: 0%
2026-07-25 03:09:49 | INFO     | 
🔍 [正在处理] ANS_CO_408 | 启动 3WD 流水线...
2026-07-25 03:09:49 | INFO     | 📢 [总进度] 23/59 份试卷已归档。
2026-07-25 03:10:04 | INFO     | ✅ [批改完成] ANS_CO_407 | 路由: BND | 最终分: 11.3 | 风险: P0.00/U0.06/F0.20/H0/L1 | 提取质量: 🟢high | 留白率: 0% | 低质量率: 0%
2026-07-25 03:10:04 | INFO     | 
🔍 [正在处理] ANS_CO_409 | 启动 3WD 流水线...
2026-07-25 03:10:04 | INFO     | 📢 [总进度] 24/59 份试卷已归档。
2026-07-25 03:10:08 | INFO     | ✅ [批改完成] ANS_CO_408 | 路由: NEG | 最终分: 0 | 风险: P0.80/U0.00/F0.00/H0/L0 | 提取质量: 🟡low | 留白率: 100% | 低质量率: 0%
2026-07-25 03:10:08 | INFO     | 
🔍 [正在处理] ANS_CO_410 | 启动 3WD 流水线...
2026-07-25 03:10:08 | INFO     | 📢 [总进度] 25/59 份试卷已归档 [NEG-拒绝]。
2026-07-25 03:10:26 | INFO     | ✅ [批改完成] ANS_CO_409 | 路由: POS | 最终分: 1.7 | 风险: P0.00/U0.02/F0.80/H0/L1 | 提取质量: 🟢high | 留白率: 0% | 低质量率: 0%
2026-07-25 03:10:26 | INFO     | 
🔍 [正在处理] ANS_CO_411 | 启动 3WD 流水线...
2026-07-25 03:10:26 | INFO     | 📢 [总进度] 26/59 份试卷已归档。
2026-07-25 03:10:31 | INFO     | ✅ [批改完成] ANS_CO_410 | 路由: BND | 最终分: 19.3 | 风险: P0.00/U0.05/F0.00/H0/L0 | 提取质量: 🟢high | 留白率: 0% | 低质量率: 0%
2026-07-25 03:10:31 | INFO     | 
🔍 [正在处理] ANS_CO_412 | 启动 3WD 流水线...
2026-07-25 03:10:31 | INFO     | 📢 [总进度] 27/59 份试卷已归档。
2026-07-25 03:10:52 | INFO     | ✅ [批改完成] ANS_CO_412 | 路由: POS | 最终分: 12.7 | 风险: P0.00/U0.05/F0.00/H0/L0 | 提取质量: 🟢high | 留白率: 0% | 低质量率: 0%
2026-07-25 03:10:52 | INFO     | 
🔍 [正在处理] ANS_CO_413 | 启动 3WD 流水线...
2026-07-25 03:10:52 | INFO     | 📢 [总进度] 28/59 份试卷已归档。
2026-07-25 03:10:56 | INFO     | ✅ [批改完成] ANS_CO_411 | 路由: BND | 最终分: 15.3 | 风险: P0.00/U0.12/F0.00/H0/L1 | 提取质量: 🟢high | 留白率: 0% | 低质量率: 0%
2026-07-25 03:10:56 | INFO     | 
🔍 [正在处理] ANS_CO_414 | 启动 3WD 流水线...
2026-07-25 03:10:56 | INFO     | 📢 [总进度] 29/59 份试卷已归档。
2026-07-25 03:11:10 | INFO     | ✅ [批改完成] ANS_CO_414 | 路由: NEG | 最终分: 0 | 风险: P0.80/U0.00/F0.00/H0/L0 | 提取质量: 🟡low | 留白率: 100% | 低质量率: 0%
2026-07-25 03:11:10 | INFO     | 
🔍 [正在处理] ANS_CO_415 | 启动 3WD 流水线...
2026-07-25 03:11:10 | INFO     | 📢 [总进度] 30/59 份试卷已归档 [NEG-拒绝]。
2026-07-25 03:11:19 | INFO     | ✅ [批改完成] ANS_CO_413 | 路由: BND | 最终分: 2.3 | 风险: P0.13/U0.02/F0.60/H0/L1 | 提取质量: 🟢high | 留白率: 17% | 低质量率: 0%
2026-07-25 03:11:19 | INFO     | 
🔍 [正在处理] ANS_CO_416 | 启动 3WD 流水线...
2026-07-25 03:11:19 | INFO     | 📢 [总进度] 31/59 份试卷已归档。
2026-07-25 03:11:28 | INFO     | ✅ [批改完成] ANS_CO_415 | 路由: POS | 最终分: 2.0 | 风险: P0.13/U0.00/F0.60/H0/L1 | 提取质量: 🟢high | 留白率: 17% | 低质量率: 0%
2026-07-25 03:11:28 | INFO     | 
🔍 [正在处理] ANS_CO_417 | 启动 3WD 流水线...
2026-07-25 03:11:28 | INFO     | 📢 [总进度] 32/59 份试卷已归档。
2026-07-25 03:11:45 | INFO     | ✅ [批改完成] ANS_CO_416 | 路由: BND | 最终分: 1.0 | 风险: P0.13/U0.04/F0.60/H0/L1 | 提取质量: 🟢high | 留白率: 17% | 低质量率: 0%
2026-07-25 03:11:45 | INFO     | 
🔍 [正在处理] ANS_CO_418 | 启动 3WD 流水线...
2026-07-25 03:11:45 | INFO     | 📢 [总进度] 33/59 份试卷已归档。
2026-07-25 03:11:47 | INFO     | ✅ [批改完成] ANS_CO_417 | 路由: POS | 最终分: 20.0 | 风险: P0.00/U0.00/F0.00/H0/L0 | 提取质量: 🟢high | 留白率: 0% | 低质量率: 0%
2026-07-25 03:11:47 | INFO     | 
🔍 [正在处理] ANS_CO_419 | 启动 3WD 流水线...
2026-07-25 03:11:47 | INFO     | 📢 [总进度] 34/59 份试卷已归档。
2026-07-25 03:12:12 | INFO     | ✅ [批改完成] ANS_CO_418 | 路由: BND | 最终分: 8.0 | 风险: P0.13/U0.04/F0.25/H0/L1 | 提取质量: 🟢high | 留白率: 17% | 低质量率: 0%
2026-07-25 03:12:12 | INFO     | 
🔍 [正在处理] ANS_CO_420 | 启动 3WD 流水线...
2026-07-25 03:12:12 | INFO     | 📢 [总进度] 35/59 份试卷已归档。
2026-07-25 03:12:23 | INFO     | ✅ [批改完成] ANS_CO_419 | 路由: BND | 最终分: 6.2 | 风险: P0.00/U0.17/F0.30/H0/L1 | 提取质量: 🟢high | 留白率: 0% | 低质量率: 0%
2026-07-25 03:12:23 | INFO     | 
🔍 [正在处理] ANS_CO_422 | 启动 3WD 流水线...
2026-07-25 03:12:23 | INFO     | 📢 [总进度] 36/59 份试卷已归档。
2026-07-25 03:12:36 | INFO     | ✅ [批改完成] ANS_CO_420 | 路由: POS | 最终分: 9.0 | 风险: P0.00/U0.04/F0.20/H0/L1 | 提取质量: 🟢high | 留白率: 0% | 低质量率: 0%
2026-07-25 03:12:36 | INFO     | 
🔍 [正在处理] ANS_CO_424 | 启动 3WD 流水线...
2026-07-25 03:12:36 | INFO     | 📢 [总进度] 37/59 份试卷已归档。
2026-07-25 03:12:51 | INFO     | ✅ [批改完成] ANS_CO_422 | 路由: BND | 最终分: 4.92 | 风险: P0.00/U0.09/F0.35/H0/L1 | 提取质量: 🟢high | 留白率: 0% | 低质量率: 0%
2026-07-25 03:12:51 | INFO     | 
🔍 [正在处理] ANS_CO_425 | 启动 3WD 流水线...
2026-07-25 03:12:51 | INFO     | 📢 [总进度] 38/59 份试卷已归档。
2026-07-25 03:12:56 | INFO     | ✅ [批改完成] ANS_CO_424 | 路由: POS | 最终分: 10.3 | 风险: P0.00/U0.02/F0.20/H0/L1 | 提取质量: 🟢high | 留白率: 0% | 低质量率: 0%
2026-07-25 03:12:56 | INFO     | 
🔍 [正在处理] ANS_CO_426 | 启动 3WD 流水线...
2026-07-25 03:12:56 | INFO     | 📢 [总进度] 39/59 份试卷已归档。
2026-07-25 03:13:13 | INFO     | ✅ [批改完成] ANS_CO_425 | 路由: POS | 最终分: 9.0 | 风险: P0.00/U0.04/F0.00/H0/L1 | 提取质量: 🟢high | 留白率: 0% | 低质量率: 0%
2026-07-25 03:13:13 | INFO     | 
🔍 [正在处理] ANS_CO_427 | 启动 3WD 流水线...
2026-07-25 03:13:13 | INFO     | 📢 [总进度] 40/59 份试卷已归档。
2026-07-25 03:13:20 | INFO     | ✅ [批改完成] ANS_CO_426 | 路由: BND | 最终分: 10.5 | 风险: P0.00/U0.05/F0.20/H0/L1 | 提取质量: 🟢high | 留白率: 0% | 低质量率: 0%
2026-07-25 03:13:20 | INFO     | 
🔍 [正在处理] ANS_CO_428 | 启动 3WD 流水线...
2026-07-25 03:13:20 | INFO     | 📢 [总进度] 41/59 份试卷已归档。
2026-07-25 03:13:42 | INFO     | ✅ [批改完成] ANS_CO_427 | 路由: BND | 最终分: 4.3 | 风险: P0.13/U0.02/F0.45/H0/L1 | 提取质量: 🟢high | 留白率: 17% | 低质量率: 0%
2026-07-25 03:13:42 | INFO     | 
🔍 [正在处理] ANS_CO_429 | 启动 3WD 流水线...
2026-07-25 03:13:42 | INFO     | 📢 [总进度] 42/59 份试卷已归档。
2026-07-25 03:13:43 | INFO     | ✅ [批改完成] ANS_CO_428 | 路由: BND | 最终分: 9.7 | 风险: P0.13/U0.06/F0.00/H0/L1 | 提取质量: 🟢high | 留白率: 17% | 低质量率: 0%
2026-07-25 03:13:43 | INFO     | 
🔍 [正在处理] ANS_CO_430 | 启动 3WD 流水线...
2026-07-25 03:13:43 | INFO     | 📢 [总进度] 43/59 份试卷已归档。
2026-07-25 03:14:04 | INFO     | ✅ [批改完成] ANS_CO_430 | 路由: POS | 最终分: 10.7 | 风险: P0.00/U0.05/F0.00/H0/L1 | 提取质量: 🟢high | 留白率: 0% | 低质量率: 0%
2026-07-25 03:14:04 | INFO     | 
🔍 [正在处理] ANS_CO_431 | 启动 3WD 流水线...
2026-07-25 03:14:04 | INFO     | 📢 [总进度] 44/59 份试卷已归档。
2026-07-25 03:14:08 | INFO     | ✅ [批改完成] ANS_CO_429 | 路由: BND | 最终分: 9.5 | 风险: P0.13/U0.02/F0.10/H0/L1 | 提取质量: 🟢high | 留白率: 17% | 低质量率: 0%
2026-07-25 03:14:08 | INFO     | 
🔍 [正在处理] ANS_CO_432 | 启动 3WD 流水线...
2026-07-25 03:14:08 | INFO     | 📢 [总进度] 45/59 份试卷已归档。
2026-07-25 03:14:30 | INFO     | ✅ [批改完成] ANS_CO_432 | 路由: POS | 最终分: 11.7 | 风险: P0.00/U0.02/F0.20/H0/L1 | 提取质量: 🟢high | 留白率: 0% | 低质量率: 0%
2026-07-25 03:14:30 | INFO     | 
🔍 [正在处理] ANS_CO_433 | 启动 3WD 流水线...
2026-07-25 03:14:30 | INFO     | 📢 [总进度] 46/59 份试卷已归档。
2026-07-25 03:14:33 | INFO     | ✅ [批改完成] ANS_CO_431 | 路由: BND | 最终分: 12.0 | 风险: P0.00/U0.16/F0.00/H0/L0 | 提取质量: 🟢high | 留白率: 0% | 低质量率: 0%
2026-07-25 03:14:33 | INFO     | 
🔍 [正在处理] ANS_CO_434 | 启动 3WD 流水线...
2026-07-25 03:14:33 | INFO     | 📢 [总进度] 47/59 份试卷已归档。
2026-07-25 03:14:53 | INFO     | ✅ [批改完成] ANS_CO_433 | 路由: BND | 最终分: 3.7 | 风险: P0.13/U0.12/F0.70/H0/L1 | 提取质量: 🟢high | 留白率: 17% | 低质量率: 0%
2026-07-25 03:14:53 | INFO     | 
🔍 [正在处理] ANS_CO_436 | 启动 3WD 流水线...
2026-07-25 03:14:53 | INFO     | 📢 [总进度] 48/59 份试卷已归档。
2026-07-25 03:15:00 | INFO     | ✅ [批改完成] ANS_CO_434 | 路由: BND | 最终分: 8.0 | 风险: P0.00/U0.08/F0.60/H0/L1 | 提取质量: 🟢high | 留白率: 0% | 低质量率: 0%
2026-07-25 03:15:00 | INFO     | 
🔍 [正在处理] ANS_CO_437 | 启动 3WD 流水线...
2026-07-25 03:15:00 | INFO     | 📢 [总进度] 49/59 份试卷已归档。
2026-07-25 03:15:16 | INFO     | ✅ [批改完成] ANS_CO_436 | 路由: POS | 最终分: 2.7 | 风险: P0.00/U0.05/F0.80/H0/L1 | 提取质量: 🟢high | 留白率: 0% | 低质量率: 0%
2026-07-25 03:15:16 | INFO     | 
🔍 [正在处理] ANS_CO_438 | 启动 3WD 流水线...
2026-07-25 03:15:16 | INFO     | 📢 [总进度] 50/59 份试卷已归档。
2026-07-25 03:15:29 | INFO     | ✅ [批改完成] ANS_CO_437 | 路由: BND | 最终分: 13.2 | 风险: P0.27/U0.09/F0.00/H0/L1 | 提取质量: 🟢high | 留白率: 33% | 低质量率: 0%
2026-07-25 03:15:29 | INFO     | 
🔍 [正在处理] ANS_CO_439 | 启动 3WD 流水线...
2026-07-25 03:15:29 | INFO     | 📢 [总进度] 51/59 份试卷已归档。
2026-07-25 03:15:35 | INFO     | ✅ [批改完成] ANS_CO_438 | 路由: BND | 最终分: 4.0 | 风险: P0.32/U0.00/F0.00/H0/L1 | 提取质量: 🟢high | 留白率: 33% | 低质量率: 0%
2026-07-25 03:15:35 | INFO     | 
🔍 [正在处理] ANS_CO_440 | 启动 3WD 流水线...
2026-07-25 03:15:35 | INFO     | 📢 [总进度] 52/59 份试卷已归档。
2026-07-25 03:15:48 | INFO     | ✅ [批改完成] ANS_CO_439 | 路由: NEG | 最终分: 0 | 风险: P0.80/U0.00/F0.00/H0/L0 | 提取质量: 🟡low | 留白率: 100% | 低质量率: 0%
2026-07-25 03:15:48 | INFO     | 
🔍 [正在处理] ANS_CO_441 | 启动 3WD 流水线...
2026-07-25 03:15:48 | INFO     | 📢 [总进度] 53/59 份试卷已归档 [NEG-拒绝]。
2026-07-25 03:15:53 | INFO     | ✅ [批改完成] ANS_CO_440 | 路由: POS | 最终分: 4.0 | 风险: P0.13/U0.00/F0.20/H0/L1 | 提取质量: 🟢high | 留白率: 17% | 低质量率: 0%
2026-07-25 03:15:53 | INFO     | 
🔍 [正在处理] ANS_CO_442 | 启动 3WD 流水线...
2026-07-25 03:15:53 | INFO     | 📢 [总进度] 54/59 份试卷已归档。
2026-07-25 03:16:07 | INFO     | ✅ [批改完成] ANS_CO_442 | 路由: NEG | 最终分: 0 | 风险: P0.80/U0.00/F0.00/H0/L0 | 提取质量: 🟡low | 留白率: 100% | 低质量率: 0%
2026-07-25 03:16:07 | INFO     | 
🔍 [正在处理] ANS_CO_443 | 启动 3WD 流水线...
2026-07-25 03:16:07 | INFO     | 📢 [总进度] 55/59 份试卷已归档 [NEG-拒绝]。
2026-07-25 03:16:16 | INFO     | ✅ [批改完成] ANS_CO_441 | 路由: BND | 最终分: 8.0 | 风险: P0.00/U0.16/F0.00/H0/L1 | 提取质量: 🟢high | 留白率: 0% | 低质量率: 0%
2026-07-25 03:16:16 | INFO     | 
🔍 [正在处理] ANS_CO_444 | 启动 3WD 流水线...
2026-07-25 03:16:16 | INFO     | 📢 [总进度] 56/59 份试卷已归档。
2026-07-25 03:16:26 | INFO     | ✅ [批改完成] ANS_CO_443 | 路由: BND | 最终分: 4.0 | 风险: P0.40/U0.00/F0.00/H0/L0 | 提取质量: 🟡low | 留白率: 50% | 低质量率: 0%
2026-07-25 03:16:26 | INFO     | 
🔍 [正在处理] ANS_CO_445 | 启动 3WD 流水线...
2026-07-25 03:16:26 | INFO     | 📢 [总进度] 57/59 份试卷已归档。
2026-07-25 03:16:32 | INFO     | ✅ [批改完成] ANS_CO_444 | 路由: NEG | 最终分: 0 | 风险: P0.80/U0.00/F0.00/H0/L0 | 提取质量: 🟡low | 留白率: 100% | 低质量率: 0%
2026-07-25 03:16:32 | INFO     | 📢 [总进度] 58/59 份试卷已归档 [NEG-拒绝]。
2026-07-25 03:16:47 | INFO     | ✅ [批改完成] ANS_CO_445 | 路由: BND | 最终分: 0 | 风险: P0.27/U0.00/F0.60/H0/L1 | 提取质量: 🟢high | 留白率: 33% | 低质量率: 0%
2026-07-25 03:16:47 | INFO     | 📢 [总进度] 59/59 份试卷已归档。
2026-07-25 03:16:47 | INFO     | 🗂️ 所有线程交卷完毕，正在整理数据... (共收集 59/59 份结果)
2026-07-25 03:16:48 | INFO     | 💾 正常批改结果已保存: D:\users\王鑫020420\Desktop\refgrader-main\results_runs\csbench_co1_co2_co3_co4_co5_co6_co7_all\runs\teacher_audit_all7_20260725_000621\CO_6_graded_results.json (53 人)
2026-07-25 03:16:48 | INFO     | 🛑 拒绝域结果已单独保存: D:\users\王鑫020420\Desktop\refgrader-main\results_runs\csbench_co1_co2_co3_co4_co5_co6_co7_all\runs\teacher_audit_all7_20260725_000621\CO_6_rejected.json (6 人)
2026-07-25 03:16:48 | INFO     | [result consistency] CO_6: checkpoint=59, graded=53, rejected=6, failed=0, expected=59
2026-07-25 03:16:48 | INFO     | 
🚀 [标准模式] 开始处理: CO_7
2026-07-25 03:16:48 | INFO     | ⚡ 已加载本地标准: D:\users\王鑫020420\Desktop\refgrader-main\data\csbench\rubrics\optimized\CO\CO_7_rubric_standard.json
2026-07-25 03:16:48 | INFO     | [PaddleOCR] preparing 1/65 visual-answer cache entries...
2026-07-25 03:17:00 | INFO     | Initialize PaddleOCR | device=cpu | lang=ch | pending=1/1 | model_cache=D:\paddlex_cache
[1/1] completed: ANS_CO_472.jpg | tokens=13 | mean_conf=0.871364 | output=D:\users\王鑫020420\Desktop\refgrader-main\ocr_cache\csbench\CO_7\ANS_CO_472.json
summary: completed=1, skipped=0, failed=0
2026-07-25 03:17:03 | INFO     | ⚡ 脱敏清单已预生成，65 名学生共享复用。
2026-07-25 03:17:03 | INFO     | 🏃 开始批改 65 张试卷 (⚡ 开启多线程模式)...
2026-07-25 03:17:03 | INFO     | 
🔍 [正在处理] ANS_CO_447 | 启动 3WD 流水线...
2026-07-25 03:17:03 | INFO     | 
🔍 [正在处理] ANS_CO_448 | 启动 3WD 流水线...
2026-07-25 03:17:03 | INFO     | ⏳ [主线程] 已提交 65 个任务，等待结果回收...
2026-07-25 03:17:16 | INFO     | ✅ [批改完成] ANS_CO_448 | 路由: POS | 最终分: 10.0 | 风险: P0.00/U0.00/F0.00/H0/L0 | 提取质量: 🟢high | 留白率: 0% | 低质量率: 0%
2026-07-25 03:17:16 | INFO     | 
🔍 [正在处理] ANS_CO_449 | 启动 3WD 流水线...
2026-07-25 03:17:16 | INFO     | 📢 [总进度] 1/65 份试卷已归档。
2026-07-25 03:17:17 | INFO     | ✅ [批改完成] ANS_CO_447 | 路由: POS | 最终分: 10.0 | 风险: P0.00/U0.00/F0.00/H0/L0 | 提取质量: 🟢high | 留白率: 0% | 低质量率: 0%
2026-07-25 03:17:17 | INFO     | 
🔍 [正在处理] ANS_CO_450 | 启动 3WD 流水线...
2026-07-25 03:17:17 | INFO     | 📢 [总进度] 2/65 份试卷已归档。
2026-07-25 03:17:32 | INFO     | ✅ [批改完成] ANS_CO_450 | 路由: BND | 最终分: 6.3 | 风险: P0.00/U0.10/F0.00/H0/L0 | 提取质量: 🟢high | 留白率: 0% | 低质量率: 0%
2026-07-25 03:17:32 | INFO     | 
🔍 [正在处理] ANS_CO_451 | 启动 3WD 流水线...
2026-07-25 03:17:32 | INFO     | 📢 [总进度] 3/65 份试卷已归档。
2026-07-25 03:17:32 | INFO     | ✅ [批改完成] ANS_CO_449 | 路由: BND | 最终分: 1.7 | 风险: P0.00/U0.24/F1.00/H0/L1 | 提取质量: 🟢high | 留白率: 0% | 低质量率: 0%
2026-07-25 03:17:32 | INFO     | 
🔍 [正在处理] ANS_CO_452 | 启动 3WD 流水线...
2026-07-25 03:17:32 | INFO     | 📢 [总进度] 4/65 份试卷已归档。
2026-07-25 03:17:43 | INFO     | ✅ [批改完成] ANS_CO_451 | 路由: POS | 最终分: 10.0 | 风险: P0.00/U0.00/F0.00/H0/L0 | 提取质量: 🟢high | 留白率: 0% | 低质量率: 0%
2026-07-25 03:17:43 | INFO     | 
🔍 [正在处理] ANS_CO_454 | 启动 3WD 流水线...
2026-07-25 03:17:43 | INFO     | 📢 [总进度] 5/65 份试卷已归档。
2026-07-25 03:17:47 | INFO     | ✅ [批改完成] ANS_CO_452 | 路由: POS | 最终分: 7.3 | 风险: P0.00/U0.05/F0.00/H0/L0 | 提取质量: 🟢high | 留白率: 0% | 低质量率: 0%
2026-07-25 03:17:47 | INFO     | 
🔍 [正在处理] ANS_CO_455 | 启动 3WD 流水线...
2026-07-25 03:17:47 | INFO     | 📢 [总进度] 6/65 份试卷已归档。
2026-07-25 03:18:03 | INFO     | ✅ [批改完成] ANS_CO_454 | 路由: BND | 最终分: 0 | 风险: P0.00/U0.09/F1.00/H0/L1 | 提取质量: 🟢high | 留白率: 0% | 低质量率: 0%
2026-07-25 03:18:03 | INFO     | 
🔍 [正在处理] ANS_CO_456 | 启动 3WD 流水线...
2026-07-25 03:18:03 | INFO     | 📢 [总进度] 7/65 份试卷已归档。
2026-07-25 03:18:07 | INFO     | ✅ [批改完成] ANS_CO_455 | 路由: BND | 最终分: 5.7 | 风险: P0.00/U0.26/F0.00/H0/L1 | 提取质量: 🟢high | 留白率: 0% | 低质量率: 0%
2026-07-25 03:18:07 | INFO     | 
🔍 [正在处理] ANS_CO_457 | 启动 3WD 流水线...
2026-07-25 03:18:07 | INFO     | 📢 [总进度] 8/65 份试卷已归档。
2026-07-25 03:18:14 | INFO     | ✅ [批改完成] ANS_CO_456 | 路由: POS | 最终分: 10.0 | 风险: P0.00/U0.00/F0.00/H0/L0 | 提取质量: 🟢high | 留白率: 0% | 低质量率: 0%
2026-07-25 03:18:14 | INFO     | 
🔍 [正在处理] ANS_CO_458 | 启动 3WD 流水线...
2026-07-25 03:18:14 | INFO     | 📢 [总进度] 9/65 份试卷已归档。
2026-07-25 03:18:18 | INFO     | ✅ [批改完成] ANS_CO_457 | 路由: POS | 最终分: 10.0 | 风险: P0.00/U0.00/F0.00/H0/L0 | 提取质量: 🟢high | 留白率: 0% | 低质量率: 0%
2026-07-25 03:18:18 | INFO     | 
🔍 [正在处理] ANS_CO_459 | 启动 3WD 流水线...
2026-07-25 03:18:18 | INFO     | 📢 [总进度] 10/65 份试卷已归档。
2026-07-25 03:18:33 | INFO     | ✅ [批改完成] ANS_CO_458 | 路由: BND | 最终分: 2.3 | 风险: P0.00/U0.17/F0.00/H0/L1 | 提取质量: 🟢high | 留白率: 0% | 低质量率: 0%
2026-07-25 03:18:33 | INFO     | 
🔍 [正在处理] ANS_CO_460 | 启动 3WD 流水线...
2026-07-25 03:18:33 | INFO     | 📢 [总进度] 11/65 份试卷已归档。
2026-07-25 03:18:38 | INFO     | ✅ [批改完成] ANS_CO_459 | 路由: BND | 最终分: 2.8 | 风险: P0.00/U0.12/F1.00/H0/L1 | 提取质量: 🟢high | 留白率: 0% | 低质量率: 0%
2026-07-25 03:18:38 | INFO     | 
🔍 [正在处理] ANS_CO_461 | 启动 3WD 流水线...
2026-07-25 03:18:38 | INFO     | 📢 [总进度] 12/65 份试卷已归档。
2026-07-25 03:18:43 | INFO     | ✅ [批改完成] ANS_CO_460 | 路由: POS | 最终分: 10.0 | 风险: P0.00/U0.00/F0.00/H0/L0 | 提取质量: 🟢high | 留白率: 0% | 低质量率: 0%
2026-07-25 03:18:43 | INFO     | 
🔍 [正在处理] ANS_CO_462 | 启动 3WD 流水线...
2026-07-25 03:18:43 | INFO     | 📢 [总进度] 13/65 份试卷已归档。
2026-07-25 03:18:49 | INFO     | ✅ [批改完成] ANS_CO_461 | 路由: POS | 最终分: 10.0 | 风险: P0.00/U0.00/F0.00/H0/L0 | 提取质量: 🟢high | 留白率: 0% | 低质量率: 0%
2026-07-25 03:18:49 | INFO     | 
🔍 [正在处理] ANS_CO_464 | 启动 3WD 流水线...
2026-07-25 03:18:49 | INFO     | 📢 [总进度] 14/65 份试卷已归档。
2026-07-25 03:18:54 | INFO     | ✅ [批改完成] ANS_CO_462 | 路由: POS | 最终分: 10.0 | 风险: P0.00/U0.00/F0.00/H0/L0 | 提取质量: 🟢high | 留白率: 0% | 低质量率: 0%
2026-07-25 03:18:54 | INFO     | 
🔍 [正在处理] ANS_CO_465 | 启动 3WD 流水线...
2026-07-25 03:18:54 | INFO     | 📢 [总进度] 15/65 份试卷已归档。
2026-07-25 03:19:01 | INFO     | ✅ [批改完成] ANS_CO_464 | 路由: POS | 最终分: 9.2 | 风险: P0.00/U0.02/F0.00/H0/L0 | 提取质量: 🟢high | 留白率: 0% | 低质量率: 0%
2026-07-25 03:19:01 | INFO     | 
🔍 [正在处理] ANS_CO_466 | 启动 3WD 流水线...
2026-07-25 03:19:01 | INFO     | 📢 [总进度] 16/65 份试卷已归档。
2026-07-25 03:19:09 | INFO     | ✅ [批改完成] ANS_CO_465 | 路由: BND | 最终分: 8.3 | 风险: P0.00/U0.12/F0.00/H0/L0 | 提取质量: 🟢high | 留白率: 0% | 低质量率: 0%
2026-07-25 03:19:09 | INFO     | 
🔍 [正在处理] ANS_CO_467 | 启动 3WD 流水线...
2026-07-25 03:19:09 | INFO     | 📢 [总进度] 17/65 份试卷已归档。
2026-07-25 03:19:12 | INFO     | ✅ [批改完成] ANS_CO_466 | 路由: POS | 最终分: 10.0 | 风险: P0.00/U0.00/F0.00/H0/L0 | 提取质量: 🟢high | 留白率: 0% | 低质量率: 0%
2026-07-25 03:19:12 | INFO     | 
🔍 [正在处理] ANS_CO_468 | 启动 3WD 流水线...
2026-07-25 03:19:12 | INFO     | 📢 [总进度] 18/65 份试卷已归档。
2026-07-25 03:19:25 | INFO     | ✅ [批改完成] ANS_CO_468 | 路由: POS | 最终分: 10.0 | 风险: P0.00/U0.00/F0.00/H0/L0 | 提取质量: 🟢high | 留白率: 0% | 低质量率: 0%
2026-07-25 03:19:25 | INFO     | 
🔍 [正在处理] ANS_CO_469 | 启动 3WD 流水线...
2026-07-25 03:19:25 | INFO     | 📢 [总进度] 19/65 份试卷已归档。
2026-07-25 03:19:27 | INFO     | ✅ [批改完成] ANS_CO_467 | 路由: BND | 最终分: 6.3 | 风险: P0.00/U0.12/F0.00/H0/L0 | 提取质量: 🟢high | 留白率: 0% | 低质量率: 0%
2026-07-25 03:19:27 | INFO     | 
🔍 [正在处理] ANS_CO_470 | 启动 3WD 流水线...
2026-07-25 03:19:27 | INFO     | 📢 [总进度] 20/65 份试卷已归档。
2026-07-25 03:19:39 | INFO     | ✅ [批改完成] ANS_CO_470 | 路由: POS | 最终分: 10.0 | 风险: P0.00/U0.00/F0.00/H0/L0 | 提取质量: 🟢high | 留白率: 0% | 低质量率: 0%
2026-07-25 03:19:39 | INFO     | 
🔍 [正在处理] ANS_CO_471 | 启动 3WD 流水线...
2026-07-25 03:19:39 | INFO     | 📢 [总进度] 21/65 份试卷已归档。
2026-07-25 03:19:48 | INFO     | ✅ [批改完成] ANS_CO_469 | 路由: BND | 最终分: 4.7 | 风险: P0.00/U0.22/F0.00/H0/L1 | 提取质量: 🟢high | 留白率: 0% | 低质量率: 0%
2026-07-25 03:19:48 | INFO     | 
🔍 [正在处理] ANS_CO_472 | 启动 3WD 流水线...
2026-07-25 03:19:48 | INFO     | 📢 [总进度] 22/65 份试卷已归档。
2026-07-25 03:19:51 | INFO     | ✅ [批改完成] ANS_CO_471 | 路由: POS | 最终分: 10.0 | 风险: P0.00/U0.00/F0.00/H0/L0 | 提取质量: 🟢high | 留白率: 0% | 低质量率: 0%
2026-07-25 03:19:51 | INFO     | 
🔍 [正在处理] ANS_CO_474 | 启动 3WD 流水线...
2026-07-25 03:19:51 | INFO     | 📢 [总进度] 23/65 份试卷已归档。
2026-07-25 03:20:01 | INFO     | ✅ [批改完成] ANS_CO_474 | 路由: POS | 最终分: 10.0 | 风险: P0.00/U0.00/F0.00/H0/L0 | 提取质量: 🟢high | 留白率: 0% | 低质量率: 0%
2026-07-25 03:20:01 | INFO     | 
🔍 [正在处理] ANS_CO_475 | 启动 3WD 流水线...
2026-07-25 03:20:01 | INFO     | 📢 [总进度] 24/65 份试卷已归档。
2026-07-25 03:20:22 | INFO     | ✅ [批改完成] ANS_CO_475 | 路由: BND | 最终分: 6.2 | 风险: P0.00/U0.10/F0.00/H0/L0 | 提取质量: 🟢high | 留白率: 0% | 低质量率: 0%
2026-07-25 03:20:22 | INFO     | 
🔍 [正在处理] ANS_CO_476 | 启动 3WD 流水线...
2026-07-25 03:20:22 | INFO     | 📢 [总进度] 25/65 份试卷已归档。
2026-07-25 03:20:35 | INFO     | ✅ [批改完成] ANS_CO_476 | 路由: POS | 最终分: 10.0 | 风险: P0.00/U0.00/F0.00/H0/L0 | 提取质量: 🟢high | 留白率: 0% | 低质量率: 0%
2026-07-25 03:20:35 | INFO     | 
🔍 [正在处理] ANS_CO_477 | 启动 3WD 流水线...
2026-07-25 03:20:35 | INFO     | 📢 [总进度] 26/65 份试卷已归档。
2026-07-25 03:20:45 | INFO     | ✅ [批改完成] ANS_CO_472 | 路由: BND | 最终分: 5.0 | 风险: P0.00/U0.08/F0.00/H0/L1 | 提取质量: 🟢high | 留白率: 0% | 低质量率: 0%
2026-07-25 03:20:45 | INFO     | 
🔍 [正在处理] ANS_CO_478 | 启动 3WD 流水线...
2026-07-25 03:20:45 | INFO     | 📢 [总进度] 27/65 份试卷已归档。
2026-07-25 03:20:57 | INFO     | ✅ [批改完成] ANS_CO_477 | 路由: BND | 最终分: 3.8 | 风险: P0.00/U0.13/F0.00/H0/L1 | 提取质量: 🟢high | 留白率: 0% | 低质量率: 0%
2026-07-25 03:20:57 | INFO     | 
🔍 [正在处理] ANS_CO_479 | 启动 3WD 流水线...
2026-07-25 03:20:57 | INFO     | 📢 [总进度] 28/65 份试卷已归档。
2026-07-25 03:21:06 | INFO     | ✅ [批改完成] ANS_CO_478 | 路由: BND | 最终分: 4.0 | 风险: P0.00/U0.14/F0.00/H0/L1 | 提取质量: 🟢high | 留白率: 0% | 低质量率: 0%
2026-07-25 03:21:06 | INFO     | 
🔍 [正在处理] ANS_CO_480 | 启动 3WD 流水线...
2026-07-25 03:21:06 | INFO     | 📢 [总进度] 29/65 份试卷已归档。
2026-07-25 03:21:18 | INFO     | ✅ [批改完成] ANS_CO_479 | 路由: BND | 最终分: 4.7 | 风险: P0.00/U0.21/F0.00/H0/L1 | 提取质量: 🟢high | 留白率: 0% | 低质量率: 0%
2026-07-25 03:21:18 | INFO     | 
🔍 [正在处理] ANS_CO_481 | 启动 3WD 流水线...
2026-07-25 03:21:18 | INFO     | 📢 [总进度] 30/65 份试卷已归档。
2026-07-25 03:21:25 | INFO     | ✅ [批改完成] ANS_CO_480 | 路由: NEG | 最终分: 0 | 风险: P0.80/U0.00/F0.00/H0/L0 | 提取质量: 🟡low | 留白率: 100% | 低质量率: 0%
2026-07-25 03:21:25 | INFO     | 
🔍 [正在处理] ANS_CO_482 | 启动 3WD 流水线...
2026-07-25 03:21:25 | INFO     | 📢 [总进度] 31/65 份试卷已归档 [NEG-拒绝]。
2026-07-25 03:21:39 | INFO     | ✅ [批改完成] ANS_CO_481 | 路由: BND | 最终分: 5.0 | 风险: P0.00/U0.08/F0.00/H0/L0 | 提取质量: 🟢high | 留白率: 0% | 低质量率: 0%
2026-07-25 03:21:39 | INFO     | 
🔍 [正在处理] ANS_CO_483 | 启动 3WD 流水线...
2026-07-25 03:21:39 | INFO     | 📢 [总进度] 32/65 份试卷已归档。
2026-07-25 03:21:45 | INFO     | ✅ [批改完成] ANS_CO_482 | 路由: BND | 最终分: 4.7 | 风险: P0.00/U0.21/F0.00/H0/L1 | 提取质量: 🟢high | 留白率: 0% | 低质量率: 0%
2026-07-25 03:21:45 | INFO     | 
🔍 [正在处理] ANS_CO_484 | 启动 3WD 流水线...
2026-07-25 03:21:45 | INFO     | 📢 [总进度] 33/65 份试卷已归档。
2026-07-25 03:21:51 | INFO     | ✅ [批改完成] ANS_CO_483 | 路由: POS | 最终分: 4.0 | 风险: P0.00/U0.00/F0.00/H0/L1 | 提取质量: 🟢high | 留白率: 0% | 低质量率: 0%
2026-07-25 03:21:51 | INFO     | 
🔍 [正在处理] ANS_CO_485 | 启动 3WD 流水线...
2026-07-25 03:21:51 | INFO     | 📢 [总进度] 34/65 份试卷已归档。
2026-07-25 03:22:00 | INFO     | ✅ [批改完成] ANS_CO_484 | 路由: POS | 最终分: 10.0 | 风险: P0.00/U0.00/F0.00/H0/L0 | 提取质量: 🟢high | 留白率: 0% | 低质量率: 0%
2026-07-25 03:22:00 | INFO     | 
🔍 [正在处理] ANS_CO_486 | 启动 3WD 流水线...
2026-07-25 03:22:00 | INFO     | 📢 [总进度] 35/65 份试卷已归档。
2026-07-25 03:22:13 | INFO     | ✅ [批改完成] ANS_CO_485 | 路由: BND | 最终分: 7.7 | 风险: P0.00/U0.26/F0.00/H0/L1 | 提取质量: 🟢high | 留白率: 0% | 低质量率: 0%
2026-07-25 03:22:13 | INFO     | 
🔍 [正在处理] ANS_CO_487 | 启动 3WD 流水线...
2026-07-25 03:22:13 | INFO     | 📢 [总进度] 36/65 份试卷已归档。
2026-07-25 03:22:13 | INFO     | ✅ [批改完成] ANS_CO_486 | 路由: POS | 最终分: 10.0 | 风险: P0.00/U0.00/F0.00/H0/L0 | 提取质量: 🟢high | 留白率: 0% | 低质量率: 0%
2026-07-25 03:22:13 | INFO     | 
🔍 [正在处理] ANS_CO_488 | 启动 3WD 流水线...
2026-07-25 03:22:13 | INFO     | 📢 [总进度] 37/65 份试卷已归档。
2026-07-25 03:22:27 | INFO     | ✅ [批改完成] ANS_CO_488 | 路由: POS | 最终分: 10.0 | 风险: P0.00/U0.00/F0.00/H0/L0 | 提取质量: 🟢high | 留白率: 0% | 低质量率: 0%
2026-07-25 03:22:27 | INFO     | 
🔍 [正在处理] ANS_CO_489 | 启动 3WD 流水线...
2026-07-25 03:22:27 | INFO     | 📢 [总进度] 38/65 份试卷已归档。
2026-07-25 03:22:36 | INFO     | ✅ [批改完成] ANS_CO_487 | 路由: BND | 最终分: 8.3 | 风险: P0.00/U0.09/F0.00/H0/L0 | 提取质量: 🟢high | 留白率: 0% | 低质量率: 0%
2026-07-25 03:22:36 | INFO     | 
🔍 [正在处理] ANS_CO_490 | 启动 3WD 流水线...
2026-07-25 03:22:36 | INFO     | 📢 [总进度] 39/65 份试卷已归档。
2026-07-25 03:22:47 | INFO     | ✅ [批改完成] ANS_CO_490 | 路由: POS | 最终分: 10.0 | 风险: P0.00/U0.00/F0.00/H0/L0 | 提取质量: 🟢high | 留白率: 0% | 低质量率: 0%
2026-07-25 03:22:47 | INFO     | 
🔍 [正在处理] ANS_CO_491 | 启动 3WD 流水线...
2026-07-25 03:22:47 | INFO     | 📢 [总进度] 40/65 份试卷已归档。
2026-07-25 03:22:48 | INFO     | ✅ [批改完成] ANS_CO_489 | 路由: BND | 最终分: 3.0 | 风险: P0.00/U0.20/F0.50/H0/L1 | 提取质量: 🟢high | 留白率: 0% | 低质量率: 0%
2026-07-25 03:22:48 | INFO     | 
🔍 [正在处理] ANS_CO_492 | 启动 3WD 流水线...
2026-07-25 03:22:48 | INFO     | 📢 [总进度] 41/65 份试卷已归档。
2026-07-25 03:22:59 | INFO     | ✅ [批改完成] ANS_CO_491 | 路由: POS | 最终分: 10.0 | 风险: P0.00/U0.00/F0.00/H0/L0 | 提取质量: 🟢high | 留白率: 0% | 低质量率: 0%
2026-07-25 03:22:59 | INFO     | 
🔍 [正在处理] ANS_CO_493 | 启动 3WD 流水线...
2026-07-25 03:22:59 | INFO     | 📢 [总进度] 42/65 份试卷已归档。
2026-07-25 03:23:05 | INFO     | ✅ [批改完成] ANS_CO_492 | 路由: BND | 最终分: 8.8 | 风险: P0.00/U0.09/F0.00/H0/L0 | 提取质量: 🟢high | 留白率: 0% | 低质量率: 0%
2026-07-25 03:23:05 | INFO     | 
🔍 [正在处理] ANS_CO_494 | 启动 3WD 流水线...
2026-07-25 03:23:05 | INFO     | 📢 [总进度] 43/65 份试卷已归档。
2026-07-25 03:23:09 | INFO     | ✅ [批改完成] ANS_CO_493 | 路由: POS | 最终分: 0 | 风险: P0.00/U0.00/F1.00/H0/L1 | 提取质量: 🟢high | 留白率: 0% | 低质量率: 0%
2026-07-25 03:23:09 | INFO     | 
🔍 [正在处理] ANS_CO_495 | 启动 3WD 流水线...
2026-07-25 03:23:09 | INFO     | 📢 [总进度] 44/65 份试卷已归档。
2026-07-25 03:23:18 | INFO     | ✅ [批改完成] ANS_CO_494 | 路由: POS | 最终分: 10.0 | 风险: P0.00/U0.00/F0.00/H0/L0 | 提取质量: 🟢high | 留白率: 0% | 低质量率: 0%
2026-07-25 03:23:18 | INFO     | 
🔍 [正在处理] ANS_CO_496 | 启动 3WD 流水线...
2026-07-25 03:23:18 | INFO     | 📢 [总进度] 45/65 份试卷已归档。
2026-07-25 03:23:26 | INFO     | ✅ [批改完成] ANS_CO_495 | 路由: BND | 最终分: 8.3 | 风险: P0.00/U0.17/F0.00/H0/L0 | 提取质量: 🟢high | 留白率: 0% | 低质量率: 0%
2026-07-25 03:23:26 | INFO     | 
🔍 [正在处理] ANS_CO_497 | 启动 3WD 流水线...
2026-07-25 03:23:26 | INFO     | 📢 [总进度] 46/65 份试卷已归档。
2026-07-25 03:23:28 | INFO     | ✅ [批改完成] ANS_CO_496 | 路由: POS | 最终分: 10.0 | 风险: P0.00/U0.00/F0.00/H0/L0 | 提取质量: 🟢high | 留白率: 0% | 低质量率: 0%
2026-07-25 03:23:28 | INFO     | 
🔍 [正在处理] ANS_CO_499 | 启动 3WD 流水线...
2026-07-25 03:23:28 | INFO     | 📢 [总进度] 47/65 份试卷已归档。
2026-07-25 03:23:40 | INFO     | ✅ [批改完成] ANS_CO_497 | 路由: POS | 最终分: 3.5 | 风险: P0.00/U0.04/F0.00/H0/L1 | 提取质量: 🟢high | 留白率: 0% | 低质量率: 0%
2026-07-25 03:23:40 | INFO     | 
🔍 [正在处理] ANS_CO_500 | 启动 3WD 流水线...
2026-07-25 03:23:40 | INFO     | 📢 [总进度] 48/65 份试卷已归档。
2026-07-25 03:23:41 | INFO     | ✅ [批改完成] ANS_CO_499 | 路由: POS | 最终分: 10.0 | 风险: P0.00/U0.00/F0.00/H0/L0 | 提取质量: 🟢high | 留白率: 0% | 低质量率: 0%
2026-07-25 03:23:41 | INFO     | 
🔍 [正在处理] ANS_CO_501 | 启动 3WD 流水线...
2026-07-25 03:23:41 | INFO     | 📢 [总进度] 49/65 份试卷已归档。
2026-07-25 03:23:52 | INFO     | ✅ [批改完成] ANS_CO_500 | 路由: POS | 最终分: 10.0 | 风险: P0.00/U0.00/F0.00/H0/L0 | 提取质量: 🟢high | 留白率: 0% | 低质量率: 0%
2026-07-25 03:23:52 | INFO     | 
🔍 [正在处理] ANS_CO_502 | 启动 3WD 流水线...
2026-07-25 03:23:52 | INFO     | 📢 [总进度] 50/65 份试卷已归档。
2026-07-25 03:23:55 | INFO     | ✅ [批改完成] ANS_CO_501 | 路由: POS | 最终分: 10.0 | 风险: P0.00/U0.00/F0.00/H0/L0 | 提取质量: 🟢high | 留白率: 0% | 低质量率: 0%
2026-07-25 03:23:55 | INFO     | 
🔍 [正在处理] ANS_CO_503 | 启动 3WD 流水线...
2026-07-25 03:23:55 | INFO     | 📢 [总进度] 51/65 份试卷已归档。
2026-07-25 03:24:08 | INFO     | ✅ [批改完成] ANS_CO_503 | 路由: POS | 最终分: 10.0 | 风险: P0.00/U0.00/F0.00/H0/L0 | 提取质量: 🟢high | 留白率: 0% | 低质量率: 0%
2026-07-25 03:24:08 | INFO     | 
🔍 [正在处理] ANS_CO_504 | 启动 3WD 流水线...
2026-07-25 03:24:08 | INFO     | 📢 [总进度] 52/65 份试卷已归档。
2026-07-25 03:24:13 | INFO     | ✅ [批改完成] ANS_CO_502 | 路由: BND | 最终分: 4.0 | 风险: P0.00/U0.08/F0.00/H0/L1 | 提取质量: 🟢high | 留白率: 0% | 低质量率: 0%
2026-07-25 03:24:13 | INFO     | 
🔍 [正在处理] ANS_CO_505 | 启动 3WD 流水线...
2026-07-25 03:24:13 | INFO     | 📢 [总进度] 53/65 份试卷已归档。
2026-07-25 03:24:19 | INFO     | ✅ [批改完成] ANS_CO_504 | 路由: POS | 最终分: 10.0 | 风险: P0.00/U0.00/F0.00/H0/L0 | 提取质量: 🟢high | 留白率: 0% | 低质量率: 0%
2026-07-25 03:24:19 | INFO     | 
🔍 [正在处理] ANS_CO_506 | 启动 3WD 流水线...
2026-07-25 03:24:19 | INFO     | 📢 [总进度] 54/65 份试卷已归档。
2026-07-25 03:24:31 | INFO     | ✅ [批改完成] ANS_CO_505 | 路由: BND | 最终分: 6.5 | 风险: P0.00/U0.11/F0.00/H0/L0 | 提取质量: 🟢high | 留白率: 0% | 低质量率: 0%
2026-07-25 03:24:31 | INFO     | 
🔍 [正在处理] ANS_CO_507 | 启动 3WD 流水线...
2026-07-25 03:24:31 | INFO     | 📢 [总进度] 55/65 份试卷已归档。
2026-07-25 03:24:37 | INFO     | ✅ [批改完成] ANS_CO_506 | 路由: BND | 最终分: 1.0 | 风险: P0.00/U0.14/F1.00/H0/L1 | 提取质量: 🟢high | 留白率: 0% | 低质量率: 0%
2026-07-25 03:24:37 | INFO     | 
🔍 [正在处理] ANS_CO_508 | 启动 3WD 流水线...
2026-07-25 03:24:37 | INFO     | 📢 [总进度] 56/65 份试卷已归档。
2026-07-25 03:24:42 | INFO     | ✅ [批改完成] ANS_CO_507 | 路由: POS | 最终分: 10.0 | 风险: P0.00/U0.00/F0.00/H0/L0 | 提取质量: 🟢high | 留白率: 0% | 低质量率: 0%
2026-07-25 03:24:42 | INFO     | 
🔍 [正在处理] ANS_CO_509 | 启动 3WD 流水线...
2026-07-25 03:24:42 | INFO     | 📢 [总进度] 57/65 份试卷已归档。
2026-07-25 03:24:48 | INFO     | ✅ [批改完成] ANS_CO_508 | 路由: POS | 最终分: 10.0 | 风险: P0.00/U0.00/F0.00/H0/L0 | 提取质量: 🟢high | 留白率: 0% | 低质量率: 0%
2026-07-25 03:24:48 | INFO     | 
🔍 [正在处理] ANS_CO_510 | 启动 3WD 流水线...
2026-07-25 03:24:48 | INFO     | 📢 [总进度] 58/65 份试卷已归档。
2026-07-25 03:24:59 | INFO     | ✅ [批改完成] ANS_CO_510 | 路由: POS | 最终分: 10.0 | 风险: P0.00/U0.00/F0.00/H0/L0 | 提取质量: 🟢high | 留白率: 0% | 低质量率: 0%
2026-07-25 03:24:59 | INFO     | 
🔍 [正在处理] ANS_CO_511 | 启动 3WD 流水线...
2026-07-25 03:24:59 | INFO     | 📢 [总进度] 59/65 份试卷已归档。
2026-07-25 03:25:02 | INFO     | ✅ [批改完成] ANS_CO_509 | 路由: BND | 最终分: 7.1 | 风险: P0.00/U0.16/F0.00/H0/L0 | 提取质量: 🟢high | 留白率: 0% | 低质量率: 0%
2026-07-25 03:25:02 | INFO     | 
🔍 [正在处理] ANS_CO_512 | 启动 3WD 流水线...
2026-07-25 03:25:02 | INFO     | 📢 [总进度] 60/65 份试卷已归档。
2026-07-25 03:25:13 | INFO     | ✅ [批改完成] ANS_CO_512 | 路由: POS | 最终分: 10.0 | 风险: P0.00/U0.00/F0.00/H0/L0 | 提取质量: 🟢high | 留白率: 0% | 低质量率: 0%
2026-07-25 03:25:13 | INFO     | 
🔍 [正在处理] ANS_CO_513 | 启动 3WD 流水线...
2026-07-25 03:25:13 | INFO     | 📢 [总进度] 61/65 份试卷已归档。
2026-07-25 03:25:13 | INFO     | ✅ [批改完成] ANS_CO_511 | 路由: POS | 最终分: 6.3 | 风险: P0.00/U0.05/F0.00/H0/L0 | 提取质量: 🟢high | 留白率: 0% | 低质量率: 0%
2026-07-25 03:25:13 | INFO     | 
🔍 [正在处理] ANS_CO_514 | 启动 3WD 流水线...
2026-07-25 03:25:13 | INFO     | 📢 [总进度] 62/65 份试卷已归档。
2026-07-25 03:25:27 | INFO     | ✅ [批改完成] ANS_CO_514 | 路由: POS | 最终分: 5.0 | 风险: P0.00/U0.00/F0.00/H0/L1 | 提取质量: 🟢high | 留白率: 0% | 低质量率: 0%
2026-07-25 03:25:27 | INFO     | 
🔍 [正在处理] ANS_CO_515 | 启动 3WD 流水线...
2026-07-25 03:25:27 | INFO     | 📢 [总进度] 63/65 份试卷已归档。
2026-07-25 03:25:28 | INFO     | ✅ [批改完成] ANS_CO_513 | 路由: POS | 最终分: 5.0 | 风险: P0.00/U0.00/F0.00/H0/L1 | 提取质量: 🟢high | 留白率: 0% | 低质量率: 0%
2026-07-25 03:25:28 | INFO     | 📢 [总进度] 64/65 份试卷已归档。
2026-07-25 03:25:38 | INFO     | ✅ [批改完成] ANS_CO_515 | 路由: POS | 最终分: 10.0 | 风险: P0.00/U0.00/F0.00/H0/L0 | 提取质量: 🟢high | 留白率: 0% | 低质量率: 0%
2026-07-25 03:25:38 | INFO     | 📢 [总进度] 65/65 份试卷已归档。
2026-07-25 03:25:38 | INFO     | 🗂️ 所有线程交卷完毕，正在整理数据... (共收集 65/65 份结果)
2026-07-25 03:25:38 | INFO     | 💾 正常批改结果已保存: D:\users\王鑫020420\Desktop\refgrader-main\results_runs\csbench_co1_co2_co3_co4_co5_co6_co7_all\runs\teacher_audit_all7_20260725_000621\CO_7_graded_results.json (64 人)
2026-07-25 03:25:38 | INFO     | 🛑 拒绝域结果已单独保存: D:\users\王鑫020420\Desktop\refgrader-main\results_runs\csbench_co1_co2_co3_co4_co5_co6_co7_all\runs\teacher_audit_all7_20260725_000621\CO_7_rejected.json (1 人)
2026-07-25 03:25:38 | INFO     | [result consistency] CO_7: checkpoint=65, graded=64, rejected=1, failed=0, expected=65
2026-07-25 03:25:38 | INFO     | 
🏆 任务完成！
