==================================================
2026-06-24 00:05:26 | INFO     | ==================================================
📂 正在加载试卷数据库...
2026-06-24 00:05:26 | INFO     | 📂 正在加载试卷数据库...
   运行模式: FULL
2026-06-24 00:05:26 | INFO     |    运行模式: FULL
   题目范围: ['CO_2']
2026-06-24 00:05:26 | INFO     |    题目范围: ['CO_2']
   文本模型: glm5 -> glm-5.1
2026-06-24 00:05:26 | INFO     |    文本模型: glm5 -> glm-5.1
   提取后端: csbench_hybrid
2026-06-24 00:05:26 | INFO     |    提取后端: csbench_hybrid
   题库文件: /home/E125221219/projects/refgrader/data/csbench/exam_database.json
2026-06-24 00:05:26 | INFO     |    题库文件: /home/E125221219/projects/refgrader/data/csbench/exam_database.json
   教师分文件: /home/E125221219/projects/refgrader/data/csbench/teacher_scores.json
2026-06-24 00:05:26 | INFO     |    教师分文件: /home/E125221219/projects/refgrader/data/csbench/teacher_scores.json
   答案元数据: /home/E125221219/projects/refgrader/data/csbench/answer_metadata.jsonl
2026-06-24 00:05:26 | INFO     |    答案元数据: /home/E125221219/projects/refgrader/data/csbench/answer_metadata.jsonl
   并发数:   2
2026-06-24 00:05:26 | INFO     |    并发数:   2
   结果目录: /home/E125221219/projects/refgrader/results_runs/csbench_co2_full
2026-06-24 00:05:26 | INFO     |    结果目录: /home/E125221219/projects/refgrader/results_runs/csbench_co2_full
   Rubric目录: /home/E125221219/projects/refgrader/data/csbench/rubrics/optimized
2026-06-24 00:05:26 | INFO     |    Rubric目录: /home/E125221219/projects/refgrader/data/csbench/rubrics/optimized
   初始Rubric目录: /home/E125221219/projects/refgrader/data/csbench/rubrics/initial
2026-06-24 00:05:26 | INFO     |    初始Rubric目录: /home/E125221219/projects/refgrader/data/csbench/rubrics/initial
   允许回退初始Rubric: False
2026-06-24 00:05:26 | INFO     |    允许回退初始Rubric: False
   进度文件: /home/E125221219/projects/refgrader/results_runs/csbench_co2_full/progress.json
2026-06-24 00:05:26 | INFO     |    进度文件: /home/E125221219/projects/refgrader/results_runs/csbench_co2_full/progress.json
   日志文件: logs/experiment_20260624_000525.log
2026-06-24 00:05:26 | INFO     |    日志文件: logs/experiment_20260624_000525.log
🚀 当前处于【精准批改模式】
2026-06-24 00:05:26 | INFO     | 🚀 当前处于【精准批改模式】

🚀 [标准模式] 开始处理: CO_2
2026-06-24 00:05:26 | INFO     | 
🚀 [标准模式] 开始处理: CO_2
⚡ 已加载本地标准: /home/E125221219/projects/refgrader/data/csbench/rubrics/optimized/CO/CO_2_rubric_standard.json
2026-06-24 00:05:26 | INFO     | ⚡ 已加载本地标准: /home/E125221219/projects/refgrader/data/csbench/rubrics/optimized/CO/CO_2_rubric_standard.json
[metadata] loaded 3326 answer records from /home/E125221219/projects/refgrader/data/csbench/answer_metadata.jsonl
2026-06-24 00:05:26 | INFO     | [metadata] loaded 3326 answer records from /home/E125221219/projects/refgrader/data/csbench/answer_metadata.jsonl
[PaddleOCR] preparing 81/84 visual-answer cache entries...
2026-06-24 00:05:26 | INFO     | [PaddleOCR] preparing 81/84 visual-answer cache entries...
Initialize PaddleOCR | device=gpu:0 | lang=ch | pending=1/1
[1/1] completed: ANS_CO_516.jpg | tokens=19 | mean_conf=0.953608 | output=/home/E125221219/projects/refgrader/ocr_cache/csbench/CO_2/ANS_CO_516.json
summary: completed=1, skipped=0, failed=0
2026-06-24 00:05:33 | INFO     | Initialize PaddleOCR | device=gpu:0 | lang=ch | pending=1/1
[1/1] completed: ANS_CO_516.jpg | tokens=19 | mean_conf=0.953608 | output=/home/E125221219/projects/refgrader/ocr_cache/csbench/CO_2/ANS_CO_516.json
summary: completed=1, skipped=0, failed=0
Initialize PaddleOCR | device=gpu:0 | lang=ch | pending=1/1
[1/1] completed: ANS_CO_517.jpg | tokens=18 | mean_conf=0.916977 | output=/home/E125221219/projects/refgrader/ocr_cache/csbench/CO_2/ANS_CO_517.json
summary: completed=1, skipped=0, failed=0
2026-06-24 00:05:40 | INFO     | Initialize PaddleOCR | device=gpu:0 | lang=ch | pending=1/1
[1/1] completed: ANS_CO_517.jpg | tokens=18 | mean_conf=0.916977 | output=/home/E125221219/projects/refgrader/ocr_cache/csbench/CO_2/ANS_CO_517.json
summary: completed=1, skipped=0, failed=0
Initialize PaddleOCR | device=gpu:0 | lang=ch | pending=1/1
[1/1] completed: ANS_CO_518.jpg | tokens=27 | mean_conf=0.913977 | output=/home/E125221219/projects/refgrader/ocr_cache/csbench/CO_2/ANS_CO_518.json
summary: completed=1, skipped=0, failed=0
2026-06-24 00:05:47 | INFO     | Initialize PaddleOCR | device=gpu:0 | lang=ch | pending=1/1
[1/1] completed: ANS_CO_518.jpg | tokens=27 | mean_conf=0.913977 | output=/home/E125221219/projects/refgrader/ocr_cache/csbench/CO_2/ANS_CO_518.json
summary: completed=1, skipped=0, failed=0
Initialize PaddleOCR | device=gpu:0 | lang=ch | pending=1/1
[1/1] completed: ANS_CO_520.jpg | tokens=9 | mean_conf=0.895127 | output=/home/E125221219/projects/refgrader/ocr_cache/csbench/CO_2/ANS_CO_520.json
summary: completed=1, skipped=0, failed=0
2026-06-24 00:05:54 | INFO     | Initialize PaddleOCR | device=gpu:0 | lang=ch | pending=1/1
[1/1] completed: ANS_CO_520.jpg | tokens=9 | mean_conf=0.895127 | output=/home/E125221219/projects/refgrader/ocr_cache/csbench/CO_2/ANS_CO_520.json
summary: completed=1, skipped=0, failed=0
Initialize PaddleOCR | device=gpu:0 | lang=ch | pending=1/1
[1/1] completed: ANS_CO_523.jpg | tokens=9 | mean_conf=0.907539 | output=/home/E125221219/projects/refgrader/ocr_cache/csbench/CO_2/ANS_CO_523.json
summary: completed=1, skipped=0, failed=0
2026-06-24 00:06:01 | INFO     | Initialize PaddleOCR | device=gpu:0 | lang=ch | pending=1/1
[1/1] completed: ANS_CO_523.jpg | tokens=9 | mean_conf=0.907539 | output=/home/E125221219/projects/refgrader/ocr_cache/csbench/CO_2/ANS_CO_523.json
summary: completed=1, skipped=0, failed=0
Initialize PaddleOCR | device=gpu:0 | lang=ch | pending=1/1
[1/1] completed: ANS_CO_524.jpg | tokens=43 | mean_conf=0.883903 | output=/home/E125221219/projects/refgrader/ocr_cache/csbench/CO_2/ANS_CO_524.json
summary: completed=1, skipped=0, failed=0
2026-06-24 00:06:08 | INFO     | Initialize PaddleOCR | device=gpu:0 | lang=ch | pending=1/1
[1/1] completed: ANS_CO_524.jpg | tokens=43 | mean_conf=0.883903 | output=/home/E125221219/projects/refgrader/ocr_cache/csbench/CO_2/ANS_CO_524.json
summary: completed=1, skipped=0, failed=0
Initialize PaddleOCR | device=gpu:0 | lang=ch | pending=1/1
[1/1] completed: ANS_CO_526.jpg | tokens=47 | mean_conf=0.935469 | output=/home/E125221219/projects/refgrader/ocr_cache/csbench/CO_2/ANS_CO_526.json
summary: completed=1, skipped=0, failed=0
2026-06-24 00:06:16 | INFO     | Initialize PaddleOCR | device=gpu:0 | lang=ch | pending=1/1
[1/1] completed: ANS_CO_526.jpg | tokens=47 | mean_conf=0.935469 | output=/home/E125221219/projects/refgrader/ocr_cache/csbench/CO_2/ANS_CO_526.json
summary: completed=1, skipped=0, failed=0
Initialize PaddleOCR | device=gpu:0 | lang=ch | pending=1/1
[1/1] completed: ANS_CO_527.jpg | tokens=32 | mean_conf=0.95557 | output=/home/E125221219/projects/refgrader/ocr_cache/csbench/CO_2/ANS_CO_527.json
summary: completed=1, skipped=0, failed=0
2026-06-24 00:06:23 | INFO     | Initialize PaddleOCR | device=gpu:0 | lang=ch | pending=1/1
[1/1] completed: ANS_CO_527.jpg | tokens=32 | mean_conf=0.95557 | output=/home/E125221219/projects/refgrader/ocr_cache/csbench/CO_2/ANS_CO_527.json
summary: completed=1, skipped=0, failed=0
Initialize PaddleOCR | device=gpu:0 | lang=ch | pending=1/1
[1/1] completed: ANS_CO_528.jpg | tokens=16 | mean_conf=0.933357 | output=/home/E125221219/projects/refgrader/ocr_cache/csbench/CO_2/ANS_CO_528.json
summary: completed=1, skipped=0, failed=0
2026-06-24 00:06:30 | INFO     | Initialize PaddleOCR | device=gpu:0 | lang=ch | pending=1/1
[1/1] completed: ANS_CO_528.jpg | tokens=16 | mean_conf=0.933357 | output=/home/E125221219/projects/refgrader/ocr_cache/csbench/CO_2/ANS_CO_528.json
summary: completed=1, skipped=0, failed=0
Initialize PaddleOCR | device=gpu:0 | lang=ch | pending=1/1
[1/1] completed: ANS_CO_530.jpg | tokens=14 | mean_conf=0.929607 | output=/home/E125221219/projects/refgrader/ocr_cache/csbench/CO_2/ANS_CO_530.json
summary: completed=1, skipped=0, failed=0
2026-06-24 00:06:37 | INFO     | Initialize PaddleOCR | device=gpu:0 | lang=ch | pending=1/1
[1/1] completed: ANS_CO_530.jpg | tokens=14 | mean_conf=0.929607 | output=/home/E125221219/projects/refgrader/ocr_cache/csbench/CO_2/ANS_CO_530.json
summary: completed=1, skipped=0, failed=0
Initialize PaddleOCR | device=gpu:0 | lang=ch | pending=1/1
[1/1] completed: ANS_CO_533.jpg | tokens=21 | mean_conf=0.90301 | output=/home/E125221219/projects/refgrader/ocr_cache/csbench/CO_2/ANS_CO_533.json
summary: completed=1, skipped=0, failed=0
2026-06-24 00:06:44 | INFO     | Initialize PaddleOCR | device=gpu:0 | lang=ch | pending=1/1
[1/1] completed: ANS_CO_533.jpg | tokens=21 | mean_conf=0.90301 | output=/home/E125221219/projects/refgrader/ocr_cache/csbench/CO_2/ANS_CO_533.json
summary: completed=1, skipped=0, failed=0
Initialize PaddleOCR | device=gpu:0 | lang=ch | pending=1/1
[1/1] completed: ANS_CO_539.jpg | tokens=23 | mean_conf=0.945067 | output=/home/E125221219/projects/refgrader/ocr_cache/csbench/CO_2/ANS_CO_539.json
summary: completed=1, skipped=0, failed=0
2026-06-24 00:06:51 | INFO     | Initialize PaddleOCR | device=gpu:0 | lang=ch | pending=1/1
[1/1] completed: ANS_CO_539.jpg | tokens=23 | mean_conf=0.945067 | output=/home/E125221219/projects/refgrader/ocr_cache/csbench/CO_2/ANS_CO_539.json
summary: completed=1, skipped=0, failed=0
Initialize PaddleOCR | device=gpu:0 | lang=ch | pending=1/1
[1/1] completed: ANS_CO_541.jpg | tokens=50 | mean_conf=0.953938 | output=/home/E125221219/projects/refgrader/ocr_cache/csbench/CO_2/ANS_CO_541.json
summary: completed=1, skipped=0, failed=0
2026-06-24 00:06:58 | INFO     | Initialize PaddleOCR | device=gpu:0 | lang=ch | pending=1/1
[1/1] completed: ANS_CO_541.jpg | tokens=50 | mean_conf=0.953938 | output=/home/E125221219/projects/refgrader/ocr_cache/csbench/CO_2/ANS_CO_541.json
summary: completed=1, skipped=0, failed=0
Initialize PaddleOCR | device=gpu:0 | lang=ch | pending=1/1
[1/1] completed: ANS_CO_542.jpg | tokens=29 | mean_conf=0.936411 | output=/home/E125221219/projects/refgrader/ocr_cache/csbench/CO_2/ANS_CO_542.json
summary: completed=1, skipped=0, failed=0
2026-06-24 00:07:05 | INFO     | Initialize PaddleOCR | device=gpu:0 | lang=ch | pending=1/1
[1/1] completed: ANS_CO_542.jpg | tokens=29 | mean_conf=0.936411 | output=/home/E125221219/projects/refgrader/ocr_cache/csbench/CO_2/ANS_CO_542.json
summary: completed=1, skipped=0, failed=0
Initialize PaddleOCR | device=gpu:0 | lang=ch | pending=1/1
[1/1] completed: ANS_CO_543.jpg | tokens=18 | mean_conf=0.925373 | output=/home/E125221219/projects/refgrader/ocr_cache/csbench/CO_2/ANS_CO_543.json
summary: completed=1, skipped=0, failed=0
2026-06-24 00:07:13 | INFO     | Initialize PaddleOCR | device=gpu:0 | lang=ch | pending=1/1
[1/1] completed: ANS_CO_543.jpg | tokens=18 | mean_conf=0.925373 | output=/home/E125221219/projects/refgrader/ocr_cache/csbench/CO_2/ANS_CO_543.json
summary: completed=1, skipped=0, failed=0
Initialize PaddleOCR | device=gpu:0 | lang=ch | pending=1/1
[1/1] completed: ANS_CO_544.jpg | tokens=42 | mean_conf=0.932803 | output=/home/E125221219/projects/refgrader/ocr_cache/csbench/CO_2/ANS_CO_544.json
summary: completed=1, skipped=0, failed=0
2026-06-24 00:07:20 | INFO     | Initialize PaddleOCR | device=gpu:0 | lang=ch | pending=1/1
[1/1] completed: ANS_CO_544.jpg | tokens=42 | mean_conf=0.932803 | output=/home/E125221219/projects/refgrader/ocr_cache/csbench/CO_2/ANS_CO_544.json
summary: completed=1, skipped=0, failed=0
Initialize PaddleOCR | device=gpu:0 | lang=ch | pending=1/1
[1/1] completed: ANS_CO_546.jpg | tokens=40 | mean_conf=0.93461 | output=/home/E125221219/projects/refgrader/ocr_cache/csbench/CO_2/ANS_CO_546.json
summary: completed=1, skipped=0, failed=0
2026-06-24 00:07:27 | INFO     | Initialize PaddleOCR | device=gpu:0 | lang=ch | pending=1/1
[1/1] completed: ANS_CO_546.jpg | tokens=40 | mean_conf=0.93461 | output=/home/E125221219/projects/refgrader/ocr_cache/csbench/CO_2/ANS_CO_546.json
summary: completed=1, skipped=0, failed=0
Initialize PaddleOCR | device=gpu:0 | lang=ch | pending=1/1
[1/1] completed: ANS_CO_547.jpg | tokens=29 | mean_conf=0.948298 | output=/home/E125221219/projects/refgrader/ocr_cache/csbench/CO_2/ANS_CO_547.json
summary: completed=1, skipped=0, failed=0
2026-06-24 00:07:34 | INFO     | Initialize PaddleOCR | device=gpu:0 | lang=ch | pending=1/1
[1/1] completed: ANS_CO_547.jpg | tokens=29 | mean_conf=0.948298 | output=/home/E125221219/projects/refgrader/ocr_cache/csbench/CO_2/ANS_CO_547.json
summary: completed=1, skipped=0, failed=0
Initialize PaddleOCR | device=gpu:0 | lang=ch | pending=1/1
[1/1] completed: ANS_CO_550.jpg | tokens=19 | mean_conf=0.882049 | output=/home/E125221219/projects/refgrader/ocr_cache/csbench/CO_2/ANS_CO_550.json
summary: completed=1, skipped=0, failed=0
2026-06-24 00:07:41 | INFO     | Initialize PaddleOCR | device=gpu:0 | lang=ch | pending=1/1
[1/1] completed: ANS_CO_550.jpg | tokens=19 | mean_conf=0.882049 | output=/home/E125221219/projects/refgrader/ocr_cache/csbench/CO_2/ANS_CO_550.json
summary: completed=1, skipped=0, failed=0
Initialize PaddleOCR | device=gpu:0 | lang=ch | pending=1/1
[1/1] completed: ANS_CO_551.jpg | tokens=11 | mean_conf=0.935539 | output=/home/E125221219/projects/refgrader/ocr_cache/csbench/CO_2/ANS_CO_551.json
summary: completed=1, skipped=0, failed=0
2026-06-24 00:07:48 | INFO     | Initialize PaddleOCR | device=gpu:0 | lang=ch | pending=1/1
[1/1] completed: ANS_CO_551.jpg | tokens=11 | mean_conf=0.935539 | output=/home/E125221219/projects/refgrader/ocr_cache/csbench/CO_2/ANS_CO_551.json
summary: completed=1, skipped=0, failed=0
Initialize PaddleOCR | device=gpu:0 | lang=ch | pending=1/1
[1/1] completed: ANS_CO_554.jpg | tokens=18 | mean_conf=0.913545 | output=/home/E125221219/projects/refgrader/ocr_cache/csbench/CO_2/ANS_CO_554.json
summary: completed=1, skipped=0, failed=0
2026-06-24 00:07:55 | INFO     | Initialize PaddleOCR | device=gpu:0 | lang=ch | pending=1/1
[1/1] completed: ANS_CO_554.jpg | tokens=18 | mean_conf=0.913545 | output=/home/E125221219/projects/refgrader/ocr_cache/csbench/CO_2/ANS_CO_554.json
summary: completed=1, skipped=0, failed=0
Initialize PaddleOCR | device=gpu:0 | lang=ch | pending=1/1
[1/1] completed: ANS_CO_555.jpg | tokens=24 | mean_conf=0.939355 | output=/home/E125221219/projects/refgrader/ocr_cache/csbench/CO_2/ANS_CO_555.json
summary: completed=1, skipped=0, failed=0
2026-06-24 00:08:02 | INFO     | Initialize PaddleOCR | device=gpu:0 | lang=ch | pending=1/1
[1/1] completed: ANS_CO_555.jpg | tokens=24 | mean_conf=0.939355 | output=/home/E125221219/projects/refgrader/ocr_cache/csbench/CO_2/ANS_CO_555.json
summary: completed=1, skipped=0, failed=0
Initialize PaddleOCR | device=gpu:0 | lang=ch | pending=1/1
[1/1] completed: ANS_CO_557.jpg | tokens=38 | mean_conf=0.941131 | output=/home/E125221219/projects/refgrader/ocr_cache/csbench/CO_2/ANS_CO_557.json
summary: completed=1, skipped=0, failed=0
2026-06-24 00:08:09 | INFO     | Initialize PaddleOCR | device=gpu:0 | lang=ch | pending=1/1
[1/1] completed: ANS_CO_557.jpg | tokens=38 | mean_conf=0.941131 | output=/home/E125221219/projects/refgrader/ocr_cache/csbench/CO_2/ANS_CO_557.json
summary: completed=1, skipped=0, failed=0
Initialize PaddleOCR | device=gpu:0 | lang=ch | pending=1/1
[1/1] completed: ANS_CO_558.jpg | tokens=10 | mean_conf=0.931466 | output=/home/E125221219/projects/refgrader/ocr_cache/csbench/CO_2/ANS_CO_558.json
summary: completed=1, skipped=0, failed=0
2026-06-24 00:08:15 | INFO     | Initialize PaddleOCR | device=gpu:0 | lang=ch | pending=1/1
[1/1] completed: ANS_CO_558.jpg | tokens=10 | mean_conf=0.931466 | output=/home/E125221219/projects/refgrader/ocr_cache/csbench/CO_2/ANS_CO_558.json
summary: completed=1, skipped=0, failed=0
Initialize PaddleOCR | device=gpu:0 | lang=ch | pending=1/1
[1/1] completed: ANS_CO_559.jpg | tokens=67 | mean_conf=0.872503 | output=/home/E125221219/projects/refgrader/ocr_cache/csbench/CO_2/ANS_CO_559.json
summary: completed=1, skipped=0, failed=0
2026-06-24 00:08:23 | INFO     | Initialize PaddleOCR | device=gpu:0 | lang=ch | pending=1/1
[1/1] completed: ANS_CO_559.jpg | tokens=67 | mean_conf=0.872503 | output=/home/E125221219/projects/refgrader/ocr_cache/csbench/CO_2/ANS_CO_559.json
summary: completed=1, skipped=0, failed=0
Initialize PaddleOCR | device=gpu:0 | lang=ch | pending=1/1
[1/1] completed: ANS_CO_560.jpg | tokens=33 | mean_conf=0.963779 | output=/home/E125221219/projects/refgrader/ocr_cache/csbench/CO_2/ANS_CO_560.json
summary: completed=1, skipped=0, failed=0
2026-06-24 00:08:30 | INFO     | Initialize PaddleOCR | device=gpu:0 | lang=ch | pending=1/1
[1/1] completed: ANS_CO_560.jpg | tokens=33 | mean_conf=0.963779 | output=/home/E125221219/projects/refgrader/ocr_cache/csbench/CO_2/ANS_CO_560.json
summary: completed=1, skipped=0, failed=0
Initialize PaddleOCR | device=gpu:0 | lang=ch | pending=1/1
[1/1] completed: ANS_CO_561.jpg | tokens=24 | mean_conf=0.92476 | output=/home/E125221219/projects/refgrader/ocr_cache/csbench/CO_2/ANS_CO_561.json
summary: completed=1, skipped=0, failed=0
2026-06-24 00:08:37 | INFO     | Initialize PaddleOCR | device=gpu:0 | lang=ch | pending=1/1
[1/1] completed: ANS_CO_561.jpg | tokens=24 | mean_conf=0.92476 | output=/home/E125221219/projects/refgrader/ocr_cache/csbench/CO_2/ANS_CO_561.json
summary: completed=1, skipped=0, failed=0
Initialize PaddleOCR | device=gpu:0 | lang=ch | pending=1/1
[1/1] completed: ANS_CO_562.jpg | tokens=20 | mean_conf=0.937215 | output=/home/E125221219/projects/refgrader/ocr_cache/csbench/CO_2/ANS_CO_562.json
summary: completed=1, skipped=0, failed=0
2026-06-24 00:08:43 | INFO     | Initialize PaddleOCR | device=gpu:0 | lang=ch | pending=1/1
[1/1] completed: ANS_CO_562.jpg | tokens=20 | mean_conf=0.937215 | output=/home/E125221219/projects/refgrader/ocr_cache/csbench/CO_2/ANS_CO_562.json
summary: completed=1, skipped=0, failed=0
Initialize PaddleOCR | device=gpu:0 | lang=ch | pending=1/1
[1/1] completed: ANS_CO_564.jpg | tokens=25 | mean_conf=0.914571 | output=/home/E125221219/projects/refgrader/ocr_cache/csbench/CO_2/ANS_CO_564.json
summary: completed=1, skipped=0, failed=0
2026-06-24 00:08:50 | INFO     | Initialize PaddleOCR | device=gpu:0 | lang=ch | pending=1/1
[1/1] completed: ANS_CO_564.jpg | tokens=25 | mean_conf=0.914571 | output=/home/E125221219/projects/refgrader/ocr_cache/csbench/CO_2/ANS_CO_564.json
summary: completed=1, skipped=0, failed=0
Initialize PaddleOCR | device=gpu:0 | lang=ch | pending=1/1
[1/1] completed: ANS_CO_565.jpg | tokens=20 | mean_conf=0.860505 | output=/home/E125221219/projects/refgrader/ocr_cache/csbench/CO_2/ANS_CO_565.json
summary: completed=1, skipped=0, failed=0
2026-06-24 00:08:57 | INFO     | Initialize PaddleOCR | device=gpu:0 | lang=ch | pending=1/1
[1/1] completed: ANS_CO_565.jpg | tokens=20 | mean_conf=0.860505 | output=/home/E125221219/projects/refgrader/ocr_cache/csbench/CO_2/ANS_CO_565.json
summary: completed=1, skipped=0, failed=0
Initialize PaddleOCR | device=gpu:0 | lang=ch | pending=1/1
[1/1] completed: ANS_CO_567.jpg | tokens=25 | mean_conf=0.944054 | output=/home/E125221219/projects/refgrader/ocr_cache/csbench/CO_2/ANS_CO_567.json
summary: completed=1, skipped=0, failed=0
2026-06-24 00:09:04 | INFO     | Initialize PaddleOCR | device=gpu:0 | lang=ch | pending=1/1
[1/1] completed: ANS_CO_567.jpg | tokens=25 | mean_conf=0.944054 | output=/home/E125221219/projects/refgrader/ocr_cache/csbench/CO_2/ANS_CO_567.json
summary: completed=1, skipped=0, failed=0
Initialize PaddleOCR | device=gpu:0 | lang=ch | pending=1/1
[1/1] completed: ANS_CO_569.jpg | tokens=28 | mean_conf=0.983719 | output=/home/E125221219/projects/refgrader/ocr_cache/csbench/CO_2/ANS_CO_569.json
summary: completed=1, skipped=0, failed=0
2026-06-24 00:09:11 | INFO     | Initialize PaddleOCR | device=gpu:0 | lang=ch | pending=1/1
[1/1] completed: ANS_CO_569.jpg | tokens=28 | mean_conf=0.983719 | output=/home/E125221219/projects/refgrader/ocr_cache/csbench/CO_2/ANS_CO_569.json
summary: completed=1, skipped=0, failed=0
Initialize PaddleOCR | device=gpu:0 | lang=ch | pending=1/1
[1/1] completed: ANS_CO_570.jpg | tokens=25 | mean_conf=0.923813 | output=/home/E125221219/projects/refgrader/ocr_cache/csbench/CO_2/ANS_CO_570.json
summary: completed=1, skipped=0, failed=0
2026-06-24 00:09:18 | INFO     | Initialize PaddleOCR | device=gpu:0 | lang=ch | pending=1/1
[1/1] completed: ANS_CO_570.jpg | tokens=25 | mean_conf=0.923813 | output=/home/E125221219/projects/refgrader/ocr_cache/csbench/CO_2/ANS_CO_570.json
summary: completed=1, skipped=0, failed=0
Initialize PaddleOCR | device=gpu:0 | lang=ch | pending=1/1
[1/1] completed: ANS_CO_571.jpg | tokens=17 | mean_conf=0.94365 | output=/home/E125221219/projects/refgrader/ocr_cache/csbench/CO_2/ANS_CO_571.json
summary: completed=1, skipped=0, failed=0
2026-06-24 00:09:25 | INFO     | Initialize PaddleOCR | device=gpu:0 | lang=ch | pending=1/1
[1/1] completed: ANS_CO_571.jpg | tokens=17 | mean_conf=0.94365 | output=/home/E125221219/projects/refgrader/ocr_cache/csbench/CO_2/ANS_CO_571.json
summary: completed=1, skipped=0, failed=0
Initialize PaddleOCR | device=gpu:0 | lang=ch | pending=1/1
[1/1] completed: ANS_CO_572.jpg | tokens=32 | mean_conf=0.9358 | output=/home/E125221219/projects/refgrader/ocr_cache/csbench/CO_2/ANS_CO_572.json
summary: completed=1, skipped=0, failed=0
2026-06-24 00:09:32 | INFO     | Initialize PaddleOCR | device=gpu:0 | lang=ch | pending=1/1
[1/1] completed: ANS_CO_572.jpg | tokens=32 | mean_conf=0.9358 | output=/home/E125221219/projects/refgrader/ocr_cache/csbench/CO_2/ANS_CO_572.json
summary: completed=1, skipped=0, failed=0
Initialize PaddleOCR | device=gpu:0 | lang=ch | pending=1/1
[1/1] completed: ANS_CO_573.jpg | tokens=23 | mean_conf=0.932406 | output=/home/E125221219/projects/refgrader/ocr_cache/csbench/CO_2/ANS_CO_573.json
summary: completed=1, skipped=0, failed=0
2026-06-24 00:09:39 | INFO     | Initialize PaddleOCR | device=gpu:0 | lang=ch | pending=1/1
[1/1] completed: ANS_CO_573.jpg | tokens=23 | mean_conf=0.932406 | output=/home/E125221219/projects/refgrader/ocr_cache/csbench/CO_2/ANS_CO_573.json
summary: completed=1, skipped=0, failed=0
Initialize PaddleOCR | device=gpu:0 | lang=ch | pending=1/1
[1/1] completed: ANS_CO_575.png | tokens=22 | mean_conf=0.927626 | output=/home/E125221219/projects/refgrader/ocr_cache/csbench/CO_2/ANS_CO_575.json
summary: completed=1, skipped=0, failed=0
2026-06-24 00:09:46 | INFO     | Initialize PaddleOCR | device=gpu:0 | lang=ch | pending=1/1
[1/1] completed: ANS_CO_575.png | tokens=22 | mean_conf=0.927626 | output=/home/E125221219/projects/refgrader/ocr_cache/csbench/CO_2/ANS_CO_575.json
summary: completed=1, skipped=0, failed=0
Initialize PaddleOCR | device=gpu:0 | lang=ch | pending=1/1
[1/1] completed: ANS_CO_578.png | tokens=15 | mean_conf=0.914186 | output=/home/E125221219/projects/refgrader/ocr_cache/csbench/CO_2/ANS_CO_578.json
summary: completed=1, skipped=0, failed=0
2026-06-24 00:09:53 | INFO     | Initialize PaddleOCR | device=gpu:0 | lang=ch | pending=1/1
[1/1] completed: ANS_CO_578.png | tokens=15 | mean_conf=0.914186 | output=/home/E125221219/projects/refgrader/ocr_cache/csbench/CO_2/ANS_CO_578.json
summary: completed=1, skipped=0, failed=0
Initialize PaddleOCR | device=gpu:0 | lang=ch | pending=1/1
[1/1] completed: ANS_CO_579.png | tokens=34 | mean_conf=0.933531 | output=/home/E125221219/projects/refgrader/ocr_cache/csbench/CO_2/ANS_CO_579.json
summary: completed=1, skipped=0, failed=0
2026-06-24 00:10:00 | INFO     | Initialize PaddleOCR | device=gpu:0 | lang=ch | pending=1/1
[1/1] completed: ANS_CO_579.png | tokens=34 | mean_conf=0.933531 | output=/home/E125221219/projects/refgrader/ocr_cache/csbench/CO_2/ANS_CO_579.json
summary: completed=1, skipped=0, failed=0
Initialize PaddleOCR | device=gpu:0 | lang=ch | pending=1/1
[1/1] completed: ANS_CO_580.png | tokens=44 | mean_conf=0.966572 | output=/home/E125221219/projects/refgrader/ocr_cache/csbench/CO_2/ANS_CO_580.json
summary: completed=1, skipped=0, failed=0
2026-06-24 00:10:08 | INFO     | Initialize PaddleOCR | device=gpu:0 | lang=ch | pending=1/1
[1/1] completed: ANS_CO_580.png | tokens=44 | mean_conf=0.966572 | output=/home/E125221219/projects/refgrader/ocr_cache/csbench/CO_2/ANS_CO_580.json
summary: completed=1, skipped=0, failed=0
Initialize PaddleOCR | device=gpu:0 | lang=ch | pending=1/1
[1/1] completed: ANS_CO_582.png | tokens=18 | mean_conf=0.89644 | output=/home/E125221219/projects/refgrader/ocr_cache/csbench/CO_2/ANS_CO_582.json
summary: completed=1, skipped=0, failed=0
2026-06-24 00:10:15 | INFO     | Initialize PaddleOCR | device=gpu:0 | lang=ch | pending=1/1
[1/1] completed: ANS_CO_582.png | tokens=18 | mean_conf=0.89644 | output=/home/E125221219/projects/refgrader/ocr_cache/csbench/CO_2/ANS_CO_582.json
summary: completed=1, skipped=0, failed=0
Initialize PaddleOCR | device=gpu:0 | lang=ch | pending=1/1
[1/1] completed: ANS_CO_583.png | tokens=23 | mean_conf=0.935448 | output=/home/E125221219/projects/refgrader/ocr_cache/csbench/CO_2/ANS_CO_583.json
summary: completed=1, skipped=0, failed=0
2026-06-24 00:10:22 | INFO     | Initialize PaddleOCR | device=gpu:0 | lang=ch | pending=1/1
[1/1] completed: ANS_CO_583.png | tokens=23 | mean_conf=0.935448 | output=/home/E125221219/projects/refgrader/ocr_cache/csbench/CO_2/ANS_CO_583.json
summary: completed=1, skipped=0, failed=0
Initialize PaddleOCR | device=gpu:0 | lang=ch | pending=1/1
[1/1] completed: ANS_CO_584.png | tokens=16 | mean_conf=0.91163 | output=/home/E125221219/projects/refgrader/ocr_cache/csbench/CO_2/ANS_CO_584.json
summary: completed=1, skipped=0, failed=0
2026-06-24 00:10:29 | INFO     | Initialize PaddleOCR | device=gpu:0 | lang=ch | pending=1/1
[1/1] completed: ANS_CO_584.png | tokens=16 | mean_conf=0.91163 | output=/home/E125221219/projects/refgrader/ocr_cache/csbench/CO_2/ANS_CO_584.json
summary: completed=1, skipped=0, failed=0
Initialize PaddleOCR | device=gpu:0 | lang=ch | pending=1/1
[1/1] completed: ANS_CO_585.png | tokens=13 | mean_conf=0.942905 | output=/home/E125221219/projects/refgrader/ocr_cache/csbench/CO_2/ANS_CO_585.json
summary: completed=1, skipped=0, failed=0
2026-06-24 00:10:35 | INFO     | Initialize PaddleOCR | device=gpu:0 | lang=ch | pending=1/1
[1/1] completed: ANS_CO_585.png | tokens=13 | mean_conf=0.942905 | output=/home/E125221219/projects/refgrader/ocr_cache/csbench/CO_2/ANS_CO_585.json
summary: completed=1, skipped=0, failed=0
Initialize PaddleOCR | device=gpu:0 | lang=ch | pending=1/1
[1/1] completed: ANS_CO_586.png | tokens=13 | mean_conf=0.931418 | output=/home/E125221219/projects/refgrader/ocr_cache/csbench/CO_2/ANS_CO_586.json
summary: completed=1, skipped=0, failed=0
2026-06-24 00:10:43 | INFO     | Initialize PaddleOCR | device=gpu:0 | lang=ch | pending=1/1
[1/1] completed: ANS_CO_586.png | tokens=13 | mean_conf=0.931418 | output=/home/E125221219/projects/refgrader/ocr_cache/csbench/CO_2/ANS_CO_586.json
summary: completed=1, skipped=0, failed=0
Initialize PaddleOCR | device=gpu:0 | lang=ch | pending=1/1
[1/1] completed: ANS_CO_589.png | tokens=11 | mean_conf=0.920498 | output=/home/E125221219/projects/refgrader/ocr_cache/csbench/CO_2/ANS_CO_589.json
summary: completed=1, skipped=0, failed=0
2026-06-24 00:10:50 | INFO     | Initialize PaddleOCR | device=gpu:0 | lang=ch | pending=1/1
[1/1] completed: ANS_CO_589.png | tokens=11 | mean_conf=0.920498 | output=/home/E125221219/projects/refgrader/ocr_cache/csbench/CO_2/ANS_CO_589.json
summary: completed=1, skipped=0, failed=0
Initialize PaddleOCR | device=gpu:0 | lang=ch | pending=1/1
[1/1] completed: ANS_CO_590.png | tokens=19 | mean_conf=0.871498 | output=/home/E125221219/projects/refgrader/ocr_cache/csbench/CO_2/ANS_CO_590.json
summary: completed=1, skipped=0, failed=0
2026-06-24 00:10:56 | INFO     | Initialize PaddleOCR | device=gpu:0 | lang=ch | pending=1/1
[1/1] completed: ANS_CO_590.png | tokens=19 | mean_conf=0.871498 | output=/home/E125221219/projects/refgrader/ocr_cache/csbench/CO_2/ANS_CO_590.json
summary: completed=1, skipped=0, failed=0
Initialize PaddleOCR | device=gpu:0 | lang=ch | pending=1/1
[1/1] completed: ANS_CO_592.png | tokens=54 | mean_conf=0.951036 | output=/home/E125221219/projects/refgrader/ocr_cache/csbench/CO_2/ANS_CO_592.json
summary: completed=1, skipped=0, failed=0
2026-06-24 00:11:04 | INFO     | Initialize PaddleOCR | device=gpu:0 | lang=ch | pending=1/1
[1/1] completed: ANS_CO_592.png | tokens=54 | mean_conf=0.951036 | output=/home/E125221219/projects/refgrader/ocr_cache/csbench/CO_2/ANS_CO_592.json
summary: completed=1, skipped=0, failed=0
Initialize PaddleOCR | device=gpu:0 | lang=ch | pending=1/1
[1/1] completed: ANS_CO_594.png | tokens=29 | mean_conf=0.872904 | output=/home/E125221219/projects/refgrader/ocr_cache/csbench/CO_2/ANS_CO_594.json
summary: completed=1, skipped=0, failed=0
2026-06-24 00:11:11 | INFO     | Initialize PaddleOCR | device=gpu:0 | lang=ch | pending=1/1
[1/1] completed: ANS_CO_594.png | tokens=29 | mean_conf=0.872904 | output=/home/E125221219/projects/refgrader/ocr_cache/csbench/CO_2/ANS_CO_594.json
summary: completed=1, skipped=0, failed=0
Initialize PaddleOCR | device=gpu:0 | lang=ch | pending=1/1
[1/1] completed: ANS_CO_595.png | tokens=24 | mean_conf=0.948371 | output=/home/E125221219/projects/refgrader/ocr_cache/csbench/CO_2/ANS_CO_595.json
summary: completed=1, skipped=0, failed=0
2026-06-24 00:11:17 | INFO     | Initialize PaddleOCR | device=gpu:0 | lang=ch | pending=1/1
[1/1] completed: ANS_CO_595.png | tokens=24 | mean_conf=0.948371 | output=/home/E125221219/projects/refgrader/ocr_cache/csbench/CO_2/ANS_CO_595.json
summary: completed=1, skipped=0, failed=0
Initialize PaddleOCR | device=gpu:0 | lang=ch | pending=1/1
[1/1] completed: ANS_CO_596.png | tokens=32 | mean_conf=0.92296 | output=/home/E125221219/projects/refgrader/ocr_cache/csbench/CO_2/ANS_CO_596.json
summary: completed=1, skipped=0, failed=0
2026-06-24 00:11:25 | INFO     | Initialize PaddleOCR | device=gpu:0 | lang=ch | pending=1/1
[1/1] completed: ANS_CO_596.png | tokens=32 | mean_conf=0.92296 | output=/home/E125221219/projects/refgrader/ocr_cache/csbench/CO_2/ANS_CO_596.json
summary: completed=1, skipped=0, failed=0
Initialize PaddleOCR | device=gpu:0 | lang=ch | pending=1/1
[1/1] completed: ANS_CO_598.png | tokens=12 | mean_conf=0.915143 | output=/home/E125221219/projects/refgrader/ocr_cache/csbench/CO_2/ANS_CO_598.json
summary: completed=1, skipped=0, failed=0
2026-06-24 00:11:31 | INFO     | Initialize PaddleOCR | device=gpu:0 | lang=ch | pending=1/1
[1/1] completed: ANS_CO_598.png | tokens=12 | mean_conf=0.915143 | output=/home/E125221219/projects/refgrader/ocr_cache/csbench/CO_2/ANS_CO_598.json
summary: completed=1, skipped=0, failed=0
Initialize PaddleOCR | device=gpu:0 | lang=ch | pending=1/1
[1/1] completed: ANS_CO_599.png | tokens=19 | mean_conf=0.987475 | output=/home/E125221219/projects/refgrader/ocr_cache/csbench/CO_2/ANS_CO_599.json
summary: completed=1, skipped=0, failed=0
2026-06-24 00:11:38 | INFO     | Initialize PaddleOCR | device=gpu:0 | lang=ch | pending=1/1
[1/1] completed: ANS_CO_599.png | tokens=19 | mean_conf=0.987475 | output=/home/E125221219/projects/refgrader/ocr_cache/csbench/CO_2/ANS_CO_599.json
summary: completed=1, skipped=0, failed=0
Initialize PaddleOCR | device=gpu:0 | lang=ch | pending=1/1
[1/1] completed: ANS_CO_601.png | tokens=9 | mean_conf=0.783556 | output=/home/E125221219/projects/refgrader/ocr_cache/csbench/CO_2/ANS_CO_601.json
summary: completed=1, skipped=0, failed=0
2026-06-24 00:11:45 | INFO     | Initialize PaddleOCR | device=gpu:0 | lang=ch | pending=1/1
[1/1] completed: ANS_CO_601.png | tokens=9 | mean_conf=0.783556 | output=/home/E125221219/projects/refgrader/ocr_cache/csbench/CO_2/ANS_CO_601.json
summary: completed=1, skipped=0, failed=0
Initialize PaddleOCR | device=gpu:0 | lang=ch | pending=1/1
[1/1] completed: ANS_CO_602.png | tokens=25 | mean_conf=0.949237 | output=/home/E125221219/projects/refgrader/ocr_cache/csbench/CO_2/ANS_CO_602.json
summary: completed=1, skipped=0, failed=0
2026-06-24 00:11:52 | INFO     | Initialize PaddleOCR | device=gpu:0 | lang=ch | pending=1/1
[1/1] completed: ANS_CO_602.png | tokens=25 | mean_conf=0.949237 | output=/home/E125221219/projects/refgrader/ocr_cache/csbench/CO_2/ANS_CO_602.json
summary: completed=1, skipped=0, failed=0
Initialize PaddleOCR | device=gpu:0 | lang=ch | pending=1/1
[1/1] completed: ANS_CO_603.png | tokens=26 | mean_conf=0.953702 | output=/home/E125221219/projects/refgrader/ocr_cache/csbench/CO_2/ANS_CO_603.json
summary: completed=1, skipped=0, failed=0
2026-06-24 00:11:59 | INFO     | Initialize PaddleOCR | device=gpu:0 | lang=ch | pending=1/1
[1/1] completed: ANS_CO_603.png | tokens=26 | mean_conf=0.953702 | output=/home/E125221219/projects/refgrader/ocr_cache/csbench/CO_2/ANS_CO_603.json
summary: completed=1, skipped=0, failed=0
Initialize PaddleOCR | device=gpu:0 | lang=ch | pending=1/1
[1/1] completed: ANS_CO_605.png | tokens=15 | mean_conf=0.950454 | output=/home/E125221219/projects/refgrader/ocr_cache/csbench/CO_2/ANS_CO_605.json
summary: completed=1, skipped=0, failed=0
2026-06-24 00:12:06 | INFO     | Initialize PaddleOCR | device=gpu:0 | lang=ch | pending=1/1
[1/1] completed: ANS_CO_605.png | tokens=15 | mean_conf=0.950454 | output=/home/E125221219/projects/refgrader/ocr_cache/csbench/CO_2/ANS_CO_605.json
summary: completed=1, skipped=0, failed=0
Initialize PaddleOCR | device=gpu:0 | lang=ch | pending=1/1
[1/1] completed: ANS_CO_607.png | tokens=25 | mean_conf=0.968824 | output=/home/E125221219/projects/refgrader/ocr_cache/csbench/CO_2/ANS_CO_607.json
summary: completed=1, skipped=0, failed=0
2026-06-24 00:12:13 | INFO     | Initialize PaddleOCR | device=gpu:0 | lang=ch | pending=1/1
[1/1] completed: ANS_CO_607.png | tokens=25 | mean_conf=0.968824 | output=/home/E125221219/projects/refgrader/ocr_cache/csbench/CO_2/ANS_CO_607.json
summary: completed=1, skipped=0, failed=0
Initialize PaddleOCR | device=gpu:0 | lang=ch | pending=1/1
[1/1] completed: ANS_CO_609.png | tokens=11 | mean_conf=0.942588 | output=/home/E125221219/projects/refgrader/ocr_cache/csbench/CO_2/ANS_CO_609.json
summary: completed=1, skipped=0, failed=0
2026-06-24 00:12:20 | INFO     | Initialize PaddleOCR | device=gpu:0 | lang=ch | pending=1/1
[1/1] completed: ANS_CO_609.png | tokens=11 | mean_conf=0.942588 | output=/home/E125221219/projects/refgrader/ocr_cache/csbench/CO_2/ANS_CO_609.json
summary: completed=1, skipped=0, failed=0
Initialize PaddleOCR | device=gpu:0 | lang=ch | pending=1/1
[1/1] completed: ANS_CO_610.png | tokens=19 | mean_conf=0.945574 | output=/home/E125221219/projects/refgrader/ocr_cache/csbench/CO_2/ANS_CO_610.json
summary: completed=1, skipped=0, failed=0
2026-06-24 00:12:27 | INFO     | Initialize PaddleOCR | device=gpu:0 | lang=ch | pending=1/1
[1/1] completed: ANS_CO_610.png | tokens=19 | mean_conf=0.945574 | output=/home/E125221219/projects/refgrader/ocr_cache/csbench/CO_2/ANS_CO_610.json
summary: completed=1, skipped=0, failed=0
Initialize PaddleOCR | device=gpu:0 | lang=ch | pending=1/1
[1/1] completed: ANS_CO_612.png | tokens=20 | mean_conf=0.938444 | output=/home/E125221219/projects/refgrader/ocr_cache/csbench/CO_2/ANS_CO_612.json
summary: completed=1, skipped=0, failed=0
2026-06-24 00:12:34 | INFO     | Initialize PaddleOCR | device=gpu:0 | lang=ch | pending=1/1
[1/1] completed: ANS_CO_612.png | tokens=20 | mean_conf=0.938444 | output=/home/E125221219/projects/refgrader/ocr_cache/csbench/CO_2/ANS_CO_612.json
summary: completed=1, skipped=0, failed=0
Initialize PaddleOCR | device=gpu:0 | lang=ch | pending=1/1
[1/1] completed: ANS_CO_614.png | tokens=13 | mean_conf=0.966446 | output=/home/E125221219/projects/refgrader/ocr_cache/csbench/CO_2/ANS_CO_614.json
summary: completed=1, skipped=0, failed=0
2026-06-24 00:12:41 | INFO     | Initialize PaddleOCR | device=gpu:0 | lang=ch | pending=1/1
[1/1] completed: ANS_CO_614.png | tokens=13 | mean_conf=0.966446 | output=/home/E125221219/projects/refgrader/ocr_cache/csbench/CO_2/ANS_CO_614.json
summary: completed=1, skipped=0, failed=0
Initialize PaddleOCR | device=gpu:0 | lang=ch | pending=1/1
[1/1] completed: ANS_CO_615.png | tokens=13 | mean_conf=0.94126 | output=/home/E125221219/projects/refgrader/ocr_cache/csbench/CO_2/ANS_CO_615.json
summary: completed=1, skipped=0, failed=0
2026-06-24 00:12:48 | INFO     | Initialize PaddleOCR | device=gpu:0 | lang=ch | pending=1/1
[1/1] completed: ANS_CO_615.png | tokens=13 | mean_conf=0.94126 | output=/home/E125221219/projects/refgrader/ocr_cache/csbench/CO_2/ANS_CO_615.json
summary: completed=1, skipped=0, failed=0
Initialize PaddleOCR | device=gpu:0 | lang=ch | pending=1/1
[1/1] completed: ANS_CO_617.png | tokens=14 | mean_conf=0.91599 | output=/home/E125221219/projects/refgrader/ocr_cache/csbench/CO_2/ANS_CO_617.json
summary: completed=1, skipped=0, failed=0
2026-06-24 00:12:55 | INFO     | Initialize PaddleOCR | device=gpu:0 | lang=ch | pending=1/1
[1/1] completed: ANS_CO_617.png | tokens=14 | mean_conf=0.91599 | output=/home/E125221219/projects/refgrader/ocr_cache/csbench/CO_2/ANS_CO_617.json
summary: completed=1, skipped=0, failed=0
Initialize PaddleOCR | device=gpu:0 | lang=ch | pending=1/1
[1/1] completed: ANS_CO_619.png | tokens=18 | mean_conf=0.856727 | output=/home/E125221219/projects/refgrader/ocr_cache/csbench/CO_2/ANS_CO_619.json
summary: completed=1, skipped=0, failed=0
2026-06-24 00:13:02 | INFO     | Initialize PaddleOCR | device=gpu:0 | lang=ch | pending=1/1
[1/1] completed: ANS_CO_619.png | tokens=18 | mean_conf=0.856727 | output=/home/E125221219/projects/refgrader/ocr_cache/csbench/CO_2/ANS_CO_619.json
summary: completed=1, skipped=0, failed=0
Initialize PaddleOCR | device=gpu:0 | lang=ch | pending=1/1
[1/1] completed: ANS_CO_621.png | tokens=17 | mean_conf=0.882673 | output=/home/E125221219/projects/refgrader/ocr_cache/csbench/CO_2/ANS_CO_621.json
summary: completed=1, skipped=0, failed=0
2026-06-24 00:13:09 | INFO     | Initialize PaddleOCR | device=gpu:0 | lang=ch | pending=1/1
[1/1] completed: ANS_CO_621.png | tokens=17 | mean_conf=0.882673 | output=/home/E125221219/projects/refgrader/ocr_cache/csbench/CO_2/ANS_CO_621.json
summary: completed=1, skipped=0, failed=0
Initialize PaddleOCR | device=gpu:0 | lang=ch | pending=1/1
[1/1] completed: ANS_CO_623.png | tokens=10 | mean_conf=0.886519 | output=/home/E125221219/projects/refgrader/ocr_cache/csbench/CO_2/ANS_CO_623.json
summary: completed=1, skipped=0, failed=0
2026-06-24 00:13:16 | INFO     | Initialize PaddleOCR | device=gpu:0 | lang=ch | pending=1/1
[1/1] completed: ANS_CO_623.png | tokens=10 | mean_conf=0.886519 | output=/home/E125221219/projects/refgrader/ocr_cache/csbench/CO_2/ANS_CO_623.json
summary: completed=1, skipped=0, failed=0
Initialize PaddleOCR | device=gpu:0 | lang=ch | pending=1/1
[1/1] completed: ANS_CO_626.png | tokens=16 | mean_conf=0.92682 | output=/home/E125221219/projects/refgrader/ocr_cache/csbench/CO_2/ANS_CO_626.json
summary: completed=1, skipped=0, failed=0
2026-06-24 00:13:23 | INFO     | Initialize PaddleOCR | device=gpu:0 | lang=ch | pending=1/1
[1/1] completed: ANS_CO_626.png | tokens=16 | mean_conf=0.92682 | output=/home/E125221219/projects/refgrader/ocr_cache/csbench/CO_2/ANS_CO_626.json
summary: completed=1, skipped=0, failed=0
Initialize PaddleOCR | device=gpu:0 | lang=ch | pending=1/1
[1/1] completed: ANS_CO_627.png | tokens=13 | mean_conf=0.89608 | output=/home/E125221219/projects/refgrader/ocr_cache/csbench/CO_2/ANS_CO_627.json
summary: completed=1, skipped=0, failed=0
2026-06-24 00:13:30 | INFO     | Initialize PaddleOCR | device=gpu:0 | lang=ch | pending=1/1
[1/1] completed: ANS_CO_627.png | tokens=13 | mean_conf=0.89608 | output=/home/E125221219/projects/refgrader/ocr_cache/csbench/CO_2/ANS_CO_627.json
summary: completed=1, skipped=0, failed=0
Initialize PaddleOCR | device=gpu:0 | lang=ch | pending=1/1
[1/1] completed: ANS_CO_628.png | tokens=13 | mean_conf=0.874852 | output=/home/E125221219/projects/refgrader/ocr_cache/csbench/CO_2/ANS_CO_628.json
summary: completed=1, skipped=0, failed=0
2026-06-24 00:13:37 | INFO     | Initialize PaddleOCR | device=gpu:0 | lang=ch | pending=1/1
[1/1] completed: ANS_CO_628.png | tokens=13 | mean_conf=0.874852 | output=/home/E125221219/projects/refgrader/ocr_cache/csbench/CO_2/ANS_CO_628.json
summary: completed=1, skipped=0, failed=0
Initialize PaddleOCR | device=gpu:0 | lang=ch | pending=1/1
[1/1] completed: ANS_CO_629.png | tokens=26 | mean_conf=0.933634 | output=/home/E125221219/projects/refgrader/ocr_cache/csbench/CO_2/ANS_CO_629.json
summary: completed=1, skipped=0, failed=0
2026-06-24 00:13:44 | INFO     | Initialize PaddleOCR | device=gpu:0 | lang=ch | pending=1/1
[1/1] completed: ANS_CO_629.png | tokens=26 | mean_conf=0.933634 | output=/home/E125221219/projects/refgrader/ocr_cache/csbench/CO_2/ANS_CO_629.json
summary: completed=1, skipped=0, failed=0
Initialize PaddleOCR | device=gpu:0 | lang=ch | pending=1/1
[1/1] completed: ANS_CO_630.png | tokens=29 | mean_conf=0.976772 | output=/home/E125221219/projects/refgrader/ocr_cache/csbench/CO_2/ANS_CO_630.json
summary: completed=1, skipped=0, failed=0
2026-06-24 00:13:51 | INFO     | Initialize PaddleOCR | device=gpu:0 | lang=ch | pending=1/1
[1/1] completed: ANS_CO_630.png | tokens=29 | mean_conf=0.976772 | output=/home/E125221219/projects/refgrader/ocr_cache/csbench/CO_2/ANS_CO_630.json
summary: completed=1, skipped=0, failed=0
Initialize PaddleOCR | device=gpu:0 | lang=ch | pending=1/1
[1/1] completed: ANS_CO_631.png | tokens=14 | mean_conf=0.921177 | output=/home/E125221219/projects/refgrader/ocr_cache/csbench/CO_2/ANS_CO_631.json
summary: completed=1, skipped=0, failed=0
2026-06-24 00:13:58 | INFO     | Initialize PaddleOCR | device=gpu:0 | lang=ch | pending=1/1
[1/1] completed: ANS_CO_631.png | tokens=14 | mean_conf=0.921177 | output=/home/E125221219/projects/refgrader/ocr_cache/csbench/CO_2/ANS_CO_631.json
summary: completed=1, skipped=0, failed=0
Initialize PaddleOCR | device=gpu:0 | lang=ch | pending=1/1
[1/1] completed: ANS_CO_633.png | tokens=28 | mean_conf=0.902839 | output=/home/E125221219/projects/refgrader/ocr_cache/csbench/CO_2/ANS_CO_633.json
summary: completed=1, skipped=0, failed=0
2026-06-24 00:14:05 | INFO     | Initialize PaddleOCR | device=gpu:0 | lang=ch | pending=1/1
[1/1] completed: ANS_CO_633.png | tokens=28 | mean_conf=0.902839 | output=/home/E125221219/projects/refgrader/ocr_cache/csbench/CO_2/ANS_CO_633.json
summary: completed=1, skipped=0, failed=0
Initialize PaddleOCR | device=gpu:0 | lang=ch | pending=1/1
[1/1] completed: ANS_CO_634.png | tokens=13 | mean_conf=0.96283 | output=/home/E125221219/projects/refgrader/ocr_cache/csbench/CO_2/ANS_CO_634.json
summary: completed=1, skipped=0, failed=0
2026-06-24 00:14:12 | INFO     | Initialize PaddleOCR | device=gpu:0 | lang=ch | pending=1/1
[1/1] completed: ANS_CO_634.png | tokens=13 | mean_conf=0.96283 | output=/home/E125221219/projects/refgrader/ocr_cache/csbench/CO_2/ANS_CO_634.json
summary: completed=1, skipped=0, failed=0
Initialize PaddleOCR | device=gpu:0 | lang=ch | pending=1/1
[1/1] completed: ANS_CO_635.png | tokens=31 | mean_conf=0.952231 | output=/home/E125221219/projects/refgrader/ocr_cache/csbench/CO_2/ANS_CO_635.json
summary: completed=1, skipped=0, failed=0
2026-06-24 00:14:19 | INFO     | Initialize PaddleOCR | device=gpu:0 | lang=ch | pending=1/1
[1/1] completed: ANS_CO_635.png | tokens=31 | mean_conf=0.952231 | output=/home/E125221219/projects/refgrader/ocr_cache/csbench/CO_2/ANS_CO_635.json
summary: completed=1, skipped=0, failed=0
Initialize PaddleOCR | device=gpu:0 | lang=ch | pending=1/1
[1/1] completed: ANS_CO_636.png | tokens=16 | mean_conf=0.940009 | output=/home/E125221219/projects/refgrader/ocr_cache/csbench/CO_2/ANS_CO_636.json
summary: completed=1, skipped=0, failed=0
2026-06-24 00:14:25 | INFO     | Initialize PaddleOCR | device=gpu:0 | lang=ch | pending=1/1
[1/1] completed: ANS_CO_636.png | tokens=16 | mean_conf=0.940009 | output=/home/E125221219/projects/refgrader/ocr_cache/csbench/CO_2/ANS_CO_636.json
summary: completed=1, skipped=0, failed=0
Initialize PaddleOCR | device=gpu:0 | lang=ch | pending=1/1
[1/1] completed: ANS_CO_637.png | tokens=28 | mean_conf=0.922662 | output=/home/E125221219/projects/refgrader/ocr_cache/csbench/CO_2/ANS_CO_637.json
summary: completed=1, skipped=0, failed=0
2026-06-24 00:14:32 | INFO     | Initialize PaddleOCR | device=gpu:0 | lang=ch | pending=1/1
[1/1] completed: ANS_CO_637.png | tokens=28 | mean_conf=0.922662 | output=/home/E125221219/projects/refgrader/ocr_cache/csbench/CO_2/ANS_CO_637.json
summary: completed=1, skipped=0, failed=0
Initialize PaddleOCR | device=gpu:0 | lang=ch | pending=1/1
[1/1] completed: ANS_CO_638.png | tokens=15 | mean_conf=0.931365 | output=/home/E125221219/projects/refgrader/ocr_cache/csbench/CO_2/ANS_CO_638.json
summary: completed=1, skipped=0, failed=0
2026-06-24 00:14:39 | INFO     | Initialize PaddleOCR | device=gpu:0 | lang=ch | pending=1/1
[1/1] completed: ANS_CO_638.png | tokens=15 | mean_conf=0.931365 | output=/home/E125221219/projects/refgrader/ocr_cache/csbench/CO_2/ANS_CO_638.json
summary: completed=1, skipped=0, failed=0
Initialize PaddleOCR | device=gpu:0 | lang=ch | pending=1/1
[1/1] completed: ANS_CO_641.png | tokens=19 | mean_conf=0.918638 | output=/home/E125221219/projects/refgrader/ocr_cache/csbench/CO_2/ANS_CO_641.json
summary: completed=1, skipped=0, failed=0
2026-06-24 00:14:46 | INFO     | Initialize PaddleOCR | device=gpu:0 | lang=ch | pending=1/1
[1/1] completed: ANS_CO_641.png | tokens=19 | mean_conf=0.918638 | output=/home/E125221219/projects/refgrader/ocr_cache/csbench/CO_2/ANS_CO_641.json
summary: completed=1, skipped=0, failed=0
Initialize PaddleOCR | device=gpu:0 | lang=ch | pending=1/1
[1/1] completed: ANS_CO_642.png | tokens=18 | mean_conf=0.885518 | output=/home/E125221219/projects/refgrader/ocr_cache/csbench/CO_2/ANS_CO_642.json
summary: completed=1, skipped=0, failed=0
2026-06-24 00:14:53 | INFO     | Initialize PaddleOCR | device=gpu:0 | lang=ch | pending=1/1
[1/1] completed: ANS_CO_642.png | tokens=18 | mean_conf=0.885518 | output=/home/E125221219/projects/refgrader/ocr_cache/csbench/CO_2/ANS_CO_642.json
summary: completed=1, skipped=0, failed=0
⚡ 脱敏清单已预生成，84 名学生共享复用。
2026-06-24 00:15:22 | INFO     | ⚡ 脱敏清单已预生成，84 名学生共享复用。
🏃 开始批改 84 张试卷 (⚡ 开启多线程模式)...
2026-06-24 00:15:22 | INFO     | 🏃 开始批改 84 张试卷 (⚡ 开启多线程模式)...
⏳ [主线程] 已提交 84 个任务，等待结果回收...
2026-06-24 00:15:22 | INFO     | ⏳ [主线程] 已提交 84 个任务，等待结果回收...
📦 成功加载教师真实成绩单数据库！共包含 3326 名考生的数据。
2026-06-24 00:15:22 | INFO     | 📦 成功加载教师真实成绩单数据库！共包含 3326 名考生的数据。
📦 成功加载教师真实成绩单数据库！共包含 3326 名考生的数据。
2026-06-24 00:15:22 | INFO     | 📦 成功加载教师真实成绩单数据库！共包含 3326 名考生的数据。

🔍 [正在处理] ANS_CO_516 | 启动 3WD 流水线...
2026-06-24 00:15:22 | INFO     | 
🔍 [正在处理] ANS_CO_516 | 启动 3WD 流水线...

🔍 [正在处理] ANS_CO_517 | 启动 3WD 流水线...
2026-06-24 00:15:22 | INFO     | 
🔍 [正在处理] ANS_CO_517 | 启动 3WD 流水线...

=============================================
Start grading student [ANS_CO_516]
=============================================
  [Stage 1] fact extraction backend=csbench_hybrid...

=============================================
Start grading student [ANS_CO_517]
=============================================
  [Stage 1] fact extraction backend=csbench_hybrid...
  [Stage 2] independent semantic grading probes...
  [Stage 2] independent semantic grading probes...
      [完成] 第 2/3 次语义评分完成，得分: 12.0
      [完成] 第 3/3 次语义评分完成，得分: 7.0
      [完成] 第 2/3 次语义评分完成，得分: 5.5
      [完成] 第 3/3 次语义评分完成，得分: 2.0
         [GLM-5 retry 1/4] APITimeoutError: Request timed out.... wait 5s
      [完成] 第 1/3 次语义评分完成，得分: 7.0

  [探测指标] 均分=8.7, 标准差=2.3570, 留白率=0%, 感知失败率=0%, 低质量提取率=0%, 提取质量=high
      [extraction-risk] R_ext=0.14, structure_missing=90%, suspicious=90%
      [A3WA config] loaded results_rrd_vlm/a3wa_calibration_config.json
      [风险画像] P=0.27, U=11.79%, F=0.00%, H=False, L=True
      [通用校准] rules=['lenient_undercredit_review', 'stable_undercredit_review', 'structure_missing_review'], UM=0.00%, MF=0.00%, cap=20.00
      [A3WA可信度] R=0.633, mu=0.367, alpha=0.829, beta=0.286, route=BND | beta_lt_confidence_lt_alpha
      [路由 -> BND] 边界样本 | P=0.27, U=11.79%, F=0.00%, H=False, L=True
         [Agent仲裁] raise|reject_raise | 原始仲裁分: 13.7 | 限幅后最终分: 8.7 | 学生在step_2至step_6中以被屏蔽中断列表形式（如A:DCEB）表达屏蔽字，虽然未使用5位二进制码格式，但每个表达式都无歧义地映射到标准答案的位向量，语义完全正确。两位评分者扣除1分/项属于格式过严。step_7_1至7_4因提取信息明确指出图中无可确认连接关系，0分判定合理。最终总分应为12.0。
✅ [批改完成] ANS_CO_516 | 路由: BND | 最终分: 8.7 | 风险: P0.27/U0.12/F0.00/H0/L1 | 提取质量: 🟢high | 留白率: 0% | 低质量率: 0%
2026-06-24 00:24:24 | INFO     | ✅ [批改完成] ANS_CO_516 | 路由: BND | 最终分: 8.7 | 风险: P0.27/U0.12/F0.00/H0/L1 | 提取质量: 🟢high | 留白率: 0% | 低质量率: 0%

🔍 [正在处理] ANS_CO_518 | 启动 3WD 流水线...
2026-06-24 00:24:24 | INFO     | 
🔍 [正在处理] ANS_CO_518 | 启动 3WD 流水线...
📢 [总进度] 1/84 份试卷已归档。
2026-06-24 00:24:24 | INFO     | 📢 [总进度] 1/84 份试卷已归档。

=============================================
Start grading student [ANS_CO_518]
=============================================
  [Stage 1] fact extraction backend=csbench_hybrid...
  [Stage 2] independent semantic grading probes...
      [完成] 第 1/3 次语义评分完成，得分: 2.0

  [探测指标] 均分=3.2, 标准差=1.6499, 留白率=0%, 感知失败率=0%, 低质量提取率=0%, 提取质量=high
      [extraction-risk] R_ext=0.14, structure_missing=90%, suspicious=90%
      [风险画像] P=0.27, U=8.25%, F=50.00%, H=False, L=True
      [通用校准] rules=['structure_missing_review', 'extraction_retry_review'], UM=0.00%, MF=0.00%, cap=20.00
      [A3WA可信度] R=0.592, mu=0.408, alpha=0.829, beta=0.286, route=BND | beta_lt_confidence_lt_alpha
      [路由 -> BND] 边界样本 | P=0.27, U=8.25%, F=50.00%, H=False, L=True
         [GLM-5 retry 1/4] APITimeoutError: Request timed out.... wait 5s
         [GLM-5 retry 1/4] APITimeoutError: Request timed out.... wait 5s
         [GLM-5 retry 2/4] RateLimitError: Error code: 429 - {'error': {'code': '1302', 'message': '您的账户已达到速率限制，请您控制请求频率'}}... wait 10s
         [GLM-5 retry 2/4] RateLimitError: Error code: 429 - {'error': {'code': '1302', 'message': '您的账户已达到速率限制，请您控制请求频率'}}... wait 10s
         [GLM-5 retry 1/4] RateLimitError: Error code: 429 - {'error': {'code': '1302', 'message': '您的账户已达到速率限制，请您控制请求频率'}}... wait 5s
         [GLM-5 retry 2/4] RateLimitError: Error code: 429 - {'error': {'code': '1302', 'message': '您的账户已达到速率限制，请您控制请求频率'}}... wait 10s
         [GLM-5 retry 3/4] RateLimitError: Error code: 429 - {'error': {'code': '1302', 'message': '您的账户已达到速率限制，请您控制请求频率'}}... wait 15s
         [GLM-5 retry 4/4] RateLimitError: Error code: 429 - {'error': {'code': '1302', 'message': '您的账户已达到速率限制，请您控制请求频率'}}... wait 20s
         [GLM-5 retry 1/4] RateLimitError: Error code: 429 - {'error': {'code': '1302', 'message': '您的账户已达到速率限制，请您控制请求频率'}}... wait 5s
         [GLM-5 retry 2/4] RateLimitError: Error code: 429 - {'error': {'code': '1302', 'message': '您的账户已达到速率限制，请您控制请求频率'}}... wait 10s
         [GLM-5 retry 3/4] RateLimitError: Error code: 429 - {'error': {'code': '1302', 'message': '您的账户已达到速率限制，请您控制请求频率'}}... wait 15s
         [GLM-5 retry 3/4] RateLimitError: Error code: 429 - {'error': {'code': '1302', 'message': '您的账户已达到速率限制，请您控制请求频率'}}... wait 15s
         [GLM-5 retry 3/4] RateLimitError: Error code: 429 - {'error': {'code': '1302', 'message': '您的账户已达到速率限制，请您控制请求频率'}}... wait 15s
         [GLM-5 retry 4/4] RateLimitError: Error code: 429 - {'error': {'code': '1302', 'message': '您的账户已达到速率限制，请您控制请求频率'}}... wait 20s
         [Agent仲裁] raise|reject_raise | 原始仲裁分: 8.2 | 限幅后最终分: 3.2 | 学生在步骤2-6中虽未写出位向量格式，但通过列出被屏蔽中断集合展示了正确的映射概念。所有五个屏蔽字的屏蔽对象均正确（仅系统性多列了自身一位，4/5位正确）。第二、三位评分者对全部屏蔽字给0分过于严格；第一位评分者方向正确但对步骤3和6不一致。统一给每个屏蔽字1.0分部分分，合计7.0分。
✅ [批改完成] ANS_CO_517 | 路由: BND | 最终分: 3.2 | 风险: P0.27/U0.08/F0.50/H0/L1 | 提取质量: 🟢high | 留白率: 0% | 低质量率: 0%
2026-06-24 00:36:04 | INFO     | ✅ [批改完成] ANS_CO_517 | 路由: BND | 最终分: 3.2 | 风险: P0.27/U0.08/F0.50/H0/L1 | 提取质量: 🟢high | 留白率: 0% | 低质量率: 0%

🔍 [正在处理] ANS_CO_520 | 启动 3WD 流水线...
2026-06-24 00:36:04 | INFO     | 
🔍 [正在处理] ANS_CO_520 | 启动 3WD 流水线...
📢 [总进度] 2/84 份试卷已归档。
2026-06-24 00:36:04 | INFO     | 📢 [总进度] 2/84 份试卷已归档。

=============================================
Start grading student [ANS_CO_520]
=============================================
  [Stage 1] fact extraction backend=csbench_hybrid...
  [Stage 2] independent semantic grading probes...
      [完成] 第 2/3 次语义评分完成，得分: 0
      [完成] 第 1/3 次语义评分完成，得分: 0
      [完成] 第 3/3 次语义评分完成，得分: 0

  [探测指标] 均分=0.0, 标准差=0.0000, 留白率=50%, 感知失败率=0%, 低质量提取率=0%, 提取质量=low
      [extraction-risk] R_ext=0.28, structure_missing=50%, suspicious=100%
      [风险画像] P=0.55, U=0.00%, F=10.00%, H=False, L=False
      [通用校准] rules=['visual_blank_review', 'structure_missing_review', 'extraction_retry_review'], UM=0.00%, MF=0.00%, cap=20.00
      [A3WA可信度] R=0.500, mu=0.500, alpha=0.829, beta=0.286, route=BND | beta_lt_confidence_lt_alpha
      [路由 -> BND] 边界样本 | P=0.55, U=0.00%, F=10.00%, H=False, L=False
         [Agent仲裁] keep|keep_minor_change | 原始仲裁分: 0.0 | 限幅后最终分: 0 | All three grading records unanimously awarded 0 points, and this is fully justified. For step_1, the student wrote '中断响应优先级为A>B>C>D>E' which is conceptually wrong (response priority vs handling priority) and the sequence itself (A>B>C>D>E) does not match the required handling priority A>D>C>E>B — this is a core conceptual error with no partial credit. Steps 2-6 are entirely blank (no mask words written). Steps 7_1-7_4 show no usable diagram content. No missed lenient credit exists and no unsupported high score exists. The 0 score is correct and should be kept.
✅ [批改完成] ANS_CO_520 | 路由: BND | 最终分: 0 | 风险: P0.55/U0.00/F0.10/H0/L0 | 提取质量: 🟡low | 留白率: 50% | 低质量率: 0%
2026-06-24 00:39:02 | INFO     | ✅ [批改完成] ANS_CO_520 | 路由: BND | 最终分: 0 | 风险: P0.55/U0.00/F0.10/H0/L0 | 提取质量: 🟡low | 留白率: 50% | 低质量率: 0%

🔍 [正在处理] ANS_CO_521 | 启动 3WD 流水线...
2026-06-24 00:39:02 | INFO     | 
🔍 [正在处理] ANS_CO_521 | 启动 3WD 流水线...
📢 [总进度] 3/84 份试卷已归档。
2026-06-24 00:39:02 | INFO     | 📢 [总进度] 3/84 份试卷已归档。

=============================================
Start grading student [ANS_CO_521]
=============================================
  [Stage 1] fact extraction backend=csbench_hybrid...
  [Stage 2] independent semantic grading probes...
         [GLM-5 retry 1/4] RateLimitError: Error code: 429 - {'error': {'code': '1302', 'message': '您的账户已达到速率限制，请您控制请求频率'}}... wait 5s
      [完成] 第 1/3 次语义评分完成，得分: 0
      [完成] 第 2/3 次语义评分完成，得分: 0
      [完成] 第 3/3 次语义评分完成，得分: 0

  [探测指标] 均分=0.0, 标准差=0.0000, 留白率=100%, 感知失败率=0%, 低质量提取率=0%, 提取质量=low
      [extraction-risk] R_ext=0.40, structure_missing=0%, suspicious=100%
      [风险画像] P=0.80, U=0.00%, F=0.00%, H=False, L=False
      [通用校准] rules=['visual_blank_review', 'structure_missing_review', 'extraction_retry_review'], UM=0.00%, MF=0.00%, cap=20.00
      [A3WA可信度] R=0.667, mu=0.333, alpha=0.829, beta=0.286, route=BND | beta_lt_confidence_lt_alpha
      [路由 -> BND] 边界样本 | P=0.80, U=0.00%, F=0.00%, H=False, L=False
         [Agent仲裁] keep|keep_minor_change | 原始仲裁分: 0.0 | 限幅后最终分: 0 | All extracted student facts are '未书写' (blank) across every rubric step. Three independent grading records unanimously awarded 0 with BLANK error category. No concrete student content exists to identify missed credit or unsupported scores.
✅ [批改完成] ANS_CO_521 | 路由: BND | 最终分: 0 | 风险: P0.80/U0.00/F0.00/H0/L0 | 提取质量: 🟡low | 留白率: 100% | 低质量率: 0%
2026-06-24 00:39:47 | INFO     | ✅ [批改完成] ANS_CO_521 | 路由: BND | 最终分: 0 | 风险: P0.80/U0.00/F0.00/H0/L0 | 提取质量: 🟡low | 留白率: 100% | 低质量率: 0%

🔍 [正在处理] ANS_CO_523 | 启动 3WD 流水线...
2026-06-24 00:39:47 | INFO     | 
🔍 [正在处理] ANS_CO_523 | 启动 3WD 流水线...
📢 [总进度] 4/84 份试卷已归档。
2026-06-24 00:39:47 | INFO     | 📢 [总进度] 4/84 份试卷已归档。

=============================================
Start grading student [ANS_CO_523]
=============================================
  [Stage 1] fact extraction backend=csbench_hybrid...
         [GLM-5 retry 4/4] APITimeoutError: Request timed out.... wait 20s
         [GLM-5 retry 1/4] APITimeoutError: Request timed out.... wait 5s
  [Stage 2] independent semantic grading probes...
         [GLM-5 retry 1/4] RateLimitError: Error code: 429 - {'error': {'code': '1302', 'message': '您的账户已达到速率限制，请您控制请求频率'}}... wait 5s
         [GLM-5 retry 1/4] RateLimitError: Error code: 429 - {'error': {'code': '1302', 'message': '您的账户已达到速率限制，请您控制请求频率'}}... wait 5s
         [GLM-5 retry 2/4] RateLimitError: Error code: 429 - {'error': {'code': '1302', 'message': '您的账户已达到速率限制，请您控制请求频率'}}... wait 10s
         [GLM-5 retry 3/4] RateLimitError: Error code: 429 - {'error': {'code': '1302', 'message': '您的账户已达到速率限制，请您控制请求频率'}}... wait 15s
         [GLM-5 retry 1/4] RateLimitError: Error code: 429 - {'error': {'code': '1302', 'message': '您的账户已达到速率限制，请您控制请求频率'}}... wait 5s
         [GLM-5 retry 2/4] RateLimitError: Error code: 429 - {'error': {'code': '1302', 'message': '您的账户已达到速率限制，请您控制请求频率'}}... wait 10s
         [GLM-5 retry 2/4] RateLimitError: Error code: 429 - {'error': {'code': '1302', 'message': '您的账户已达到速率限制，请您控制请求频率'}}... wait 10s
         [GLM-5 retry 3/4] RateLimitError: Error code: 429 - {'error': {'code': '1302', 'message': '您的账户已达到速率限制，请您控制请求频率'}}... wait 15s
         [GLM-5 retry 3/4] RateLimitError: Error code: 429 - {'error': {'code': '1302', 'message': '您的账户已达到速率限制，请您控制请求频率'}}... wait 15s
         [GLM-5 retry 4/4] RateLimitError: Error code: 429 - {'error': {'code': '1302', 'message': '您的账户已达到速率限制，请您控制请求频率'}}... wait 20s
         [GLM-5 retry 2/4] RateLimitError: Error code: 429 - {'error': {'code': '1302', 'message': '您的账户已达到速率限制，请您控制请求频率'}}... wait 10s
         [GLM-5 retry 3/4] RateLimitError: Error code: 429 - {'error': {'code': '1302', 'message': '您的账户已达到速率限制，请您控制请求频率'}}... wait 15s
         [GLM-5 retry 4/4] RateLimitError: Error code: 429 - {'error': {'code': '1302', 'message': '您的账户已达到速率限制，请您控制请求频率'}}... wait 20s
         [GLM-5 retry 1/4] APITimeoutError: Request timed out.... wait 5s
         [GLM-5 retry 4/4] RateLimitError: Error code: 429 - {'error': {'code': '1302', 'message': '您的账户已达到速率限制，请您控制请求频率'}}... wait 20s
         [GLM-5 retry 1/4] RateLimitError: Error code: 429 - {'error': {'code': '1302', 'message': '您的账户已达到速率限制，请您控制请求频率'}}... wait 5s
         [GLM-5 retry 1/4] RateLimitError: Error code: 429 - {'error': {'code': '1302', 'message': '您的账户已达到速率限制，请您控制请求频率'}}... wait 5s
         [GLM-5 retry 2/4] RateLimitError: Error code: 429 - {'error': {'code': '1302', 'message': '您的账户已达到速率限制，请您控制请求频率'}}... wait 10s
         [GLM-5 retry 2/4] RateLimitError: Error code: 429 - {'error': {'code': '1302', 'message': '您的账户已达到速率限制，请您控制请求频率'}}... wait 10s
         [GLM-5 retry 3/4] RateLimitError: Error code: 429 - {'error': {'code': '1302', 'message': '您的账户已达到速率限制，请您控制请求频率'}}... wait 15s
         [GLM-5 retry 3/4] RateLimitError: Error code: 429 - {'error': {'code': '1302', 'message': '您的账户已达到速率限制，请您控制请求频率'}}... wait 15s
         [GLM-5 retry 4/4] APITimeoutError: Request timed out.... wait 20s
         [GLM-5 retry 1/4] RateLimitError: Error code: 429 - {'error': {'code': '1302', 'message': '您的账户已达到速率限制，请您控制请求频率'}}... wait 5s
         [GLM-5 retry 2/4] RateLimitError: Error code: 429 - {'error': {'code': '1302', 'message': '您的账户已达到速率限制，请您控制请求频率'}}... wait 10s
         [GLM-5 retry 2/4] RateLimitError: Error code: 429 - {'error': {'code': '1302', 'message': '您的账户已达到速率限制，请您控制请求频率'}}... wait 10s
         [GLM-5 retry 3/4] RateLimitError: Error code: 429 - {'error': {'code': '1302', 'message': '您的账户已达到速率限制，请您控制请求频率'}}... wait 15s
         [GLM-5 retry 3/4] RateLimitError: Error code: 429 - {'error': {'code': '1302', 'message': '您的账户已达到速率限制，请您控制请求频率'}}... wait 15s
         [GLM-5 retry 4/4] RateLimitError: Error code: 429 - {'error': {'code': '1302', 'message': '您的账户已达到速率限制，请您控制请求频率'}}... wait 20s
         [GLM-5 retry 4/4] RateLimitError: Error code: 429 - {'error': {'code': '1302', 'message': '您的账户已达到速率限制，请您控制请求频率'}}... wait 20s
         [GLM-5 retry 1/4] RateLimitError: Error code: 429 - {'error': {'code': '1302', 'message': '您的账户已达到速率限制，请您控制请求频率'}}... wait 5s
         [GLM-5 retry 2/4] RateLimitError: Error code: 429 - {'error': {'code': '1302', 'message': '您的账户已达到速率限制，请您控制请求频率'}}... wait 10s
         [GLM-5 retry 4/4] RateLimitError: Error code: 429 - {'error': {'code': '1302', 'message': '您的账户已达到速率限制，请您控制请求频率'}}... wait 20s
         [GLM-5 retry 4/4] RateLimitError: Error code: 429 - {'error': {'code': '1302', 'message': '您的账户已达到速率限制，请您控制请求频率'}}... wait 20s
         [GLM-5 retry 1/4] RateLimitError: Error code: 429 - {'error': {'code': '1302', 'message': '您的账户已达到速率限制，请您控制请求频率'}}... wait 5s
         [GLM-5 retry 1/4] RateLimitError: Error code: 429 - {'error': {'code': '1302', 'message': '您的账户已达到速率限制，请您控制请求频率'}}... wait 5s
         [GLM-5 retry 2/4] RateLimitError: Error code: 429 - {'error': {'code': '1302', 'message': '您的账户已达到速率限制，请您控制请求频率'}}... wait 10s
         [GLM-5 retry 2/4] RateLimitError: Error code: 429 - {'error': {'code': '1302', 'message': '您的账户已达到速率限制，请您控制请求频率'}}... wait 10s
         [GLM-5 retry 3/4] RateLimitError: Error code: 429 - {'error': {'code': '1302', 'message': '您的账户已达到速率限制，请您控制请求频率'}}... wait 15s
         [GLM-5 retry 3/4] RateLimitError: Error code: 429 - {'error': {'code': '1302', 'message': '您的账户已达到速率限制，请您控制请求频率'}}... wait 15s
         [GLM-5 retry 4/4] RateLimitError: Error code: 429 - {'error': {'code': '1302', 'message': '您的账户已达到速率限制，请您控制请求频率'}}... wait 20s
         [GLM-5 retry 1/4] RateLimitError: Error code: 429 - {'error': {'code': '1302', 'message': '您的账户已达到速率限制，请您控制请求频率'}}... wait 5s
         [GLM-5 retry 2/4] RateLimitError: Error code: 429 - {'error': {'code': '1302', 'message': '您的账户已达到速率限制，请您控制请求频率'}}... wait 10s
      [完成] 第 3/3 次语义评分完成，得分: 6.0

  [探测指标] 均分=6.0, 标准差=0.0000, 留白率=0%, 感知失败率=0%, 低质量提取率=0%, 提取质量=high
      [extraction-risk] R_ext=0.07, structure_missing=50%, suspicious=50%
      [风险画像] P=0.15, U=0.00%, F=40.00%, H=False, L=True
      [通用校准] rules=['lenient_undercredit_review', 'stable_undercredit_review', 'structure_missing_review'], UM=0.00%, MF=0.00%, cap=20.00
      [A3WA可信度] R=0.167, mu=0.833, alpha=0.829, beta=0.286, route=BND | high_confidence_lenient_undercredit_review
      [路由 -> BND] 边界样本 | P=0.15, U=0.00%, F=40.00%, H=False, L=True
         [GLM-5 retry 3/4] APITimeoutError: Request timed out.... wait 15s
         [GLM-5 retry 4/4] RateLimitError: Error code: 429 - {'error': {'code': '1302', 'message': '您的账户已达到速率限制，请您控制请求频率'}}... wait 20s
         [GLM-5 retry 4/4] APITimeoutError: Request timed out.... wait 20s
         [Agent仲裁] keep|keep_minor_change | 原始仲裁分: 6.0 | 限幅后最终分: 6.0 | Step 1 is correctly awarded 2.0 (exact match A>D>C>E>B). Steps 2-6 (masking words) are genuinely wrong: student provided letter lists rather than 5-bit vectors, and content contains errors (e.g., including self-masking, wrong elements). Steps 7_1-7_4 receive 1.0/2.0 each for partially correct fragments (entry to A, some C-D/B relationship hints, B returning to main) within a fundamentally incorrect overall execution path (用户→A→C→D→B→E). The partial credit on diagram steps is defensible for partially observable relationships, and the zero credit on masking words is appropriate. No concrete missed lenient credit or unsupported high-score credit identified.
✅ [批改完成] ANS_CO_518 | 路由: BND | 最终分: 6.0 | 风险: P0.15/U0.00/F0.40/H0/L1 | 提取质量: 🟢high | 留白率: 0% | 低质量率: 0%
2026-06-24 01:00:58 | INFO     | ✅ [批改完成] ANS_CO_518 | 路由: BND | 最终分: 6.0 | 风险: P0.15/U0.00/F0.40/H0/L1 | 提取质量: 🟢high | 留白率: 0% | 低质量率: 0%

🔍 [正在处理] ANS_CO_524 | 启动 3WD 流水线...
2026-06-24 01:00:58 | INFO     | 
🔍 [正在处理] ANS_CO_524 | 启动 3WD 流水线...
📢 [总进度] 5/84 份试卷已归档。
2026-06-24 01:00:58 | INFO     | 📢 [总进度] 5/84 份试卷已归档。

=============================================
Start grading student [ANS_CO_524]
=============================================
  [Stage 1] fact extraction backend=csbench_hybrid...
  [Stage 2] independent semantic grading probes...
      [完成] 第 2/3 次语义评分完成，得分: 4.0
      [完成] 第 1/3 次语义评分完成，得分: 4.0
      [完成] 第 3/3 次语义评分完成，得分: 4.0

  [探测指标] 均分=4.0, 标准差=0.0000, 留白率=0%, 感知失败率=0%, 低质量提取率=0%, 提取质量=high
      [extraction-risk] R_ext=0.07, structure_missing=50%, suspicious=50%
      [风险画像] P=0.15, U=0.00%, F=10.00%, H=False, L=True
      [通用校准] rules=['structure_missing_review'], UM=0.00%, MF=0.00%, cap=20.00
      [A3WA可信度] R=0.167, mu=0.833, alpha=0.829, beta=0.286, route=BND | high_confidence_low_score_nonblank_review
      [路由 -> BND] 边界样本 | P=0.15, U=0.00%, F=10.00%, H=False, L=True
         [Agent仲裁] keep|keep_minor_change | 原始仲裁分: 4.0 | 限幅后最终分: 4.0 | Three grading records unanimously award 4.0: full credit on step_1 (correct priority sequence A>D>C>E>B), zero on all five mask-word items (student wrote only '需要查看图像', no extractable bit vector), and partial credit on step_7_1 and step_7_3 for identifying the 用户程序→A entry and C→D transition. The student's execution path 用户程序→A→C→D→E→用户程序 is fundamentally incorrect (missing B entirely, no nesting structure, wrong return order E→用户程序 vs D→C→B→主程序), so step_7_2 and step_7_4 correctly receive zero. The partial credit given for step_7_1 (1.0) and step_7_3 (1.0) is a defensible instructor-style interpretation of identifying correct directional transitions within an otherwise flawed path; no concrete missed credit and no unsupported high-score credit identified. The evidence is consistent and the baseline is well-supported.
✅ [批改完成] ANS_CO_524 | 路由: BND | 最终分: 4.0 | 风险: P0.15/U0.00/F0.10/H0/L1 | 提取质量: 🟢high | 留白率: 0% | 低质量率: 0%
2026-06-24 01:04:53 | INFO     | ✅ [批改完成] ANS_CO_524 | 路由: BND | 最终分: 4.0 | 风险: P0.15/U0.00/F0.10/H0/L1 | 提取质量: 🟢high | 留白率: 0% | 低质量率: 0%

🔍 [正在处理] ANS_CO_526 | 启动 3WD 流水线...
2026-06-24 01:04:53 | INFO     | 
🔍 [正在处理] ANS_CO_526 | 启动 3WD 流水线...
📢 [总进度] 6/84 份试卷已归档。
2026-06-24 01:04:53 | INFO     | 📢 [总进度] 6/84 份试卷已归档。

=============================================
Start grading student [ANS_CO_526]
=============================================
  [Stage 1] fact extraction backend=csbench_hybrid...
  [Stage 2] independent semantic grading probes...
         [GLM-5 retry 1/4] APITimeoutError: Request timed out.... wait 5s
      [完成] 第 2/3 次语义评分完成，得分: 8.0
         [GLM-5 retry 1/4] APITimeoutError: Request timed out.... wait 5s
         [GLM-5 retry 2/4] APITimeoutError: Request timed out.... wait 10s
         [GLM-5 retry 2/4] RateLimitError: Error code: 429 - {'error': {'code': '1302', 'message': '您的账户已达到速率限制，请您控制请求频率'}}... wait 10s
         [GLM-5 retry 3/4] RateLimitError: Error code: 429 - {'error': {'code': '1302', 'message': '您的账户已达到速率限制，请您控制请求频率'}}... wait 15s
         [GLM-5 retry 3/4] RateLimitError: Error code: 429 - {'error': {'code': '1302', 'message': '您的账户已达到速率限制，请您控制请求频率'}}... wait 15s
         [GLM-5 retry 4/4] RateLimitError: Error code: 429 - {'error': {'code': '1302', 'message': '您的账户已达到速率限制，请您控制请求频率'}}... wait 20s
         [GLM-5 retry 1/4] APITimeoutError: Request timed out.... wait 5s
         [GLM-5 retry 4/4] APITimeoutError: Request timed out.... wait 20s
         [GLM-5 retry 1/4] APITimeoutError: Request timed out.... wait 5s
         [GLM-5 retry 2/4] APITimeoutError: Request timed out.... wait 10s
         [GLM-5 retry 1/4] APITimeoutError: Request timed out.... wait 5s
         [GLM-5 retry 2/4] APITimeoutError: Request timed out.... wait 10s
         [GLM-5 retry 3/4] APITimeoutError: Request timed out.... wait 15s
         [GLM-5 retry 2/4] APITimeoutError: Request timed out.... wait 10s
         [GLM-5 retry 3/4] APITimeoutError: Request timed out.... wait 15s
         [GLM-5 retry 4/4] APITimeoutError: Request timed out.... wait 20s
         [GLM-5 retry 3/4] APITimeoutError: Request timed out.... wait 15s
         [GLM-5 retry 4/4] APITimeoutError: Request timed out.... wait 20s

🔍 [正在处理] ANS_CO_527 | 启动 3WD 流水线...
2026-06-24 01:41:32 | INFO     | 
🔍 [正在处理] ANS_CO_527 | 启动 3WD 流水线...

=============================================
Start grading student [ANS_CO_527]
=============================================
  [Stage 1] fact extraction backend=csbench_hybrid...
[failed sample recorded] ANS_CO_523 | stage2_failed: all semantic grading probes failed or returned unparsable scores
2026-06-24 01:41:32 | ERROR    | [failed sample recorded] ANS_CO_523 | stage2_failed: all semantic grading probes failed or returned unparsable scores
         [GLM-5 retry 1/4] APITimeoutError: Request timed out.... wait 5s
  [Stage 2] independent semantic grading probes...
      [完成] 第 3/3 次语义评分完成，得分: 2.0
      [完成] 第 1/3 次语义评分完成，得分: 2.0

  [探测指标] 均分=4.0, 标准差=2.8284, 留白率=0%, 感知失败率=0%, 低质量提取率=0%, 提取质量=high
      [extraction-risk] R_ext=0.07, structure_missing=50%, suspicious=50%
      [风险画像] P=0.15, U=14.14%, F=40.00%, H=False, L=True
      [通用校准] rules=['structure_missing_review', 'extraction_retry_review'], UM=0.00%, MF=0.00%, cap=20.00
      [A3WA可信度] R=0.500, mu=0.500, alpha=0.829, beta=0.286, route=BND | beta_lt_confidence_lt_alpha
      [路由 -> BND] 边界样本 | P=0.15, U=14.14%, F=40.00%, H=False, L=True
      [完成] 第 2/3 次语义评分完成，得分: 2.0
      [完成] 第 3/3 次语义评分完成，得分: 8.0
      [完成] 第 1/3 次语义评分完成，得分: 8.0

  [探测指标] 均分=6.0, 标准差=2.8284, 留白率=0%, 感知失败率=0%, 低质量提取率=0%, 提取质量=high
      [extraction-risk] R_ext=0.07, structure_missing=50%, suspicious=50%
      [风险画像] P=0.15, U=14.14%, F=0.00%, H=False, L=True
      [通用校准] rules=['lenient_undercredit_review', 'stable_undercredit_review', 'structure_missing_review'], UM=0.00%, MF=0.00%, cap=20.00
      [A3WA可信度] R=0.500, mu=0.500, alpha=0.829, beta=0.286, route=BND | beta_lt_confidence_lt_alpha
      [路由 -> BND] 边界样本 | P=0.15, U=14.14%, F=0.00%, H=False, L=True
         [Agent仲裁] cautious_lower|reject_lower | 原始仲裁分: 0 | 限幅后最终分: 4.0 | The student only correctly identified the priority sequence (step_1). The mask words were left blank, and the execution path provided for step 7 is fundamentally incorrect (a sequential path rather than showing any nested interrupts or correct returns). The high score of 8.0 in record 1 is unsupported.
✅ [批改完成] ANS_CO_526 | 路由: BND | 最终分: 4.0 | 风险: P0.15/U0.14/F0.40/H0/L1 | 提取质量: 🟢high | 留白率: 0% | 低质量率: 0%
2026-06-24 01:46:56 | INFO     | ✅ [批改完成] ANS_CO_526 | 路由: BND | 最终分: 4.0 | 风险: P0.15/U0.14/F0.40/H0/L1 | 提取质量: 🟢high | 留白率: 0% | 低质量率: 0%

🔍 [正在处理] ANS_CO_528 | 启动 3WD 流水线...
2026-06-24 01:46:56 | INFO     | 
🔍 [正在处理] ANS_CO_528 | 启动 3WD 流水线...
📢 [总进度] 7/84 份试卷已归档。
2026-06-24 01:46:56 | INFO     | 📢 [总进度] 7/84 份试卷已归档。

=============================================
Start grading student [ANS_CO_528]
=============================================
  [Stage 1] fact extraction backend=csbench_hybrid...
  [Stage 2] independent semantic grading probes...
         [GLM-5 retry 1/4] APITimeoutError: Request timed out.... wait 5s
         [GLM-5 retry 1/4] APITimeoutError: Request timed out.... wait 5s
         [GLM-5 retry 1/4] APITimeoutError: Request timed out.... wait 5s
         [GLM-5 retry 2/4] RateLimitError: Error code: 429 - {'error': {'code': '1302', 'message': '您的账户已达到速率限制，请您控制请求频率'}}... wait 10s
         [GLM-5 retry 3/4] RateLimitError: Error code: 429 - {'error': {'code': '1302', 'message': '您的账户已达到速率限制，请您控制请求频率'}}... wait 15s
         [GLM-5 retry 4/4] RateLimitError: Error code: 429 - {'error': {'code': '1302', 'message': '您的账户已达到速率限制，请您控制请求频率'}}... wait 20s
         [Agent仲裁] raise|reject_raise | 原始仲裁分: 12.0 | 限幅后最终分: 6.0 | Record 1对step_7所有子项均判为SEMANTIC_FATAL（0分），过于苛刻。学生虽整体执行路径有误，但正确识别了C打断B、D打断C的具体嵌套关系（step_7_2、step_7_3应满分），且step_7_1入口正确、step_7_4核心返回子序列D→C→B正确，均应获部分分。Records 2和3的8.0分评分有充分依据，baseline为6.0（三次评分均值），应上调至8.0。step_2至step_6因学生仅写'需要查看图像'无实际答案，三次评分一致判0分，无异议。
✅ [批改完成] ANS_CO_527 | 路由: BND | 最终分: 6.0 | 风险: P0.15/U0.14/F0.00/H0/L1 | 提取质量: 🟢high | 留白率: 0% | 低质量率: 0%
2026-06-24 01:58:30 | INFO     | ✅ [批改完成] ANS_CO_527 | 路由: BND | 最终分: 6.0 | 风险: P0.15/U0.14/F0.00/H0/L1 | 提取质量: 🟢high | 留白率: 0% | 低质量率: 0%

🔍 [正在处理] ANS_CO_529 | 启动 3WD 流水线...
2026-06-24 01:58:30 | INFO     | 
🔍 [正在处理] ANS_CO_529 | 启动 3WD 流水线...
📢 [总进度] 8/84 份试卷已归档。
2026-06-24 01:58:30 | INFO     | 📢 [总进度] 8/84 份试卷已归档。

=============================================
Start grading student [ANS_CO_529]
=============================================
  [Stage 1] fact extraction backend=csbench_hybrid...
  [Stage 2] independent semantic grading probes...
      [完成] 第 1/3 次语义评分完成，得分: 0
      [完成] 第 2/3 次语义评分完成，得分: 0
      [完成] 第 3/3 次语义评分完成，得分: 0

  [探测指标] 均分=0.0, 标准差=0.0000, 留白率=100%, 感知失败率=0%, 低质量提取率=0%, 提取质量=low
      [extraction-risk] R_ext=0.40, structure_missing=0%, suspicious=100%
      [风险画像] P=0.80, U=0.00%, F=0.00%, H=False, L=False
      [通用校准] rules=['visual_blank_review', 'structure_missing_review', 'extraction_retry_review'], UM=0.00%, MF=0.00%, cap=20.00
      [A3WA可信度] R=0.667, mu=0.333, alpha=0.829, beta=0.286, route=BND | beta_lt_confidence_lt_alpha
      [路由 -> BND] 边界样本 | P=0.80, U=0.00%, F=0.00%, H=False, L=False
         [GLM-5 retry 2/4] APITimeoutError: Request timed out.... wait 10s
         [Agent仲裁] keep|keep_minor_change | 原始仲裁分: 0.0 | 限幅后最终分: 0 | All extracted student facts are marked '未书写' (blank) across every rubric item. All three prior grading records unanimously scored 0 with BLANK error category. There is no concrete student evidence to identify any missed lenient credit, and no high score was awarded that could be unsupported. The baseline score of 0 is correct.
✅ [批改完成] ANS_CO_529 | 路由: BND | 最终分: 0 | 风险: P0.80/U0.00/F0.00/H0/L0 | 提取质量: 🟡low | 留白率: 100% | 低质量率: 0%
2026-06-24 01:59:59 | INFO     | ✅ [批改完成] ANS_CO_529 | 路由: BND | 最终分: 0 | 风险: P0.80/U0.00/F0.00/H0/L0 | 提取质量: 🟡low | 留白率: 100% | 低质量率: 0%

🔍 [正在处理] ANS_CO_530 | 启动 3WD 流水线...
2026-06-24 01:59:59 | INFO     | 
🔍 [正在处理] ANS_CO_530 | 启动 3WD 流水线...
📢 [总进度] 9/84 份试卷已归档。
2026-06-24 01:59:59 | INFO     | 📢 [总进度] 9/84 份试卷已归档。

=============================================
Start grading student [ANS_CO_530]
=============================================
  [Stage 1] fact extraction backend=csbench_hybrid...
         [GLM-5 retry 1/4] RateLimitError: Error code: 429 - {'error': {'code': '1302', 'message': '您的账户已达到速率限制，请您控制请求频率'}}... wait 5s
  [Stage 2] independent semantic grading probes...
         [GLM-5 retry 1/4] RateLimitError: Error code: 429 - {'error': {'code': '1302', 'message': '您的账户已达到速率限制，请您控制请求频率'}}... wait 5s
         [GLM-5 retry 3/4] RateLimitError: Error code: 429 - {'error': {'code': '1302', 'message': '您的账户已达到速率限制，请您控制请求频率'}}... wait 15s
         [GLM-5 retry 4/4] RateLimitError: Error code: 429 - {'error': {'code': '1302', 'message': '您的账户已达到速率限制，请您控制请求频率'}}... wait 20s
         [GLM-5 retry 1/4] RateLimitError: Error code: 429 - {'error': {'code': '1302', 'message': '您的账户已达到速率限制，请您控制请求频率'}}... wait 5s
         [GLM-5 retry 2/4] RateLimitError: Error code: 429 - {'error': {'code': '1302', 'message': '您的账户已达到速率限制，请您控制请求频率'}}... wait 10s
         [GLM-5 retry 2/4] RateLimitError: Error code: 429 - {'error': {'code': '1302', 'message': '您的账户已达到速率限制，请您控制请求频率'}}... wait 10s
         [GLM-5 retry 3/4] RateLimitError: Error code: 429 - {'error': {'code': '1302', 'message': '您的账户已达到速率限制，请您控制请求频率'}}... wait 15s
         [GLM-5 retry 3/4] RateLimitError: Error code: 429 - {'error': {'code': '1302', 'message': '您的账户已达到速率限制，请您控制请求频率'}}... wait 15s
         [GLM-5 retry 1/4] RateLimitError: Error code: 429 - {'error': {'code': '1302', 'message': '您的账户已达到速率限制，请您控制请求频率'}}... wait 5s
         [GLM-5 retry 2/4] RateLimitError: Error code: 429 - {'error': {'code': '1302', 'message': '您的账户已达到速率限制，请您控制请求频率'}}... wait 10s
         [GLM-5 retry 2/4] RateLimitError: Error code: 429 - {'error': {'code': '1302', 'message': '您的账户已达到速率限制，请您控制请求频率'}}... wait 10s
         [GLM-5 retry 4/4] RateLimitError: Error code: 429 - {'error': {'code': '1302', 'message': '您的账户已达到速率限制，请您控制请求频率'}}... wait 20s
         [GLM-5 retry 4/4] RateLimitError: Error code: 429 - {'error': {'code': '1302', 'message': '您的账户已达到速率限制，请您控制请求频率'}}... wait 20s
         [GLM-5 retry 3/4] RateLimitError: Error code: 429 - {'error': {'code': '1302', 'message': '您的账户已达到速率限制，请您控制请求频率'}}... wait 15s
         [GLM-5 retry 1/4] RateLimitError: Error code: 429 - {'error': {'code': '1302', 'message': '您的账户已达到速率限制，请您控制请求频率'}}... wait 5s
         [GLM-5 retry 1/4] RateLimitError: Error code: 429 - {'error': {'code': '1302', 'message': '您的账户已达到速率限制，请您控制请求频率'}}... wait 5s
         [GLM-5 retry 2/4] RateLimitError: Error code: 429 - {'error': {'code': '1302', 'message': '您的账户已达到速率限制，请您控制请求频率'}}... wait 10s
         [GLM-5 retry 3/4] RateLimitError: Error code: 429 - {'error': {'code': '1302', 'message': '您的账户已达到速率限制，请您控制请求频率'}}... wait 15s
      [完成] 第 2/3 次语义评分完成，得分: 2.0
         [GLM-5 retry 4/4] RateLimitError: Error code: 429 - {'error': {'code': '1302', 'message': '您的账户已达到速率限制，请您控制请求频率'}}... wait 20s
         [GLM-5 retry 1/4] RateLimitError: Error code: 429 - {'error': {'code': '1302', 'message': '您的账户已达到速率限制，请您控制请求频率'}}... wait 5s
         [GLM-5 retry 2/4] RateLimitError: Error code: 429 - {'error': {'code': '1302', 'message': '您的账户已达到速率限制，请您控制请求频率'}}... wait 10s
         [GLM-5 retry 3/4] RateLimitError: Error code: 429 - {'error': {'code': '1302', 'message': '您的账户已达到速率限制，请您控制请求频率'}}... wait 15s
         [GLM-5 retry 1/4] RateLimitError: Error code: 429 - {'error': {'code': '1302', 'message': '您的账户已达到速率限制，请您控制请求频率'}}... wait 5s
         [GLM-5 retry 2/4] RateLimitError: Error code: 429 - {'error': {'code': '1302', 'message': '您的账户已达到速率限制，请您控制请求频率'}}... wait 10s
         [GLM-5 retry 3/4] RateLimitError: Error code: 429 - {'error': {'code': '1302', 'message': '您的账户已达到速率限制，请您控制请求频率'}}... wait 15s
         [GLM-5 retry 2/4] RateLimitError: Error code: 429 - {'error': {'code': '1302', 'message': '您的账户已达到速率限制，请您控制请求频率'}}... wait 10s
         [GLM-5 retry 3/4] RateLimitError: Error code: 429 - {'error': {'code': '1302', 'message': '您的账户已达到速率限制，请您控制请求频率'}}... wait 15s
      [完成] 第 3/3 次语义评分完成，得分: 18.0
         [GLM-5 retry 4/4] APITimeoutError: Request timed out.... wait 20s
         [GLM-5 retry 4/4] RateLimitError: Error code: 429 - {'error': {'code': '1302', 'message': '您的账户已达到速率限制，请您控制请求频率'}}... wait 20s

  [探测指标] 均分=18.0, 标准差=0.0000, 留白率=0%, 感知失败率=0%, 低质量提取率=0%, 提取质量=high
      [extraction-risk] R_ext=0.07, structure_missing=50%, suspicious=50%
      [风险画像] P=0.15, U=0.00%, F=10.00%, H=False, L=False
      [通用校准] rules=['structure_missing_review'], UM=0.00%, MF=0.00%, cap=20.00
      [A3WA可信度] R=0.167, mu=0.833, alpha=0.829, beta=0.286, route=BND | pos_safety_gate:structure_missing,unsupported_high_score
      [路由 -> BND] 边界样本 | P=0.15, U=0.00%, F=10.00%, H=False, L=False
      [完成] 第 3/3 次语义评分完成，得分: 2.0
         [Agent仲裁] keep|keep_minor_change | 原始仲裁分: 18.0 | 限幅后最终分: 18.0 | The student correctly answered 9 of 10 rubric items (18/20). Step_2 is a genuine conceptual error: the student states 'A级中断源无中断屏蔽字' (A has no mask word), directly contradicting the standard answer 01111. Even under lenient grading, this cannot receive credit as it denies the existence of A's mask word rather than providing a wrong value. Steps 3-6 are correctly answered via descriptive equivalents (listing which interrupts can interrupt each level), which map exactly to the standard mask words. Steps 7_1-7_4 are fully supported by the complete execution path. No missed lenient credit and no unsupported high-score credit identified.
✅ [批改完成] ANS_CO_528 | 路由: BND | 最终分: 18.0 | 风险: P0.15/U0.00/F0.10/H0/L0 | 提取质量: 🟢high | 留白率: 0% | 低质量率: 0%
2026-06-24 02:14:27 | INFO     | ✅ [批改完成] ANS_CO_528 | 路由: BND | 最终分: 18.0 | 风险: P0.15/U0.00/F0.10/H0/L0 | 提取质量: 🟢high | 留白率: 0% | 低质量率: 0%

🔍 [正在处理] ANS_CO_533 | 启动 3WD 流水线...
2026-06-24 02:14:27 | INFO     | 
🔍 [正在处理] ANS_CO_533 | 启动 3WD 流水线...
📢 [总进度] 10/84 份试卷已归档。
2026-06-24 02:14:27 | INFO     | 📢 [总进度] 10/84 份试卷已归档。

=============================================
Start grading student [ANS_CO_533]
=============================================
  [Stage 1] fact extraction backend=csbench_hybrid...
  [Stage 2] independent semantic grading probes...
      [完成] 第 1/3 次语义评分完成，得分: 2.0
         [GLM-5 retry 1/4] APITimeoutError: Request timed out.... wait 5s
      [完成] 第 2/3 次语义评分完成，得分: 3.5
      [完成] 第 3/3 次语义评分完成，得分: 2.0

  [探测指标] 均分=2.5, 标准差=0.7071, 留白率=0%, 感知失败率=0%, 低质量提取率=0%, 提取质量=high
      [extraction-risk] R_ext=0.07, structure_missing=50%, suspicious=50%
      [风险画像] P=0.15, U=3.54%, F=20.00%, H=False, L=True
      [通用校准] rules=['structure_missing_review', 'extraction_retry_review'], UM=0.00%, MF=0.00%, cap=20.00
      [A3WA可信度] R=0.292, mu=0.708, alpha=0.829, beta=0.286, route=BND | beta_lt_confidence_lt_alpha
      [路由 -> BND] 边界样本 | P=0.15, U=3.54%, F=20.00%, H=False, L=True
         [Agent仲裁] keep|reject_lower | 原始仲裁分: 1.0 | 限幅后最终分: 2.5 | Student correctly answered only step_1 (priority sequence A>D>C>E>B, 2.0 points). Steps 2-6 are entirely blank ('需要查看图像'). For the execution diagram (steps 7_1-7_4), the student's path '用户程序→A→D→E→C' is fundamentally wrong—it contradicts the expected nesting structure (B interrupted by C, C interrupted by D) and shows no return sequences. Two of three graders correctly scored 2.0; grader 2's partial credits for step_7_1 (0.5) and step_7_3 (1.0) are unsupported due to internal contradictions in the student's evidence. No missed lenient credit exists since the student's execution-path understanding is conceptually flawed, not merely incomplete.
✅ [批改完成] ANS_CO_533 | 路由: BND | 最终分: 2.5 | 风险: P0.15/U0.04/F0.20/H0/L1 | 提取质量: 🟢high | 留白率: 0% | 低质量率: 0%
2026-06-24 02:18:45 | INFO     | ✅ [批改完成] ANS_CO_533 | 路由: BND | 最终分: 2.5 | 风险: P0.15/U0.04/F0.20/H0/L1 | 提取质量: 🟢high | 留白率: 0% | 低质量率: 0%

🔍 [正在处理] ANS_CO_539 | 启动 3WD 流水线...
2026-06-24 02:18:45 | INFO     | 
🔍 [正在处理] ANS_CO_539 | 启动 3WD 流水线...
📢 [总进度] 11/84 份试卷已归档。
2026-06-24 02:18:45 | INFO     | 📢 [总进度] 11/84 份试卷已归档。

=============================================
Start grading student [ANS_CO_539]
=============================================
  [Stage 1] fact extraction backend=csbench_hybrid...
  [Stage 2] independent semantic grading probes...
      [完成] 第 2/3 次语义评分完成，得分: 8.0
         [GLM-5 retry 2/4] APITimeoutError: Request timed out.... wait 10s
         [GLM-5 retry 1/4] APITimeoutError: Request timed out.... wait 5s
         [GLM-5 retry 3/4] RateLimitError: Error code: 429 - {'error': {'code': '1302', 'message': '您的账户已达到速率限制，请您控制请求频率'}}... wait 15s
         [GLM-5 retry 4/4] RateLimitError: Error code: 429 - {'error': {'code': '1302', 'message': '您的账户已达到速率限制，请您控制请求频率'}}... wait 20s
         [GLM-5 retry 1/4] RateLimitError: Error code: 429 - {'error': {'code': '1302', 'message': '您的账户已达到速率限制，请您控制请求频率'}}... wait 5s
         [GLM-5 retry 2/4] RateLimitError: Error code: 429 - {'error': {'code': '1302', 'message': '您的账户已达到速率限制，请您控制请求频率'}}... wait 10s
         [GLM-5 retry 1/4] APITimeoutError: Request timed out.... wait 5s
      [完成] 第 1/3 次语义评分完成，得分: 2.0

  [探测指标] 均分=2.0, 标准差=0.0000, 留白率=0%, 感知失败率=0%, 低质量提取率=0%, 提取质量=high
      [extraction-risk] R_ext=0.14, structure_missing=90%, suspicious=90%
      [风险画像] P=0.27, U=0.00%, F=50.00%, H=False, L=True
      [通用校准] rules=['structure_missing_review', 'extraction_retry_review'], UM=0.00%, MF=0.00%, cap=20.00
      [A3WA可信度] R=0.300, mu=0.700, alpha=0.829, beta=0.286, route=BND | beta_lt_confidence_lt_alpha
      [路由 -> BND] 边界样本 | P=0.27, U=0.00%, F=50.00%, H=False, L=True
      [完成] 第 1/3 次语义评分完成，得分: 7.0
         [Agent仲裁] keep|keep_minor_change | 原始仲裁分: 2.0 | 限幅后最终分: 2.0 | All three graders are consistent and correct. Step_1 (priority order A>D>C>E>B) is the only correct item, worth 2.0 points. Steps 2-6 all contain a fundamental conceptual error: the student consistently includes self-masking (e.g., 'A可以屏蔽A', 'B可以屏蔽B') whereas all standard bit vectors have 0 in the self-position (A=01111, B=00000, C=01001, D=01101, E=01000). This is not a propagated error or format issue but a core conceptual contradiction at each step. No binary codes were provided, and the verbal descriptions contradict the standard answers. Steps 7_1-7_4 have genuinely insufficient extraction ('图中有标签但未形成可确认的连接关系'), so no diagram credit can be awarded. No missed lenient credit and no unsupported high-score credit exist.
✅ [批改完成] ANS_CO_530 | 路由: BND | 最终分: 2.0 | 风险: P0.27/U0.00/F0.50/H0/L1 | 提取质量: 🟢high | 留白率: 0% | 低质量率: 0%
2026-06-24 02:32:03 | INFO     | ✅ [批改完成] ANS_CO_530 | 路由: BND | 最终分: 2.0 | 风险: P0.27/U0.00/F0.50/H0/L1 | 提取质量: 🟢high | 留白率: 0% | 低质量率: 0%

🔍 [正在处理] ANS_CO_541 | 启动 3WD 流水线...
2026-06-24 02:32:03 | INFO     | 
🔍 [正在处理] ANS_CO_541 | 启动 3WD 流水线...
📢 [总进度] 12/84 份试卷已归档。
2026-06-24 02:32:03 | INFO     | 📢 [总进度] 12/84 份试卷已归档。

=============================================
Start grading student [ANS_CO_541]
=============================================
  [Stage 1] fact extraction backend=csbench_hybrid...
  [Stage 2] independent semantic grading probes...
         [GLM-5 retry 2/4] APITimeoutError: Request timed out.... wait 10s
      [完成] 第 1/3 次语义评分完成，得分: 9.0
      [完成] 第 2/3 次语义评分完成，得分: 7.0
      [完成] 第 3/3 次语义评分完成，得分: 7.0

  [探测指标] 均分=7.7, 标准差=0.9428, 留白率=0%, 感知失败率=0%, 低质量提取率=0%, 提取质量=high
      [extraction-risk] R_ext=0.06, structure_missing=40%, suspicious=40%
      [风险画像] P=0.12, U=4.71%, F=0.00%, H=False, L=True
      [通用校准] rules=['lenient_undercredit_review', 'stable_undercredit_review', 'structure_missing_review'], UM=0.00%, MF=0.00%, cap=20.00
      [A3WA可信度] R=0.300, mu=0.700, alpha=0.829, beta=0.286, route=BND | beta_lt_confidence_lt_alpha
      [路由 -> BND] 边界样本 | P=0.12, U=4.71%, F=0.00%, H=False, L=True
         [Agent仲裁] raise|reject_raise | 原始仲裁分: 9.7 | 限幅后最终分: 7.7 | 学生中断优先级排序完全正确(2分)。五级屏蔽字全部仅在自屏蔽位存在系统性约定差异(取1而非0)，其余所有屏蔽关系均正确，体现完整的概念理解。两份评分按50%给分过于严格，应按格式约定差异70%(各1.4分)给分。执行顺序图部分确实未作答，维持0分。校准总分=2.0+1.4×5+0=9.0分。
✅ [批改完成] ANS_CO_541 | 路由: BND | 最终分: 7.7 | 风险: P0.12/U0.05/F0.00/H0/L1 | 提取质量: 🟢high | 留白率: 0% | 低质量率: 0%
2026-06-24 02:37:28 | INFO     | ✅ [批改完成] ANS_CO_541 | 路由: BND | 最终分: 7.7 | 风险: P0.12/U0.05/F0.00/H0/L1 | 提取质量: 🟢high | 留白率: 0% | 低质量率: 0%

🔍 [正在处理] ANS_CO_542 | 启动 3WD 流水线...
2026-06-24 02:37:28 | INFO     | 
🔍 [正在处理] ANS_CO_542 | 启动 3WD 流水线...
📢 [总进度] 13/84 份试卷已归档。
2026-06-24 02:37:28 | INFO     | 📢 [总进度] 13/84 份试卷已归档。

=============================================
Start grading student [ANS_CO_542]
=============================================
  [Stage 1] fact extraction backend=csbench_hybrid...
  [Stage 2] independent semantic grading probes...
         [GLM-5 retry 3/4] APITimeoutError: Request timed out.... wait 15s
         [GLM-5 retry 1/4] RateLimitError: Error code: 429 - {'error': {'code': '1302', 'message': '您的账户已达到速率限制，请您控制请求频率'}}... wait 5s
         [GLM-5 retry 2/4] RateLimitError: Error code: 429 - {'error': {'code': '1302', 'message': '您的账户已达到速率限制，请您控制请求频率'}}... wait 10s
         [GLM-5 retry 1/4] APITimeoutError: Request timed out.... wait 5s
         [GLM-5 retry 2/4] RateLimitError: Error code: 429 - {'error': {'code': '1302', 'message': '您的账户已达到速率限制，请您控制请求频率'}}... wait 10s
         [GLM-5 retry 3/4] RateLimitError: Error code: 429 - {'error': {'code': '1302', 'message': '您的账户已达到速率限制，请您控制请求频率'}}... wait 15s
         [GLM-5 retry 3/4] RateLimitError: Error code: 429 - {'error': {'code': '1302', 'message': '您的账户已达到速率限制，请您控制请求频率'}}... wait 15s
         [GLM-5 retry 4/4] RateLimitError: Error code: 429 - {'error': {'code': '1302', 'message': '您的账户已达到速率限制，请您控制请求频率'}}... wait 20s
         [GLM-5 retry 4/4] RateLimitError: Error code: 429 - {'error': {'code': '1302', 'message': '您的账户已达到速率限制，请您控制请求频率'}}... wait 20s
         [GLM-5 retry 4/4] APITimeoutError: Request timed out.... wait 20s
         [GLM-5 retry 1/4] APITimeoutError: Request timed out.... wait 5s
         [GLM-5 retry 2/4] RateLimitError: Error code: 429 - {'error': {'code': '1302', 'message': '您的账户已达到速率限制，请您控制请求频率'}}... wait 10s
         [GLM-5 retry 3/4] RateLimitError: Error code: 429 - {'error': {'code': '1302', 'message': '您的账户已达到速率限制，请您控制请求频率'}}... wait 15s
         [GLM-5 retry 1/4] RateLimitError: Error code: 429 - {'error': {'code': '1302', 'message': '您的账户已达到速率限制，请您控制请求频率'}}... wait 5s
         [GLM-5 retry 2/4] APITimeoutError: Request timed out.... wait 10s
         [GLM-5 retry 3/4] RateLimitError: Error code: 429 - {'error': {'code': '1302', 'message': '您的账户已达到速率限制，请您控制请求频率'}}... wait 15s
         [GLM-5 retry 1/4] APITimeoutError: Request timed out.... wait 5s
         [GLM-5 retry 2/4] RateLimitError: Error code: 429 - {'error': {'code': '1302', 'message': '您的账户已达到速率限制，请您控制请求频率'}}... wait 10s
         [GLM-5 retry 3/4] RateLimitError: Error code: 429 - {'error': {'code': '1302', 'message': '您的账户已达到速率限制，请您控制请求频率'}}... wait 15s
         [GLM-5 retry 4/4] RateLimitError: Error code: 429 - {'error': {'code': '1302', 'message': '您的账户已达到速率限制，请您控制请求频率'}}... wait 20s
      [完成] 第 3/3 次语义评分完成，得分: 7.0

  [探测指标] 均分=7.3, 标准差=0.4714, 留白率=0%, 感知失败率=0%, 低质量提取率=0%, 提取质量=high
      [extraction-risk] R_ext=0.00, structure_missing=0%, suspicious=0%
      [风险画像] P=0.00, U=2.36%, F=60.00%, H=False, L=True
      [通用校准] rules=['stable_undercredit_review'], UM=0.00%, MF=0.00%, cap=20.00
      [A3WA可信度] R=0.083, mu=0.917, alpha=0.829, beta=0.286, route=BND | high_confidence_stable_undercredit_review
      [路由 -> BND] 边界样本 | P=0.00, U=2.36%, F=60.00%, H=False, L=True
         [Agent仲裁] keep|keep_minor_change | 原始仲裁分: 7.3 | 限幅后最终分: 7.3 | All five mask words (steps 2-6) are numerically wrong for their respective levels—the student appears to have systematically misaligned mask values across levels. step_7_4 return order is also wrong. The only fully correct items are step_1 (priority sequence), step_7_2 (B→C nesting), and step_7_3 (C→D nesting). step_7_1 is at best partial (1 pt) since A is interrupted by B in the student's path, contradicting independent execution. Records 2 and 3 correctly scored 7.0; record 1's 8.0 overcredited step_7_1. No missed lenient credit exists—all mask word values are fundamentally wrong, not propagated errors.
✅ [批改完成] ANS_CO_539 | 路由: BND | 最终分: 7.3 | 风险: P0.00/U0.02/F0.60/H0/L1 | 提取质量: 🟢high | 留白率: 0% | 低质量率: 0%
2026-06-24 02:56:00 | INFO     | ✅ [批改完成] ANS_CO_539 | 路由: BND | 最终分: 7.3 | 风险: P0.00/U0.02/F0.60/H0/L1 | 提取质量: 🟢high | 留白率: 0% | 低质量率: 0%

🔍 [正在处理] ANS_CO_543 | 启动 3WD 流水线...
2026-06-24 02:56:00 | INFO     | 
🔍 [正在处理] ANS_CO_543 | 启动 3WD 流水线...
📢 [总进度] 14/84 份试卷已归档。
2026-06-24 02:56:00 | INFO     | 📢 [总进度] 14/84 份试卷已归档。

=============================================
Start grading student [ANS_CO_543]
=============================================
  [Stage 1] fact extraction backend=csbench_hybrid...
  [Stage 2] independent semantic grading probes...
      [完成] 第 1/3 次语义评分完成，得分: 2.0
      [完成] 第 2/3 次语义评分完成，得分: 2.0
      [完成] 第 3/3 次语义评分完成，得分: 2.0

  [探测指标] 均分=2.0, 标准差=0.0000, 留白率=0%, 感知失败率=0%, 低质量提取率=0%, 提取质量=high
      [extraction-risk] R_ext=0.14, structure_missing=90%, suspicious=90%
      [风险画像] P=0.27, U=0.00%, F=0.00%, H=False, L=True
      [通用校准] rules=['structure_missing_review', 'extraction_retry_review'], UM=0.00%, MF=0.00%, cap=20.00
      [A3WA可信度] R=0.300, mu=0.700, alpha=0.829, beta=0.286, route=BND | beta_lt_confidence_lt_alpha
      [路由 -> BND] 边界样本 | P=0.27, U=0.00%, F=0.00%, H=False, L=True
         [Agent仲裁] keep|keep_minor_change | 原始仲裁分: 2.0 | 限幅后最终分: 2.0 | All three grading records consistently awarded 2.0 points for step_1 (A>D>C>E>B), which is a correct, well-supported match. The remaining nine steps have extracted facts of only '需要查看图像' or '图中未明确显示', which are meta-comments about extraction failure rather than concrete student answers. There is no concrete content in the extracted facts that could support additional credit for any mask word (steps 2-6) or diagram/description item (steps 7_1-7_4). The awarded 2.0 points are fully supported by the extracted evidence, and no missed lenient credit exists because the student facts contain no actionable content beyond step_1.
✅ [批改完成] ANS_CO_543 | 路由: BND | 最终分: 2.0 | 风险: P0.27/U0.00/F0.00/H0/L1 | 提取质量: 🟢high | 留白率: 0% | 低质量率: 0%
2026-06-24 02:57:30 | INFO     | ✅ [批改完成] ANS_CO_543 | 路由: BND | 最终分: 2.0 | 风险: P0.27/U0.00/F0.00/H0/L1 | 提取质量: 🟢high | 留白率: 0% | 低质量率: 0%

🔍 [正在处理] ANS_CO_544 | 启动 3WD 流水线...
2026-06-24 02:57:30 | INFO     | 
🔍 [正在处理] ANS_CO_544 | 启动 3WD 流水线...
📢 [总进度] 15/84 份试卷已归档。
2026-06-24 02:57:30 | INFO     | 📢 [总进度] 15/84 份试卷已归档。

=============================================
Start grading student [ANS_CO_544]
=============================================
  [Stage 1] fact extraction backend=csbench_hybrid...
  [Stage 2] independent semantic grading probes...
         [GLM-5 retry 4/4] APITimeoutError: Request timed out.... wait 20s
         [GLM-5 retry 1/4] APITimeoutError: Request timed out.... wait 5s
      [完成] 第 2/3 次语义评分完成，得分: 10.0
         [GLM-5 retry 1/4] RateLimitError: Error code: 429 - {'error': {'code': '1302', 'message': '您的账户已达到速率限制，请您控制请求频率'}}... wait 5s
         [GLM-5 retry 2/4] RateLimitError: Error code: 429 - {'error': {'code': '1302', 'message': '您的账户已达到速率限制，请您控制请求频率'}}... wait 10s
         [GLM-5 retry 3/4] RateLimitError: Error code: 429 - {'error': {'code': '1302', 'message': '您的账户已达到速率限制，请您控制请求频率'}}... wait 15s
         [GLM-5 retry 4/4] RateLimitError: Error code: 429 - {'error': {'code': '1302', 'message': '您的账户已达到速率限制，请您控制请求频率'}}... wait 20s
         [GLM-5 retry 2/4] RateLimitError: Error code: 429 - {'error': {'code': '1302', 'message': '您的账户已达到速率限制，请您控制请求频率'}}... wait 10s
      [完成] 第 3/3 次语义评分完成，得分: 4.0
         [GLM-5 retry 1/4] RateLimitError: Error code: 429 - {'error': {'code': '1302', 'message': '您的账户已达到速率限制，请您控制请求频率'}}... wait 5s
         [GLM-5 retry 2/4] RateLimitError: Error code: 429 - {'error': {'code': '1302', 'message': '您的账户已达到速率限制，请您控制请求频率'}}... wait 10s
         [GLM-5 retry 3/4] RateLimitError: Error code: 429 - {'error': {'code': '1302', 'message': '您的账户已达到速率限制，请您控制请求频率'}}... wait 15s
         [GLM-5 retry 4/4] RateLimitError: Error code: 429 - {'error': {'code': '1302', 'message': '您的账户已达到速率限制，请您控制请求频率'}}... wait 20s
         [GLM-5 retry 1/4] RateLimitError: Error code: 429 - {'error': {'code': '1302', 'message': '您的账户已达到速率限制，请您控制请求频率'}}... wait 5s
      [完成] 第 1/3 次语义评分完成，得分: 4.0

  [探测指标] 均分=6.0, 标准差=2.8284, 留白率=0%, 感知失败率=0%, 低质量提取率=0%, 提取质量=high
      [extraction-risk] R_ext=0.00, structure_missing=0%, suspicious=0%
      [风险画像] P=0.00, U=14.14%, F=60.00%, H=False, L=True
      [A3WA可信度] R=0.333, mu=0.667, alpha=0.829, beta=0.286, route=BND | beta_lt_confidence_lt_alpha
      [路由 -> BND] 边界样本 | P=0.00, U=14.14%, F=60.00%, H=False, L=True
         [GLM-5 retry 3/4] APITimeoutError: Request timed out.... wait 15s
      [完成] 第 3/3 次语义评分完成，得分: 5.0
         [GLM-5 retry 1/4] APITimeoutError: Request timed out.... wait 5s
         [Agent仲裁] raise|reject_raise | 原始仲裁分: 12.0 | 限幅后最终分: 6.0 | 学生在步骤2-6的5个屏蔽字中，所有非对角线位均完全正确，仅自屏蔽位(对角线)系统性使用1而标准用0，这是教材中常见的约定差异而非概念错误。评分员2和3将这些全部判0分过于严格。评分员1的判分(每项1.0部分分)最为合理。步骤7_4学生也给出了部分返回序列，值得部分分。基准分6.0低估了学生对屏蔽概念的实际掌握程度。
✅ [批改完成] ANS_CO_544 | 路由: BND | 最终分: 6.0 | 风险: P0.00/U0.14/F0.60/H0/L1 | 提取质量: 🟢high | 留白率: 0% | 低质量率: 0%
2026-06-24 03:14:19 | INFO     | ✅ [批改完成] ANS_CO_544 | 路由: BND | 最终分: 6.0 | 风险: P0.00/U0.14/F0.60/H0/L1 | 提取质量: 🟢high | 留白率: 0% | 低质量率: 0%

🔍 [正在处理] ANS_CO_546 | 启动 3WD 流水线...
2026-06-24 03:14:19 | INFO     | 
🔍 [正在处理] ANS_CO_546 | 启动 3WD 流水线...
📢 [总进度] 16/84 份试卷已归档。
2026-06-24 03:14:19 | INFO     | 📢 [总进度] 16/84 份试卷已归档。

=============================================
Start grading student [ANS_CO_546]
=============================================
  [Stage 1] fact extraction backend=csbench_hybrid...
  [Stage 2] independent semantic grading probes...
         [GLM-5 retry 4/4] APITimeoutError: Request timed out.... wait 20s

  [探测指标] 均分=5.0, 标准差=0.0000, 留白率=0%, 感知失败率=0%, 低质量提取率=0%, 提取质量=high
      [extraction-risk] R_ext=0.00, structure_missing=0%, suspicious=0%
      [风险画像] P=0.00, U=0.00%, F=60.00%, H=False, L=True
      [通用校准] rules=['lenient_undercredit_review', 'stable_undercredit_review'], UM=0.00%, MF=0.00%, cap=20.00
      [A3WA可信度] R=0.000, mu=1.000, alpha=0.829, beta=0.286, route=BND | high_confidence_lenient_undercredit_review
      [路由 -> BND] 边界样本 | P=0.00, U=0.00%, F=60.00%, H=False, L=True
      [完成] 第 2/3 次语义评分完成，得分: 8.0
         [Agent仲裁] keep|keep_minor_change | 原始仲裁分: 5.0 | 限幅后最终分: 5.0 | 学生正确给出优先级序列 (step_1, 2分) 及部分轨迹要素，但 5 个屏蔽字(step_2~step_6)均与标准答案不一致——存在系统性错位(将 D 的屏蔽字写给 C、A 的屏蔽字写给 D、C 的屏蔽字写给 E、A 首位错写为 1、B 错写非零)，这些并非单一上游错误的传播，而是独立的核心数值错误，应判 0 分。流程图(step_7)整体路径因屏蔽字错误而结构混乱(包含不应出现的 E，且把 A 当作最外层嵌套)，但 step_7_1/7_3/7_4 已分别因方向性一致/部分序列匹配给予 1 分部分分，属合理的宽松判定；step_7_2 的 C→B 与标准 B 被 C 打断的方向相反，给 0 分恰当。无显著漏判的宽松过程分，也无支撑不足的高分项。维持 5.0 分。
✅ [批改完成] ANS_CO_542 | 路由: BND | 最终分: 5.0 | 风险: P0.00/U0.00/F0.60/H0/L1 | 提取质量: 🟢high | 留白率: 0% | 低质量率: 0%
2026-06-24 03:17:29 | INFO     | ✅ [批改完成] ANS_CO_542 | 路由: BND | 最终分: 5.0 | 风险: P0.00/U0.00/F0.60/H0/L1 | 提取质量: 🟢high | 留白率: 0% | 低质量率: 0%

🔍 [正在处理] ANS_CO_547 | 启动 3WD 流水线...
2026-06-24 03:17:29 | INFO     | 
🔍 [正在处理] ANS_CO_547 | 启动 3WD 流水线...
📢 [总进度] 17/84 份试卷已归档。
2026-06-24 03:17:29 | INFO     | 📢 [总进度] 17/84 份试卷已归档。

=============================================
Start grading student [ANS_CO_547]
=============================================
  [Stage 1] fact extraction backend=csbench_hybrid...
  [Stage 2] independent semantic grading probes...
      [完成] 第 3/3 次语义评分完成，得分: 6.0
      [完成] 第 2/3 次语义评分完成，得分: 3.0
      [完成] 第 1/3 次语义评分完成，得分: 8.0

  [探测指标] 均分=7.3, 标准差=0.9428, 留白率=0%, 感知失败率=0%, 低质量提取率=0%, 提取质量=high
      [extraction-risk] R_ext=0.07, structure_missing=50%, suspicious=50%
      [风险画像] P=0.15, U=4.71%, F=0.00%, H=False, L=True
      [通用校准] rules=['lenient_undercredit_review', 'stable_undercredit_review', 'structure_missing_review'], UM=0.00%, MF=0.00%, cap=20.00
      [A3WA可信度] R=0.333, mu=0.667, alpha=0.829, beta=0.286, route=BND | beta_lt_confidence_lt_alpha
      [路由 -> BND] 边界样本 | P=0.15, U=4.71%, F=0.00%, H=False, L=True
      [完成] 第 1/3 次语义评分完成，得分: 3.0
      [完成] 第 3/3 次语义评分完成，得分: 3.0

  [探测指标] 均分=3.0, 标准差=0.0000, 留白率=0%, 感知失败率=0%, 低质量提取率=0%, 提取质量=high
      [extraction-risk] R_ext=0.15, structure_missing=100%, suspicious=100%
      [风险画像] P=0.30, U=0.00%, F=0.00%, H=False, L=True
      [通用校准] rules=['structure_missing_review', 'extraction_retry_review'], UM=0.00%, MF=0.00%, cap=20.00
      [A3WA可信度] R=0.333, mu=0.667, alpha=0.829, beta=0.286, route=BND | beta_lt_confidence_lt_alpha
      [路由 -> BND] 边界样本 | P=0.30, U=0.00%, F=0.00%, H=False, L=True
         [Agent仲裁] keep|keep_minor_change | 原始仲裁分: 3.0 | 限幅后最终分: 3.0 | All three grading records converge at 3.0. Step_1 (A>D>C>E>B) is fully correct and earns 2.0. Steps 2-6 yield only '需要查看图像' with no actual mask word values—0 points is correct. Step_7_1 earns 1.0/2.0 for showing '用户程序→A' (entry only, missing return), which is a fair partial match. Steps 7_2-7_4 contain '图中未明确显示' with no substantive relationship or sequence described—0 points is correct. No concrete missed lenient credit or unsupported high-score credit identified relative to the extracted facts.
✅ [批改完成] ANS_CO_547 | 路由: BND | 最终分: 3.0 | 风险: P0.30/U0.00/F0.00/H0/L1 | 提取质量: 🟢high | 留白率: 0% | 低质量率: 0%
2026-06-24 03:19:29 | INFO     | ✅ [批改完成] ANS_CO_547 | 路由: BND | 最终分: 3.0 | 风险: P0.30/U0.00/F0.00/H0/L1 | 提取质量: 🟢high | 留白率: 0% | 低质量率: 0%

🔍 [正在处理] ANS_CO_550 | 启动 3WD 流水线...
2026-06-24 03:19:29 | INFO     | 
🔍 [正在处理] ANS_CO_550 | 启动 3WD 流水线...
📢 [总进度] 18/84 份试卷已归档。
2026-06-24 03:19:29 | INFO     | 📢 [总进度] 18/84 份试卷已归档。

=============================================
Start grading student [ANS_CO_550]
=============================================
  [Stage 1] fact extraction backend=csbench_hybrid...
  [Stage 2] independent semantic grading probes...
         [Agent仲裁] raise|reject_raise | 原始仲裁分: 9.3 | 限幅后最终分: 7.3 | 三份评分在step_1（2.0）、step_2-6（0）、step_7_1（1.0）、step_7_4（1.0）上完全一致。分歧仅在step_7_2和step_7_3：图2仅给1.0分，而图1和图3各给2.0分。学生的执行路径（B→C、C→D）与返回路径（C→B、D→C）的配合已充分体现C嵌套打断B、D嵌套打断C的关系，评分标准允许图形嵌套结构，因此2.0分有充分依据。总分为8.0，与图1和图3一致。
✅ [批改完成] ANS_CO_546 | 路由: BND | 最终分: 7.3 | 风险: P0.15/U0.05/F0.00/H0/L1 | 提取质量: 🟢high | 留白率: 0% | 低质量率: 0%
2026-06-24 03:22:28 | INFO     | ✅ [批改完成] ANS_CO_546 | 路由: BND | 最终分: 7.3 | 风险: P0.15/U0.05/F0.00/H0/L1 | 提取质量: 🟢high | 留白率: 0% | 低质量率: 0%

🔍 [正在处理] ANS_CO_551 | 启动 3WD 流水线...
2026-06-24 03:22:28 | INFO     | 
🔍 [正在处理] ANS_CO_551 | 启动 3WD 流水线...
📢 [总进度] 19/84 份试卷已归档。
2026-06-24 03:22:28 | INFO     | 📢 [总进度] 19/84 份试卷已归档。

=============================================
Start grading student [ANS_CO_551]
=============================================
  [Stage 1] fact extraction backend=csbench_hybrid...
  [Stage 2] independent semantic grading probes...
         [GLM-5 retry 1/4] RateLimitError: Error code: 429 - {'error': {'code': '1302', 'message': '您的账户已达到速率限制，请您控制请求频率'}}... wait 5s
         [GLM-5 retry 2/4] RateLimitError: Error code: 429 - {'error': {'code': '1302', 'message': '您的账户已达到速率限制，请您控制请求频率'}}... wait 10s
         [GLM-5 retry 3/4] RateLimitError: Error code: 429 - {'error': {'code': '1302', 'message': '您的账户已达到速率限制，请您控制请求频率'}}... wait 15s
      [完成] 第 2/3 次语义评分完成，得分: 2.0
         [GLM-5 retry 4/4] RateLimitError: Error code: 429 - {'error': {'code': '1302', 'message': '您的账户已达到速率限制，请您控制请求频率'}}... wait 20s
         [GLM-5 retry 1/4] APITimeoutError: Request timed out.... wait 5s
      [完成] 第 1/3 次语义评分完成，得分: 8.0
         [GLM-5 retry 1/4] RateLimitError: Error code: 429 - {'error': {'code': '1302', 'message': '您的账户已达到速率限制，请您控制请求频率'}}... wait 5s
         [GLM-5 retry 2/4] RateLimitError: Error code: 429 - {'error': {'code': '1302', 'message': '您的账户已达到速率限制，请您控制请求频率'}}... wait 10s
         [GLM-5 retry 3/4] RateLimitError: Error code: 429 - {'error': {'code': '1302', 'message': '您的账户已达到速率限制，请您控制请求频率'}}... wait 15s
      [完成] 第 3/3 次语义评分完成，得分: 6.0
         [GLM-5 retry 1/4] APITimeoutError: Request timed out.... wait 5s
         [GLM-5 retry 2/4] APITimeoutError: Request timed out.... wait 10s
         [GLM-5 retry 4/4] APITimeoutError: Request timed out.... wait 20s
         [GLM-5 retry 2/4] APITimeoutError: Request timed out.... wait 10s
      [完成] 第 3/3 次语义评分完成，得分: 2.0
      [完成] 第 1/3 次语义评分完成，得分: 4.0

  [探测指标] 均分=2.7, 标准差=0.9428, 留白率=0%, 感知失败率=0%, 低质量提取率=0%, 提取质量=high
      [extraction-risk] R_ext=0.06, structure_missing=40%, suspicious=40%
      [风险画像] P=0.12, U=4.71%, F=50.00%, H=False, L=True
      [通用校准] rules=['structure_missing_review', 'extraction_retry_review'], UM=0.00%, MF=0.00%, cap=20.00
      [A3WA可信度] R=0.300, mu=0.700, alpha=0.829, beta=0.286, route=BND | beta_lt_confidence_lt_alpha
      [路由 -> BND] 边界样本 | P=0.12, U=4.71%, F=50.00%, H=False, L=True
      [完成] 第 2/3 次语义评分完成，得分: 9.0

  [探测指标] 均分=7.7, 标准差=1.2472, 留白率=50%, 感知失败率=0%, 低质量提取率=0%, 提取质量=low
      [extraction-risk] R_ext=0.20, structure_missing=0%, suspicious=50%
      [风险画像] P=0.40, U=6.24%, F=0.00%, H=False, L=False
      [通用校准] rules=['visual_blank_review', 'lenient_undercredit_review', 'stable_undercredit_review', 'structure_missing_review', 'extraction_retry_review'], UM=0.00%, MF=0.00%, cap=20.00
      [A3WA可信度] R=0.583, mu=0.417, alpha=0.829, beta=0.286, route=BND | beta_lt_confidence_lt_alpha
      [路由 -> BND] 边界样本 | P=0.40, U=6.24%, F=0.00%, H=False, L=False
         [Agent仲裁] keep|reject_lower | 原始仲裁分: 0.7000000000000002 | 限幅后最终分: 2.7 | step_1优先级序列A>D>C>E>B正确（2分）。step_2中'Δ'更可能是标签'A'的误读（与B/C/D/E标签格式一致），使屏蔽字为11111≠01111；step_3~6屏蔽字均与标准答案不符；step_7_1~7_4为空白。多数评分（2/3）给出2.0分，第三份评分对step_2的宽松解释缺乏证据支持。
✅ [批改完成] ANS_CO_550 | 路由: BND | 最终分: 2.7 | 风险: P0.12/U0.05/F0.50/H0/L1 | 提取质量: 🟢high | 留白率: 0% | 低质量率: 0%
2026-06-24 03:37:19 | INFO     | ✅ [批改完成] ANS_CO_550 | 路由: BND | 最终分: 2.7 | 风险: P0.12/U0.05/F0.50/H0/L1 | 提取质量: 🟢high | 留白率: 0% | 低质量率: 0%

🔍 [正在处理] ANS_CO_554 | 启动 3WD 流水线...
2026-06-24 03:37:19 | INFO     | 
🔍 [正在处理] ANS_CO_554 | 启动 3WD 流水线...
📢 [总进度] 20/84 份试卷已归档。
2026-06-24 03:37:19 | INFO     | 📢 [总进度] 20/84 份试卷已归档。

=============================================
Start grading student [ANS_CO_554]
=============================================
  [Stage 1] fact extraction backend=csbench_hybrid...
  [Stage 2] independent semantic grading probes...
      [完成] 第 1/3 次语义评分完成，得分: 9.0
      [完成] 第 3/3 次语义评分完成，得分: 17.0
         [GLM-5 retry 1/4] APITimeoutError: Request timed out.... wait 5s
         [GLM-5 retry 1/4] APITimeoutError: Request timed out.... wait 5s
         [Agent仲裁] keep|keep_minor_change | 原始仲裁分: 7.699999999999999 | 限幅后最终分: 7.7 | 学生答案的核心证据为 step_1(2.0) 与 step_7_1/7_3(各2.0) 满分；step_7_2 与 step_7_4 存在评分分歧。综合三方评分：step_7_2 因 B 级在完整路径中缺失及方向歧义应给部分分1.0；step_7_4 因 D→C 返回方向正确应给部分分1.0。最终 8.0 与中位评分一致，保持不变。
✅ [批改完成] ANS_CO_551 | 路由: BND | 最终分: 7.7 | 风险: P0.40/U0.06/F0.00/H0/L0 | 提取质量: 🟡low | 留白率: 50% | 低质量率: 0%
2026-06-24 03:44:29 | INFO     | ✅ [批改完成] ANS_CO_551 | 路由: BND | 最终分: 7.7 | 风险: P0.40/U0.06/F0.00/H0/L0 | 提取质量: 🟡low | 留白率: 50% | 低质量率: 0%

🔍 [正在处理] ANS_CO_555 | 启动 3WD 流水线...
2026-06-24 03:44:29 | INFO     | 
🔍 [正在处理] ANS_CO_555 | 启动 3WD 流水线...
📢 [总进度] 21/84 份试卷已归档。
2026-06-24 03:44:29 | INFO     | 📢 [总进度] 21/84 份试卷已归档。

=============================================
Start grading student [ANS_CO_555]
=============================================
  [Stage 1] fact extraction backend=csbench_hybrid...
  [Stage 2] independent semantic grading probes...
         [GLM-5 retry 2/4] APITimeoutError: Request timed out.... wait 10s
         [GLM-5 retry 1/4] APITimeoutError: Request timed out.... wait 5s
         [GLM-5 retry 1/4] APITimeoutError: Request timed out.... wait 5s
         [GLM-5 retry 3/4] APITimeoutError: Request timed out.... wait 15s
         [GLM-5 retry 2/4] APITimeoutError: Request timed out.... wait 10s
         [GLM-5 retry 2/4] APITimeoutError: Request timed out.... wait 10s
         [GLM-5 retry 4/4] APITimeoutError: Request timed out.... wait 20s
      [完成] 第 1/3 次语义评分完成，得分: 6.0
         [GLM-5 retry 3/4] APITimeoutError: Request timed out.... wait 15s
      [完成] 第 2/3 次语义评分完成，得分: 10.0

  [探测指标] 均分=12.0, 标准差=3.5590, 留白率=0%, 感知失败率=0%, 低质量提取率=0%, 提取质量=high
      [extraction-risk] R_ext=0.00, structure_missing=0%, suspicious=0%
      [风险画像] P=0.00, U=17.79%, F=50.00%, H=False, L=True
      [通用校准] rules=['stable_undercredit_review'], UM=0.00%, MF=0.00%, cap=20.00
      [A3WA可信度] R=0.333, mu=0.667, alpha=0.829, beta=0.286, route=NEG | hard_neg:large_score_spread
      [路由 -> NEG] 高风险拒判 | P=0.00, U=17.79%, F=50.00%, H=False
         [复核提示] A3WA hard_neg: large_score_spread
✅ [批改完成] ANS_CO_554 | 路由: NEG | 最终分: 12.0 | 风险: P0.00/U0.18/F0.50/H0/L1 | 提取质量: 🟢high | 留白率: 0% | 低质量率: 0%
2026-06-24 04:04:57 | INFO     | ✅ [批改完成] ANS_CO_554 | 路由: NEG | 最终分: 12.0 | 风险: P0.00/U0.18/F0.50/H0/L1 | 提取质量: 🟢high | 留白率: 0% | 低质量率: 0%

🔍 [正在处理] ANS_CO_557 | 启动 3WD 流水线...
2026-06-24 04:04:57 | INFO     | 
🔍 [正在处理] ANS_CO_557 | 启动 3WD 流水线...
📢 [总进度] 22/84 份试卷已归档 [NEG-拒绝]。
2026-06-24 04:04:57 | INFO     | 📢 [总进度] 22/84 份试卷已归档 [NEG-拒绝]。

=============================================
Start grading student [ANS_CO_557]
=============================================
  [Stage 1] fact extraction backend=csbench_hybrid...
  [Stage 2] independent semantic grading probes...
      [完成] 第 1/3 次语义评分完成，得分: 3.0
      [完成] 第 2/3 次语义评分完成，得分: 3.0
      [完成] 第 3/3 次语义评分完成，得分: 3.0

  [探测指标] 均分=3.0, 标准差=0.0000, 留白率=0%, 感知失败率=0%, 低质量提取率=0%, 提取质量=high
      [extraction-risk] R_ext=0.09, structure_missing=60%, suspicious=60%
      [风险画像] P=0.18, U=0.00%, F=0.00%, H=False, L=True
      [通用校准] rules=['structure_missing_review', 'extraction_retry_review'], UM=0.00%, MF=0.00%, cap=20.00
      [A3WA可信度] R=0.200, mu=0.800, alpha=0.829, beta=0.286, route=BND | beta_lt_confidence_lt_alpha
      [路由 -> BND] 边界样本 | P=0.18, U=0.00%, F=0.00%, H=False, L=True
         [Agent仲裁] keep|keep_minor_change | 原始仲裁分: 3.0 | 限幅后最终分: 3.0 | All three graders are consistent at 3.0. step_1 (2.0) is a perfect match for the correct priority sequence. step_7_1 (1.0) is a reasonable partial match for showing the entry path 'main program → A' but missing the return. Steps 2-6 and 7_2-7_4 are effectively blank ('需要查看图像' / '图中未明确显示') with no substantive content to evaluate, so 0 points is appropriate. No concrete missed lenient credit or unsupported high-score credit exists.
✅ [批改完成] ANS_CO_557 | 路由: BND | 最终分: 3.0 | 风险: P0.18/U0.00/F0.00/H0/L1 | 提取质量: 🟢high | 留白率: 0% | 低质量率: 0%
2026-06-24 04:06:41 | INFO     | ✅ [批改完成] ANS_CO_557 | 路由: BND | 最终分: 3.0 | 风险: P0.18/U0.00/F0.00/H0/L1 | 提取质量: 🟢high | 留白率: 0% | 低质量率: 0%

🔍 [正在处理] ANS_CO_558 | 启动 3WD 流水线...
2026-06-24 04:06:41 | INFO     | 
🔍 [正在处理] ANS_CO_558 | 启动 3WD 流水线...
📢 [总进度] 23/84 份试卷已归档。
2026-06-24 04:06:41 | INFO     | 📢 [总进度] 23/84 份试卷已归档。

=============================================
Start grading student [ANS_CO_558]
=============================================
  [Stage 1] fact extraction backend=csbench_hybrid...
  [Stage 2] independent semantic grading probes...
      [完成] 第 2/3 次语义评分完成，得分: 4.0
      [完成] 第 3/3 次语义评分完成，得分: 4.0
      [完成] 第 1/3 次语义评分完成，得分: 4.0

  [探测指标] 均分=4.0, 标准差=0.0000, 留白率=0%, 感知失败率=0%, 低质量提取率=0%, 提取质量=high
      [extraction-risk] R_ext=0.06, structure_missing=40%, suspicious=40%
      [风险画像] P=0.12, U=0.00%, F=40.00%, H=False, L=True
      [通用校准] rules=['structure_missing_review', 'extraction_retry_review'], UM=0.00%, MF=0.00%, cap=20.00
      [A3WA可信度] R=0.133, mu=0.867, alpha=0.829, beta=0.286, route=BND | high_confidence_extraction_retry_review
      [路由 -> BND] 边界样本 | P=0.12, U=0.00%, F=40.00%, H=False, L=True
         [Agent仲裁] keep|keep_minor_change | 原始仲裁分: 4.0 | 限幅后最终分: 4.0 | 三位评分员一致给出4.0分。step_1（优先级序列）与step_3（B级屏蔽字）正确各得2分。step_2/4/5/6的屏蔽字存在多位或自屏蔽位错误，属于核心数值/概念错误，不应给予部分分。step_7_1~7_4提取内容明确为'图中未明确显示'，无有效作答，且屏蔽字错误本身也使后续执行顺序图缺乏可信推导依据。无可识别的遗漏加分项，也无虚高分项。
✅ [批改完成] ANS_CO_558 | 路由: BND | 最终分: 4.0 | 风险: P0.12/U0.00/F0.40/H0/L1 | 提取质量: 🟢high | 留白率: 0% | 低质量率: 0%
2026-06-24 04:08:37 | INFO     | ✅ [批改完成] ANS_CO_558 | 路由: BND | 最终分: 4.0 | 风险: P0.12/U0.00/F0.40/H0/L1 | 提取质量: 🟢high | 留白率: 0% | 低质量率: 0%

🔍 [正在处理] ANS_CO_559 | 启动 3WD 流水线...
2026-06-24 04:08:37 | INFO     | 
🔍 [正在处理] ANS_CO_559 | 启动 3WD 流水线...
📢 [总进度] 24/84 份试卷已归档。
2026-06-24 04:08:37 | INFO     | 📢 [总进度] 24/84 份试卷已归档。

=============================================
Start grading student [ANS_CO_559]
=============================================
  [Stage 1] fact extraction backend=csbench_hybrid...
         [GLM-5 retry 1/4] APITimeoutError: Request timed out.... wait 5s
         [GLM-5 retry 4/4] APITimeoutError: Request timed out.... wait 20s
  [Stage 2] independent semantic grading probes...
      [完成] 第 2/3 次语义评分完成，得分: 9
      [完成] 第 3/3 次语义评分完成，得分: 6.0
      [完成] 第 3/3 次语义评分完成，得分: 6.0
      [完成] 第 1/3 次语义评分完成，得分: 10.0

  [探测指标] 均分=8.3, 标准差=1.6997, 留白率=0%, 感知失败率=0%, 低质量提取率=0%, 提取质量=high
      [extraction-risk] R_ext=0.07, structure_missing=50%, suspicious=50%
      [风险画像] P=0.15, U=8.50%, F=0.00%, H=False, L=True
      [通用校准] rules=['lenient_undercredit_review', 'stable_undercredit_review', 'structure_missing_review'], UM=0.00%, MF=0.00%, cap=20.00
      [A3WA可信度] R=0.500, mu=0.500, alpha=0.829, beta=0.286, route=BND | beta_lt_confidence_lt_alpha
      [路由 -> BND] 边界样本 | P=0.15, U=8.50%, F=0.00%, H=False, L=True
         [GLM-5 retry 1/4] APITimeoutError: Request timed out.... wait 5s
         [Agent仲裁] keep|reject_lower | 原始仲裁分: 7.300000000000001 | 限幅后最终分: 8.3 | The three records score 9, 6, and 10. Item-by-item analysis confirms: step_1=2.0 (unanimous), steps_2-6=0 (no masking-word data extracted), step_7_1=1.0 (student shows entry to A but not independent return, matching Records 1&2; Record 3's full 2.0 is unsupported), step_7_2=2.0 (B→C captures nesting, Records 1&3 correct; Record 2 overly strict), step_7_3=2.0 (C→D captures nesting), step_7_4=2.0 (E→D→C→B→A→用户程序 contains required D→C→B→主程序 subsequence). Calibrated total = 2+1+2+2+2 = 9.0. Record 2's 6.0 undercredited steps 7_2-7_4 by treating linear notation as insufficient; Record 3's 10.0 overcredited step_7_1. Record 1's 9.0 is the most accurate.
✅ [批改完成] ANS_CO_559 | 路由: BND | 最终分: 8.3 | 风险: P0.15/U0.09/F0.00/H0/L1 | 提取质量: 🟢high | 留白率: 0% | 低质量率: 0%
2026-06-24 04:20:33 | INFO     | ✅ [批改完成] ANS_CO_559 | 路由: BND | 最终分: 8.3 | 风险: P0.15/U0.09/F0.00/H0/L1 | 提取质量: 🟢high | 留白率: 0% | 低质量率: 0%

🔍 [正在处理] ANS_CO_560 | 启动 3WD 流水线...
2026-06-24 04:20:33 | INFO     | 
🔍 [正在处理] ANS_CO_560 | 启动 3WD 流水线...
📢 [总进度] 25/84 份试卷已归档。
2026-06-24 04:20:33 | INFO     | 📢 [总进度] 25/84 份试卷已归档。

=============================================
Start grading student [ANS_CO_560]
=============================================
  [Stage 1] fact extraction backend=csbench_hybrid...
  [Stage 2] independent semantic grading probes...
         [GLM-5 retry 2/4] APITimeoutError: Request timed out.... wait 10s
         [GLM-5 retry 1/4] RateLimitError: Error code: 429 - {'error': {'code': '1302', 'message': '您的账户已达到速率限制，请您控制请求频率'}}... wait 5s
         [GLM-5 retry 1/4] RateLimitError: Error code: 429 - {'error': {'code': '1302', 'message': '您的账户已达到速率限制，请您控制请求频率'}}... wait 5s
         [GLM-5 retry 2/4] RateLimitError: Error code: 429 - {'error': {'code': '1302', 'message': '您的账户已达到速率限制，请您控制请求频率'}}... wait 10s
         [GLM-5 retry 2/4] RateLimitError: Error code: 429 - {'error': {'code': '1302', 'message': '您的账户已达到速率限制，请您控制请求频率'}}... wait 10s
         [GLM-5 retry 3/4] RateLimitError: Error code: 429 - {'error': {'code': '1302', 'message': '您的账户已达到速率限制，请您控制请求频率'}}... wait 15s
         [GLM-5 retry 4/4] RateLimitError: Error code: 429 - {'error': {'code': '1302', 'message': '您的账户已达到速率限制，请您控制请求频率'}}... wait 20s
      [完成] 第 2/3 次语义评分完成，得分: 2.0
         [GLM-5 retry 3/4] APITimeoutError: Request timed out.... wait 15s
         [GLM-5 retry 4/4] RateLimitError: Error code: 429 - {'error': {'code': '1302', 'message': '您的账户已达到速率限制，请您控制请求频率'}}... wait 20s
         [GLM-5 retry 3/4] APITimeoutError: Request timed out.... wait 15s
         [GLM-5 retry 1/4] APITimeoutError: Request timed out.... wait 5s
         [GLM-5 retry 1/4] APITimeoutError: Request timed out.... wait 5s
         [GLM-5 retry 4/4] APITimeoutError: Request timed out.... wait 20s
         [GLM-5 retry 2/4] APITimeoutError: Request timed out.... wait 10s
         [GLM-5 retry 1/4] RateLimitError: Error code: 429 - {'error': {'code': '1302', 'message': '您的账户已达到速率限制，请您控制请求频率'}}... wait 5s
         [GLM-5 retry 2/4] RateLimitError: Error code: 429 - {'error': {'code': '1302', 'message': '您的账户已达到速率限制，请您控制请求频率'}}... wait 10s
         [GLM-5 retry 3/4] RateLimitError: Error code: 429 - {'error': {'code': '1302', 'message': '您的账户已达到速率限制，请您控制请求频率'}}... wait 15s
         [GLM-5 retry 2/4] RateLimitError: Error code: 429 - {'error': {'code': '1302', 'message': '您的账户已达到速率限制，请您控制请求频率'}}... wait 10s
         [GLM-5 retry 3/4] RateLimitError: Error code: 429 - {'error': {'code': '1302', 'message': '您的账户已达到速率限制，请您控制请求频率'}}... wait 15s
      [完成] 第 1/3 次语义评分完成，得分: 3.5
         [GLM-5 retry 3/4] APITimeoutError: Request timed out.... wait 15s
      [完成] 第 2/3 次语义评分完成，得分: 6.0

  [探测指标] 均分=6.0, 标准差=0.0000, 留白率=0%, 感知失败率=0%, 低质量提取率=0%, 提取质量=high
      [extraction-risk] R_ext=0.00, structure_missing=0%, suspicious=0%
      [风险画像] P=0.00, U=0.00%, F=60.00%, H=False, L=True
      [通用校准] rules=['lenient_undercredit_review', 'stable_undercredit_review'], UM=0.00%, MF=0.00%, cap=20.00
      [A3WA可信度] R=0.000, mu=1.000, alpha=0.829, beta=0.286, route=BND | high_confidence_lenient_undercredit_review
      [路由 -> BND] 边界样本 | P=0.00, U=0.00%, F=60.00%, H=False, L=True
         [Agent仲裁] keep|keep_minor_change | 原始仲裁分: 6.0 | 限幅后最终分: 6.0 | 三个评分记录高度一致，均给6.0分。屏蔽字 step_2~step_6 学生答案数值与标准答案存在多位明显错误（并非单一上游错误的传播），属于核心数值错误，不应给予过程分；step_7_1 与 step_7_4 给予部分分（各1.0）合理，因学生路径仅部分匹配独立执行/返回顺序；step_7_3 完全匹配得2.0正确。无可信的遗漏宽容分或不当高分项。
✅ [批改完成] ANS_CO_555 | 路由: BND | 最终分: 6.0 | 风险: P0.00/U0.00/F0.60/H0/L1 | 提取质量: 🟢high | 留白率: 0% | 低质量率: 0%
2026-06-24 04:47:33 | INFO     | ✅ [批改完成] ANS_CO_555 | 路由: BND | 最终分: 6.0 | 风险: P0.00/U0.00/F0.60/H0/L1 | 提取质量: 🟢high | 留白率: 0% | 低质量率: 0%

🔍 [正在处理] ANS_CO_561 | 启动 3WD 流水线...
2026-06-24 04:47:33 | INFO     | 
🔍 [正在处理] ANS_CO_561 | 启动 3WD 流水线...
📢 [总进度] 26/84 份试卷已归档。
2026-06-24 04:47:33 | INFO     | 📢 [总进度] 26/84 份试卷已归档。

=============================================
Start grading student [ANS_CO_561]
=============================================
  [Stage 1] fact extraction backend=csbench_hybrid...
  [Stage 2] independent semantic grading probes...
      [完成] 第 2/3 次语义评分完成，得分: 2.0
      [完成] 第 3/3 次语义评分完成，得分: 2.0
      [完成] 第 1/3 次语义评分完成，得分: 2.0

  [探测指标] 均分=2.0, 标准差=0.0000, 留白率=0%, 感知失败率=0%, 低质量提取率=0%, 提取质量=high
      [extraction-risk] R_ext=0.06, structure_missing=40%, suspicious=40%
      [风险画像] P=0.12, U=0.00%, F=50.00%, H=False, L=True
      [通用校准] rules=['structure_missing_review', 'extraction_retry_review'], UM=0.00%, MF=0.00%, cap=20.00
      [A3WA可信度] R=0.133, mu=0.867, alpha=0.829, beta=0.286, route=BND | high_confidence_extraction_retry_review
      [路由 -> BND] 边界样本 | P=0.12, U=0.00%, F=50.00%, H=False, L=True
         [Agent仲裁] keep|keep_minor_change | 原始仲裁分: 2.0 | 限幅后最终分: 2.0 | Three gradings consistently award only step_1 (2 points). The five bit-vector answers (steps 2-6) all contain concrete numerical/conceptual errors (e.g., A=11111 vs 01111 makes A mask itself; B/C/D/E all wrong in multiple bits), not format or propagated errors. Steps 7_1-7_4 are effectively blank ('图中未明确显示'). No lenient process credit applies since these are bare wrong values with no calculation trace, formula, or partial mapping evidence. No unsupported high-score credit exists.
✅ [批改完成] ANS_CO_561 | 路由: BND | 最终分: 2.0 | 风险: P0.12/U0.00/F0.50/H0/L1 | 提取质量: 🟢high | 留白率: 0% | 低质量率: 0%
2026-06-24 04:51:29 | INFO     | ✅ [批改完成] ANS_CO_561 | 路由: BND | 最终分: 2.0 | 风险: P0.12/U0.00/F0.50/H0/L1 | 提取质量: 🟢high | 留白率: 0% | 低质量率: 0%

🔍 [正在处理] ANS_CO_562 | 启动 3WD 流水线...
2026-06-24 04:51:29 | INFO     | 
🔍 [正在处理] ANS_CO_562 | 启动 3WD 流水线...
📢 [总进度] 27/84 份试卷已归档。
2026-06-24 04:51:29 | INFO     | 📢 [总进度] 27/84 份试卷已归档。

=============================================
Start grading student [ANS_CO_562]
=============================================
  [Stage 1] fact extraction backend=csbench_hybrid...
      [完成] 第 3/3 次语义评分完成，得分: 4.0

  [探测指标] 均分=3.2, 标准差=0.8498, 留白率=0%, 感知失败率=0%, 低质量提取率=0%, 提取质量=high
      [extraction-risk] R_ext=0.00, structure_missing=0%, suspicious=0%
      [风险画像] P=0.00, U=4.25%, F=70.00%, H=False, L=True
      [A3WA可信度] R=0.167, mu=0.833, alpha=0.829, beta=0.286, route=BND | high_confidence_low_score_nonblank_review
      [路由 -> BND] 边界样本 | P=0.00, U=4.25%, F=70.00%, H=False, L=True
  [Stage 2] independent semantic grading probes...
         [Agent仲裁] cautious_lower|reject_lower | 原始仲裁分: 0.7000000000000002 | 限幅后最终分: 3.2 | 学生仅优先级排序正确（2分），全部5个屏蔽字均错误，执行流程图为纯线性序列而非中断嵌套结构，step_7各项核心要求（嵌套关系、返回顺序）均未满足。记录2和记录3对step_7的部分/满分缺乏充分依据。
✅ [批改完成] ANS_CO_560 | 路由: BND | 最终分: 3.2 | 风险: P0.00/U0.04/F0.70/H0/L1 | 提取质量: 🟢high | 留白率: 0% | 低质量率: 0%
2026-06-24 04:53:42 | INFO     | ✅ [批改完成] ANS_CO_560 | 路由: BND | 最终分: 3.2 | 风险: P0.00/U0.04/F0.70/H0/L1 | 提取质量: 🟢high | 留白率: 0% | 低质量率: 0%

🔍 [正在处理] ANS_CO_564 | 启动 3WD 流水线...
2026-06-24 04:53:42 | INFO     | 
🔍 [正在处理] ANS_CO_564 | 启动 3WD 流水线...
📢 [总进度] 28/84 份试卷已归档。
2026-06-24 04:53:42 | INFO     | 📢 [总进度] 28/84 份试卷已归档。

=============================================
Start grading student [ANS_CO_564]
=============================================
  [Stage 1] fact extraction backend=csbench_hybrid...
  [Stage 2] independent semantic grading probes...
      [完成] 第 1/3 次语义评分完成，得分: 3.0
      [完成] 第 3/3 次语义评分完成，得分: 5.0
      [完成] 第 1/3 次语义评分完成，得分: 5.0
         [GLM-5 retry 1/4] APITimeoutError: Request timed out.... wait 5s
      [完成] 第 2/3 次语义评分完成，得分: 4.0

  [探测指标] 均分=4.0, 标准差=0.8165, 留白率=0%, 感知失败率=0%, 低质量提取率=0%, 提取质量=high
      [extraction-risk] R_ext=0.07, structure_missing=50%, suspicious=50%
      [风险画像] P=0.15, U=4.08%, F=10.00%, H=False, L=True
      [通用校准] rules=['structure_missing_review'], UM=0.00%, MF=0.00%, cap=20.00
      [A3WA可信度] R=0.333, mu=0.667, alpha=0.829, beta=0.286, route=BND | beta_lt_confidence_lt_alpha
      [路由 -> BND] 边界样本 | P=0.15, U=4.08%, F=10.00%, H=False, L=True
         [Agent仲裁] keep|keep_minor_change | 原始仲裁分: 4.0 | 限幅后最终分: 4.0 | Step_1 is fully correct (2.0). Steps 2-6 are blank ('需要查看图像') and correctly receive 0.0 across all graders. For the diagram sub-items: step_7_1 (用户程序→A) earns defensible partial credit of 1.0; step_7_2 (C interrupts B) is explicitly noted as '未明确显示' and merits 0.0; step_7_3 'C→D' is borderline—leniently interpretable as D interrupting C, justifying the 1.0 partial found in the median grader; step_7_4 (E→B→C→D→A→用户程序) is a simple reversal of an internally inconsistent linear path and does not match the expected D→C→B→主程序 return order, so it should remain 0.0 (grader 2's 1.0 here is unsupported but the model-avg baseline of 4.0 already neutralizes it). No concrete missed credit or unsupported high-score credit remains relative to the 4.0 baseline.
✅ [批改完成] ANS_CO_564 | 路由: BND | 最终分: 4.0 | 风险: P0.15/U0.04/F0.10/H0/L1 | 提取质量: 🟢high | 留白率: 0% | 低质量率: 0%
2026-06-24 04:59:22 | INFO     | ✅ [批改完成] ANS_CO_564 | 路由: BND | 最终分: 4.0 | 风险: P0.15/U0.04/F0.10/H0/L1 | 提取质量: 🟢high | 留白率: 0% | 低质量率: 0%

🔍 [正在处理] ANS_CO_565 | 启动 3WD 流水线...
2026-06-24 04:59:22 | INFO     | 
🔍 [正在处理] ANS_CO_565 | 启动 3WD 流水线...
📢 [总进度] 29/84 份试卷已归档。
2026-06-24 04:59:22 | INFO     | 📢 [总进度] 29/84 份试卷已归档。

=============================================
Start grading student [ANS_CO_565]
=============================================
  [Stage 1] fact extraction backend=csbench_hybrid...
      [完成] 第 2/3 次语义评分完成，得分: 2.0
  [Stage 2] independent semantic grading probes...
      [完成] 第 3/3 次语义评分完成，得分: 5.0

  [探测指标] 均分=4.0, 标准差=1.4142, 留白率=0%, 感知失败率=0%, 低质量提取率=0%, 提取质量=high
      [extraction-risk] R_ext=0.00, structure_missing=0%, suspicious=0%
      [风险画像] P=0.00, U=7.07%, F=60.00%, H=False, L=True
      [通用校准] rules=['lenient_undercredit_review', 'stable_undercredit_review'], UM=0.00%, MF=0.00%, cap=20.00
      [A3WA可信度] R=0.250, mu=0.750, alpha=0.829, beta=0.286, route=BND | beta_lt_confidence_lt_alpha
      [路由 -> BND] 边界样本 | P=0.00, U=7.07%, F=60.00%, H=False, L=True
         [Agent仲裁] raise|reject_raise | 原始仲裁分: 7.0 | 限幅后最终分: 4.0 | 屏蔽字step_2~step_6全部错误、step_7_4返回顺序错误均无争议，三方一致给0分；分歧在于step_7_1~7_3的扁平路径是否应得部分分。扁平路径虽未画出嵌套结构，但B→C、C→D的时序方向与标准嵌套打断关系一致，且用户程序→A入口正确，按宽容评分原则应给予部分分（每项1分），两位评分员已如此判定。故将基线4.0上调至5.0，与多数评分员一致；不进一步上调因屏蔽字与返回路径错误确属核心概念错误。
✅ [批改完成] ANS_CO_562 | 路由: BND | 最终分: 4.0 | 风险: P0.00/U0.07/F0.60/H0/L1 | 提取质量: 🟢high | 留白率: 0% | 低质量率: 0%
2026-06-24 05:04:30 | INFO     | ✅ [批改完成] ANS_CO_562 | 路由: BND | 最终分: 4.0 | 风险: P0.00/U0.07/F0.60/H0/L1 | 提取质量: 🟢high | 留白率: 0% | 低质量率: 0%

🔍 [正在处理] ANS_CO_567 | 启动 3WD 流水线...
2026-06-24 05:04:30 | INFO     | 
🔍 [正在处理] ANS_CO_567 | 启动 3WD 流水线...
📢 [总进度] 30/84 份试卷已归档。
2026-06-24 05:04:30 | INFO     | 📢 [总进度] 30/84 份试卷已归档。

=============================================
Start grading student [ANS_CO_567]
=============================================
  [Stage 1] fact extraction backend=csbench_hybrid...
  [Stage 2] independent semantic grading probes...
      [完成] 第 2/3 次语义评分完成，得分: 2.0
      [完成] 第 3/3 次语义评分完成，得分: 2.0
      [完成] 第 1/3 次语义评分完成，得分: 7.0

  [探测指标] 均分=3.7, 标准差=2.3570, 留白率=0%, 感知失败率=0%, 低质量提取率=0%, 提取质量=high
      [extraction-risk] R_ext=0.06, structure_missing=40%, suspicious=40%
      [风险画像] P=0.12, U=11.79%, F=50.00%, H=False, L=True
      [通用校准] rules=['structure_missing_review', 'extraction_retry_review'], UM=0.00%, MF=0.00%, cap=20.00
      [A3WA可信度] R=0.467, mu=0.533, alpha=0.829, beta=0.286, route=BND | beta_lt_confidence_lt_alpha
      [路由 -> BND] 边界样本 | P=0.12, U=11.79%, F=50.00%, H=False, L=True
         [GLM-5 retry 1/4] APITimeoutError: Request timed out.... wait 5s
         [GLM-5 retry 1/4] APITimeoutError: Request timed out.... wait 5s
         [Agent仲裁] raise|reject_raise | 原始仲裁分: 8.7 | 限幅后最终分: 3.7 | 5个屏蔽字（step_2~step_6）每个均仅有对角自屏蔽位与标准答案不同，非对角位全部正确，属于系统性自屏蔽位约定差异（教材中自屏蔽位置0或1均有先例）。两位评分者将该差异判为SEMANTIC_FATAL给0分过于严格，第三位评分者给1.0/2.0部分分符合宽严相济的教学评分原则。step_7_1~7_4确实为空白，维持0分。总分校准为7.0。
✅ [批改完成] ANS_CO_567 | 路由: BND | 最终分: 3.7 | 风险: P0.12/U0.12/F0.50/H0/L1 | 提取质量: 🟢high | 留白率: 0% | 低质量率: 0%
2026-06-24 05:06:33 | INFO     | ✅ [批改完成] ANS_CO_567 | 路由: BND | 最终分: 3.7 | 风险: P0.12/U0.12/F0.50/H0/L1 | 提取质量: 🟢high | 留白率: 0% | 低质量率: 0%

🔍 [正在处理] ANS_CO_569 | 启动 3WD 流水线...
2026-06-24 05:06:33 | INFO     | 
🔍 [正在处理] ANS_CO_569 | 启动 3WD 流水线...
📢 [总进度] 31/84 份试卷已归档。
2026-06-24 05:06:33 | INFO     | 📢 [总进度] 31/84 份试卷已归档。

=============================================
Start grading student [ANS_CO_569]
=============================================
  [Stage 1] fact extraction backend=csbench_hybrid...
  [Stage 2] independent semantic grading probes...
         [GLM-5 retry 1/4] RateLimitError: Error code: 429 - {'error': {'code': '1302', 'message': '您的账户已达到速率限制，请您控制请求频率'}}... wait 5s
         [GLM-5 retry 2/4] RateLimitError: Error code: 429 - {'error': {'code': '1302', 'message': '您的账户已达到速率限制，请您控制请求频率'}}... wait 10s
         [GLM-5 retry 3/4] RateLimitError: Error code: 429 - {'error': {'code': '1302', 'message': '您的账户已达到速率限制，请您控制请求频率'}}... wait 15s
         [GLM-5 retry 4/4] RateLimitError: Error code: 429 - {'error': {'code': '1302', 'message': '您的账户已达到速率限制，请您控制请求频率'}}... wait 20s
         [GLM-5 retry 1/4] RateLimitError: Error code: 429 - {'error': {'code': '1302', 'message': '您的账户已达到速率限制，请您控制请求频率'}}... wait 5s
         [GLM-5 retry 2/4] RateLimitError: Error code: 429 - {'error': {'code': '1302', 'message': '您的账户已达到速率限制，请您控制请求频率'}}... wait 10s
      [完成] 第 1/3 次语义评分完成，得分: 11.4
         [GLM-5 retry 3/4] RateLimitError: Error code: 429 - {'error': {'code': '1302', 'message': '您的账户已达到速率限制，请您控制请求频率'}}... wait 15s
         [GLM-5 retry 4/4] RateLimitError: Error code: 429 - {'error': {'code': '1302', 'message': '您的账户已达到速率限制，请您控制请求频率'}}... wait 20s
         [GLM-5 retry 1/4] RateLimitError: Error code: 429 - {'error': {'code': '1302', 'message': '您的账户已达到速率限制，请您控制请求频率'}}... wait 5s
         [GLM-5 retry 2/4] RateLimitError: Error code: 429 - {'error': {'code': '1302', 'message': '您的账户已达到速率限制，请您控制请求频率'}}... wait 10s
         [GLM-5 retry 2/4] APITimeoutError: Request timed out.... wait 10s
      [完成] 第 2/3 次语义评分完成，得分: 6
      [完成] 第 3/3 次语义评分完成，得分: 6
         [GLM-5 retry 1/4] APITimeoutError: Request timed out.... wait 5s
         [GLM-5 retry 1/4] APITimeoutError: Request timed out.... wait 5s
         [GLM-5 retry 3/4] APITimeoutError: Request timed out.... wait 15s
      [完成] 第 1/3 次语义评分完成，得分: 8

  [探测指标] 均分=6.7, 标准差=0.9428, 留白率=10%, 感知失败率=0%, 低质量提取率=0%, 提取质量=high
      [extraction-risk] R_ext=0.04, structure_missing=0%, suspicious=10%
      [风险画像] P=0.08, U=4.71%, F=50.00%, H=False, L=True
      [通用校准] rules=['stable_undercredit_review'], UM=0.00%, MF=0.00%, cap=20.00
      [A3WA可信度] R=0.233, mu=0.767, alpha=0.829, beta=0.286, route=BND | beta_lt_confidence_lt_alpha
      [路由 -> BND] 边界样本 | P=0.08, U=4.71%, F=50.00%, H=False, L=True
      [完成] 第 2/3 次语义评分完成，得分: 12.0
         [Agent仲裁] cautious_lower|reject_lower | 原始仲裁分: 4.7 | 限幅后最终分: 6.7 | 三份评分中两份给出6分（step_7_1与step_7_4按partial处理），一份给出8分（将上述两项判为MATCH）。对照rubric与抽取证据：step_7_1 缺失「A级独立返回主程序」特征，step_7_4 返回链含错误的E与A，均不满足full match条件；故Grader 3 的8分含2分unsupported high-score credit。屏蔽字(step_2~step_6)与学生未书写(step_1)按0分处理合理，无显著漏判。综合校准为6分。
✅ [批改完成] ANS_CO_569 | 路由: BND | 最终分: 6.7 | 风险: P0.08/U0.05/F0.50/H0/L1 | 提取质量: 🟢high | 留白率: 10% | 低质量率: 0%
2026-06-24 05:20:25 | INFO     | ✅ [批改完成] ANS_CO_569 | 路由: BND | 最终分: 6.7 | 风险: P0.08/U0.05/F0.50/H0/L1 | 提取质量: 🟢high | 留白率: 10% | 低质量率: 0%

🔍 [正在处理] ANS_CO_570 | 启动 3WD 流水线...
2026-06-24 05:20:25 | INFO     | 
🔍 [正在处理] ANS_CO_570 | 启动 3WD 流水线...
📢 [总进度] 32/84 份试卷已归档。
2026-06-24 05:20:25 | INFO     | 📢 [总进度] 32/84 份试卷已归档。

=============================================
Start grading student [ANS_CO_570]
=============================================
  [Stage 1] fact extraction backend=csbench_hybrid...
  [Stage 2] independent semantic grading probes...
         [GLM-5 retry 2/4] APITimeoutError: Request timed out.... wait 10s
      [完成] 第 2/3 次语义评分完成，得分: 10.0
      [完成] 第 3/3 次语义评分完成，得分: 10.0
      [完成] 第 1/3 次语义评分完成，得分: 8.0

  [探测指标] 均分=9.3, 标准差=0.9428, 留白率=0%, 感知失败率=0%, 低质量提取率=0%, 提取质量=high
      [extraction-risk] R_ext=0.07, structure_missing=50%, suspicious=50%
      [风险画像] P=0.15, U=4.71%, F=0.00%, H=False, L=True
      [通用校准] rules=['lenient_undercredit_review', 'stable_undercredit_review', 'result_anchored_undercredit_review', 'structure_missing_review'], UM=0.00%, MF=0.00%, cap=20.00
      [A3WA可信度] R=0.333, mu=0.667, alpha=0.829, beta=0.286, route=BND | beta_lt_confidence_lt_alpha
      [路由 -> BND] 边界样本 | P=0.15, U=4.71%, F=0.00%, H=False, L=True
         [GLM-5 retry 3/4] APITimeoutError: Request timed out.... wait 15s
         [Agent仲裁] keep|auto_small_raise | 原始仲裁分: 9.3 | 限幅后最终分: 10.7 | step_1 fully matches A>D>C>E>B (2.0). step_2-6 are genuine blanks (student wrote '需要查看图像' with no value), correctly scored 0. For step_7_1/2/3/4, the student's continuous path '用户程序→A→B→C→D→E→D→C→B→A→用户程序' captures the key required relationships: A entry/return from main program, B→C nesting (C interrupts B), C→D nesting (D interrupts C), and the core D→C→B return sequence. The deviations flagged by the stricter grader (extra E segment and A→main at the end) are interpretive rather than substantive relationship errors—they do not invalidate the captured nesting and return logic. Two of three graders awarded 10.0, baseline is 9.3, lenient_undercredit signal is present, and unsupported_high_score_risk is 0.0. No concrete missed credit or concrete unsupported credit identified; the answer is acceptable at the boundary under lenient instructor-style grading.
✅ [批改完成] ANS_CO_570 | 路由: BND | 最终分: 10.7 | 风险: P0.15/U0.05/F0.00/H0/L1 | 提取质量: 🟢high | 留白率: 0% | 低质量率: 0%
2026-06-24 05:30:48 | INFO     | ✅ [批改完成] ANS_CO_570 | 路由: BND | 最终分: 10.7 | 风险: P0.15/U0.05/F0.00/H0/L1 | 提取质量: 🟢high | 留白率: 0% | 低质量率: 0%

🔍 [正在处理] ANS_CO_571 | 启动 3WD 流水线...
2026-06-24 05:30:48 | INFO     | 
🔍 [正在处理] ANS_CO_571 | 启动 3WD 流水线...
📢 [总进度] 33/84 份试卷已归档。
2026-06-24 05:30:48 | INFO     | 📢 [总进度] 33/84 份试卷已归档。

=============================================
Start grading student [ANS_CO_571]
=============================================
  [Stage 1] fact extraction backend=csbench_hybrid...
  [Stage 2] independent semantic grading probes...
      [完成] 第 2/3 次语义评分完成，得分: 7.0
      [完成] 第 1/3 次语义评分完成，得分: 7.0
         [GLM-5 retry 4/4] APITimeoutError: Request timed out.... wait 20s
      [完成] 第 3/3 次语义评分完成，得分: 7.0

  [探测指标] 均分=7.0, 标准差=0.0000, 留白率=0%, 感知失败率=0%, 低质量提取率=0%, 提取质量=high
      [extraction-risk] R_ext=0.14, structure_missing=90%, suspicious=90%
      [风险画像] P=0.27, U=0.00%, F=0.00%, H=False, L=True
      [通用校准] rules=['lenient_undercredit_review', 'stable_undercredit_review', 'structure_missing_review'], UM=0.00%, MF=0.00%, cap=20.00
      [A3WA可信度] R=0.300, mu=0.700, alpha=0.829, beta=0.286, route=BND | beta_lt_confidence_lt_alpha
      [路由 -> BND] 边界样本 | P=0.27, U=0.00%, F=0.00%, H=False, L=True
         [Agent仲裁] keep|keep_minor_change | 原始仲裁分: 7.0 | 限幅后最终分: 7.0 | All three graders consistently awarded 7.0/20.0. Step 1 (priority sequence) is fully correct (2.0). Steps 2-6 (masking words) each received appropriate partial credit (1.0/2.0): the student correctly identified all non-self masking relationships in list form, but used the wrong format (list instead of bit vector) and consistently included self-references, producing a systematic self-bit error across all five entries. This systematic error prevents full credit, and the non-standard format justifies partial rather than full marks. Steps 7_1 through 7_4 are genuinely blank (student stated '图中未明确显示'), correctly receiving 0. No missed lenient credit or unsupported high-score credit is identified.
✅ [批改完成] ANS_CO_571 | 路由: BND | 最终分: 7.0 | 风险: P0.27/U0.00/F0.00/H0/L1 | 提取质量: 🟢high | 留白率: 0% | 低质量率: 0%
2026-06-24 05:38:06 | INFO     | ✅ [批改完成] ANS_CO_571 | 路由: BND | 最终分: 7.0 | 风险: P0.27/U0.00/F0.00/H0/L1 | 提取质量: 🟢high | 留白率: 0% | 低质量率: 0%

🔍 [正在处理] ANS_CO_572 | 启动 3WD 流水线...
2026-06-24 05:38:06 | INFO     | 
🔍 [正在处理] ANS_CO_572 | 启动 3WD 流水线...
📢 [总进度] 34/84 份试卷已归档。
2026-06-24 05:38:06 | INFO     | 📢 [总进度] 34/84 份试卷已归档。

=============================================
Start grading student [ANS_CO_572]
=============================================
  [Stage 1] fact extraction backend=csbench_hybrid...
  [Stage 2] independent semantic grading probes...
         [GLM-5 retry 1/4] APITimeoutError: Request timed out.... wait 5s
      [完成] 第 2/3 次语义评分完成，得分: 5.5
         [GLM-5 retry 1/4] APITimeoutError: Request timed out.... wait 5s
         [GLM-5 retry 2/4] APITimeoutError: Request timed out.... wait 10s
      [完成] 第 1/3 次语义评分完成，得分: 6.0
         [GLM-5 retry 1/4] APITimeoutError: Request timed out.... wait 5s
      [完成] 第 3/3 次语义评分完成，得分: 4.5

  [探测指标] 均分=5.3, 标准差=0.6236, 留白率=0%, 感知失败率=0%, 低质量提取率=0%, 提取质量=high
      [extraction-risk] R_ext=0.00, structure_missing=0%, suspicious=0%
      [风险画像] P=0.00, U=3.12%, F=50.00%, H=False, L=True
      [通用校准] rules=['lenient_undercredit_review', 'stable_undercredit_review'], UM=0.00%, MF=0.00%, cap=20.00
      [A3WA可信度] R=0.125, mu=0.875, alpha=0.829, beta=0.286, route=BND | high_confidence_lenient_undercredit_review
      [路由 -> BND] 边界样本 | P=0.00, U=3.12%, F=50.00%, H=False, L=True
         [Agent仲裁] keep|reject_lower | 原始仲裁分: 4.3 | 限幅后最终分: 5.3 | All five bit-vector mask words are systematically wrong (off-by-one level misalignment between A/B/C/D/E) and were correctly scored 0 across all graders. step_1 priority sequence is fully correct (2.0). For the diagram items, step_7_1/step_7_3/step_7_4 received partial credit consistently, step_7_2 was correctly 0 (student explicitly states '图中未明确显示'). The middle/consensus score sits at ~5.0-5.3; Record 2's higher total relies on a lenient full-credit award on step_7_3 that the linear evidence does not strongly support. No clear missed lenient credit exists because the bit-vector errors are not propagated from a single computation slip but reflect a systematic mislabeling of levels. Keep near baseline.
✅ [批改完成] ANS_CO_572 | 路由: BND | 最终分: 5.3 | 风险: P0.00/U0.03/F0.50/H0/L1 | 提取质量: 🟢high | 留白率: 0% | 低质量率: 0%
2026-06-24 05:50:49 | INFO     | ✅ [批改完成] ANS_CO_572 | 路由: BND | 最终分: 5.3 | 风险: P0.00/U0.03/F0.50/H0/L1 | 提取质量: 🟢high | 留白率: 0% | 低质量率: 0%

🔍 [正在处理] ANS_CO_573 | 启动 3WD 流水线...
2026-06-24 05:50:49 | INFO     | 
🔍 [正在处理] ANS_CO_573 | 启动 3WD 流水线...
📢 [总进度] 35/84 份试卷已归档。
2026-06-24 05:50:49 | INFO     | 📢 [总进度] 35/84 份试卷已归档。

=============================================
Start grading student [ANS_CO_573]
=============================================
  [Stage 1] fact extraction backend=csbench_hybrid...
  [Stage 2] independent semantic grading probes...
      [完成] 第 2/3 次语义评分完成，得分: 1.0
         [GLM-5 retry 3/4] APITimeoutError: Request timed out.... wait 15s
      [完成] 第 3/3 次语义评分完成，得分: 5
      [完成] 第 3/3 次语义评分完成，得分: 13.0

  [探测指标] 均分=12.1, 标准差=0.6600, 留白率=0%, 感知失败率=0%, 低质量提取率=0%, 提取质量=high
      [extraction-risk] R_ext=0.01, structure_missing=10%, suspicious=10%
      [风险画像] P=0.03, U=3.30%, F=0.00%, H=False, L=False
      [通用校准] rules=['lenient_undercredit_review'], UM=0.00%, MF=0.00%, cap=20.00
      [A3WA可信度] R=0.167, mu=0.833, alpha=0.829, beta=0.286, route=BND | high_confidence_lenient_undercredit_review
      [路由 -> BND] 边界样本 | P=0.03, U=3.30%, F=0.00%, H=False, L=False
         [Agent仲裁] raise|reject_raise | 原始仲裁分: 16.1 | 限幅后最终分: 12.1 | 学生在 step_2~step_6 五个屏蔽字中表现出一致的'自身屏蔽位=1'系统性约定，4/5 位正确，属可识别的另一种教材约定，应给部分分 1.0/项；step_7_4 返回序列含正确的 D→C→B 核心片段。两位评分员已识别此模式（12.0 与 13.0），与最严评分员（11.4）的差异主要源于此。step_5 评分员1的 2.0 满分与同模式其他项判 0 自相矛盾，应回退到 1.0。综合公平得分为 13.0。
✅ [批改完成] ANS_CO_565 | 路由: BND | 最终分: 12.1 | 风险: P0.03/U0.03/F0.00/H0/L0 | 提取质量: 🟢high | 留白率: 0% | 低质量率: 0%
2026-06-24 05:56:41 | INFO     | ✅ [批改完成] ANS_CO_565 | 路由: BND | 最终分: 12.1 | 风险: P0.03/U0.03/F0.00/H0/L0 | 提取质量: 🟢high | 留白率: 0% | 低质量率: 0%

🔍 [正在处理] ANS_CO_575 | 启动 3WD 流水线...
2026-06-24 05:56:41 | INFO     | 
🔍 [正在处理] ANS_CO_575 | 启动 3WD 流水线...
📢 [总进度] 36/84 份试卷已归档。
2026-06-24 05:56:41 | INFO     | 📢 [总进度] 36/84 份试卷已归档。

=============================================
Start grading student [ANS_CO_575]
=============================================
  [Stage 1] fact extraction backend=csbench_hybrid...
      [完成] 第 1/3 次语义评分完成，得分: 6.0

  [探测指标] 均分=4.0, 标准差=2.1602, 留白率=10%, 感知失败率=0%, 低质量提取率=0%, 提取质量=high
      [extraction-risk] R_ext=0.04, structure_missing=0%, suspicious=10%
      [风险画像] P=0.08, U=10.80%, F=50.00%, H=False, L=True
      [A3WA可信度] R=0.400, mu=0.600, alpha=0.829, beta=0.286, route=BND | beta_lt_confidence_lt_alpha
      [路由 -> BND] 边界样本 | P=0.08, U=10.80%, F=50.00%, H=False, L=True
  [Stage 2] independent semantic grading probes...
      [完成] 第 1/3 次语义评分完成，得分: 10.0
         [Agent仲裁] cautious_lower|reject_lower | 原始仲裁分: 0 | 限幅后最终分: 4.0 | All five interrupt mask words are incorrect due to a systematic self-mask bit error (every self-position bit set to 1 instead of 0), though all inter-interrupt bits are correct. The execution diagram is a flat sequential path (用户程序→A→B→C→D→E) with no returns, no nesting structure, and incorrect transitions (A→B implies B interrupts A). Only step_7_1 partially merits 1.0 for showing main→A entry. The scores of 5.0–6.0 from lenient graders credit step_7_2/7_3/7_4 based on a fundamentally incorrect diagram that cannot demonstrate nesting relationships.
✅ [批改完成] ANS_CO_573 | 路由: BND | 最终分: 4.0 | 风险: P0.08/U0.11/F0.50/H0/L1 | 提取质量: 🟢high | 留白率: 10% | 低质量率: 0%
2026-06-24 06:00:51 | INFO     | ✅ [批改完成] ANS_CO_573 | 路由: BND | 最终分: 4.0 | 风险: P0.08/U0.11/F0.50/H0/L1 | 提取质量: 🟢high | 留白率: 10% | 低质量率: 0%

🔍 [正在处理] ANS_CO_578 | 启动 3WD 流水线...
2026-06-24 06:00:51 | INFO     | 
🔍 [正在处理] ANS_CO_578 | 启动 3WD 流水线...
📢 [总进度] 37/84 份试卷已归档。
2026-06-24 06:00:51 | INFO     | 📢 [总进度] 37/84 份试卷已归档。

=============================================
Start grading student [ANS_CO_578]
=============================================
  [Stage 1] fact extraction backend=csbench_hybrid...
  [Stage 2] independent semantic grading probes...
      [完成] 第 1/3 次语义评分完成，得分: 10.5
      [完成] 第 3/3 次语义评分完成，得分: 10.5
         [GLM-5 retry 1/4] APITimeoutError: Request timed out.... wait 5s
      [完成] 第 3/3 次语义评分完成，得分: 11.5
      [完成] 第 2/3 次语义评分完成，得分: 10.0

  [探测指标] 均分=10.7, 标准差=0.6236, 留白率=0%, 感知失败率=0%, 低质量提取率=0%, 提取质量=high
      [extraction-risk] R_ext=0.07, structure_missing=50%, suspicious=50%
      [风险画像] P=0.15, U=3.12%, F=0.00%, H=False, L=True
      [通用校准] rules=['lenient_undercredit_review', 'stable_undercredit_review', 'result_anchored_undercredit_review', 'structure_missing_review'], UM=0.00%, MF=0.00%, cap=20.00
      [A3WA可信度] R=0.292, mu=0.708, alpha=0.829, beta=0.286, route=BND | beta_lt_confidence_lt_alpha
      [路由 -> BND] 边界样本 | P=0.15, U=3.12%, F=0.00%, H=False, L=True
         [Agent仲裁] keep|reject_lower | 原始仲裁分: 9.2 | 限幅后最终分: 10.7 | 优先级序列完全正确得满分。屏蔽字五项概念全部正确，仅格式不符（字母列表代替5位二进制码），三位评分者一致给予约70%分数，合理无遗漏。执行流程图部分学生仅给出线性路径并明确表示嵌套关系和返回顺序未在图中显示，评分者1和3对此给0分合理；评分者2的0.5×3=1.5分缺乏证据支持。校准至10.5分（评分者1与3的共识区间上端）。
✅ [批改完成] ANS_CO_578 | 路由: BND | 最终分: 10.7 | 风险: P0.15/U0.03/F0.00/H0/L1 | 提取质量: 🟢high | 留白率: 0% | 低质量率: 0%
2026-06-24 06:08:40 | INFO     | ✅ [批改完成] ANS_CO_578 | 路由: BND | 最终分: 10.7 | 风险: P0.15/U0.03/F0.00/H0/L1 | 提取质量: 🟢high | 留白率: 0% | 低质量率: 0%

🔍 [正在处理] ANS_CO_579 | 启动 3WD 流水线...
2026-06-24 06:08:40 | INFO     | 
🔍 [正在处理] ANS_CO_579 | 启动 3WD 流水线...
📢 [总进度] 38/84 份试卷已归档。
2026-06-24 06:08:40 | INFO     | 📢 [总进度] 38/84 份试卷已归档。

=============================================
Start grading student [ANS_CO_579]
=============================================
  [Stage 1] fact extraction backend=csbench_hybrid...
      [完成] 第 2/3 次语义评分完成，得分: 11.5

  [探测指标] 均分=10.7, 标准差=0.6236, 留白率=0%, 感知失败率=0%, 低质量提取率=0%, 提取质量=high
      [extraction-risk] R_ext=0.00, structure_missing=0%, suspicious=0%
      [风险画像] P=0.00, U=3.12%, F=30.00%, H=False, L=True
      [通用校准] rules=['lenient_undercredit_review', 'stable_undercredit_review'], UM=0.00%, MF=0.00%, cap=20.00
      [A3WA可信度] R=0.125, mu=0.875, alpha=0.829, beta=0.286, route=BND | high_confidence_lenient_undercredit_review
      [路由 -> BND] 边界样本 | P=0.00, U=3.12%, F=30.00%, H=False, L=True
         [Agent仲裁] keep|reject_lower | 原始仲裁分: 9.7 | 限幅后最终分: 10.7 | 屏蔽字(step_2/4/5)为独立数值题，学生答案与标准答案多位不符，属核心数值错误，三评一致给0分合理，无传播误差或格式问题可补救。step_1/3/6/7_3完全正确，step_7_1/7_4部分匹配合理。唯一存疑点为step_7_2：G3给予1分基于间接推测，但学生自述未显示且路径结构不支持C打断B的嵌套关系，故维持10.0-10.5分区间为最稳健裁定。
✅ [批改完成] ANS_CO_575 | 路由: BND | 最终分: 10.7 | 风险: P0.00/U0.03/F0.30/H0/L1 | 提取质量: 🟢high | 留白率: 0% | 低质量率: 0%
2026-06-24 06:09:24 | INFO     | ✅ [批改完成] ANS_CO_575 | 路由: BND | 最终分: 10.7 | 风险: P0.00/U0.03/F0.30/H0/L1 | 提取质量: 🟢high | 留白率: 0% | 低质量率: 0%

🔍 [正在处理] ANS_CO_580 | 启动 3WD 流水线...
2026-06-24 06:09:24 | INFO     | 
🔍 [正在处理] ANS_CO_580 | 启动 3WD 流水线...
📢 [总进度] 39/84 份试卷已归档。
2026-06-24 06:09:24 | INFO     | 📢 [总进度] 39/84 份试卷已归档。

=============================================
Start grading student [ANS_CO_580]
=============================================
  [Stage 1] fact extraction backend=csbench_hybrid...
  [Stage 2] independent semantic grading probes...
  [Stage 2] independent semantic grading probes...
         [GLM-5 retry 1/4] RateLimitError: Error code: 429 - {'error': {'code': '1302', 'message': '您的账户已达到速率限制，请您控制请求频率'}}... wait 5s
         [GLM-5 retry 2/4] RateLimitError: Error code: 429 - {'error': {'code': '1302', 'message': '您的账户已达到速率限制，请您控制请求频率'}}... wait 10s
         [GLM-5 retry 3/4] RateLimitError: Error code: 429 - {'error': {'code': '1302', 'message': '您的账户已达到速率限制，请您控制请求频率'}}... wait 15s
         [GLM-5 retry 4/4] RateLimitError: Error code: 429 - {'error': {'code': '1302', 'message': '您的账户已达到速率限制，请您控制请求频率'}}... wait 20s
         [GLM-5 retry 1/4] RateLimitError: Error code: 429 - {'error': {'code': '1302', 'message': '您的账户已达到速率限制，请您控制请求频率'}}... wait 5s
         [GLM-5 retry 1/4] RateLimitError: Error code: 429 - {'error': {'code': '1302', 'message': '您的账户已达到速率限制，请您控制请求频率'}}... wait 5s
      [完成] 第 2/3 次语义评分完成，得分: 3.0
         [GLM-5 retry 2/4] RateLimitError: Error code: 429 - {'error': {'code': '1302', 'message': '您的账户已达到速率限制，请您控制请求频率'}}... wait 10s
         [GLM-5 retry 3/4] RateLimitError: Error code: 429 - {'error': {'code': '1302', 'message': '您的账户已达到速率限制，请您控制请求频率'}}... wait 15s
         [GLM-5 retry 1/4] RateLimitError: Error code: 429 - {'error': {'code': '1302', 'message': '您的账户已达到速率限制，请您控制请求频率'}}... wait 5s
         [GLM-5 retry 2/4] RateLimitError: Error code: 429 - {'error': {'code': '1302', 'message': '您的账户已达到速率限制，请您控制请求频率'}}... wait 10s
         [GLM-5 retry 3/4] RateLimitError: Error code: 429 - {'error': {'code': '1302', 'message': '您的账户已达到速率限制，请您控制请求频率'}}... wait 15s
         [GLM-5 retry 2/4] RateLimitError: Error code: 429 - {'error': {'code': '1302', 'message': '您的账户已达到速率限制，请您控制请求频率'}}... wait 10s
         [GLM-5 retry 3/4] RateLimitError: Error code: 429 - {'error': {'code': '1302', 'message': '您的账户已达到速率限制，请您控制请求频率'}}... wait 15s
         [GLM-5 retry 4/4] RateLimitError: Error code: 429 - {'error': {'code': '1302', 'message': '您的账户已达到速率限制，请您控制请求频率'}}... wait 20s
         [GLM-5 retry 1/4] RateLimitError: Error code: 429 - {'error': {'code': '1302', 'message': '您的账户已达到速率限制，请您控制请求频率'}}... wait 5s
         [GLM-5 retry 2/4] RateLimitError: Error code: 429 - {'error': {'code': '1302', 'message': '您的账户已达到速率限制，请您控制请求频率'}}... wait 10s
         [GLM-5 retry 3/4] RateLimitError: Error code: 429 - {'error': {'code': '1302', 'message': '您的账户已达到速率限制，请您控制请求频率'}}... wait 15s
         [GLM-5 retry 4/4] APITimeoutError: Request timed out.... wait 20s
      [完成] 第 1/3 次语义评分完成，得分: 11.5
      [完成] 第 3/3 次语义评分完成，得分: 10.0

  [探测指标] 均分=8.2, 标准差=3.7044, 留白率=0%, 感知失败率=0%, 低质量提取率=0%, 提取质量=high
      [extraction-risk] R_ext=0.00, structure_missing=0%, suspicious=0%
      [风险画像] P=0.00, U=18.52%, F=20.00%, H=False, L=True
      [通用校准] rules=['lenient_undercredit_review', 'stable_undercredit_review'], UM=0.00%, MF=0.00%, cap=20.00
      [A3WA可信度] R=0.333, mu=0.667, alpha=0.829, beta=0.286, route=NEG | hard_neg:large_score_spread
      [路由 -> NEG] 高风险拒判 | P=0.00, U=18.52%, F=20.00%, H=False
         [复核提示] A3WA hard_neg: large_score_spread
✅ [批改完成] ANS_CO_579 | 路由: NEG | 最终分: 8.2 | 风险: P0.00/U0.19/F0.20/H0/L1 | 提取质量: 🟢high | 留白率: 0% | 低质量率: 0%
2026-06-24 06:20:18 | INFO     | ✅ [批改完成] ANS_CO_579 | 路由: NEG | 最终分: 8.2 | 风险: P0.00/U0.19/F0.20/H0/L1 | 提取质量: 🟢high | 留白率: 0% | 低质量率: 0%

🔍 [正在处理] ANS_CO_582 | 启动 3WD 流水线...
2026-06-24 06:20:18 | INFO     | 
🔍 [正在处理] ANS_CO_582 | 启动 3WD 流水线...
📢 [总进度] 40/84 份试卷已归档 [NEG-拒绝]。
2026-06-24 06:20:18 | INFO     | 📢 [总进度] 40/84 份试卷已归档 [NEG-拒绝]。

=============================================
Start grading student [ANS_CO_582]
=============================================
  [Stage 1] fact extraction backend=csbench_hybrid...
      [完成] 第 2/3 次语义评分完成，得分: 2.0
  [Stage 2] independent semantic grading probes...
         [GLM-5 retry 1/4] RateLimitError: Error code: 429 - {'error': {'code': '1302', 'message': '您的账户已达到速率限制，请您控制请求频率'}}... wait 5s
         [GLM-5 retry 1/4] APITimeoutError: Request timed out.... wait 5s
         [GLM-5 retry 2/4] RateLimitError: Error code: 429 - {'error': {'code': '1302', 'message': '您的账户已达到速率限制，请您控制请求频率'}}... wait 10s
         [GLM-5 retry 3/4] RateLimitError: Error code: 429 - {'error': {'code': '1302', 'message': '您的账户已达到速率限制，请您控制请求频率'}}... wait 15s
      [完成] 第 1/3 次语义评分完成，得分: 2.0
         [GLM-5 retry 1/4] APITimeoutError: Request timed out.... wait 5s
         [GLM-5 retry 1/4] APITimeoutError: Request timed out.... wait 5s
         [GLM-5 retry 2/4] APITimeoutError: Request timed out.... wait 10s
         [GLM-5 retry 2/4] APITimeoutError: Request timed out.... wait 10s
         [GLM-5 retry 2/4] APITimeoutError: Request timed out.... wait 10s
         [GLM-5 retry 3/4] APITimeoutError: Request timed out.... wait 15s
         [GLM-5 retry 3/4] APITimeoutError: Request timed out.... wait 15s
         [GLM-5 retry 3/4] APITimeoutError: Request timed out.... wait 15s
         [GLM-5 retry 4/4] APITimeoutError: Request timed out.... wait 20s
      [完成] 第 1/3 次语义评分完成，得分: 7.0
         [GLM-5 retry 4/4] APITimeoutError: Request timed out.... wait 20s
         [GLM-5 retry 4/4] APITimeoutError: Request timed out.... wait 20s
      [完成] 第 3/3 次语义评分完成，得分: 6.5
         [GLM-5 retry 1/4] APITimeoutError: Request timed out.... wait 5s
         [GLM-5 retry 1/4] APITimeoutError: Request timed out.... wait 5s
         [GLM-5 retry 2/4] APITimeoutError: Request timed out.... wait 10s
         [GLM-5 retry 2/4] APITimeoutError: Request timed out.... wait 10s
         [GLM-5 retry 3/4] APITimeoutError: Request timed out.... wait 15s
         [GLM-5 retry 3/4] APITimeoutError: Request timed out.... wait 15s
      [完成] 第 3/3 次语义评分完成，得分: 4.0

  [探测指标] 均分=2.7, 标准差=0.9428, 留白率=0%, 感知失败率=0%, 低质量提取率=0%, 提取质量=high
      [extraction-risk] R_ext=0.07, structure_missing=50%, suspicious=50%
      [风险画像] P=0.15, U=4.71%, F=40.00%, H=False, L=True
      [通用校准] rules=['structure_missing_review', 'extraction_retry_review'], UM=0.00%, MF=0.00%, cap=20.00
      [A3WA可信度] R=0.333, mu=0.667, alpha=0.829, beta=0.286, route=BND | beta_lt_confidence_lt_alpha
      [路由 -> BND] 边界样本 | P=0.15, U=4.71%, F=40.00%, H=False, L=True
         [GLM-5 retry 4/4] APITimeoutError: Request timed out.... wait 20s
         [Agent仲裁] keep|keep_minor_change | 原始仲裁分: 2.7 | 限幅后最终分: 2.7 | Student earned 2.0 for step_1 (correct priority A>D>C>E>B). Steps 2-6 are blank ('需要查看图像'). Steps 7_1-7_4 are based on a fundamentally incorrect execution path (用户程序→A→D→C→E→B→E→C→D→A→用户程序) that reverses nesting relationships (shows D interrupting A, C interrupting D — contradicting A>D>C>E>B priority). For step_7_1 specifically, the item requires 'independent execution' (独立执行) of A-level interrupt (Main→A→Main with no inner nesting), but the student's own path shows A interrupted by D, C, E, B before returning, so independent execution is not demonstrated. Record 3's award of step_7_1 credit rests on only the outermost entry/exit layer while ignoring the explicit '独立执行' requirement and the internally contradictory nesting — 2/3 graders correctly gave 0. No concrete missed credit or unsupported high-score credit beyond what the majority already captured.
✅ [批改完成] ANS_CO_580 | 路由: BND | 最终分: 2.7 | 风险: P0.15/U0.05/F0.40/H0/L1 | 提取质量: 🟢high | 留白率: 0% | 低质量率: 0%
2026-06-24 07:13:33 | INFO     | ✅ [批改完成] ANS_CO_580 | 路由: BND | 最终分: 2.7 | 风险: P0.15/U0.05/F0.40/H0/L1 | 提取质量: 🟢high | 留白率: 0% | 低质量率: 0%

🔍 [正在处理] ANS_CO_583 | 启动 3WD 流水线...
2026-06-24 07:13:33 | INFO     | 
🔍 [正在处理] ANS_CO_583 | 启动 3WD 流水线...
📢 [总进度] 41/84 份试卷已归档。
2026-06-24 07:13:33 | INFO     | 📢 [总进度] 41/84 份试卷已归档。

=============================================
Start grading student [ANS_CO_583]
=============================================
  [Stage 1] fact extraction backend=csbench_hybrid...
  [Stage 2] independent semantic grading probes...
      [完成] 第 1/3 次语义评分完成，得分: 3.0
         [GLM-5 retry 1/4] APITimeoutError: Request timed out.... wait 5s
      [完成] 第 2/3 次语义评分完成，得分: 2.0
      [完成] 第 3/3 次语义评分完成，得分: 7.0

  [探测指标] 均分=4.0, 标准差=2.1602, 留白率=0%, 感知失败率=0%, 低质量提取率=0%, 提取质量=high
      [extraction-risk] R_ext=0.07, structure_missing=50%, suspicious=50%
      [风险画像] P=0.15, U=10.80%, F=0.00%, H=False, L=True
      [通用校准] rules=['structure_missing_review'], UM=0.00%, MF=0.00%, cap=20.00
      [A3WA可信度] R=0.500, mu=0.500, alpha=0.829, beta=0.286, route=BND | beta_lt_confidence_lt_alpha
      [路由 -> BND] 边界样本 | P=0.15, U=10.80%, F=0.00%, H=False, L=True
         [GLM-5 retry 2/4] APITimeoutError: Request timed out.... wait 10s
         [Agent仲裁] cautious_lower|reject_lower | 原始仲裁分: 0 | 限幅后最终分: 4.0 | Step_1 (A>D>C>E>B) is correctly answered (2.0 pts). Steps 2–6 contain only '需要查看图像' with no mask-word values, correctly scored 0. For the execution diagram (steps 7_1–7_4), the student provided a flat linear path rather than proper nesting, and explicitly stated key relations were 'not shown.' Record 3's total of 7.0 is unsupported: it gave credit for step_7_2/7_3 where the student said relationships were absent, full marks for step_7_4 despite E incorrectly inserted in the return chain, and partial credit for step_7_1 without independent A-level cycle evidence. The defensible score is 3.0 (step_1: 2.0 + step_7_4 partial: 1.0), aligning with Record 1.
✅ [批改完成] ANS_CO_583 | 路由: BND | 最终分: 4.0 | 风险: P0.15/U0.11/F0.00/H0/L1 | 提取质量: 🟢high | 留白率: 0% | 低质量率: 0%
2026-06-24 07:25:56 | INFO     | ✅ [批改完成] ANS_CO_583 | 路由: BND | 最终分: 4.0 | 风险: P0.15/U0.11/F0.00/H0/L1 | 提取质量: 🟢high | 留白率: 0% | 低质量率: 0%

🔍 [正在处理] ANS_CO_584 | 启动 3WD 流水线...
2026-06-24 07:25:56 | INFO     | 
🔍 [正在处理] ANS_CO_584 | 启动 3WD 流水线...
📢 [总进度] 42/84 份试卷已归档。
2026-06-24 07:25:56 | INFO     | 📢 [总进度] 42/84 份试卷已归档。

=============================================
Start grading student [ANS_CO_584]
=============================================
  [Stage 1] fact extraction backend=csbench_hybrid...
  [Stage 2] independent semantic grading probes...
      [完成] 第 1/3 次语义评分完成，得分: 5.4
      [完成] 第 2/3 次语义评分完成，得分: 9.0

  [探测指标] 均分=7.5, 标准差=1.0801, 留白率=0%, 感知失败率=0%, 低质量提取率=0%, 提取质量=high
      [extraction-risk] R_ext=0.00, structure_missing=0%, suspicious=0%
      [风险画像] P=0.00, U=5.40%, F=60.00%, H=False, L=True
      [通用校准] rules=['stable_undercredit_review'], UM=0.00%, MF=0.00%, cap=20.00
      [A3WA可信度] R=0.208, mu=0.792, alpha=0.829, beta=0.286, route=BND | beta_lt_confidence_lt_alpha
      [路由 -> BND] 边界样本 | P=0.00, U=5.40%, F=60.00%, H=False, L=True
      [完成] 第 3/3 次语义评分完成，得分: 5.4
         [GLM-5 retry 1/4] APITimeoutError: Request timed out.... wait 5s
         [GLM-5 retry 1/4] APITimeoutError: Request timed out.... wait 5s
         [Agent仲裁] keep|reject_lower | 原始仲裁分: 5.5 | 限幅后最终分: 7.5 | Steps 1 correct (2.0). Steps 2–6 all numerically wrong (student systematically misassigned mask words to wrong levels: each value is incorrect for its specified level, no individual credit warranted). Step 7_1 partial (1.0, has entry path but not return). Step 7_2 defensible at 2.0 (C→B consistent with C nested in B). Step 7_3 over-credited at 2.0 by Grader 3 — C→D reverses the required D-interrupts-C relationship under any consistent notation. Step 7_4 at 2.0 defensible since all three required return paths (D→C, C→B, B→main) are present despite extra erroneous E→C. Most defensible total = 2+0+0+0+0+0+1+2+0+2 = 7.0, matching Grader 1 and close to baseline.
✅ [批改完成] ANS_CO_582 | 路由: BND | 最终分: 7.5 | 风险: P0.00/U0.05/F0.60/H0/L1 | 提取质量: 🟢high | 留白率: 0% | 低质量率: 0%
2026-06-24 07:37:02 | INFO     | ✅ [批改完成] ANS_CO_582 | 路由: BND | 最终分: 7.5 | 风险: P0.00/U0.05/F0.60/H0/L1 | 提取质量: 🟢high | 留白率: 0% | 低质量率: 0%

🔍 [正在处理] ANS_CO_585 | 启动 3WD 流水线...
2026-06-24 07:37:02 | INFO     | 
🔍 [正在处理] ANS_CO_585 | 启动 3WD 流水线...
📢 [总进度] 43/84 份试卷已归档。
2026-06-24 07:37:02 | INFO     | 📢 [总进度] 43/84 份试卷已归档。

=============================================
Start grading student [ANS_CO_585]
=============================================
  [Stage 1] fact extraction backend=csbench_hybrid...
      [完成] 第 2/3 次语义评分完成，得分: 5.0

  [探测指标] 均分=5.3, 标准差=0.1886, 留白率=0%, 感知失败率=0%, 低质量提取率=0%, 提取质量=high
      [extraction-risk] R_ext=0.00, structure_missing=0%, suspicious=0%
      [风险画像] P=0.00, U=0.94%, F=40.00%, H=False, L=True
      [通用校准] rules=['lenient_undercredit_review', 'stable_undercredit_review'], UM=0.00%, MF=0.00%, cap=20.00
      [A3WA可信度] R=0.033, mu=0.967, alpha=0.829, beta=0.286, route=BND | high_confidence_lenient_undercredit_review
      [路由 -> BND] 边界样本 | P=0.00, U=0.94%, F=40.00%, H=False, L=True
  [Stage 2] independent semantic grading probes...
      [完成] 第 1/3 次语义评分完成，得分: 10.0
         [Agent仲裁] keep|keep_minor_change | 原始仲裁分: 5.3 | 限幅后最终分: 5.3 | Three grading records are highly consistent (5.4, 5.4, 5.0). Step 1 is correctly matched (2.0). Steps 3–6 mask words are all semantically wrong — student systematically scrambled which mask belongs to which level, each value equating to a different level's correct mask. No partial credit warranted. Steps 7_2 and 7_4 are explicitly stated as 'not shown in diagram', correctly scored 0. Steps 7_1 and 7_3 received appropriate partial credit (1.0 each) for partial information. The only minor disagreement is step_2 scoring (1.4 vs 1.0) for the missing leading self-mask bit; a calibrated 5.2 splits the difference. No concrete missed lenient credit or unsupported high-score credit identified.
✅ [批改完成] ANS_CO_584 | 路由: BND | 最终分: 5.3 | 风险: P0.00/U0.01/F0.40/H0/L1 | 提取质量: 🟢high | 留白率: 0% | 低质量率: 0%
2026-06-24 07:39:38 | INFO     | ✅ [批改完成] ANS_CO_584 | 路由: BND | 最终分: 5.3 | 风险: P0.00/U0.01/F0.40/H0/L1 | 提取质量: 🟢high | 留白率: 0% | 低质量率: 0%

🔍 [正在处理] ANS_CO_586 | 启动 3WD 流水线...
2026-06-24 07:39:38 | INFO     | 
🔍 [正在处理] ANS_CO_586 | 启动 3WD 流水线...
📢 [总进度] 44/84 份试卷已归档。
2026-06-24 07:39:38 | INFO     | 📢 [总进度] 44/84 份试卷已归档。

=============================================
Start grading student [ANS_CO_586]
=============================================
  [Stage 1] fact extraction backend=csbench_hybrid...
  [Stage 2] independent semantic grading probes...
      [完成] 第 2/3 次语义评分完成，得分: 10.0
      [完成] 第 1/3 次语义评分完成，得分: 9.0
         [GLM-5 retry 1/4] APITimeoutError: Request timed out.... wait 5s
         [GLM-5 retry 1/4] APITimeoutError: Request timed out.... wait 5s
      [完成] 第 3/3 次语义评分完成，得分: 10.0

  [探测指标] 均分=10.0, 标准差=0.0000, 留白率=0%, 感知失败率=0%, 低质量提取率=0%, 提取质量=high
      [extraction-risk] R_ext=0.07, structure_missing=50%, suspicious=50%
      [风险画像] P=0.15, U=0.00%, F=50.00%, H=False, L=True
      [通用校准] rules=['lenient_undercredit_review', 'stable_undercredit_review', 'structure_missing_review'], UM=0.00%, MF=0.00%, cap=20.00
      [A3WA可信度] R=0.167, mu=0.833, alpha=0.829, beta=0.286, route=BND | high_confidence_lenient_undercredit_review
      [路由 -> BND] 边界样本 | P=0.15, U=0.00%, F=50.00%, H=False, L=True
         [Agent仲裁] keep|keep_minor_change | 原始仲裁分: 10.0 | 限幅后最终分: 10.0 | Steps 2-6 (mask words) received 0 points correctly: student wrote letter fragments (A, ADCEB, ADC, AD, ADCE) instead of any 5-bit binary mask words, showing fundamental misunderstanding with no possible lenient credit. Steps 1 and 7_1-7_4 received full credit: step_1 priority sequence exactly matches A>D>C>E>B; the execution path 用户程序→A→B→C→D→E→D→C→B→A→用户程序 contains all required sub-relationships checked by each rubric item (A entry/return, C interrupts B, D interrupts C, D→C→B return order). The student's full path does include arguably impossible nestings (A interrupted by B, D interrupted by E), but the rubric decomposes the diagram into specific checkable relationships, each of which is individually satisfied. All three prior graders reached identical 10-point consensus; no concrete missed credit or clearly unsupported high-score credit identified.
✅ [批改完成] ANS_CO_585 | 路由: BND | 最终分: 10.0 | 风险: P0.15/U0.00/F0.50/H0/L1 | 提取质量: 🟢high | 留白率: 0% | 低质量率: 0%
2026-06-24 07:48:55 | INFO     | ✅ [批改完成] ANS_CO_585 | 路由: BND | 最终分: 10.0 | 风险: P0.15/U0.00/F0.50/H0/L1 | 提取质量: 🟢high | 留白率: 0% | 低质量率: 0%

🔍 [正在处理] ANS_CO_589 | 启动 3WD 流水线...
2026-06-24 07:48:55 | INFO     | 
🔍 [正在处理] ANS_CO_589 | 启动 3WD 流水线...
📢 [总进度] 45/84 份试卷已归档。
2026-06-24 07:48:55 | INFO     | 📢 [总进度] 45/84 份试卷已归档。

=============================================
Start grading student [ANS_CO_589]
=============================================
  [Stage 1] fact extraction backend=csbench_hybrid...
         [GLM-5 retry 1/4] APITimeoutError: Request timed out.... wait 5s
  [Stage 2] independent semantic grading probes...
      [完成] 第 1/3 次语义评分完成，得分: 2.0
      [完成] 第 2/3 次语义评分完成，得分: 2.0
      [完成] 第 3/3 次语义评分完成，得分: 2.0

  [探测指标] 均分=2.0, 标准差=0.0000, 留白率=50%, 感知失败率=0%, 低质量提取率=0%, 提取质量=low
      [extraction-risk] R_ext=0.20, structure_missing=0%, suspicious=50%
      [风险画像] P=0.40, U=0.00%, F=0.00%, H=False, L=False
      [通用校准] rules=['visual_blank_review', 'structure_missing_review', 'extraction_retry_review'], UM=0.00%, MF=0.00%, cap=20.00
      [A3WA可信度] R=0.333, mu=0.667, alpha=0.829, beta=0.286, route=BND | beta_lt_confidence_lt_alpha
      [路由 -> BND] 边界样本 | P=0.40, U=0.00%, F=0.00%, H=False, L=False
         [Agent仲裁] keep|keep_minor_change | 原始仲裁分: 2.0 | 限幅后最终分: 2.0 | All three graders unanimously award 2.0 for step_1 (correct priority sequence A>D>C>E>B matching the standard). Steps 2-6 are genuinely blank (未书写) with no extractable content. Steps 7_1-7_4 show only a linear path A→B→C→D→E which does not describe any required nesting or return relationships, and the student explicitly states the diagram does not show the required structures. No missed lenient credit exists, and the 2.0 awarded points are fully supported.
✅ [批改完成] ANS_CO_589 | 路由: BND | 最终分: 2.0 | 风险: P0.40/U0.00/F0.00/H0/L0 | 提取质量: 🟡low | 留白率: 50% | 低质量率: 0%
2026-06-24 07:52:02 | INFO     | ✅ [批改完成] ANS_CO_589 | 路由: BND | 最终分: 2.0 | 风险: P0.40/U0.00/F0.00/H0/L0 | 提取质量: 🟡low | 留白率: 50% | 低质量率: 0%

🔍 [正在处理] ANS_CO_590 | 启动 3WD 流水线...
2026-06-24 07:52:02 | INFO     | 
🔍 [正在处理] ANS_CO_590 | 启动 3WD 流水线...
📢 [总进度] 46/84 份试卷已归档。
2026-06-24 07:52:02 | INFO     | 📢 [总进度] 46/84 份试卷已归档。

=============================================
Start grading student [ANS_CO_590]
=============================================
  [Stage 1] fact extraction backend=csbench_hybrid...
         [GLM-5 retry 2/4] APITimeoutError: Request timed out.... wait 10s
  [Stage 2] independent semantic grading probes...
         [GLM-5 retry 2/4] RateLimitError: Error code: 429 - {'error': {'code': '1302', 'message': '您的账户已达到速率限制，请您控制请求频率'}}... wait 10s
         [GLM-5 retry 3/4] RateLimitError: Error code: 429 - {'error': {'code': '1302', 'message': '您的账户已达到速率限制，请您控制请求频率'}}... wait 15s
         [GLM-5 retry 4/4] RateLimitError: Error code: 429 - {'error': {'code': '1302', 'message': '您的账户已达到速率限制，请您控制请求频率'}}... wait 20s
         [GLM-5 retry 3/4] RateLimitError: Error code: 429 - {'error': {'code': '1302', 'message': '您的账户已达到速率限制，请您控制请求频率'}}... wait 15s
         [GLM-5 retry 1/4] RateLimitError: Error code: 429 - {'error': {'code': '1302', 'message': '您的账户已达到速率限制，请您控制请求频率'}}... wait 5s
         [GLM-5 retry 4/4] RateLimitError: Error code: 429 - {'error': {'code': '1302', 'message': '您的账户已达到速率限制，请您控制请求频率'}}... wait 20s
         [GLM-5 retry 1/4] RateLimitError: Error code: 429 - {'error': {'code': '1302', 'message': '您的账户已达到速率限制，请您控制请求频率'}}... wait 5s
         [GLM-5 retry 2/4] RateLimitError: Error code: 429 - {'error': {'code': '1302', 'message': '您的账户已达到速率限制，请您控制请求频率'}}... wait 10s
         [GLM-5 retry 3/4] RateLimitError: Error code: 429 - {'error': {'code': '1302', 'message': '您的账户已达到速率限制，请您控制请求频率'}}... wait 15s
         [GLM-5 retry 1/4] RateLimitError: Error code: 429 - {'error': {'code': '1302', 'message': '您的账户已达到速率限制，请您控制请求频率'}}... wait 5s
         [GLM-5 retry 2/4] RateLimitError: Error code: 429 - {'error': {'code': '1302', 'message': '您的账户已达到速率限制，请您控制请求频率'}}... wait 10s
         [GLM-5 retry 1/4] RateLimitError: Error code: 429 - {'error': {'code': '1302', 'message': '您的账户已达到速率限制，请您控制请求频率'}}... wait 5s
         [GLM-5 retry 3/4] RateLimitError: Error code: 429 - {'error': {'code': '1302', 'message': '您的账户已达到速率限制，请您控制请求频率'}}... wait 15s
         [GLM-5 retry 2/4] RateLimitError: Error code: 429 - {'error': {'code': '1302', 'message': '您的账户已达到速率限制，请您控制请求频率'}}... wait 10s
         [GLM-5 retry 3/4] RateLimitError: Error code: 429 - {'error': {'code': '1302', 'message': '您的账户已达到速率限制，请您控制请求频率'}}... wait 15s
         [GLM-5 retry 4/4] RateLimitError: Error code: 429 - {'error': {'code': '1302', 'message': '您的账户已达到速率限制，请您控制请求频率'}}... wait 20s
         [GLM-5 retry 4/4] RateLimitError: Error code: 429 - {'error': {'code': '1302', 'message': '您的账户已达到速率限制，请您控制请求频率'}}... wait 20s
         [GLM-5 retry 4/4] RateLimitError: Error code: 429 - {'error': {'code': '1302', 'message': '您的账户已达到速率限制，请您控制请求频率'}}... wait 20s
         [GLM-5 retry 1/4] RateLimitError: Error code: 429 - {'error': {'code': '1302', 'message': '您的账户已达到速率限制，请您控制请求频率'}}... wait 5s
         [GLM-5 retry 1/4] RateLimitError: Error code: 429 - {'error': {'code': '1302', 'message': '您的账户已达到速率限制，请您控制请求频率'}}... wait 5s
         [GLM-5 retry 2/4] RateLimitError: Error code: 429 - {'error': {'code': '1302', 'message': '您的账户已达到速率限制，请您控制请求频率'}}... wait 10s
         [GLM-5 retry 2/4] RateLimitError: Error code: 429 - {'error': {'code': '1302', 'message': '您的账户已达到速率限制，请您控制请求频率'}}... wait 10s
         [GLM-5 retry 3/4] RateLimitError: Error code: 429 - {'error': {'code': '1302', 'message': '您的账户已达到速率限制，请您控制请求频率'}}... wait 15s
         [GLM-5 retry 4/4] RateLimitError: Error code: 429 - {'error': {'code': '1302', 'message': '您的账户已达到速率限制，请您控制请求频率'}}... wait 20s
         [GLM-5 retry 2/4] APITimeoutError: Request timed out.... wait 10s
         [GLM-5 retry 3/4] RateLimitError: Error code: 429 - {'error': {'code': '1302', 'message': '您的账户已达到速率限制，请您控制请求频率'}}... wait 15s
         [GLM-5 retry 1/4] RateLimitError: Error code: 429 - {'error': {'code': '1302', 'message': '您的账户已达到速率限制，请您控制请求频率'}}... wait 5s
         [GLM-5 retry 2/4] RateLimitError: Error code: 429 - {'error': {'code': '1302', 'message': '您的账户已达到速率限制，请您控制请求频率'}}... wait 10s
         [GLM-5 retry 4/4] RateLimitError: Error code: 429 - {'error': {'code': '1302', 'message': '您的账户已达到速率限制，请您控制请求频率'}}... wait 20s
      [完成] 第 1/3 次语义评分完成，得分: 8.0
         [GLM-5 retry 1/4] RateLimitError: Error code: 429 - {'error': {'code': '1302', 'message': '您的账户已达到速率限制，请您控制请求频率'}}... wait 5s
         [GLM-5 retry 2/4] RateLimitError: Error code: 429 - {'error': {'code': '1302', 'message': '您的账户已达到速率限制，请您控制请求频率'}}... wait 10s
         [GLM-5 retry 1/4] RateLimitError: Error code: 429 - {'error': {'code': '1302', 'message': '您的账户已达到速率限制，请您控制请求频率'}}... wait 5s
         [GLM-5 retry 2/4] RateLimitError: Error code: 429 - {'error': {'code': '1302', 'message': '您的账户已达到速率限制，请您控制请求频率'}}... wait 10s
         [GLM-5 retry 3/4] RateLimitError: Error code: 429 - {'error': {'code': '1302', 'message': '您的账户已达到速率限制，请您控制请求频率'}}... wait 15s
         [GLM-5 retry 3/4] RateLimitError: Error code: 429 - {'error': {'code': '1302', 'message': '您的账户已达到速率限制，请您控制请求频率'}}... wait 15s
         [GLM-5 retry 4/4] RateLimitError: Error code: 429 - {'error': {'code': '1302', 'message': '您的账户已达到速率限制，请您控制请求频率'}}... wait 20s
         [GLM-5 retry 4/4] RateLimitError: Error code: 429 - {'error': {'code': '1302', 'message': '您的账户已达到速率限制，请您控制请求频率'}}... wait 20s
      [完成] 第 3/3 次语义评分完成，得分: 10

  [探测指标] 均分=9.5, 标准差=0.5000, 留白率=0%, 感知失败率=0%, 低质量提取率=0%, 提取质量=high
      [extraction-risk] R_ext=0.00, structure_missing=0%, suspicious=0%
      [风险画像] P=0.00, U=2.50%, F=50.00%, H=False, L=True
      [通用校准] rules=['lenient_undercredit_review', 'stable_undercredit_review'], UM=0.00%, MF=0.00%, cap=20.00
      [A3WA可信度] R=0.083, mu=0.917, alpha=0.829, beta=0.286, route=BND | high_confidence_lenient_undercredit_review
      [路由 -> BND] 边界样本 | P=0.00, U=2.50%, F=50.00%, H=False, L=True
         [GLM-5 retry 1/4] RateLimitError: Error code: 429 - {'error': {'code': '1302', 'message': '您的账户已达到速率限制，请您控制请求频率'}}... wait 5s
         [GLM-5 retry 3/4] RateLimitError: Error code: 429 - {'error': {'code': '1302', 'message': '您的账户已达到速率限制，请您控制请求频率'}}... wait 15s
         [Agent仲裁] raise|small_raise | 原始仲裁分: 10.5 | 限幅后最终分: 10.5 | 屏蔽字部分 (step_2 至 step_6, 共 10 分) 学生数值均错误且事实抽取混乱，无漏判。优先级序列 step_1 与执行图 step_7_1/7_3/7_4 已获双评一致满分。唯一争议在 step_7_2：学生返回路径 D→C→B 与显式标注 'C→B' 已足以展示 C 嵌套于 B 的关系，符合宽容评分原则，应补 1 分至 10 分。
✅ [批改完成] ANS_CO_586 | 路由: BND | 最终分: 10.5 | 风险: P0.00/U0.03/F0.50/H0/L1 | 提取质量: 🟢high | 留白率: 0% | 低质量率: 0%
2026-06-24 08:05:26 | INFO     | ✅ [批改完成] ANS_CO_586 | 路由: BND | 最终分: 10.5 | 风险: P0.00/U0.03/F0.50/H0/L1 | 提取质量: 🟢high | 留白率: 0% | 低质量率: 0%

🔍 [正在处理] ANS_CO_592 | 启动 3WD 流水线...
2026-06-24 08:05:26 | INFO     | 
🔍 [正在处理] ANS_CO_592 | 启动 3WD 流水线...
📢 [总进度] 47/84 份试卷已归档。
2026-06-24 08:05:26 | INFO     | 📢 [总进度] 47/84 份试卷已归档。

=============================================
Start grading student [ANS_CO_592]
=============================================
  [Stage 1] fact extraction backend=csbench_hybrid...
         [GLM-5 retry 4/4] APITimeoutError: Request timed out.... wait 20s
  [Stage 2] independent semantic grading probes...
      [完成] 第 2/3 次语义评分完成，得分: 2.0
      [完成] 第 1/3 次语义评分完成，得分: 12.0
      [完成] 第 3/3 次语义评分完成，得分: 2.0

  [探测指标] 均分=5.3, 标准差=4.7140, 留白率=0%, 感知失败率=0%, 低质量提取率=0%, 提取质量=high
      [extraction-risk] R_ext=0.14, structure_missing=90%, suspicious=90%
      [风险画像] P=0.27, U=23.57%, F=30.00%, H=False, L=True
      [通用校准] rules=['structure_missing_review', 'extraction_retry_review'], UM=0.00%, MF=0.00%, cap=20.00
      [A3WA可信度] R=0.633, mu=0.367, alpha=0.829, beta=0.286, route=NEG | hard_neg:large_score_spread
      [路由 -> NEG] 高风险拒判 | P=0.27, U=23.57%, F=30.00%, H=False
         [复核提示] A3WA hard_neg: large_score_spread
✅ [批改完成] ANS_CO_592 | 路由: NEG | 最终分: 5.3 | 风险: P0.27/U0.24/F0.30/H0/L1 | 提取质量: 🟢high | 留白率: 0% | 低质量率: 0%
2026-06-24 08:09:06 | INFO     | ✅ [批改完成] ANS_CO_592 | 路由: NEG | 最终分: 5.3 | 风险: P0.27/U0.24/F0.30/H0/L1 | 提取质量: 🟢high | 留白率: 0% | 低质量率: 0%

🔍 [正在处理] ANS_CO_594 | 启动 3WD 流水线...
2026-06-24 08:09:06 | INFO     | 
🔍 [正在处理] ANS_CO_594 | 启动 3WD 流水线...
📢 [总进度] 48/84 份试卷已归档 [NEG-拒绝]。
2026-06-24 08:09:06 | INFO     | 📢 [总进度] 48/84 份试卷已归档 [NEG-拒绝]。

=============================================
Start grading student [ANS_CO_594]
=============================================
  [Stage 1] fact extraction backend=csbench_hybrid...
         [GLM-5 retry 1/4] APITimeoutError: Request timed out.... wait 5s
  [Stage 2] independent semantic grading probes...
      [完成] 第 1/3 次语义评分完成，得分: 7.0
      [完成] 第 3/3 次语义评分完成，得分: 8.0
         [GLM-5 retry 2/4] APITimeoutError: Request timed out.... wait 10s
      [完成] 第 2/3 次语义评分完成，得分: 8.0

  [探测指标] 均分=7.7, 标准差=0.4714, 留白率=50%, 感知失败率=0%, 低质量提取率=0%, 提取质量=low
      [extraction-risk] R_ext=0.20, structure_missing=0%, suspicious=50%
      [风险画像] P=0.40, U=2.36%, F=0.00%, H=False, L=False
      [通用校准] rules=['visual_blank_review', 'lenient_undercredit_review', 'stable_undercredit_review', 'structure_missing_review', 'extraction_retry_review'], UM=0.00%, MF=0.00%, cap=20.00
      [A3WA可信度] R=0.417, mu=0.583, alpha=0.829, beta=0.286, route=BND | beta_lt_confidence_lt_alpha
      [路由 -> BND] 边界样本 | P=0.40, U=2.36%, F=0.00%, H=False, L=False
         [Agent仲裁] keep|reject_lower | 原始仲裁分: 6.7 | 限幅后最终分: 7.7 | The student correctly answered step_1 (2.0), correctly identified nesting relationships in steps 7_2 and 7_3 (2.0 each), received fair partial on step_7_1 (1.0), and steps 2-6 are genuinely blank (0 each). The only boundary dispute is step_7_4 where the first grader gave 0 (SEMANTIC_FATAL) and two others gave 1.0 (PARTIAL_MATCH). The student's explicit step_7_4 answer does not match the expected D→C→B→Main sequence, but the complete path partially reflects return behavior. Score of 8.0 is within reasonable grading bounds; no significant missed credit or unsupported over-credit identified.
✅ [批改完成] ANS_CO_594 | 路由: BND | 最终分: 7.7 | 风险: P0.40/U0.02/F0.00/H0/L0 | 提取质量: 🟡low | 留白率: 50% | 低质量率: 0%
2026-06-24 08:17:03 | INFO     | ✅ [批改完成] ANS_CO_594 | 路由: BND | 最终分: 7.7 | 风险: P0.40/U0.02/F0.00/H0/L0 | 提取质量: 🟡low | 留白率: 50% | 低质量率: 0%

🔍 [正在处理] ANS_CO_595 | 启动 3WD 流水线...
2026-06-24 08:17:03 | INFO     | 
🔍 [正在处理] ANS_CO_595 | 启动 3WD 流水线...
📢 [总进度] 49/84 份试卷已归档。
2026-06-24 08:17:03 | INFO     | 📢 [总进度] 49/84 份试卷已归档。

=============================================
Start grading student [ANS_CO_595]
=============================================
  [Stage 1] fact extraction backend=csbench_hybrid...
  [Stage 2] independent semantic grading probes...
         [GLM-5 retry 3/4] APITimeoutError: Request timed out.... wait 15s
         [GLM-5 retry 1/4] RateLimitError: Error code: 429 - {'error': {'code': '1302', 'message': '您的账户已达到速率限制，请您控制请求频率'}}... wait 5s
         [GLM-5 retry 2/4] RateLimitError: Error code: 429 - {'error': {'code': '1302', 'message': '您的账户已达到速率限制，请您控制请求频率'}}... wait 10s
         [GLM-5 retry 3/4] RateLimitError: Error code: 429 - {'error': {'code': '1302', 'message': '您的账户已达到速率限制，请您控制请求频率'}}... wait 15s
         [GLM-5 retry 4/4] RateLimitError: Error code: 429 - {'error': {'code': '1302', 'message': '您的账户已达到速率限制，请您控制请求频率'}}... wait 20s
         [GLM-5 retry 1/4] RateLimitError: Error code: 429 - {'error': {'code': '1302', 'message': '您的账户已达到速率限制，请您控制请求频率'}}... wait 5s
         [GLM-5 retry 2/4] RateLimitError: Error code: 429 - {'error': {'code': '1302', 'message': '您的账户已达到速率限制，请您控制请求频率'}}... wait 10s
         [GLM-5 retry 3/4] RateLimitError: Error code: 429 - {'error': {'code': '1302', 'message': '您的账户已达到速率限制，请您控制请求频率'}}... wait 15s
         [GLM-5 retry 4/4] RateLimitError: Error code: 429 - {'error': {'code': '1302', 'message': '您的账户已达到速率限制，请您控制请求频率'}}... wait 20s
         [GLM-5 retry 1/4] APITimeoutError: Request timed out.... wait 5s
         [GLM-5 retry 1/4] RateLimitError: Error code: 429 - {'error': {'code': '1302', 'message': '您的账户已达到速率限制，请您控制请求频率'}}... wait 5s
         [GLM-5 retry 2/4] RateLimitError: Error code: 429 - {'error': {'code': '1302', 'message': '您的账户已达到速率限制，请您控制请求频率'}}... wait 10s
         [GLM-5 retry 2/4] RateLimitError: Error code: 429 - {'error': {'code': '1302', 'message': '您的账户已达到速率限制，请您控制请求频率'}}... wait 10s
         [GLM-5 retry 3/4] RateLimitError: Error code: 429 - {'error': {'code': '1302', 'message': '您的账户已达到速率限制，请您控制请求频率'}}... wait 15s
         [GLM-5 retry 3/4] RateLimitError: Error code: 429 - {'error': {'code': '1302', 'message': '您的账户已达到速率限制，请您控制请求频率'}}... wait 15s
         [GLM-5 retry 4/4] RateLimitError: Error code: 429 - {'error': {'code': '1302', 'message': '您的账户已达到速率限制，请您控制请求频率'}}... wait 20s
         [GLM-5 retry 4/4] RateLimitError: Error code: 429 - {'error': {'code': '1302', 'message': '您的账户已达到速率限制，请您控制请求频率'}}... wait 20s
         [GLM-5 retry 1/4] RateLimitError: Error code: 429 - {'error': {'code': '1302', 'message': '您的账户已达到速率限制，请您控制请求频率'}}... wait 5s
         [GLM-5 retry 2/4] RateLimitError: Error code: 429 - {'error': {'code': '1302', 'message': '您的账户已达到速率限制，请您控制请求频率'}}... wait 10s
         [GLM-5 retry 3/4] RateLimitError: Error code: 429 - {'error': {'code': '1302', 'message': '您的账户已达到速率限制，请您控制请求频率'}}... wait 15s
         [GLM-5 retry 4/4] RateLimitError: Error code: 429 - {'error': {'code': '1302', 'message': '您的账户已达到速率限制，请您控制请求频率'}}... wait 20s
         [GLM-5 retry 4/4] RateLimitError: Error code: 429 - {'error': {'code': '1302', 'message': '您的账户已达到速率限制，请您控制请求频率'}}... wait 20s
         [GLM-5 retry 1/4] RateLimitError: Error code: 429 - {'error': {'code': '1302', 'message': '您的账户已达到速率限制，请您控制请求频率'}}... wait 5s
         [GLM-5 retry 2/4] RateLimitError: Error code: 429 - {'error': {'code': '1302', 'message': '您的账户已达到速率限制，请您控制请求频率'}}... wait 10s
         [GLM-5 retry 1/4] RateLimitError: Error code: 429 - {'error': {'code': '1302', 'message': '您的账户已达到速率限制，请您控制请求频率'}}... wait 5s
         [GLM-5 retry 2/4] RateLimitError: Error code: 429 - {'error': {'code': '1302', 'message': '您的账户已达到速率限制，请您控制请求频率'}}... wait 10s
         [GLM-5 retry 3/4] RateLimitError: Error code: 429 - {'error': {'code': '1302', 'message': '您的账户已达到速率限制，请您控制请求频率'}}... wait 15s
         [GLM-5 retry 1/4] RateLimitError: Error code: 429 - {'error': {'code': '1302', 'message': '您的账户已达到速率限制，请您控制请求频率'}}... wait 5s
         [GLM-5 retry 2/4] RateLimitError: Error code: 429 - {'error': {'code': '1302', 'message': '您的账户已达到速率限制，请您控制请求频率'}}... wait 10s
         [GLM-5 retry 3/4] RateLimitError: Error code: 429 - {'error': {'code': '1302', 'message': '您的账户已达到速率限制，请您控制请求频率'}}... wait 15s
         [GLM-5 retry 4/4] RateLimitError: Error code: 429 - {'error': {'code': '1302', 'message': '您的账户已达到速率限制，请您控制请求频率'}}... wait 20s
         [GLM-5 retry 3/4] RateLimitError: Error code: 429 - {'error': {'code': '1302', 'message': '您的账户已达到速率限制，请您控制请求频率'}}... wait 15s
         [GLM-5 retry 4/4] RateLimitError: Error code: 429 - {'error': {'code': '1302', 'message': '您的账户已达到速率限制，请您控制请求频率'}}... wait 20s

  [探测指标] 均分=8.0, 标准差=0.0000, 留白率=0%, 感知失败率=0%, 低质量提取率=0%, 提取质量=high
      [extraction-risk] R_ext=0.07, structure_missing=50%, suspicious=50%
      [风险画像] P=0.15, U=0.00%, F=50.00%, H=False, L=True
      [通用校准] rules=['lenient_undercredit_review', 'stable_undercredit_review', 'structure_missing_review'], UM=0.00%, MF=0.00%, cap=20.00
      [A3WA可信度] R=0.167, mu=0.833, alpha=0.829, beta=0.286, route=BND | high_confidence_lenient_undercredit_review
      [路由 -> BND] 边界样本 | P=0.15, U=0.00%, F=50.00%, H=False, L=True
         [GLM-5 retry 1/4] RateLimitError: Error code: 429 - {'error': {'code': '1302', 'message': '您的账户已达到速率限制，请您控制请求频率'}}... wait 5s
         [GLM-5 retry 2/4] RateLimitError: Error code: 429 - {'error': {'code': '1302', 'message': '您的账户已达到速率限制，请您控制请求频率'}}... wait 10s
         [GLM-5 retry 3/4] RateLimitError: Error code: 429 - {'error': {'code': '1302', 'message': '您的账户已达到速率限制，请您控制请求频率'}}... wait 15s
         [GLM-5 retry 4/4] APITimeoutError: Request timed out.... wait 20s
         [GLM-5 retry 4/4] RateLimitError: Error code: 429 - {'error': {'code': '1302', 'message': '您的账户已达到速率限制，请您控制请求频率'}}... wait 20s
         [GLM-5 retry 1/4] RateLimitError: Error code: 429 - {'error': {'code': '1302', 'message': '您的账户已达到速率限制，请您控制请求频率'}}... wait 5s
         [GLM-5 retry 2/4] RateLimitError: Error code: 429 - {'error': {'code': '1302', 'message': '您的账户已达到速率限制，请您控制请求频率'}}... wait 10s
         [GLM-5 retry 1/4] RateLimitError: Error code: 429 - {'error': {'code': '1302', 'message': '您的账户已达到速率限制，请您控制请求频率'}}... wait 5s
         [GLM-5 retry 2/4] RateLimitError: Error code: 429 - {'error': {'code': '1302', 'message': '您的账户已达到速率限制，请您控制请求频率'}}... wait 10s
         [GLM-5 retry 3/4] RateLimitError: Error code: 429 - {'error': {'code': '1302', 'message': '您的账户已达到速率限制，请您控制请求频率'}}... wait 15s
         [GLM-5 retry 4/4] RateLimitError: Error code: 429 - {'error': {'code': '1302', 'message': '您的账户已达到速率限制，请您控制请求频率'}}... wait 20s

🔍 [正在处理] ANS_CO_596 | 启动 3WD 流水线...
2026-06-24 08:34:35 | INFO     | 
🔍 [正在处理] ANS_CO_596 | 启动 3WD 流水线...

=============================================
Start grading student [ANS_CO_596]
=============================================
  [Stage 1] fact extraction backend=csbench_hybrid...
[failed sample recorded] ANS_CO_595 | stage2_failed: all semantic grading probes failed or returned unparsable scores
2026-06-24 08:34:35 | ERROR    | [failed sample recorded] ANS_CO_595 | stage2_failed: all semantic grading probes failed or returned unparsable scores
  [Stage 2] independent semantic grading probes...
         [GLM-5 retry 1/4] RateLimitError: Error code: 429 - {'error': {'code': '1302', 'message': '您的账户已达到速率限制，请您控制请求频率'}}... wait 5s
         [GLM-5 retry 3/4] RateLimitError: Error code: 429 - {'error': {'code': '1302', 'message': '您的账户已达到速率限制，请您控制请求频率'}}... wait 15s
      [完成] 第 1/3 次语义评分完成，得分: 4.0
      [完成] 第 3/3 次语义评分完成，得分: 6.0
      [完成] 第 2/3 次语义评分完成，得分: 4.5

  [探测指标] 均分=4.8, 标准差=0.8498, 留白率=0%, 感知失败率=0%, 低质量提取率=0%, 提取质量=high
      [extraction-risk] R_ext=0.00, structure_missing=0%, suspicious=0%
      [风险画像] P=0.00, U=4.25%, F=50.00%, H=False, L=True
      [通用校准] rules=['lenient_undercredit_review', 'stable_undercredit_review'], UM=0.00%, MF=0.00%, cap=20.00
      [A3WA可信度] R=0.167, mu=0.833, alpha=0.829, beta=0.286, route=BND | high_confidence_lenient_undercredit_review
      [路由 -> BND] 边界样本 | P=0.00, U=4.25%, F=50.00%, H=False, L=True
         [Agent仲裁] keep|keep_minor_change | 原始仲裁分: 8.0 | 限幅后最终分: 8.0 | All mask-word items (steps 2-6) correctly scored 0: the student wrote letter sequences instead of 5-bit binary codes, and even under charitable interpretation the listed interrupts include self-masking, contradicting the standard answers. Steps 7_2 and 7_3 received full credit for correctly stating C→B and D→C nesting relationships. Steps 7_1 and 7_4 received appropriate partial credit (1/2 each) for showing only the forward path to A and the final return B→main respectively. The total of 8.0/20 is fair and aligned with instructor-style grading.
✅ [批改完成] ANS_CO_590 | 路由: BND | 最终分: 8.0 | 风险: P0.15/U0.00/F0.50/H0/L1 | 提取质量: 🟢high | 留白率: 0% | 低质量率: 0%
2026-06-24 08:40:02 | INFO     | ✅ [批改完成] ANS_CO_590 | 路由: BND | 最终分: 8.0 | 风险: P0.15/U0.00/F0.50/H0/L1 | 提取质量: 🟢high | 留白率: 0% | 低质量率: 0%

🔍 [正在处理] ANS_CO_598 | 启动 3WD 流水线...
2026-06-24 08:40:02 | INFO     | 
🔍 [正在处理] ANS_CO_598 | 启动 3WD 流水线...
📢 [总进度] 50/84 份试卷已归档。
2026-06-24 08:40:02 | INFO     | 📢 [总进度] 50/84 份试卷已归档。

=============================================
Start grading student [ANS_CO_598]
=============================================
  [Stage 1] fact extraction backend=csbench_hybrid...
  [Stage 2] independent semantic grading probes...
         [Agent仲裁] raise|reject_raise | 原始仲裁分: 5.8 | 限幅后最终分: 4.8 | 屏蔽字步骤(2-6)全部错误，优先级顺序(step_1)正确。step_7_3中学生显式写出'C→D→C'是D打断C的正确文字描述，符合rubric的canonicalization，在lenient grading下应获满分2.0（Grader 2已如此判定）。step_7_4返回顺序混乱且缺B级，不应额外给分。总校准分数5.0 = 2.0(step_1) + 1.0(step_7_1) + 2.0(step_7_3) + 0.0(step_7_4)。
✅ [批改完成] ANS_CO_596 | 路由: BND | 最终分: 4.8 | 风险: P0.00/U0.04/F0.50/H0/L1 | 提取质量: 🟢high | 留白率: 0% | 低质量率: 0%
2026-06-24 08:41:17 | INFO     | ✅ [批改完成] ANS_CO_596 | 路由: BND | 最终分: 4.8 | 风险: P0.00/U0.04/F0.50/H0/L1 | 提取质量: 🟢high | 留白率: 0% | 低质量率: 0%

🔍 [正在处理] ANS_CO_599 | 启动 3WD 流水线...
2026-06-24 08:41:17 | INFO     | 
🔍 [正在处理] ANS_CO_599 | 启动 3WD 流水线...
📢 [总进度] 51/84 份试卷已归档。
2026-06-24 08:41:17 | INFO     | 📢 [总进度] 51/84 份试卷已归档。

=============================================
Start grading student [ANS_CO_599]
=============================================
  [Stage 1] fact extraction backend=csbench_hybrid...
  [Stage 2] independent semantic grading probes...
      [完成] 第 2/3 次语义评分完成，得分: 5.0
      [完成] 第 1/3 次语义评分完成，得分: 6.0
         [GLM-5 retry 1/4] APITimeoutError: Request timed out.... wait 5s
         [GLM-5 retry 1/4] APITimeoutError: Request timed out.... wait 5s
      [完成] 第 1/3 次语义评分完成，得分: 10.4
         [GLM-5 retry 1/4] APITimeoutError: Request timed out.... wait 5s
         [GLM-5 retry 2/4] APITimeoutError: Request timed out.... wait 10s
      [完成] 第 3/3 次语义评分完成，得分: 6.0

  [探测指标] 均分=5.7, 标准差=0.4714, 留白率=0%, 感知失败率=0%, 低质量提取率=0%, 提取质量=high
      [extraction-risk] R_ext=0.00, structure_missing=0%, suspicious=0%
      [风险画像] P=0.00, U=2.36%, F=50.00%, H=False, L=True
      [通用校准] rules=['lenient_undercredit_review', 'stable_undercredit_review'], UM=0.00%, MF=0.00%, cap=20.00
      [A3WA可信度] R=0.083, mu=0.917, alpha=0.829, beta=0.286, route=BND | high_confidence_lenient_undercredit_review
      [路由 -> BND] 边界样本 | P=0.00, U=2.36%, F=50.00%, H=False, L=True
         [Agent仲裁] raise|reject_raise | 原始仲裁分: 6.7 | 限幅后最终分: 5.7 | 三位评分者主要分歧集中在 step_7_1 与 step_7_4 的部分分（0.5 vs 1.0）。屏蔽字 step_2~step_6 学生答案均与标准答案在关键位上矛盾，3位评分者一致判0分，无争议。step_1 与 step_7_3 一致给满分。在 lenient instructor 评分原则下，学生已在路径中展示出 进入A、D打断C并返回C、B返回主程序 等关键片段，应给予约1.0的部分分而非0.5。故将基线 5.7 上调至 6.0（与两位多数评分者一致），不涉及任何无依据的高分。
✅ [批改完成] ANS_CO_599 | 路由: BND | 最终分: 5.7 | 风险: P0.00/U0.02/F0.50/H0/L1 | 提取质量: 🟢high | 留白率: 0% | 低质量率: 0%
2026-06-24 08:54:25 | INFO     | ✅ [批改完成] ANS_CO_599 | 路由: BND | 最终分: 5.7 | 风险: P0.00/U0.02/F0.50/H0/L1 | 提取质量: 🟢high | 留白率: 0% | 低质量率: 0%

🔍 [正在处理] ANS_CO_601 | 启动 3WD 流水线...
2026-06-24 08:54:25 | INFO     | 
🔍 [正在处理] ANS_CO_601 | 启动 3WD 流水线...
📢 [总进度] 52/84 份试卷已归档。
2026-06-24 08:54:25 | INFO     | 📢 [总进度] 52/84 份试卷已归档。

=============================================
Start grading student [ANS_CO_601]
=============================================
  [Stage 1] fact extraction backend=csbench_hybrid...
         [GLM-5 retry 1/4] APITimeoutError: Request timed out.... wait 5s
  [Stage 2] independent semantic grading probes...
      [完成] 第 1/3 次语义评分完成，得分: 2.0
      [完成] 第 2/3 次语义评分完成，得分: 6.0
      [完成] 第 3/3 次语义评分完成，得分: 11.4
         [GLM-5 retry 3/4] APITimeoutError: Request timed out.... wait 15s
      [完成] 第 3/3 次语义评分完成，得分: 2.0

  [探测指标] 均分=3.3, 标准差=1.8856, 留白率=0%, 感知失败率=0%, 低质量提取率=0%, 提取质量=high
      [extraction-risk] R_ext=0.15, structure_missing=100%, suspicious=100%
      [风险画像] P=0.30, U=9.43%, F=40.00%, H=False, L=True
      [通用校准] rules=['structure_missing_review', 'extraction_retry_review'], UM=0.00%, MF=0.00%, cap=20.00
      [A3WA可信度] R=0.667, mu=0.333, alpha=0.829, beta=0.286, route=BND | beta_lt_confidence_lt_alpha
      [路由 -> BND] 边界样本 | P=0.30, U=9.43%, F=40.00%, H=False, L=True
      [完成] 第 2/3 次语义评分完成，得分: 11.4

  [探测指标] 均分=11.1, 标准差=0.4714, 留白率=0%, 感知失败率=0%, 低质量提取率=0%, 提取质量=high
      [extraction-risk] R_ext=0.00, structure_missing=0%, suspicious=0%
      [风险画像] P=0.00, U=2.36%, F=40.00%, H=False, L=True
      [通用校准] rules=['lenient_undercredit_review', 'stable_undercredit_review'], UM=0.00%, MF=0.00%, cap=20.00
      [A3WA可信度] R=0.083, mu=0.917, alpha=0.829, beta=0.286, route=BND | high_confidence_lenient_undercredit_review
      [路由 -> BND] 边界样本 | P=0.00, U=2.36%, F=40.00%, H=False, L=True
         [Agent仲裁] raise|reject_raise | 原始仲裁分: 7.3 | 限幅后最终分: 3.3 | 学生步骤1完全正确（2分）。步骤3-6中学生以列表形式给出了各级可被哪些中断打断，虽非标准5位二进制屏蔽字格式，但4个答案的语义内容均与标准屏蔽字完全对应，体现了对中断屏蔽机制的正确理解。两位严格评分者判0分过于严厉，应给予每项1分部分分。步骤2、7确属空白或未作答，维持0分。合计6.0分。
✅ [批改完成] ANS_CO_601 | 路由: BND | 最终分: 3.3 | 风险: P0.30/U0.09/F0.40/H0/L1 | 提取质量: 🟢high | 留白率: 0% | 低质量率: 0%
2026-06-24 09:03:13 | INFO     | ✅ [批改完成] ANS_CO_601 | 路由: BND | 最终分: 3.3 | 风险: P0.30/U0.09/F0.40/H0/L1 | 提取质量: 🟢high | 留白率: 0% | 低质量率: 0%

🔍 [正在处理] ANS_CO_602 | 启动 3WD 流水线...
2026-06-24 09:03:13 | INFO     | 
🔍 [正在处理] ANS_CO_602 | 启动 3WD 流水线...
📢 [总进度] 53/84 份试卷已归档。
2026-06-24 09:03:13 | INFO     | 📢 [总进度] 53/84 份试卷已归档。

=============================================
Start grading student [ANS_CO_602]
=============================================
  [Stage 1] fact extraction backend=csbench_hybrid...
  [Stage 2] independent semantic grading probes...
      [完成] 第 2/3 次语义评分完成，得分: 3.0
         [GLM-5 retry 1/4] APITimeoutError: Request timed out.... wait 5s
         [GLM-5 retry 2/4] RateLimitError: Error code: 429 - {'error': {'code': '1302', 'message': '您的账户已达到速率限制，请您控制请求频率'}}... wait 10s
      [完成] 第 3/3 次语义评分完成，得分: 2.0
         [GLM-5 retry 1/4] APITimeoutError: Request timed out.... wait 5s
         [GLM-5 retry 3/4] APITimeoutError: Request timed out.... wait 15s
      [完成] 第 1/3 次语义评分完成，得分: 3.0

  [探测指标] 均分=2.7, 标准差=0.4714, 留白率=0%, 感知失败率=0%, 低质量提取率=0%, 提取质量=high
      [extraction-risk] R_ext=0.00, structure_missing=0%, suspicious=0%
      [风险画像] P=0.00, U=2.36%, F=80.00%, H=False, L=True
      [通用校准] rules=['extraction_retry_review'], UM=0.00%, MF=0.00%, cap=20.00
      [A3WA可信度] R=0.083, mu=0.917, alpha=0.829, beta=0.286, route=BND | high_confidence_extraction_retry_review
      [路由 -> BND] 边界样本 | P=0.00, U=2.36%, F=80.00%, H=False, L=True
         [Agent仲裁] keep|keep_minor_change | 原始仲裁分: 2.7 | 限幅后最终分: 2.7 | 学生正确回答了优先级序列 (step_1) 并部分描述了主程序与A级中断的初始执行路径 (step_7_1)，根据评分标准共计3分。其余所有的中断屏蔽字全部错误（且存在整体偏移），嵌套和返回关系也均未正确描述或明确显示。没有遗漏的可给分数，也没有多给的不实分数。
✅ [批改完成] ANS_CO_602 | 路由: BND | 最终分: 2.7 | 风险: P0.00/U0.02/F0.80/H0/L1 | 提取质量: 🟢high | 留白率: 0% | 低质量率: 0%
2026-06-24 09:16:19 | INFO     | ✅ [批改完成] ANS_CO_602 | 路由: BND | 最终分: 2.7 | 风险: P0.00/U0.02/F0.80/H0/L1 | 提取质量: 🟢high | 留白率: 0% | 低质量率: 0%

🔍 [正在处理] ANS_CO_603 | 启动 3WD 流水线...
2026-06-24 09:16:19 | INFO     | 
🔍 [正在处理] ANS_CO_603 | 启动 3WD 流水线...
📢 [总进度] 54/84 份试卷已归档。
2026-06-24 09:16:19 | INFO     | 📢 [总进度] 54/84 份试卷已归档。

=============================================
Start grading student [ANS_CO_603]
=============================================
  [Stage 1] fact extraction backend=csbench_hybrid...
         [GLM-5 retry 4/4] APITimeoutError: Request timed out.... wait 20s
  [Stage 2] independent semantic grading probes...
      [完成] 第 1/3 次语义评分完成，得分: 3.0
         [GLM-5 retry 1/4] RateLimitError: Error code: 429 - {'error': {'code': '1302', 'message': '您的账户已达到速率限制，请您控制请求频率'}}... wait 5s
         [GLM-5 retry 2/4] RateLimitError: Error code: 429 - {'error': {'code': '1302', 'message': '您的账户已达到速率限制，请您控制请求频率'}}... wait 10s
         [GLM-5 retry 1/4] RateLimitError: Error code: 429 - {'error': {'code': '1302', 'message': '您的账户已达到速率限制，请您控制请求频率'}}... wait 5s
         [GLM-5 retry 1/4] APITimeoutError: Request timed out.... wait 5s
         [GLM-5 retry 2/4] RateLimitError: Error code: 429 - {'error': {'code': '1302', 'message': '您的账户已达到速率限制，请您控制请求频率'}}... wait 10s
         [Agent仲裁] keep|keep_minor_change | 原始仲裁分: 11.1 | 限幅后最终分: 11.1 | 三个评分记录在可争议项上仅相差1分：step_7_1（主程序↔A级中断的进出关系）可视为完整匹配2.0，因为学生完整路径中包含了'用户程序→A'与'A→用户程序'两个过渡，满足进出关系；step_7_4返回顺序'E→D→C→A→用户程序'与标准'D→C→B→主程序'结构性不一致（多出E、A，缺B），即使按propagated_error处理也不应给分。step_2给1.4分(格式遗漏前导0)、step_4/step_5/step_7_2/step_7_4给0分均正确。无遗漏的宽松分也无虚高之分。最终维持11.4分。
✅ [批改完成] ANS_CO_598 | 路由: BND | 最终分: 11.1 | 风险: P0.00/U0.02/F0.40/H0/L1 | 提取质量: 🟢high | 留白率: 0% | 低质量率: 0%
2026-06-24 09:25:28 | INFO     | ✅ [批改完成] ANS_CO_598 | 路由: BND | 最终分: 11.1 | 风险: P0.00/U0.02/F0.40/H0/L1 | 提取质量: 🟢high | 留白率: 0% | 低质量率: 0%

🔍 [正在处理] ANS_CO_605 | 启动 3WD 流水线...
2026-06-24 09:25:28 | INFO     | 
🔍 [正在处理] ANS_CO_605 | 启动 3WD 流水线...
📢 [总进度] 55/84 份试卷已归档。
2026-06-24 09:25:28 | INFO     | 📢 [总进度] 55/84 份试卷已归档。

=============================================
Start grading student [ANS_CO_605]
=============================================
  [Stage 1] fact extraction backend=csbench_hybrid...
         [GLM-5 retry 3/4] APITimeoutError: Request timed out.... wait 15s
  [Stage 2] independent semantic grading probes...
      [完成] 第 1/3 次语义评分完成，得分: 5
         [GLM-5 retry 3/4] RateLimitError: Error code: 429 - {'error': {'code': '1305', 'message': '该模型当前访问量过大，请您稍后再试'}}... wait 15s
      [完成] 第 2/3 次语义评分完成，得分: 3.0
      [完成] 第 2/3 次语义评分完成，得分: 8.0
      [完成] 第 3/3 次语义评分完成，得分: 5

  [探测指标] 均分=6.0, 标准差=1.4142, 留白率=0%, 感知失败率=0%, 低质量提取率=0%, 提取质量=high
      [extraction-risk] R_ext=0.01, structure_missing=10%, suspicious=10%
      [风险画像] P=0.03, U=7.07%, F=40.00%, H=False, L=True
      [A3WA可信度] R=0.283, mu=0.717, alpha=0.829, beta=0.286, route=BND | beta_lt_confidence_lt_alpha
      [路由 -> BND] 边界样本 | P=0.03, U=7.07%, F=40.00%, H=False, L=True
      [完成] 第 3/3 次语义评分完成，得分: 3.0

  [探测指标] 均分=3.0, 标准差=0.0000, 留白率=0%, 感知失败率=0%, 低质量提取率=0%, 提取质量=high
      [extraction-risk] R_ext=0.01, structure_missing=10%, suspicious=10%
      [风险画像] P=0.03, U=0.00%, F=50.00%, H=False, L=True
      [通用校准] rules=['extraction_retry_review'], UM=0.00%, MF=0.00%, cap=20.00
      [A3WA可信度] R=0.033, mu=0.967, alpha=0.829, beta=0.286, route=BND | high_confidence_extraction_retry_review
      [路由 -> BND] 边界样本 | P=0.03, U=0.00%, F=50.00%, H=False, L=True
         [Agent仲裁] keep|keep_minor_change | 原始仲裁分: 3.0 | 限幅后最终分: 3.0 | All three graders agree at 3.0. Step_1 (priority sequence) is fully correct (2.0 pts). Step_7_1 received appropriate partial credit (1.0/2.0) for showing only the entry path 用户程序→A without the return. Steps 2-6 (mask words) each contain a systematic self-bit error (diagonal set to 1 instead of 0) producing wrong final values — this is a core conceptual error in the mask-word convention, not a format issue or propagation, so 0 points each is justified. Steps 7_2-7_4 are explicitly blank. No reliable missed lenient credit or unsupported high-score credit identified.
✅ [批改完成] ANS_CO_603 | 路由: BND | 最终分: 3.0 | 风险: P0.03/U0.00/F0.50/H0/L1 | 提取质量: 🟢high | 留白率: 0% | 低质量率: 0%
2026-06-24 09:31:57 | INFO     | ✅ [批改完成] ANS_CO_603 | 路由: BND | 最终分: 3.0 | 风险: P0.03/U0.00/F0.50/H0/L1 | 提取质量: 🟢high | 留白率: 0% | 低质量率: 0%

🔍 [正在处理] ANS_CO_607 | 启动 3WD 流水线...
2026-06-24 09:31:57 | INFO     | 
🔍 [正在处理] ANS_CO_607 | 启动 3WD 流水线...
📢 [总进度] 56/84 份试卷已归档。
2026-06-24 09:31:57 | INFO     | 📢 [总进度] 56/84 份试卷已归档。

=============================================
Start grading student [ANS_CO_607]
=============================================
  [Stage 1] fact extraction backend=csbench_hybrid...
         [Agent仲裁] keep|reject_lower | 原始仲裁分: 3.0 | 限幅后最终分: 6.0 | Two of three graders agree on 5.0. Record 2's 3 extra points come from partial credit on wrong bit_vector final answers (steps 2, 4, 5) with no process evidence — each error changes actual interrupt masking behavior. Student correctly answered steps 3 and 6 (4 pts) and earned partial credit on step 7_1 (1 pt). No missed lenient credit identified.
✅ [批改完成] ANS_CO_605 | 路由: BND | 最终分: 6.0 | 风险: P0.03/U0.07/F0.40/H0/L1 | 提取质量: 🟢high | 留白率: 0% | 低质量率: 0%
2026-06-24 09:32:03 | INFO     | ✅ [批改完成] ANS_CO_605 | 路由: BND | 最终分: 6.0 | 风险: P0.03/U0.07/F0.40/H0/L1 | 提取质量: 🟢high | 留白率: 0% | 低质量率: 0%

🔍 [正在处理] ANS_CO_609 | 启动 3WD 流水线...
2026-06-24 09:32:03 | INFO     | 
🔍 [正在处理] ANS_CO_609 | 启动 3WD 流水线...
📢 [总进度] 57/84 份试卷已归档。
2026-06-24 09:32:03 | INFO     | 📢 [总进度] 57/84 份试卷已归档。

=============================================
Start grading student [ANS_CO_609]
=============================================
  [Stage 1] fact extraction backend=csbench_hybrid...
  [Stage 2] independent semantic grading probes...
  [Stage 2] independent semantic grading probes...
         [GLM-5 retry 1/4] RateLimitError: Error code: 429 - {'error': {'code': '1305', 'message': '该模型当前访问量过大，请您稍后再试'}}... wait 5s
         [GLM-5 retry 1/4] RateLimitError: Error code: 429 - {'error': {'code': '1305', 'message': '该模型当前访问量过大，请您稍后再试'}}... wait 5s
         [GLM-5 retry 2/4] RateLimitError: Error code: 429 - {'error': {'code': '1305', 'message': '该模型当前访问量过大，请您稍后再试'}}... wait 10s
         [GLM-5 retry 2/4] RateLimitError: Error code: 429 - {'error': {'code': '1305', 'message': '该模型当前访问量过大，请您稍后再试'}}... wait 10s
         [GLM-5 retry 1/4] RateLimitError: Error code: 429 - {'error': {'code': '1305', 'message': '该模型当前访问量过大，请您稍后再试'}}... wait 5s
         [GLM-5 retry 1/4] RateLimitError: Error code: 429 - {'error': {'code': '1305', 'message': '该模型当前访问量过大，请您稍后再试'}}... wait 5s
         [GLM-5 retry 3/4] RateLimitError: Error code: 429 - {'error': {'code': '1305', 'message': '该模型当前访问量过大，请您稍后再试'}}... wait 15s
         [GLM-5 retry 3/4] RateLimitError: Error code: 429 - {'error': {'code': '1305', 'message': '该模型当前访问量过大，请您稍后再试'}}... wait 15s
         [GLM-5 retry 2/4] RateLimitError: Error code: 429 - {'error': {'code': '1305', 'message': '该模型当前访问量过大，请您稍后再试'}}... wait 10s
         [GLM-5 retry 2/4] RateLimitError: Error code: 429 - {'error': {'code': '1305', 'message': '该模型当前访问量过大，请您稍后再试'}}... wait 10s
         [GLM-5 retry 4/4] RateLimitError: Error code: 429 - {'error': {'code': '1305', 'message': '该模型当前访问量过大，请您稍后再试'}}... wait 20s
         [GLM-5 retry 4/4] RateLimitError: Error code: 429 - {'error': {'code': '1305', 'message': '该模型当前访问量过大，请您稍后再试'}}... wait 20s
         [GLM-5 retry 3/4] RateLimitError: Error code: 429 - {'error': {'code': '1305', 'message': '该模型当前访问量过大，请您稍后再试'}}... wait 15s
         [GLM-5 retry 3/4] RateLimitError: Error code: 429 - {'error': {'code': '1305', 'message': '该模型当前访问量过大，请您稍后再试'}}... wait 15s
         [GLM-5 retry 4/4] RateLimitError: Error code: 429 - {'error': {'code': '1305', 'message': '该模型当前访问量过大，请您稍后再试'}}... wait 20s
         [GLM-5 retry 4/4] RateLimitError: Error code: 429 - {'error': {'code': '1305', 'message': '该模型当前访问量过大，请您稍后再试'}}... wait 20s
         [GLM-5 retry 1/4] RateLimitError: Error code: 429 - {'error': {'code': '1305', 'message': '该模型当前访问量过大，请您稍后再试'}}... wait 5s
         [GLM-5 retry 1/4] RateLimitError: Error code: 429 - {'error': {'code': '1305', 'message': '该模型当前访问量过大，请您稍后再试'}}... wait 5s
         [GLM-5 retry 2/4] RateLimitError: Error code: 429 - {'error': {'code': '1305', 'message': '该模型当前访问量过大，请您稍后再试'}}... wait 10s
         [GLM-5 retry 2/4] RateLimitError: Error code: 429 - {'error': {'code': '1305', 'message': '该模型当前访问量过大，请您稍后再试'}}... wait 10s
         [GLM-5 retry 1/4] RateLimitError: Error code: 429 - {'error': {'code': '1305', 'message': '该模型当前访问量过大，请您稍后再试'}}... wait 5s
         [GLM-5 retry 3/4] RateLimitError: Error code: 429 - {'error': {'code': '1305', 'message': '该模型当前访问量过大，请您稍后再试'}}... wait 15s
         [GLM-5 retry 3/4] RateLimitError: Error code: 429 - {'error': {'code': '1305', 'message': '该模型当前访问量过大，请您稍后再试'}}... wait 15s
         [GLM-5 retry 2/4] RateLimitError: Error code: 429 - {'error': {'code': '1305', 'message': '该模型当前访问量过大，请您稍后再试'}}... wait 10s
         [GLM-5 retry 4/4] RateLimitError: Error code: 429 - {'error': {'code': '1305', 'message': '该模型当前访问量过大，请您稍后再试'}}... wait 20s
         [GLM-5 retry 4/4] RateLimitError: Error code: 429 - {'error': {'code': '1305', 'message': '该模型当前访问量过大，请您稍后再试'}}... wait 20s
         [GLM-5 retry 3/4] RateLimitError: Error code: 429 - {'error': {'code': '1305', 'message': '该模型当前访问量过大，请您稍后再试'}}... wait 15s
         [GLM-5 retry 4/4] RateLimitError: Error code: 429 - {'error': {'code': '1305', 'message': '该模型当前访问量过大，请您稍后再试'}}... wait 20s
         [GLM-5 retry 1/4] RateLimitError: Error code: 429 - {'error': {'code': '1305', 'message': '该模型当前访问量过大，请您稍后再试'}}... wait 5s
         [GLM-5 retry 1/4] RateLimitError: Error code: 429 - {'error': {'code': '1305', 'message': '该模型当前访问量过大，请您稍后再试'}}... wait 5s
         [GLM-5 retry 2/4] RateLimitError: Error code: 429 - {'error': {'code': '1305', 'message': '该模型当前访问量过大，请您稍后再试'}}... wait 10s
         [GLM-5 retry 2/4] RateLimitError: Error code: 429 - {'error': {'code': '1305', 'message': '该模型当前访问量过大，请您稍后再试'}}... wait 10s
         [GLM-5 retry 1/4] RateLimitError: Error code: 429 - {'error': {'code': '1305', 'message': '该模型当前访问量过大，请您稍后再试'}}... wait 5s
         [GLM-5 retry 3/4] RateLimitError: Error code: 429 - {'error': {'code': '1305', 'message': '该模型当前访问量过大，请您稍后再试'}}... wait 15s
         [GLM-5 retry 4/4] RateLimitError: Error code: 429 - {'error': {'code': '1305', 'message': '该模型当前访问量过大，请您稍后再试'}}... wait 20s
         [GLM-5 retry 1/4] RateLimitError: Error code: 429 - {'error': {'code': '1305', 'message': '该模型当前访问量过大，请您稍后再试'}}... wait 5s
         [GLM-5 retry 2/4] RateLimitError: Error code: 429 - {'error': {'code': '1305', 'message': '该模型当前访问量过大，请您稍后再试'}}... wait 10s
         [GLM-5 retry 3/4] RateLimitError: Error code: 429 - {'error': {'code': '1305', 'message': '该模型当前访问量过大，请您稍后再试'}}... wait 15s
         [GLM-5 retry 4/4] RateLimitError: Error code: 429 - {'error': {'code': '1305', 'message': '该模型当前访问量过大，请您稍后再试'}}... wait 20s
         [GLM-5 retry 1/4] RateLimitError: Error code: 429 - {'error': {'code': '1305', 'message': '该模型当前访问量过大，请您稍后再试'}}... wait 5s
         [GLM-5 retry 3/4] RateLimitError: Error code: 429 - {'error': {'code': '1305', 'message': '该模型当前访问量过大，请您稍后再试'}}... wait 15s
         [GLM-5 retry 2/4] RateLimitError: Error code: 429 - {'error': {'code': '1305', 'message': '该模型当前访问量过大，请您稍后再试'}}... wait 10s
         [GLM-5 retry 2/4] RateLimitError: Error code: 429 - {'error': {'code': '1305', 'message': '该模型当前访问量过大，请您稍后再试'}}... wait 10s
         [GLM-5 retry 3/4] RateLimitError: Error code: 429 - {'error': {'code': '1305', 'message': '该模型当前访问量过大，请您稍后再试'}}... wait 15s
      [完成] 第 3/3 次语义评分完成，得分: 3.5
         [GLM-5 retry 4/4] RateLimitError: Error code: 429 - {'error': {'code': '1305', 'message': '该模型当前访问量过大，请您稍后再试'}}... wait 20s
         [GLM-5 retry 3/4] RateLimitError: Error code: 429 - {'error': {'code': '1305', 'message': '该模型当前访问量过大，请您稍后再试'}}... wait 15s
         [GLM-5 retry 4/4] RateLimitError: Error code: 429 - {'error': {'code': '1305', 'message': '该模型当前访问量过大，请您稍后再试'}}... wait 20s
         [GLM-5 retry 4/4] RateLimitError: Error code: 429 - {'error': {'code': '1305', 'message': '该模型当前访问量过大，请您稍后再试'}}... wait 20s

  [探测指标] 均分=3.5, 标准差=0.0000, 留白率=0%, 感知失败率=0%, 低质量提取率=0%, 提取质量=high
      [extraction-risk] R_ext=0.07, structure_missing=50%, suspicious=50%
      [风险画像] P=0.15, U=0.00%, F=0.00%, H=False, L=True
      [通用校准] rules=['structure_missing_review'], UM=0.00%, MF=0.00%, cap=20.00
      [A3WA可信度] R=0.167, mu=0.833, alpha=0.829, beta=0.286, route=BND | high_confidence_low_score_nonblank_review
      [路由 -> BND] 边界样本 | P=0.15, U=0.00%, F=0.00%, H=False, L=True
         [GLM-5 retry 1/4] RateLimitError: Error code: 429 - {'error': {'code': '1305', 'message': '该模型当前访问量过大，请您稍后再试'}}... wait 5s
         [GLM-5 retry 2/4] RateLimitError: Error code: 429 - {'error': {'code': '1305', 'message': '该模型当前访问量过大，请您稍后再试'}}... wait 10s
         [GLM-5 retry 1/4] RateLimitError: Error code: 429 - {'error': {'code': '1305', 'message': '该模型当前访问量过大，请您稍后再试'}}... wait 5s
         [GLM-5 retry 3/4] RateLimitError: Error code: 429 - {'error': {'code': '1305', 'message': '该模型当前访问量过大，请您稍后再试'}}... wait 15s
         [GLM-5 retry 4/4] RateLimitError: Error code: 429 - {'error': {'code': '1305', 'message': '该模型当前访问量过大，请您稍后再试'}}... wait 20s
         [GLM-5 retry 1/4] RateLimitError: Error code: 429 - {'error': {'code': '1305', 'message': '该模型当前访问量过大，请您稍后再试'}}... wait 5s
         [GLM-5 retry 2/4] RateLimitError: Error code: 429 - {'error': {'code': '1305', 'message': '该模型当前访问量过大，请您稍后再试'}}... wait 10s
         [Agent仲裁] keep|keep_minor_change | 原始仲裁分: 3.5 | 限幅后最终分: 3.5 | step_1 priority sequence is correct and awarded full 2.0. Steps 2-6 (masking words) are genuine blanks ('需要查看图像' with no values), correctly scored 0. For the execution diagram steps, the student only provided a single linear path '用户程序→A→D→C→E→B→用户程序' which fails to capture nesting relationships (C interrupting B, D interrupting C) and the independent return of A. step_7_1 (1.0/2.0) is fair for showing A's entry from user program but not its independent return. step_7_4 (0.5/2.0) is slightly lenient for showing only B→user program as the last return step, but within acceptable partial-match bounds. No significant missed lenient credit and no unsupported high-score credit identified.
✅ [批改完成] ANS_CO_607 | 路由: BND | 最终分: 3.5 | 风险: P0.15/U0.00/F0.00/H0/L1 | 提取质量: 🟢high | 留白率: 0% | 低质量率: 0%
2026-06-24 09:44:57 | INFO     | ✅ [批改完成] ANS_CO_607 | 路由: BND | 最终分: 3.5 | 风险: P0.15/U0.00/F0.00/H0/L1 | 提取质量: 🟢high | 留白率: 0% | 低质量率: 0%

🔍 [正在处理] ANS_CO_610 | 启动 3WD 流水线...
2026-06-24 09:44:57 | INFO     | 
🔍 [正在处理] ANS_CO_610 | 启动 3WD 流水线...
📢 [总进度] 58/84 份试卷已归档。
2026-06-24 09:44:57 | INFO     | 📢 [总进度] 58/84 份试卷已归档。

=============================================
Start grading student [ANS_CO_610]
=============================================
  [Stage 1] fact extraction backend=csbench_hybrid...
  [Stage 2] independent semantic grading probes...
         [GLM-5 retry 1/4] RateLimitError: Error code: 429 - {'error': {'code': '1305', 'message': '该模型当前访问量过大，请您稍后再试'}}... wait 5s
         [GLM-5 retry 1/4] RateLimitError: Error code: 429 - {'error': {'code': '1305', 'message': '该模型当前访问量过大，请您稍后再试'}}... wait 5s
         [GLM-5 retry 2/4] RateLimitError: Error code: 429 - {'error': {'code': '1305', 'message': '该模型当前访问量过大，请您稍后再试'}}... wait 10s
         [GLM-5 retry 2/4] APITimeoutError: Request timed out.... wait 10s
         [GLM-5 retry 2/4] RateLimitError: Error code: 429 - {'error': {'code': '1305', 'message': '该模型当前访问量过大，请您稍后再试'}}... wait 10s
         [GLM-5 retry 3/4] RateLimitError: Error code: 429 - {'error': {'code': '1305', 'message': '该模型当前访问量过大，请您稍后再试'}}... wait 15s
         [GLM-5 retry 3/4] RateLimitError: Error code: 429 - {'error': {'code': '1305', 'message': '该模型当前访问量过大，请您稍后再试'}}... wait 15s
         [GLM-5 retry 3/4] RateLimitError: Error code: 429 - {'error': {'code': '1305', 'message': '该模型当前访问量过大，请您稍后再试'}}... wait 15s
         [GLM-5 retry 4/4] RateLimitError: Error code: 429 - {'error': {'code': '1305', 'message': '该模型当前访问量过大，请您稍后再试'}}... wait 20s
         [GLM-5 retry 4/4] RateLimitError: Error code: 429 - {'error': {'code': '1305', 'message': '该模型当前访问量过大，请您稍后再试'}}... wait 20s
         [GLM-5 retry 4/4] RateLimitError: Error code: 429 - {'error': {'code': '1305', 'message': '该模型当前访问量过大，请您稍后再试'}}... wait 20s
         [GLM-5 retry 1/4] RateLimitError: Error code: 429 - {'error': {'code': '1305', 'message': '该模型当前访问量过大，请您稍后再试'}}... wait 5s
         [GLM-5 retry 2/4] RateLimitError: Error code: 429 - {'error': {'code': '1305', 'message': '该模型当前访问量过大，请您稍后再试'}}... wait 10s
         [GLM-5 retry 1/4] RateLimitError: Error code: 429 - {'error': {'code': '1305', 'message': '该模型当前访问量过大，请您稍后再试'}}... wait 5s
         [GLM-5 retry 1/4] RateLimitError: Error code: 429 - {'error': {'code': '1305', 'message': '该模型当前访问量过大，请您稍后再试'}}... wait 5s
         [GLM-5 retry 2/4] RateLimitError: Error code: 429 - {'error': {'code': '1305', 'message': '该模型当前访问量过大，请您稍后再试'}}... wait 10s
         [GLM-5 retry 2/4] RateLimitError: Error code: 429 - {'error': {'code': '1305', 'message': '该模型当前访问量过大，请您稍后再试'}}... wait 10s
         [GLM-5 retry 3/4] RateLimitError: Error code: 429 - {'error': {'code': '1305', 'message': '该模型当前访问量过大，请您稍后再试'}}... wait 15s
         [GLM-5 retry 3/4] RateLimitError: Error code: 429 - {'error': {'code': '1305', 'message': '该模型当前访问量过大，请您稍后再试'}}... wait 15s
         [GLM-5 retry 3/4] RateLimitError: Error code: 429 - {'error': {'code': '1305', 'message': '该模型当前访问量过大，请您稍后再试'}}... wait 15s
         [GLM-5 retry 4/4] RateLimitError: Error code: 429 - {'error': {'code': '1305', 'message': '该模型当前访问量过大，请您稍后再试'}}... wait 20s
         [GLM-5 retry 4/4] RateLimitError: Error code: 429 - {'error': {'code': '1305', 'message': '该模型当前访问量过大，请您稍后再试'}}... wait 20s
         [GLM-5 retry 4/4] RateLimitError: Error code: 429 - {'error': {'code': '1305', 'message': '该模型当前访问量过大，请您稍后再试'}}... wait 20s
         [GLM-5 retry 1/4] RateLimitError: Error code: 429 - {'error': {'code': '1305', 'message': '该模型当前访问量过大，请您稍后再试'}}... wait 5s
         [GLM-5 retry 2/4] RateLimitError: Error code: 429 - {'error': {'code': '1305', 'message': '该模型当前访问量过大，请您稍后再试'}}... wait 10s
         [GLM-5 retry 1/4] RateLimitError: Error code: 429 - {'error': {'code': '1305', 'message': '该模型当前访问量过大，请您稍后再试'}}... wait 5s
         [GLM-5 retry 1/4] RateLimitError: Error code: 429 - {'error': {'code': '1305', 'message': '该模型当前访问量过大，请您稍后再试'}}... wait 5s
         [GLM-5 retry 2/4] RateLimitError: Error code: 429 - {'error': {'code': '1305', 'message': '该模型当前访问量过大，请您稍后再试'}}... wait 10s
         [GLM-5 retry 2/4] RateLimitError: Error code: 429 - {'error': {'code': '1305', 'message': '该模型当前访问量过大，请您稍后再试'}}... wait 10s
         [GLM-5 retry 3/4] RateLimitError: Error code: 429 - {'error': {'code': '1305', 'message': '该模型当前访问量过大，请您稍后再试'}}... wait 15s
         [GLM-5 retry 3/4] RateLimitError: Error code: 429 - {'error': {'code': '1305', 'message': '该模型当前访问量过大，请您稍后再试'}}... wait 15s
         [GLM-5 retry 3/4] RateLimitError: Error code: 429 - {'error': {'code': '1305', 'message': '该模型当前访问量过大，请您稍后再试'}}... wait 15s
         [GLM-5 retry 4/4] RateLimitError: Error code: 429 - {'error': {'code': '1305', 'message': '该模型当前访问量过大，请您稍后再试'}}... wait 20s
         [GLM-5 retry 4/4] RateLimitError: Error code: 429 - {'error': {'code': '1305', 'message': '该模型当前访问量过大，请您稍后再试'}}... wait 20s
         [GLM-5 retry 4/4] RateLimitError: Error code: 429 - {'error': {'code': '1305', 'message': '该模型当前访问量过大，请您稍后再试'}}... wait 20s

🔍 [正在处理] ANS_CO_612 | 启动 3WD 流水线...
2026-06-24 09:51:20 | INFO     | 
🔍 [正在处理] ANS_CO_612 | 启动 3WD 流水线...

=============================================
Start grading student [ANS_CO_612]
=============================================
  [Stage 1] fact extraction backend=csbench_hybrid...
[failed sample recorded] ANS_CO_609 | stage2_failed: all semantic grading probes failed or returned unparsable scores
2026-06-24 09:51:20 | ERROR    | [failed sample recorded] ANS_CO_609 | stage2_failed: all semantic grading probes failed or returned unparsable scores
         [GLM-5.1 mapping retry 1/4] RateLimitError: Error code: 429 - {'error': {'code': '1305', 'message': '该模型当前访问量过大，请您稍后再试'}}... wait 5s
         [GLM-5 retry 1/4] RateLimitError: Error code: 429 - {'error': {'code': '1305', 'message': '该模型当前访问量过大，请您稍后再试'}}... wait 5s
         [GLM-5 retry 2/4] RateLimitError: Error code: 429 - {'error': {'code': '1305', 'message': '该模型当前访问量过大，请您稍后再试'}}... wait 10s
  [Stage 2] independent semantic grading probes...
         [GLM-5 retry 3/4] RateLimitError: Error code: 429 - {'error': {'code': '1305', 'message': '该模型当前访问量过大，请您稍后再试'}}... wait 15s
         [GLM-5 retry 4/4] RateLimitError: Error code: 429 - {'error': {'code': '1305', 'message': '该模型当前访问量过大，请您稍后再试'}}... wait 20s
         [GLM-5 retry 1/4] RateLimitError: Error code: 429 - {'error': {'code': '1305', 'message': '该模型当前访问量过大，请您稍后再试'}}... wait 5s
         [GLM-5 retry 2/4] RateLimitError: Error code: 429 - {'error': {'code': '1305', 'message': '该模型当前访问量过大，请您稍后再试'}}... wait 10s
         [GLM-5 retry 3/4] RateLimitError: Error code: 429 - {'error': {'code': '1305', 'message': '该模型当前访问量过大，请您稍后再试'}}... wait 15s
         [GLM-5 retry 4/4] RateLimitError: Error code: 429 - {'error': {'code': '1305', 'message': '该模型当前访问量过大，请您稍后再试'}}... wait 20s
         [GLM-5 retry 1/4] RateLimitError: Error code: 429 - {'error': {'code': '1305', 'message': '该模型当前访问量过大，请您稍后再试'}}... wait 5s
         [GLM-5 retry 1/4] RateLimitError: Error code: 429 - {'error': {'code': '1305', 'message': '该模型当前访问量过大，请您稍后再试'}}... wait 5s
         [GLM-5 retry 1/4] RateLimitError: Error code: 429 - {'error': {'code': '1305', 'message': '该模型当前访问量过大，请您稍后再试'}}... wait 5s
         [GLM-5 retry 2/4] RateLimitError: Error code: 429 - {'error': {'code': '1305', 'message': '该模型当前访问量过大，请您稍后再试'}}... wait 10s
         [GLM-5 retry 2/4] RateLimitError: Error code: 429 - {'error': {'code': '1305', 'message': '该模型当前访问量过大，请您稍后再试'}}... wait 10s
         [GLM-5 retry 2/4] RateLimitError: Error code: 429 - {'error': {'code': '1305', 'message': '该模型当前访问量过大，请您稍后再试'}}... wait 10s
         [GLM-5 retry 3/4] RateLimitError: Error code: 429 - {'error': {'code': '1305', 'message': '该模型当前访问量过大，请您稍后再试'}}... wait 15s
         [GLM-5 retry 3/4] RateLimitError: Error code: 429 - {'error': {'code': '1305', 'message': '该模型当前访问量过大，请您稍后再试'}}... wait 15s
         [GLM-5 retry 3/4] RateLimitError: Error code: 429 - {'error': {'code': '1305', 'message': '该模型当前访问量过大，请您稍后再试'}}... wait 15s
         [GLM-5 retry 4/4] RateLimitError: Error code: 429 - {'error': {'code': '1305', 'message': '该模型当前访问量过大，请您稍后再试'}}... wait 20s
         [GLM-5 retry 4/4] RateLimitError: Error code: 429 - {'error': {'code': '1305', 'message': '该模型当前访问量过大，请您稍后再试'}}... wait 20s
         [GLM-5 retry 4/4] RateLimitError: Error code: 429 - {'error': {'code': '1305', 'message': '该模型当前访问量过大，请您稍后再试'}}... wait 20s
         [GLM-5 retry 1/4] RateLimitError: Error code: 429 - {'error': {'code': '1305', 'message': '该模型当前访问量过大，请您稍后再试'}}... wait 5s

🔍 [正在处理] ANS_CO_613 | 启动 3WD 流水线...
2026-06-24 09:56:32 | INFO     | 
🔍 [正在处理] ANS_CO_613 | 启动 3WD 流水线...

=============================================
Start grading student [ANS_CO_613]
=============================================
  [Stage 1] fact extraction backend=csbench_hybrid...
[failed sample recorded] ANS_CO_610 | stage2_failed: all semantic grading probes failed or returned unparsable scores
2026-06-24 09:56:32 | ERROR    | [failed sample recorded] ANS_CO_610 | stage2_failed: all semantic grading probes failed or returned unparsable scores
  [Stage 2] independent semantic grading probes...
         [GLM-5 retry 1/4] RateLimitError: Error code: 429 - {'error': {'code': '1305', 'message': '该模型当前访问量过大，请您稍后再试'}}... wait 5s
         [GLM-5 retry 1/4] RateLimitError: Error code: 429 - {'error': {'code': '1305', 'message': '该模型当前访问量过大，请您稍后再试'}}... wait 5s
         [GLM-5 retry 2/4] RateLimitError: Error code: 429 - {'error': {'code': '1305', 'message': '该模型当前访问量过大，请您稍后再试'}}... wait 10s
         [GLM-5 retry 2/4] RateLimitError: Error code: 429 - {'error': {'code': '1305', 'message': '该模型当前访问量过大，请您稍后再试'}}... wait 10s
         [GLM-5 retry 2/4] RateLimitError: Error code: 429 - {'error': {'code': '1305', 'message': '该模型当前访问量过大，请您稍后再试'}}... wait 10s
         [GLM-5 retry 3/4] RateLimitError: Error code: 429 - {'error': {'code': '1305', 'message': '该模型当前访问量过大，请您稍后再试'}}... wait 15s
         [GLM-5 retry 3/4] RateLimitError: Error code: 429 - {'error': {'code': '1305', 'message': '该模型当前访问量过大，请您稍后再试'}}... wait 15s
         [GLM-5 retry 3/4] RateLimitError: Error code: 429 - {'error': {'code': '1305', 'message': '该模型当前访问量过大，请您稍后再试'}}... wait 15s
         [GLM-5 retry 4/4] RateLimitError: Error code: 429 - {'error': {'code': '1305', 'message': '该模型当前访问量过大，请您稍后再试'}}... wait 20s
         [GLM-5 retry 4/4] RateLimitError: Error code: 429 - {'error': {'code': '1305', 'message': '该模型当前访问量过大，请您稍后再试'}}... wait 20s
         [GLM-5 retry 4/4] RateLimitError: Error code: 429 - {'error': {'code': '1305', 'message': '该模型当前访问量过大，请您稍后再试'}}... wait 20s
         [GLM-5 retry 1/4] RateLimitError: Error code: 429 - {'error': {'code': '1305', 'message': '该模型当前访问量过大，请您稍后再试'}}... wait 5s
         [GLM-5 retry 1/4] RateLimitError: Error code: 429 - {'error': {'code': '1305', 'message': '该模型当前访问量过大，请您稍后再试'}}... wait 5s
         [GLM-5 retry 1/4] RateLimitError: Error code: 429 - {'error': {'code': '1305', 'message': '该模型当前访问量过大，请您稍后再试'}}... wait 5s
         [GLM-5 retry 2/4] RateLimitError: Error code: 429 - {'error': {'code': '1305', 'message': '该模型当前访问量过大，请您稍后再试'}}... wait 10s
         [GLM-5 retry 2/4] RateLimitError: Error code: 429 - {'error': {'code': '1305', 'message': '该模型当前访问量过大，请您稍后再试'}}... wait 10s
         [GLM-5 retry 2/4] RateLimitError: Error code: 429 - {'error': {'code': '1305', 'message': '该模型当前访问量过大，请您稍后再试'}}... wait 10s
         [GLM-5 retry 3/4] RateLimitError: Error code: 429 - {'error': {'code': '1305', 'message': '该模型当前访问量过大，请您稍后再试'}}... wait 15s
         [GLM-5 retry 3/4] RateLimitError: Error code: 429 - {'error': {'code': '1305', 'message': '该模型当前访问量过大，请您稍后再试'}}... wait 15s
         [GLM-5 retry 3/4] RateLimitError: Error code: 429 - {'error': {'code': '1305', 'message': '该模型当前访问量过大，请您稍后再试'}}... wait 15s
         [GLM-5 retry 4/4] RateLimitError: Error code: 429 - {'error': {'code': '1305', 'message': '该模型当前访问量过大，请您稍后再试'}}... wait 20s
         [GLM-5 retry 4/4] RateLimitError: Error code: 429 - {'error': {'code': '1305', 'message': '该模型当前访问量过大，请您稍后再试'}}... wait 20s
         [GLM-5 retry 4/4] RateLimitError: Error code: 429 - {'error': {'code': '1305', 'message': '该模型当前访问量过大，请您稍后再试'}}... wait 20s
         [GLM-5 retry 1/4] RateLimitError: Error code: 429 - {'error': {'code': '1305', 'message': '该模型当前访问量过大，请您稍后再试'}}... wait 5s
         [GLM-5 retry 1/4] RateLimitError: Error code: 429 - {'error': {'code': '1305', 'message': '该模型当前访问量过大，请您稍后再试'}}... wait 5s
         [GLM-5 retry 1/4] RateLimitError: Error code: 429 - {'error': {'code': '1305', 'message': '该模型当前访问量过大，请您稍后再试'}}... wait 5s
         [GLM-5 retry 1/4] RateLimitError: Error code: 429 - {'error': {'code': '1305', 'message': '该模型当前访问量过大，请您稍后再试'}}... wait 5s
         [GLM-5 retry 2/4] RateLimitError: Error code: 429 - {'error': {'code': '1305', 'message': '该模型当前访问量过大，请您稍后再试'}}... wait 10s
         [GLM-5 retry 2/4] RateLimitError: Error code: 429 - {'error': {'code': '1305', 'message': '该模型当前访问量过大，请您稍后再试'}}... wait 10s
         [GLM-5 retry 2/4] RateLimitError: Error code: 429 - {'error': {'code': '1305', 'message': '该模型当前访问量过大，请您稍后再试'}}... wait 10s
         [GLM-5 retry 2/4] RateLimitError: Error code: 429 - {'error': {'code': '1305', 'message': '该模型当前访问量过大，请您稍后再试'}}... wait 10s
         [GLM-5 retry 3/4] RateLimitError: Error code: 429 - {'error': {'code': '1305', 'message': '该模型当前访问量过大，请您稍后再试'}}... wait 15s
         [GLM-5 retry 3/4] RateLimitError: Error code: 429 - {'error': {'code': '1305', 'message': '该模型当前访问量过大，请您稍后再试'}}... wait 15s
         [GLM-5 retry 3/4] RateLimitError: Error code: 429 - {'error': {'code': '1305', 'message': '该模型当前访问量过大，请您稍后再试'}}... wait 15s
         [GLM-5 retry 3/4] RateLimitError: Error code: 429 - {'error': {'code': '1305', 'message': '该模型当前访问量过大，请您稍后再试'}}... wait 15s
         [GLM-5 retry 4/4] RateLimitError: Error code: 429 - {'error': {'code': '1305', 'message': '该模型当前访问量过大，请您稍后再试'}}... wait 20s
         [GLM-5 retry 4/4] RateLimitError: Error code: 429 - {'error': {'code': '1305', 'message': '该模型当前访问量过大，请您稍后再试'}}... wait 20s
         [GLM-5 retry 4/4] RateLimitError: Error code: 429 - {'error': {'code': '1305', 'message': '该模型当前访问量过大，请您稍后再试'}}... wait 20s
         [GLM-5 retry 4/4] RateLimitError: Error code: 429 - {'error': {'code': '1305', 'message': '该模型当前访问量过大，请您稍后再试'}}... wait 20s
         [GLM-5 retry 1/4] RateLimitError: Error code: 429 - {'error': {'code': '1305', 'message': '该模型当前访问量过大，请您稍后再试'}}... wait 5s
         [GLM-5 retry 1/4] RateLimitError: Error code: 429 - {'error': {'code': '1305', 'message': '该模型当前访问量过大，请您稍后再试'}}... wait 5s
         [GLM-5 retry 1/4] RateLimitError: Error code: 429 - {'error': {'code': '1305', 'message': '该模型当前访问量过大，请您稍后再试'}}... wait 5s
         [GLM-5 retry 2/4] RateLimitError: Error code: 429 - {'error': {'code': '1305', 'message': '该模型当前访问量过大，请您稍后再试'}}... wait 10s
         [GLM-5 retry 2/4] RateLimitError: Error code: 429 - {'error': {'code': '1305', 'message': '该模型当前访问量过大，请您稍后再试'}}... wait 10s
         [GLM-5 retry 2/4] RateLimitError: Error code: 429 - {'error': {'code': '1305', 'message': '该模型当前访问量过大，请您稍后再试'}}... wait 10s
         [GLM-5 retry 3/4] RateLimitError: Error code: 429 - {'error': {'code': '1305', 'message': '该模型当前访问量过大，请您稍后再试'}}... wait 15s
         [GLM-5 retry 3/4] RateLimitError: Error code: 429 - {'error': {'code': '1305', 'message': '该模型当前访问量过大，请您稍后再试'}}... wait 15s
         [GLM-5 retry 4/4] RateLimitError: Error code: 429 - {'error': {'code': '1305', 'message': '该模型当前访问量过大，请您稍后再试'}}... wait 20s
         [GLM-5 retry 4/4] RateLimitError: Error code: 429 - {'error': {'code': '1305', 'message': '该模型当前访问量过大，请您稍后再试'}}... wait 20s
         [GLM-5 retry 1/4] RateLimitError: Error code: 429 - {'error': {'code': '1305', 'message': '该模型当前访问量过大，请您稍后再试'}}... wait 5s
         [GLM-5 retry 2/4] RateLimitError: Error code: 429 - {'error': {'code': '1305', 'message': '该模型当前访问量过大，请您稍后再试'}}... wait 10s
         [GLM-5 retry 3/4] RateLimitError: Error code: 429 - {'error': {'code': '1305', 'message': '该模型当前访问量过大，请您稍后再试'}}... wait 15s
         [GLM-5 retry 4/4] RateLimitError: Error code: 429 - {'error': {'code': '1305', 'message': '该模型当前访问量过大，请您稍后再试'}}... wait 20s
         [GLM-5 retry 1/4] RateLimitError: Error code: 429 - {'error': {'code': '1305', 'message': '该模型当前访问量过大，请您稍后再试'}}... wait 5s
         [GLM-5 retry 2/4] RateLimitError: Error code: 429 - {'error': {'code': '1305', 'message': '该模型当前访问量过大，请您稍后再试'}}... wait 10s
         [GLM-5 retry 3/4] RateLimitError: Error code: 429 - {'error': {'code': '1305', 'message': '该模型当前访问量过大，请您稍后再试'}}... wait 15s
         [GLM-5 retry 4/4] RateLimitError: Error code: 429 - {'error': {'code': '1305', 'message': '该模型当前访问量过大，请您稍后再试'}}... wait 20s
         [GLM-5 retry 1/4] RateLimitError: Error code: 429 - {'error': {'code': '1305', 'message': '该模型当前访问量过大，请您稍后再试'}}... wait 5s

🔍 [正在处理] ANS_CO_614 | 启动 3WD 流水线...
2026-06-24 10:02:37 | INFO     | 
🔍 [正在处理] ANS_CO_614 | 启动 3WD 流水线...

=============================================
Start grading student [ANS_CO_614]
=============================================
  [Stage 1] fact extraction backend=csbench_hybrid...
[failed sample recorded] ANS_CO_613 | stage2_failed: all semantic grading probes failed or returned unparsable scores
2026-06-24 10:02:37 | ERROR    | [failed sample recorded] ANS_CO_613 | stage2_failed: all semantic grading probes failed or returned unparsable scores
         [GLM-5.1 mapping retry 1/4] RateLimitError: Error code: 429 - {'error': {'code': '1305', 'message': '该模型当前访问量过大，请您稍后再试'}}... wait 5s
         [GLM-5 retry 2/4] RateLimitError: Error code: 429 - {'error': {'code': '1305', 'message': '该模型当前访问量过大，请您稍后再试'}}... wait 10s
         [GLM-5.1 mapping retry 2/4] RateLimitError: Error code: 429 - {'error': {'code': '1305', 'message': '该模型当前访问量过大，请您稍后再试'}}... wait 10s
         [GLM-5 retry 3/4] RateLimitError: Error code: 429 - {'error': {'code': '1305', 'message': '该模型当前访问量过大，请您稍后再试'}}... wait 15s
         [GLM-5.1 mapping retry 3/4] RateLimitError: Error code: 429 - {'error': {'code': '1305', 'message': '该模型当前访问量过大，请您稍后再试'}}... wait 15s
         [GLM-5 retry 4/4] RateLimitError: Error code: 429 - {'error': {'code': '1305', 'message': '该模型当前访问量过大，请您稍后再试'}}... wait 20s
         [GLM-5.1 mapping retry 4/4] RateLimitError: Error code: 429 - {'error': {'code': '1305', 'message': '该模型当前访问量过大，请您稍后再试'}}... wait 20s

🔍 [正在处理] ANS_CO_615 | 启动 3WD 流水线...
2026-06-24 10:03:35 | INFO     | 
🔍 [正在处理] ANS_CO_615 | 启动 3WD 流水线...

=============================================
Start grading student [ANS_CO_615]
=============================================
  [Stage 1] fact extraction backend=csbench_hybrid...
[failed sample recorded] ANS_CO_614 | stage1_failed: GLM-5.1 OCR fact mapping failed after 4 attempts
2026-06-24 10:03:35 | ERROR    | [failed sample recorded] ANS_CO_614 | stage1_failed: GLM-5.1 OCR fact mapping failed after 4 attempts
         [GLM-5.1 mapping retry 1/4] RateLimitError: Error code: 429 - {'error': {'code': '1305', 'message': '该模型当前访问量过大，请您稍后再试'}}... wait 5s
         [GLM-5.1 mapping retry 2/4] RateLimitError: Error code: 429 - {'error': {'code': '1305', 'message': '该模型当前访问量过大，请您稍后再试'}}... wait 10s
         [GLM-5 retry 3/4] RateLimitError: Error code: 429 - {'error': {'code': '1305', 'message': '该模型当前访问量过大，请您稍后再试'}}... wait 15s
         [GLM-5.1 mapping retry 3/4] RateLimitError: Error code: 429 - {'error': {'code': '1305', 'message': '该模型当前访问量过大，请您稍后再试'}}... wait 15s
         [GLM-5 retry 4/4] RateLimitError: Error code: 429 - {'error': {'code': '1305', 'message': '该模型当前访问量过大，请您稍后再试'}}... wait 20s
         [GLM-5.1 mapping retry 4/4] RateLimitError: Error code: 429 - {'error': {'code': '1305', 'message': '该模型当前访问量过大，请您稍后再试'}}... wait 20s

🔍 [正在处理] ANS_CO_617 | 启动 3WD 流水线...
2026-06-24 10:04:32 | INFO     | 
🔍 [正在处理] ANS_CO_617 | 启动 3WD 流水线...

=============================================
Start grading student [ANS_CO_617]
=============================================
  [Stage 1] fact extraction backend=csbench_hybrid...
[failed sample recorded] ANS_CO_612 | stage2_failed: all semantic grading probes failed or returned unparsable scores
2026-06-24 10:04:32 | ERROR    | [failed sample recorded] ANS_CO_612 | stage2_failed: all semantic grading probes failed or returned unparsable scores

🔍 [正在处理] ANS_CO_619 | 启动 3WD 流水线...
2026-06-24 10:04:33 | INFO     | 
🔍 [正在处理] ANS_CO_619 | 启动 3WD 流水线...

=============================================
Start grading student [ANS_CO_619]
=============================================
  [Stage 1] fact extraction backend=csbench_hybrid...
[failed sample recorded] ANS_CO_615 | stage1_failed: GLM-5.1 OCR fact mapping failed after 4 attempts
2026-06-24 10:04:33 | ERROR    | [failed sample recorded] ANS_CO_615 | stage1_failed: GLM-5.1 OCR fact mapping failed after 4 attempts
         [GLM-5.1 mapping retry 1/4] RateLimitError: Error code: 429 - {'error': {'code': '1305', 'message': '该模型当前访问量过大，请您稍后再试'}}... wait 5s
         [GLM-5.1 mapping retry 1/4] RateLimitError: Error code: 429 - {'error': {'code': '1305', 'message': '该模型当前访问量过大，请您稍后再试'}}... wait 5s
         [GLM-5.1 mapping retry 2/4] RateLimitError: Error code: 429 - {'error': {'code': '1305', 'message': '该模型当前访问量过大，请您稍后再试'}}... wait 10s
         [GLM-5.1 mapping retry 2/4] RateLimitError: Error code: 429 - {'error': {'code': '1305', 'message': '该模型当前访问量过大，请您稍后再试'}}... wait 10s
         [GLM-5.1 mapping retry 3/4] RateLimitError: Error code: 429 - {'error': {'code': '1305', 'message': '该模型当前访问量过大，请您稍后再试'}}... wait 15s
         [GLM-5.1 mapping retry 3/4] RateLimitError: Error code: 429 - {'error': {'code': '1305', 'message': '该模型当前访问量过大，请您稍后再试'}}... wait 15s
         [GLM-5.1 mapping retry 4/4] RateLimitError: Error code: 429 - {'error': {'code': '1305', 'message': '该模型当前访问量过大，请您稍后再试'}}... wait 20s
         [GLM-5.1 mapping retry 4/4] RateLimitError: Error code: 429 - {'error': {'code': '1305', 'message': '该模型当前访问量过大，请您稍后再试'}}... wait 20s

🔍 [正在处理] ANS_CO_621 | 启动 3WD 流水线...
2026-06-24 10:05:29 | INFO     | 
🔍 [正在处理] ANS_CO_621 | 启动 3WD 流水线...

=============================================
Start grading student [ANS_CO_621]
=============================================
  [Stage 1] fact extraction backend=csbench_hybrid...
[failed sample recorded] ANS_CO_617 | stage1_failed: GLM-5.1 OCR fact mapping failed after 4 attempts
2026-06-24 10:05:29 | ERROR    | [failed sample recorded] ANS_CO_617 | stage1_failed: GLM-5.1 OCR fact mapping failed after 4 attempts

🔍 [正在处理] ANS_CO_623 | 启动 3WD 流水线...
2026-06-24 10:05:30 | INFO     | 
🔍 [正在处理] ANS_CO_623 | 启动 3WD 流水线...

=============================================
Start grading student [ANS_CO_623]
=============================================
  [Stage 1] fact extraction backend=csbench_hybrid...
[failed sample recorded] ANS_CO_619 | stage1_failed: GLM-5.1 OCR fact mapping failed after 4 attempts
2026-06-24 10:05:30 | ERROR    | [failed sample recorded] ANS_CO_619 | stage1_failed: GLM-5.1 OCR fact mapping failed after 4 attempts
         [GLM-5.1 mapping retry 1/4] RateLimitError: Error code: 429 - {'error': {'code': '1305', 'message': '该模型当前访问量过大，请您稍后再试'}}... wait 5s
         [GLM-5.1 mapping retry 1/4] RateLimitError: Error code: 429 - {'error': {'code': '1305', 'message': '该模型当前访问量过大，请您稍后再试'}}... wait 5s
         [GLM-5.1 mapping retry 2/4] RateLimitError: Error code: 429 - {'error': {'code': '1305', 'message': '该模型当前访问量过大，请您稍后再试'}}... wait 10s
         [GLM-5.1 mapping retry 2/4] RateLimitError: Error code: 429 - {'error': {'code': '1305', 'message': '该模型当前访问量过大，请您稍后再试'}}... wait 10s
  [Stage 2] independent semantic grading probes...
  [Stage 2] independent semantic grading probes...
         [GLM-5 retry 1/4] RateLimitError: Error code: 429 - {'error': {'code': '1305', 'message': '该模型当前访问量过大，请您稍后再试'}}... wait 5s
         [GLM-5 retry 1/4] RateLimitError: Error code: 429 - {'error': {'code': '1305', 'message': '该模型当前访问量过大，请您稍后再试'}}... wait 5s
         [GLM-5 retry 2/4] RateLimitError: Error code: 429 - {'error': {'code': '1305', 'message': '该模型当前访问量过大，请您稍后再试'}}... wait 10s
         [GLM-5 retry 2/4] RateLimitError: Error code: 429 - {'error': {'code': '1305', 'message': '该模型当前访问量过大，请您稍后再试'}}... wait 10s
         [GLM-5 retry 3/4] RateLimitError: Error code: 429 - {'error': {'code': '1305', 'message': '该模型当前访问量过大，请您稍后再试'}}... wait 15s
         [GLM-5 retry 3/4] RateLimitError: Error code: 429 - {'error': {'code': '1305', 'message': '该模型当前访问量过大，请您稍后再试'}}... wait 15s
         [GLM-5 retry 4/4] RateLimitError: Error code: 429 - {'error': {'code': '1305', 'message': '该模型当前访问量过大，请您稍后再试'}}... wait 20s
         [GLM-5 retry 4/4] RateLimitError: Error code: 429 - {'error': {'code': '1305', 'message': '该模型当前访问量过大，请您稍后再试'}}... wait 20s
         [GLM-5 retry 1/4] RateLimitError: Error code: 429 - {'error': {'code': '1305', 'message': '该模型当前访问量过大，请您稍后再试'}}... wait 5s
         [GLM-5 retry 1/4] RateLimitError: Error code: 429 - {'error': {'code': '1305', 'message': '该模型当前访问量过大，请您稍后再试'}}... wait 5s
         [GLM-5 retry 2/4] RateLimitError: Error code: 429 - {'error': {'code': '1305', 'message': '该模型当前访问量过大，请您稍后再试'}}... wait 10s
         [GLM-5 retry 2/4] RateLimitError: Error code: 429 - {'error': {'code': '1305', 'message': '该模型当前访问量过大，请您稍后再试'}}... wait 10s
         [GLM-5 retry 3/4] RateLimitError: Error code: 429 - {'error': {'code': '1305', 'message': '该模型当前访问量过大，请您稍后再试'}}... wait 15s
         [GLM-5 retry 3/4] RateLimitError: Error code: 429 - {'error': {'code': '1305', 'message': '该模型当前访问量过大，请您稍后再试'}}... wait 15s
         [GLM-5 retry 4/4] RateLimitError: Error code: 429 - {'error': {'code': '1305', 'message': '该模型当前访问量过大，请您稍后再试'}}... wait 20s
         [GLM-5 retry 4/4] RateLimitError: Error code: 429 - {'error': {'code': '1305', 'message': '该模型当前访问量过大，请您稍后再试'}}... wait 20s
         [GLM-5 retry 1/4] RateLimitError: Error code: 429 - {'error': {'code': '1305', 'message': '该模型当前访问量过大，请您稍后再试'}}... wait 5s
         [GLM-5 retry 1/4] RateLimitError: Error code: 429 - {'error': {'code': '1305', 'message': '该模型当前访问量过大，请您稍后再试'}}... wait 5s
         [GLM-5 retry 2/4] RateLimitError: Error code: 429 - {'error': {'code': '1305', 'message': '该模型当前访问量过大，请您稍后再试'}}... wait 10s
         [GLM-5 retry 2/4] RateLimitError: Error code: 429 - {'error': {'code': '1305', 'message': '该模型当前访问量过大，请您稍后再试'}}... wait 10s
         [GLM-5 retry 3/4] RateLimitError: Error code: 429 - {'error': {'code': '1305', 'message': '该模型当前访问量过大，请您稍后再试'}}... wait 15s
         [GLM-5 retry 3/4] RateLimitError: Error code: 429 - {'error': {'code': '1305', 'message': '该模型当前访问量过大，请您稍后再试'}}... wait 15s
         [GLM-5 retry 1/4] RateLimitError: Error code: 429 - {'error': {'code': '1305', 'message': '该模型当前访问量过大，请您稍后再试'}}... wait 5s
         [GLM-5 retry 1/4] RateLimitError: Error code: 429 - {'error': {'code': '1305', 'message': '该模型当前访问量过大，请您稍后再试'}}... wait 5s
         [GLM-5 retry 2/4] RateLimitError: Error code: 429 - {'error': {'code': '1305', 'message': '该模型当前访问量过大，请您稍后再试'}}... wait 10s
         [GLM-5 retry 2/4] RateLimitError: Error code: 429 - {'error': {'code': '1305', 'message': '该模型当前访问量过大，请您稍后再试'}}... wait 10s
         [GLM-5 retry 4/4] RateLimitError: Error code: 429 - {'error': {'code': '1305', 'message': '该模型当前访问量过大，请您稍后再试'}}... wait 20s
         [GLM-5 retry 4/4] RateLimitError: Error code: 429 - {'error': {'code': '1305', 'message': '该模型当前访问量过大，请您稍后再试'}}... wait 20s
         [GLM-5 retry 3/4] RateLimitError: Error code: 429 - {'error': {'code': '1305', 'message': '该模型当前访问量过大，请您稍后再试'}}... wait 15s
         [GLM-5 retry 3/4] RateLimitError: Error code: 429 - {'error': {'code': '1305', 'message': '该模型当前访问量过大，请您稍后再试'}}... wait 15s
         [GLM-5 retry 4/4] RateLimitError: Error code: 429 - {'error': {'code': '1305', 'message': '该模型当前访问量过大，请您稍后再试'}}... wait 20s
         [GLM-5 retry 1/4] RateLimitError: Error code: 429 - {'error': {'code': '1305', 'message': '该模型当前访问量过大，请您稍后再试'}}... wait 5s
         [GLM-5 retry 1/4] RateLimitError: Error code: 429 - {'error': {'code': '1305', 'message': '该模型当前访问量过大，请您稍后再试'}}... wait 5s
         [GLM-5 retry 2/4] RateLimitError: Error code: 429 - {'error': {'code': '1305', 'message': '该模型当前访问量过大，请您稍后再试'}}... wait 10s
         [GLM-5 retry 3/4] RateLimitError: Error code: 429 - {'error': {'code': '1305', 'message': '该模型当前访问量过大，请您稍后再试'}}... wait 15s
         [GLM-5 retry 1/4] RateLimitError: Error code: 429 - {'error': {'code': '1305', 'message': '该模型当前访问量过大，请您稍后再试'}}... wait 5s
         [GLM-5 retry 4/4] RateLimitError: Error code: 429 - {'error': {'code': '1305', 'message': '该模型当前访问量过大，请您稍后再试'}}... wait 20s
         [GLM-5 retry 1/4] RateLimitError: Error code: 429 - {'error': {'code': '1305', 'message': '该模型当前访问量过大，请您稍后再试'}}... wait 5s
         [GLM-5 retry 2/4] RateLimitError: Error code: 429 - {'error': {'code': '1305', 'message': '该模型当前访问量过大，请您稍后再试'}}... wait 10s
         [GLM-5 retry 3/4] RateLimitError: Error code: 429 - {'error': {'code': '1305', 'message': '该模型当前访问量过大，请您稍后再试'}}... wait 15s
      [完成] 第 1/3 次语义评分完成，得分: 3.0
         [GLM-5 retry 4/4] RateLimitError: Error code: 429 - {'error': {'code': '1305', 'message': '该模型当前访问量过大，请您稍后再试'}}... wait 20s
         [GLM-5 retry 4/4] RateLimitError: Error code: 429 - {'error': {'code': '1305', 'message': '该模型当前访问量过大，请您稍后再试'}}... wait 20s
         [GLM-5 retry 2/4] RateLimitError: Error code: 429 - {'error': {'code': '1305', 'message': '该模型当前访问量过大，请您稍后再试'}}... wait 10s
         [GLM-5 retry 3/4] RateLimitError: Error code: 429 - {'error': {'code': '1305', 'message': '该模型当前访问量过大，请您稍后再试'}}... wait 15s
         [GLM-5 retry 4/4] RateLimitError: Error code: 429 - {'error': {'code': '1305', 'message': '该模型当前访问量过大，请您稍后再试'}}... wait 20s
         [GLM-5 retry 1/4] RateLimitError: Error code: 429 - {'error': {'code': '1305', 'message': '该模型当前访问量过大，请您稍后再试'}}... wait 5s
      [完成] 第 3/3 次语义评分完成，得分: 3.0

  [探测指标] 均分=3.0, 标准差=0.0000, 留白率=0%, 感知失败率=0%, 低质量提取率=0%, 提取质量=high
      [extraction-risk] R_ext=0.00, structure_missing=0%, suspicious=0%
      [风险画像] P=0.00, U=0.00%, F=60.00%, H=False, L=True
      [通用校准] rules=['extraction_retry_review'], UM=0.00%, MF=0.00%, cap=20.00
      [A3WA可信度] R=0.000, mu=1.000, alpha=0.829, beta=0.286, route=BND | high_confidence_extraction_retry_review
      [路由 -> BND] 边界样本 | P=0.00, U=0.00%, F=60.00%, H=False, L=True
      [完成] 第 3/3 次语义评分完成，得分: 10.6

  [探测指标] 均分=10.6, 标准差=0.0000, 留白率=0%, 感知失败率=0%, 低质量提取率=0%, 提取质量=high
      [extraction-risk] R_ext=0.14, structure_missing=90%, suspicious=90%
      [风险画像] P=0.27, U=0.00%, F=0.00%, H=False, L=True
      [通用校准] rules=['lenient_undercredit_review', 'stable_undercredit_review', 'result_anchored_undercredit_review', 'structure_missing_review'], UM=0.00%, MF=0.00%, cap=20.00
      [A3WA可信度] R=0.300, mu=0.700, alpha=0.829, beta=0.286, route=BND | beta_lt_confidence_lt_alpha
      [路由 -> BND] 边界样本 | P=0.27, U=0.00%, F=0.00%, H=False, L=True
         [Agent仲裁] keep|keep_minor_change | 原始仲裁分: 3.0 | 限幅后最终分: 3.0 | Both graders converge at 3.0. Step 1 (priority sequence) is fully correct (2 pts). All five masking words (steps 2-6) are wrong with no propagated-error pattern—they are independent values from a table and each is independently incorrect for its respective level. Steps 7_2 and 7_3 are explicitly blank (student states '图中未明确显示'). Step 7_1 receives defensible partial credit (0.5-1.0) for identifying the main-program-to-A-interrupt entry but missing the independent return. Step 7_4's student path is an execution trace rather than a return sequence, and the 0-0.5 awarded is borderline but not materially over-credited. No concrete missed credit or unsupported high-score credit identified relative to the consensus baseline of 3.0.
✅ [批改完成] ANS_CO_621 | 路由: BND | 最终分: 3.0 | 风险: P0.00/U0.00/F0.60/H0/L1 | 提取质量: 🟢high | 留白率: 0% | 低质量率: 0%
2026-06-24 10:16:52 | INFO     | ✅ [批改完成] ANS_CO_621 | 路由: BND | 最终分: 3.0 | 风险: P0.00/U0.00/F0.60/H0/L1 | 提取质量: 🟢high | 留白率: 0% | 低质量率: 0%

🔍 [正在处理] ANS_CO_626 | 启动 3WD 流水线...
2026-06-24 10:16:52 | INFO     | 
🔍 [正在处理] ANS_CO_626 | 启动 3WD 流水线...
📢 [总进度] 59/84 份试卷已归档。
2026-06-24 10:16:52 | INFO     | 📢 [总进度] 59/84 份试卷已归档。

=============================================
Start grading student [ANS_CO_626]
=============================================
  [Stage 1] fact extraction backend=csbench_hybrid...
  [Stage 2] independent semantic grading probes...
         [GLM-5 retry 1/4] RateLimitError: Error code: 429 - {'error': {'code': '1305', 'message': '该模型当前访问量过大，请您稍后再试'}}... wait 5s
         [GLM-5 retry 2/4] RateLimitError: Error code: 429 - {'error': {'code': '1305', 'message': '该模型当前访问量过大，请您稍后再试'}}... wait 10s
         [GLM-5 retry 3/4] RateLimitError: Error code: 429 - {'error': {'code': '1305', 'message': '该模型当前访问量过大，请您稍后再试'}}... wait 15s
         [GLM-5 retry 4/4] RateLimitError: Error code: 429 - {'error': {'code': '1305', 'message': '该模型当前访问量过大，请您稍后再试'}}... wait 20s
         [GLM-5 retry 1/4] RateLimitError: Error code: 429 - {'error': {'code': '1305', 'message': '该模型当前访问量过大，请您稍后再试'}}... wait 5s
         [GLM-5 retry 2/4] RateLimitError: Error code: 429 - {'error': {'code': '1305', 'message': '该模型当前访问量过大，请您稍后再试'}}... wait 10s
         [Agent仲裁] keep|auto_small_raise | 原始仲裁分: 10.6 | 限幅后最终分: 12.0 | The student correctly derived the interrupt priority sequence (step_1, 2.0pts) and demonstrated correct semantic understanding of all mask words (steps 2/4/5/6) by listing the masked interrupts instead of binary bit-vectors, earning 1.4/2.0 each—a fair 70% for correct content but wrong format. Step_3 ('无中断屏蔽字') is genuinely ambiguous/wrong: B does have a mask word (00000), so 0 is justified. Steps 7_2 and 7_4 are blanks ('图中未明确显示'). Step_7_1 gets partial credit (1.0/2.0) for showing only entry without return. Step_7_3 'C→D' correctly represents D nesting into C. Total 10.6/20.0 is consistent with fair lenient grading; no significant missed credit or unsupported high-score credit found.
✅ [批改完成] ANS_CO_623 | 路由: BND | 最终分: 12.0 | 风险: P0.27/U0.00/F0.00/H0/L1 | 提取质量: 🟢high | 留白率: 0% | 低质量率: 0%
2026-06-24 10:20:26 | INFO     | ✅ [批改完成] ANS_CO_623 | 路由: BND | 最终分: 12.0 | 风险: P0.27/U0.00/F0.00/H0/L1 | 提取质量: 🟢high | 留白率: 0% | 低质量率: 0%

🔍 [正在处理] ANS_CO_627 | 启动 3WD 流水线...
2026-06-24 10:20:26 | INFO     | 
🔍 [正在处理] ANS_CO_627 | 启动 3WD 流水线...
📢 [总进度] 60/84 份试卷已归档。
2026-06-24 10:20:26 | INFO     | 📢 [总进度] 60/84 份试卷已归档。

=============================================
Start grading student [ANS_CO_627]
=============================================
  [Stage 1] fact extraction backend=csbench_hybrid...
  [Stage 2] independent semantic grading probes...
         [GLM-5 retry 1/4] RateLimitError: Error code: 429 - {'error': {'code': '1305', 'message': '该模型当前访问量过大，请您稍后再试'}}... wait 5s
         [GLM-5 retry 1/4] RateLimitError: Error code: 429 - {'error': {'code': '1305', 'message': '该模型当前访问量过大，请您稍后再试'}}... wait 5s
      [完成] 第 2/3 次语义评分完成，得分: 5.0
         [GLM-5 retry 2/4] RateLimitError: Error code: 429 - {'error': {'code': '1305', 'message': '该模型当前访问量过大，请您稍后再试'}}... wait 10s
         [GLM-5 retry 2/4] RateLimitError: Error code: 429 - {'error': {'code': '1305', 'message': '该模型当前访问量过大，请您稍后再试'}}... wait 10s
         [GLM-5 retry 3/4] RateLimitError: Error code: 429 - {'error': {'code': '1305', 'message': '该模型当前访问量过大，请您稍后再试'}}... wait 15s
         [GLM-5 retry 3/4] RateLimitError: Error code: 429 - {'error': {'code': '1305', 'message': '该模型当前访问量过大，请您稍后再试'}}... wait 15s
         [GLM-5 retry 4/4] RateLimitError: Error code: 429 - {'error': {'code': '1305', 'message': '该模型当前访问量过大，请您稍后再试'}}... wait 20s
         [GLM-5 retry 4/4] RateLimitError: Error code: 429 - {'error': {'code': '1305', 'message': '该模型当前访问量过大，请您稍后再试'}}... wait 20s
         [GLM-5 retry 1/4] RateLimitError: Error code: 429 - {'error': {'code': '1305', 'message': '该模型当前访问量过大，请您稍后再试'}}... wait 5s
         [GLM-5 retry 1/4] RateLimitError: Error code: 429 - {'error': {'code': '1305', 'message': '该模型当前访问量过大，请您稍后再试'}}... wait 5s
         [GLM-5 retry 1/4] RateLimitError: Error code: 429 - {'error': {'code': '1305', 'message': '该模型当前访问量过大，请您稍后再试'}}... wait 5s
         [GLM-5 retry 2/4] RateLimitError: Error code: 429 - {'error': {'code': '1305', 'message': '该模型当前访问量过大，请您稍后再试'}}... wait 10s
         [GLM-5 retry 2/4] RateLimitError: Error code: 429 - {'error': {'code': '1305', 'message': '该模型当前访问量过大，请您稍后再试'}}... wait 10s
         [GLM-5 retry 2/4] RateLimitError: Error code: 429 - {'error': {'code': '1305', 'message': '该模型当前访问量过大，请您稍后再试'}}... wait 10s
         [GLM-5 retry 3/4] RateLimitError: Error code: 429 - {'error': {'code': '1305', 'message': '该模型当前访问量过大，请您稍后再试'}}... wait 15s
         [GLM-5 retry 3/4] RateLimitError: Error code: 429 - {'error': {'code': '1305', 'message': '该模型当前访问量过大，请您稍后再试'}}... wait 15s
         [GLM-5 retry 3/4] RateLimitError: Error code: 429 - {'error': {'code': '1305', 'message': '该模型当前访问量过大，请您稍后再试'}}... wait 15s
         [GLM-5 retry 4/4] RateLimitError: Error code: 429 - {'error': {'code': '1305', 'message': '该模型当前访问量过大，请您稍后再试'}}... wait 20s
         [GLM-5 retry 4/4] RateLimitError: Error code: 429 - {'error': {'code': '1305', 'message': '该模型当前访问量过大，请您稍后再试'}}... wait 20s
         [GLM-5 retry 1/4] RateLimitError: Error code: 429 - {'error': {'code': '1305', 'message': '该模型当前访问量过大，请您稍后再试'}}... wait 5s
         [GLM-5 retry 1/4] RateLimitError: Error code: 429 - {'error': {'code': '1305', 'message': '该模型当前访问量过大，请您稍后再试'}}... wait 5s
         [GLM-5 retry 1/4] RateLimitError: Error code: 429 - {'error': {'code': '1305', 'message': '该模型当前访问量过大，请您稍后再试'}}... wait 5s
         [GLM-5 retry 2/4] RateLimitError: Error code: 429 - {'error': {'code': '1305', 'message': '该模型当前访问量过大，请您稍后再试'}}... wait 10s
         [GLM-5 retry 2/4] RateLimitError: Error code: 429 - {'error': {'code': '1305', 'message': '该模型当前访问量过大，请您稍后再试'}}... wait 10s
         [GLM-5 retry 2/4] RateLimitError: Error code: 429 - {'error': {'code': '1305', 'message': '该模型当前访问量过大，请您稍后再试'}}... wait 10s
         [GLM-5 retry 3/4] RateLimitError: Error code: 429 - {'error': {'code': '1305', 'message': '该模型当前访问量过大，请您稍后再试'}}... wait 15s
         [GLM-5 retry 3/4] RateLimitError: Error code: 429 - {'error': {'code': '1305', 'message': '该模型当前访问量过大，请您稍后再试'}}... wait 15s
         [GLM-5 retry 3/4] RateLimitError: Error code: 429 - {'error': {'code': '1305', 'message': '该模型当前访问量过大，请您稍后再试'}}... wait 15s
         [GLM-5 retry 4/4] RateLimitError: Error code: 429 - {'error': {'code': '1305', 'message': '该模型当前访问量过大，请您稍后再试'}}... wait 20s
         [GLM-5 retry 4/4] RateLimitError: Error code: 429 - {'error': {'code': '1305', 'message': '该模型当前访问量过大，请您稍后再试'}}... wait 20s
         [GLM-5 retry 4/4] RateLimitError: Error code: 429 - {'error': {'code': '1305', 'message': '该模型当前访问量过大，请您稍后再试'}}... wait 20s
         [GLM-5 retry 1/4] RateLimitError: Error code: 429 - {'error': {'code': '1305', 'message': '该模型当前访问量过大，请您稍后再试'}}... wait 5s
         [GLM-5 retry 1/4] RateLimitError: Error code: 429 - {'error': {'code': '1305', 'message': '该模型当前访问量过大，请您稍后再试'}}... wait 5s
         [GLM-5 retry 2/4] RateLimitError: Error code: 429 - {'error': {'code': '1305', 'message': '该模型当前访问量过大，请您稍后再试'}}... wait 10s
         [GLM-5 retry 2/4] RateLimitError: Error code: 429 - {'error': {'code': '1305', 'message': '该模型当前访问量过大，请您稍后再试'}}... wait 10s
         [GLM-5 retry 3/4] RateLimitError: Error code: 429 - {'error': {'code': '1305', 'message': '该模型当前访问量过大，请您稍后再试'}}... wait 15s
         [GLM-5 retry 3/4] RateLimitError: Error code: 429 - {'error': {'code': '1305', 'message': '该模型当前访问量过大，请您稍后再试'}}... wait 15s
         [GLM-5 retry 4/4] RateLimitError: Error code: 429 - {'error': {'code': '1305', 'message': '该模型当前访问量过大，请您稍后再试'}}... wait 20s
         [GLM-5 retry 4/4] RateLimitError: Error code: 429 - {'error': {'code': '1305', 'message': '该模型当前访问量过大，请您稍后再试'}}... wait 20s
         [GLM-5 retry 1/4] RateLimitError: Error code: 429 - {'error': {'code': '1305', 'message': '该模型当前访问量过大，请您稍后再试'}}... wait 5s
         [GLM-5 retry 1/4] RateLimitError: Error code: 429 - {'error': {'code': '1305', 'message': '该模型当前访问量过大，请您稍后再试'}}... wait 5s
         [GLM-5 retry 2/4] RateLimitError: Error code: 429 - {'error': {'code': '1305', 'message': '该模型当前访问量过大，请您稍后再试'}}... wait 10s
         [GLM-5 retry 2/4] RateLimitError: Error code: 429 - {'error': {'code': '1305', 'message': '该模型当前访问量过大，请您稍后再试'}}... wait 10s
         [GLM-5 retry 3/4] RateLimitError: Error code: 429 - {'error': {'code': '1305', 'message': '该模型当前访问量过大，请您稍后再试'}}... wait 15s
         [GLM-5 retry 3/4] RateLimitError: Error code: 429 - {'error': {'code': '1305', 'message': '该模型当前访问量过大，请您稍后再试'}}... wait 15s
         [GLM-5 retry 4/4] RateLimitError: Error code: 429 - {'error': {'code': '1305', 'message': '该模型当前访问量过大，请您稍后再试'}}... wait 20s
         [GLM-5 retry 1/4] RateLimitError: Error code: 429 - {'error': {'code': '1305', 'message': '该模型当前访问量过大，请您稍后再试'}}... wait 5s
         [GLM-5 retry 2/4] RateLimitError: Error code: 429 - {'error': {'code': '1305', 'message': '该模型当前访问量过大，请您稍后再试'}}... wait 10s
         [GLM-5 retry 3/4] RateLimitError: Error code: 429 - {'error': {'code': '1305', 'message': '该模型当前访问量过大，请您稍后再试'}}... wait 15s
         [GLM-5 retry 4/4] RateLimitError: Error code: 429 - {'error': {'code': '1305', 'message': '该模型当前访问量过大，请您稍后再试'}}... wait 20s
         [GLM-5 retry 4/4] RateLimitError: Error code: 429 - {'error': {'code': '1305', 'message': '该模型当前访问量过大，请您稍后再试'}}... wait 20s
         [GLM-5 retry 1/4] RateLimitError: Error code: 429 - {'error': {'code': '1305', 'message': '该模型当前访问量过大，请您稍后再试'}}... wait 5s
         [GLM-5 retry 2/4] RateLimitError: Error code: 429 - {'error': {'code': '1305', 'message': '该模型当前访问量过大，请您稍后再试'}}... wait 10s
         [GLM-5 retry 3/4] RateLimitError: Error code: 429 - {'error': {'code': '1305', 'message': '该模型当前访问量过大，请您稍后再试'}}... wait 15s
         [GLM-5 retry 4/4] RateLimitError: Error code: 429 - {'error': {'code': '1305', 'message': '该模型当前访问量过大，请您稍后再试'}}... wait 20s

  [探测指标] 均分=5.0, 标准差=0.0000, 留白率=0%, 感知失败率=0%, 低质量提取率=0%, 提取质量=high
      [extraction-risk] R_ext=0.07, structure_missing=50%, suspicious=50%
      [风险画像] P=0.15, U=0.00%, F=40.00%, H=False, L=True
      [通用校准] rules=['structure_missing_review'], UM=0.00%, MF=0.00%, cap=20.00
      [A3WA可信度] R=0.167, mu=0.833, alpha=0.829, beta=0.286, route=BND | high_confidence_low_score_nonblank_review
      [路由 -> BND] 边界样本 | P=0.15, U=0.00%, F=40.00%, H=False, L=True
         [GLM-5 retry 1/4] RateLimitError: Error code: 429 - {'error': {'code': '1305', 'message': '该模型当前访问量过大，请您稍后再试'}}... wait 5s
         [GLM-5 retry 2/4] RateLimitError: Error code: 429 - {'error': {'code': '1305', 'message': '该模型当前访问量过大，请您稍后再试'}}... wait 10s
         [GLM-5 retry 3/4] RateLimitError: Error code: 429 - {'error': {'code': '1305', 'message': '该模型当前访问量过大，请您稍后再试'}}... wait 15s
         [GLM-5 retry 4/4] RateLimitError: Error code: 429 - {'error': {'code': '1305', 'message': '该模型当前访问量过大，请您稍后再试'}}... wait 20s
         [GLM-5 retry 4/4] APITimeoutError: Request timed out.... wait 20s
      [完成] 第 3/3 次语义评分完成，得分: 5.0

  [探测指标] 均分=5.0, 标准差=0.0000, 留白率=50%, 感知失败率=0%, 低质量提取率=0%, 提取质量=low
      [extraction-risk] R_ext=0.20, structure_missing=0%, suspicious=50%
      [风险画像] P=0.40, U=0.00%, F=0.00%, H=False, L=False
      [通用校准] rules=['visual_blank_review', 'structure_missing_review', 'extraction_retry_review'], UM=0.00%, MF=0.00%, cap=20.00
      [A3WA可信度] R=0.333, mu=0.667, alpha=0.829, beta=0.286, route=BND | beta_lt_confidence_lt_alpha
      [路由 -> BND] 边界样本 | P=0.40, U=0.00%, F=0.00%, H=False, L=False
         [Agent仲裁] raise|reject_raise | 原始仲裁分: 15.0 | 限幅后最终分: 5.0 | 学生在step_2至step_6的五道屏蔽字问题中，全部以'被屏蔽中断源字母列表'的等价格式正确作答（A→BCDE对应01111、B→无对应00000、C→BE对应01001、D→BCE对应01101、E→B对应01000），五项映射完全正确，属于valid_alternative。原评分仅因格式非二进制串而判0分，过于严格，共遗漏10分。图中步骤（step_7系列）评分合理，维持不变。校准总分=5+10=15。
✅ [批改完成] ANS_CO_626 | 路由: BND | 最终分: 5.0 | 风险: P0.15/U0.00/F0.40/H0/L1 | 提取质量: 🟢high | 留白率: 0% | 低质量率: 0%
2026-06-24 10:33:30 | INFO     | ✅ [批改完成] ANS_CO_626 | 路由: BND | 最终分: 5.0 | 风险: P0.15/U0.00/F0.40/H0/L1 | 提取质量: 🟢high | 留白率: 0% | 低质量率: 0%

🔍 [正在处理] ANS_CO_628 | 启动 3WD 流水线...
2026-06-24 10:33:30 | INFO     | 
🔍 [正在处理] ANS_CO_628 | 启动 3WD 流水线...
📢 [总进度] 61/84 份试卷已归档。
2026-06-24 10:33:30 | INFO     | 📢 [总进度] 61/84 份试卷已归档。

=============================================
Start grading student [ANS_CO_628]
=============================================
  [Stage 1] fact extraction backend=csbench_hybrid...
         [Agent仲裁] keep|keep_minor_change | 原始仲裁分: 5.0 | 限幅后最终分: 5.0 | Step_1 (2pts) is fully supported by exact match A>D>C>E>B. Step_7_3 (2pts) is supported by '处理C→处理D→处理C' showing D interrupting C. Steps 2-6 are genuinely blank. Step_7_1 partial (1/2) is fair: student showed 主程序→A but no return to 主程序. Steps 7_2 and 7_4 scored 0 correctly — student explicitly stated '图中未明确显示' and the path doesn't demonstrate B interrupted by C or the return sequence D→C→B→主程序 (E appears between C and B). No concrete missed credit or unsupported high-score credit identified.
✅ [批改完成] ANS_CO_627 | 路由: BND | 最终分: 5.0 | 风险: P0.40/U0.00/F0.00/H0/L0 | 提取质量: 🟡low | 留白率: 50% | 低质量率: 0%
2026-06-24 10:33:36 | INFO     | ✅ [批改完成] ANS_CO_627 | 路由: BND | 最终分: 5.0 | 风险: P0.40/U0.00/F0.00/H0/L0 | 提取质量: 🟡low | 留白率: 50% | 低质量率: 0%

🔍 [正在处理] ANS_CO_629 | 启动 3WD 流水线...
2026-06-24 10:33:36 | INFO     | 
🔍 [正在处理] ANS_CO_629 | 启动 3WD 流水线...
📢 [总进度] 62/84 份试卷已归档。
2026-06-24 10:33:36 | INFO     | 📢 [总进度] 62/84 份试卷已归档。

=============================================
Start grading student [ANS_CO_629]
=============================================
  [Stage 1] fact extraction backend=csbench_hybrid...
  [Stage 2] independent semantic grading probes...
  [Stage 2] independent semantic grading probes...
         [GLM-5 retry 1/4] RateLimitError: Error code: 429 - {'error': {'code': '1305', 'message': '该模型当前访问量过大，请您稍后再试'}}... wait 5s
         [GLM-5 retry 2/4] RateLimitError: Error code: 429 - {'error': {'code': '1305', 'message': '该模型当前访问量过大，请您稍后再试'}}... wait 10s
         [GLM-5 retry 3/4] RateLimitError: Error code: 429 - {'error': {'code': '1305', 'message': '该模型当前访问量过大，请您稍后再试'}}... wait 15s
         [GLM-5 retry 4/4] RateLimitError: Error code: 429 - {'error': {'code': '1305', 'message': '该模型当前访问量过大，请您稍后再试'}}... wait 20s
         [GLM-5 retry 1/4] RateLimitError: Error code: 429 - {'error': {'code': '1305', 'message': '该模型当前访问量过大，请您稍后再试'}}... wait 5s
         [GLM-5 retry 2/4] RateLimitError: Error code: 429 - {'error': {'code': '1305', 'message': '该模型当前访问量过大，请您稍后再试'}}... wait 10s
         [GLM-5 retry 3/4] RateLimitError: Error code: 429 - {'error': {'code': '1305', 'message': '该模型当前访问量过大，请您稍后再试'}}... wait 15s
         [GLM-5 retry 1/4] RateLimitError: Error code: 429 - {'error': {'code': '1305', 'message': '该模型当前访问量过大，请您稍后再试'}}... wait 5s
         [GLM-5 retry 1/4] RateLimitError: Error code: 429 - {'error': {'code': '1305', 'message': '该模型当前访问量过大，请您稍后再试'}}... wait 5s
         [GLM-5 retry 4/4] RateLimitError: Error code: 429 - {'error': {'code': '1305', 'message': '该模型当前访问量过大，请您稍后再试'}}... wait 20s
         [GLM-5 retry 2/4] RateLimitError: Error code: 429 - {'error': {'code': '1305', 'message': '该模型当前访问量过大，请您稍后再试'}}... wait 10s
         [GLM-5 retry 2/4] RateLimitError: Error code: 429 - {'error': {'code': '1305', 'message': '该模型当前访问量过大，请您稍后再试'}}... wait 10s
         [GLM-5 retry 3/4] RateLimitError: Error code: 429 - {'error': {'code': '1305', 'message': '该模型当前访问量过大，请您稍后再试'}}... wait 15s
         [GLM-5 retry 3/4] RateLimitError: Error code: 429 - {'error': {'code': '1305', 'message': '该模型当前访问量过大，请您稍后再试'}}... wait 15s
         [GLM-5 retry 1/4] RateLimitError: Error code: 429 - {'error': {'code': '1305', 'message': '该模型当前访问量过大，请您稍后再试'}}... wait 5s
         [GLM-5 retry 4/4] RateLimitError: Error code: 429 - {'error': {'code': '1305', 'message': '该模型当前访问量过大，请您稍后再试'}}... wait 20s
         [GLM-5 retry 4/4] RateLimitError: Error code: 429 - {'error': {'code': '1305', 'message': '该模型当前访问量过大，请您稍后再试'}}... wait 20s
         [GLM-5 retry 1/4] RateLimitError: Error code: 429 - {'error': {'code': '1305', 'message': '该模型当前访问量过大，请您稍后再试'}}... wait 5s
         [GLM-5 retry 1/4] RateLimitError: Error code: 429 - {'error': {'code': '1305', 'message': '该模型当前访问量过大，请您稍后再试'}}... wait 5s
         [GLM-5 retry 2/4] RateLimitError: Error code: 429 - {'error': {'code': '1305', 'message': '该模型当前访问量过大，请您稍后再试'}}... wait 10s
         [GLM-5 retry 2/4] RateLimitError: Error code: 429 - {'error': {'code': '1305', 'message': '该模型当前访问量过大，请您稍后再试'}}... wait 10s
         [GLM-5 retry 3/4] RateLimitError: Error code: 429 - {'error': {'code': '1305', 'message': '该模型当前访问量过大，请您稍后再试'}}... wait 15s
         [GLM-5 retry 3/4] RateLimitError: Error code: 429 - {'error': {'code': '1305', 'message': '该模型当前访问量过大，请您稍后再试'}}... wait 15s
         [GLM-5 retry 4/4] RateLimitError: Error code: 429 - {'error': {'code': '1305', 'message': '该模型当前访问量过大，请您稍后再试'}}... wait 20s
         [GLM-5 retry 4/4] RateLimitError: Error code: 429 - {'error': {'code': '1305', 'message': '该模型当前访问量过大，请您稍后再试'}}... wait 20s
      [完成] 第 1/3 次语义评分完成，得分: 6.2
         [GLM-5 retry 1/4] RateLimitError: Error code: 429 - {'error': {'code': '1305', 'message': '该模型当前访问量过大，请您稍后再试'}}... wait 5s
         [GLM-5 retry 2/4] RateLimitError: Error code: 429 - {'error': {'code': '1305', 'message': '该模型当前访问量过大，请您稍后再试'}}... wait 10s
         [GLM-5 retry 3/4] RateLimitError: Error code: 429 - {'error': {'code': '1305', 'message': '该模型当前访问量过大，请您稍后再试'}}... wait 15s
         [GLM-5 retry 1/4] APITimeoutError: Request timed out.... wait 5s
         [GLM-5 retry 2/4] RateLimitError: Error code: 429 - {'error': {'code': '1305', 'message': '该模型当前访问量过大，请您稍后再试'}}... wait 10s
         [GLM-5 retry 4/4] RateLimitError: Error code: 429 - {'error': {'code': '1305', 'message': '该模型当前访问量过大，请您稍后再试'}}... wait 20s
         [GLM-5 retry 3/4] RateLimitError: Error code: 429 - {'error': {'code': '1305', 'message': '该模型当前访问量过大，请您稍后再试'}}... wait 15s
         [GLM-5 retry 4/4] RateLimitError: Error code: 429 - {'error': {'code': '1305', 'message': '该模型当前访问量过大，请您稍后再试'}}... wait 20s
         [GLM-5 retry 1/4] RateLimitError: Error code: 429 - {'error': {'code': '1305', 'message': '该模型当前访问量过大，请您稍后再试'}}... wait 5s
      [完成] 第 2/3 次语义评分完成，得分: 5.0
         [GLM-5 retry 2/4] RateLimitError: Error code: 429 - {'error': {'code': '1305', 'message': '该模型当前访问量过大，请您稍后再试'}}... wait 10s
         [GLM-5 retry 1/4] RateLimitError: Error code: 429 - {'error': {'code': '1305', 'message': '该模型当前访问量过大，请您稍后再试'}}... wait 5s
      [完成] 第 3/3 次语义评分完成，得分: 5.0

  [探测指标] 均分=5.0, 标准差=0.0000, 留白率=0%, 感知失败率=0%, 低质量提取率=0%, 提取质量=high
      [extraction-risk] R_ext=0.07, structure_missing=50%, suspicious=50%
      [风险画像] P=0.15, U=0.00%, F=0.00%, H=False, L=True
      [通用校准] rules=['structure_missing_review'], UM=0.00%, MF=0.00%, cap=20.00
      [A3WA可信度] R=0.167, mu=0.833, alpha=0.829, beta=0.286, route=BND | high_confidence_low_score_nonblank_review
      [路由 -> BND] 边界样本 | P=0.15, U=0.00%, F=0.00%, H=False, L=True
      [完成] 第 3/3 次语义评分完成，得分: 7.2

  [探测指标] 均分=6.7, 标准差=0.5000, 留白率=0%, 感知失败率=0%, 低质量提取率=0%, 提取质量=high
      [extraction-risk] R_ext=0.14, structure_missing=90%, suspicious=90%
      [风险画像] P=0.27, U=2.50%, F=10.00%, H=False, L=True
      [通用校准] rules=['lenient_undercredit_review', 'stable_undercredit_review', 'structure_missing_review'], UM=0.00%, MF=0.00%, cap=20.00
      [A3WA可信度] R=0.383, mu=0.617, alpha=0.829, beta=0.286, route=BND | beta_lt_confidence_lt_alpha
      [路由 -> BND] 边界样本 | P=0.27, U=2.50%, F=10.00%, H=False, L=True
         [Agent仲裁] keep|keep_minor_change | 原始仲裁分: 5.0 | 限幅后最终分: 5.0 | Both grading records consistently award 5.0 points (step_1: 2.0 for correct priority sequence, step_7_1: 1.0 for partial diagram showing entry to A but missing return, step_7_3: 2.0 for correct C→D→C nesting). Steps 2-6 are genuinely blank ('需要查看图像' with no mask word values). Steps 7_2 and 7_4 lack evidence as student explicitly states 'not explicitly shown' and the provided path does not contain B→C nesting or the full return sequence D→C→B→主程序. No missed lenient credit or unsupported high-score credit identified.
✅ [批改完成] ANS_CO_629 | 路由: BND | 最终分: 5.0 | 风险: P0.15/U0.00/F0.00/H0/L1 | 提取质量: 🟢high | 留白率: 0% | 低质量率: 0%
2026-06-24 10:45:48 | INFO     | ✅ [批改完成] ANS_CO_629 | 路由: BND | 最终分: 5.0 | 风险: P0.15/U0.00/F0.00/H0/L1 | 提取质量: 🟢high | 留白率: 0% | 低质量率: 0%

🔍 [正在处理] ANS_CO_630 | 启动 3WD 流水线...
2026-06-24 10:45:48 | INFO     | 
🔍 [正在处理] ANS_CO_630 | 启动 3WD 流水线...
📢 [总进度] 63/84 份试卷已归档。
2026-06-24 10:45:48 | INFO     | 📢 [总进度] 63/84 份试卷已归档。

=============================================
Start grading student [ANS_CO_630]
=============================================
  [Stage 1] fact extraction backend=csbench_hybrid...
  [Stage 2] independent semantic grading probes...
         [GLM-5 retry 1/4] RateLimitError: Error code: 429 - {'error': {'code': '1305', 'message': '该模型当前访问量过大，请您稍后再试'}}... wait 5s
         [GLM-5 retry 2/4] RateLimitError: Error code: 429 - {'error': {'code': '1305', 'message': '该模型当前访问量过大，请您稍后再试'}}... wait 10s
         [GLM-5 retry 3/4] RateLimitError: Error code: 429 - {'error': {'code': '1305', 'message': '该模型当前访问量过大，请您稍后再试'}}... wait 15s
         [GLM-5 retry 4/4] RateLimitError: Error code: 429 - {'error': {'code': '1305', 'message': '该模型当前访问量过大，请您稍后再试'}}... wait 20s
         [GLM-5 retry 1/4] RateLimitError: Error code: 429 - {'error': {'code': '1305', 'message': '该模型当前访问量过大，请您稍后再试'}}... wait 5s
         [GLM-5 retry 1/4] RateLimitError: Error code: 429 - {'error': {'code': '1305', 'message': '该模型当前访问量过大，请您稍后再试'}}... wait 5s
         [GLM-5 retry 2/4] RateLimitError: Error code: 429 - {'error': {'code': '1305', 'message': '该模型当前访问量过大，请您稍后再试'}}... wait 10s
         [GLM-5 retry 3/4] RateLimitError: Error code: 429 - {'error': {'code': '1305', 'message': '该模型当前访问量过大，请您稍后再试'}}... wait 15s
         [GLM-5 retry 4/4] RateLimitError: Error code: 429 - {'error': {'code': '1305', 'message': '该模型当前访问量过大，请您稍后再试'}}... wait 20s
         [Agent仲裁] raise|reject_raise | 原始仲裁分: 7.7 | 限幅后最终分: 6.7 | step_3的'无'可被合理解释为B级无屏蔽（=00000），应给予部分学分；step_5（BCDE对应01111）确属概念错误（D不应屏蔽自身），保持0分合理；step_2/4/6的格式小扣分合理。整体采纳更宽松的第二位评分员7.2分。
✅ [批改完成] ANS_CO_628 | 路由: BND | 最终分: 6.7 | 风险: P0.27/U0.03/F0.10/H0/L1 | 提取质量: 🟢high | 留白率: 0% | 低质量率: 0%
2026-06-24 10:50:52 | INFO     | ✅ [批改完成] ANS_CO_628 | 路由: BND | 最终分: 6.7 | 风险: P0.27/U0.03/F0.10/H0/L1 | 提取质量: 🟢high | 留白率: 0% | 低质量率: 0%

🔍 [正在处理] ANS_CO_631 | 启动 3WD 流水线...
2026-06-24 10:50:52 | INFO     | 
🔍 [正在处理] ANS_CO_631 | 启动 3WD 流水线...
📢 [总进度] 64/84 份试卷已归档。
2026-06-24 10:50:52 | INFO     | 📢 [总进度] 64/84 份试卷已归档。

=============================================
Start grading student [ANS_CO_631]
=============================================
  [Stage 1] fact extraction backend=csbench_hybrid...
         [GLM-5 retry 1/4] RateLimitError: Error code: 429 - {'error': {'code': '1305', 'message': '该模型当前访问量过大，请您稍后再试'}}... wait 5s
         [GLM-5 retry 2/4] RateLimitError: Error code: 429 - {'error': {'code': '1305', 'message': '该模型当前访问量过大，请您稍后再试'}}... wait 10s
         [GLM-5 retry 2/4] RateLimitError: Error code: 429 - {'error': {'code': '1305', 'message': '该模型当前访问量过大，请您稍后再试'}}... wait 10s
         [GLM-5 retry 3/4] RateLimitError: Error code: 429 - {'error': {'code': '1305', 'message': '该模型当前访问量过大，请您稍后再试'}}... wait 15s
  [Stage 2] independent semantic grading probes...
         [GLM-5 retry 1/4] RateLimitError: Error code: 429 - {'error': {'code': '1305', 'message': '该模型当前访问量过大，请您稍后再试'}}... wait 5s
         [GLM-5 retry 1/4] RateLimitError: Error code: 429 - {'error': {'code': '1305', 'message': '该模型当前访问量过大，请您稍后再试'}}... wait 5s
         [GLM-5 retry 4/4] RateLimitError: Error code: 429 - {'error': {'code': '1305', 'message': '该模型当前访问量过大，请您稍后再试'}}... wait 20s
         [GLM-5 retry 2/4] RateLimitError: Error code: 429 - {'error': {'code': '1305', 'message': '该模型当前访问量过大，请您稍后再试'}}... wait 10s
         [GLM-5 retry 2/4] RateLimitError: Error code: 429 - {'error': {'code': '1305', 'message': '该模型当前访问量过大，请您稍后再试'}}... wait 10s
         [GLM-5 retry 3/4] RateLimitError: Error code: 429 - {'error': {'code': '1305', 'message': '该模型当前访问量过大，请您稍后再试'}}... wait 15s
         [GLM-5 retry 3/4] RateLimitError: Error code: 429 - {'error': {'code': '1305', 'message': '该模型当前访问量过大，请您稍后再试'}}... wait 15s
         [GLM-5 retry 1/4] RateLimitError: Error code: 429 - {'error': {'code': '1305', 'message': '该模型当前访问量过大，请您稍后再试'}}... wait 5s
         [GLM-5 retry 4/4] RateLimitError: Error code: 429 - {'error': {'code': '1305', 'message': '该模型当前访问量过大，请您稍后再试'}}... wait 20s
         [GLM-5 retry 4/4] RateLimitError: Error code: 429 - {'error': {'code': '1305', 'message': '该模型当前访问量过大，请您稍后再试'}}... wait 20s
         [GLM-5 retry 2/4] RateLimitError: Error code: 429 - {'error': {'code': '1305', 'message': '该模型当前访问量过大，请您稍后再试'}}... wait 10s
         [GLM-5 retry 3/4] RateLimitError: Error code: 429 - {'error': {'code': '1305', 'message': '该模型当前访问量过大，请您稍后再试'}}... wait 15s
         [GLM-5 retry 1/4] RateLimitError: Error code: 429 - {'error': {'code': '1305', 'message': '该模型当前访问量过大，请您稍后再试'}}... wait 5s
         [GLM-5 retry 1/4] RateLimitError: Error code: 429 - {'error': {'code': '1305', 'message': '该模型当前访问量过大，请您稍后再试'}}... wait 5s
         [GLM-5 retry 4/4] RateLimitError: Error code: 429 - {'error': {'code': '1305', 'message': '该模型当前访问量过大，请您稍后再试'}}... wait 20s
         [GLM-5 retry 2/4] RateLimitError: Error code: 429 - {'error': {'code': '1305', 'message': '该模型当前访问量过大，请您稍后再试'}}... wait 10s
         [GLM-5 retry 2/4] RateLimitError: Error code: 429 - {'error': {'code': '1305', 'message': '该模型当前访问量过大，请您稍后再试'}}... wait 10s
         [GLM-5 retry 3/4] RateLimitError: Error code: 429 - {'error': {'code': '1305', 'message': '该模型当前访问量过大，请您稍后再试'}}... wait 15s
         [GLM-5 retry 3/4] RateLimitError: Error code: 429 - {'error': {'code': '1305', 'message': '该模型当前访问量过大，请您稍后再试'}}... wait 15s
         [GLM-5 retry 1/4] RateLimitError: Error code: 429 - {'error': {'code': '1305', 'message': '该模型当前访问量过大，请您稍后再试'}}... wait 5s
         [GLM-5 retry 4/4] RateLimitError: Error code: 429 - {'error': {'code': '1305', 'message': '该模型当前访问量过大，请您稍后再试'}}... wait 20s
         [GLM-5 retry 2/4] RateLimitError: Error code: 429 - {'error': {'code': '1305', 'message': '该模型当前访问量过大，请您稍后再试'}}... wait 10s
         [GLM-5 retry 3/4] APITimeoutError: Request timed out.... wait 15s
         [GLM-5 retry 4/4] RateLimitError: Error code: 429 - {'error': {'code': '1305', 'message': '该模型当前访问量过大，请您稍后再试'}}... wait 20s
         [GLM-5 retry 1/4] RateLimitError: Error code: 429 - {'error': {'code': '1305', 'message': '该模型当前访问量过大，请您稍后再试'}}... wait 5s
         [GLM-5 retry 4/4] APITimeoutError: Request timed out.... wait 20s
         [GLM-5 retry 2/4] RateLimitError: Error code: 429 - {'error': {'code': '1305', 'message': '该模型当前访问量过大，请您稍后再试'}}... wait 10s
         [GLM-5 retry 3/4] APITimeoutError: Request timed out.... wait 15s
         [GLM-5 retry 3/4] RateLimitError: Error code: 429 - {'error': {'code': '1305', 'message': '该模型当前访问量过大，请您稍后再试'}}... wait 15s
         [GLM-5 retry 1/4] RateLimitError: Error code: 429 - {'error': {'code': '1305', 'message': '该模型当前访问量过大，请您稍后再试'}}... wait 5s
         [GLM-5 retry 1/4] RateLimitError: Error code: 429 - {'error': {'code': '1305', 'message': '该模型当前访问量过大，请您稍后再试'}}... wait 5s
         [GLM-5 retry 4/4] RateLimitError: Error code: 429 - {'error': {'code': '1305', 'message': '该模型当前访问量过大，请您稍后再试'}}... wait 20s
         [GLM-5 retry 2/4] RateLimitError: Error code: 429 - {'error': {'code': '1305', 'message': '该模型当前访问量过大，请您稍后再试'}}... wait 10s
         [GLM-5 retry 2/4] RateLimitError: Error code: 429 - {'error': {'code': '1305', 'message': '该模型当前访问量过大，请您稍后再试'}}... wait 10s
         [GLM-5 retry 4/4] RateLimitError: Error code: 429 - {'error': {'code': '1305', 'message': '该模型当前访问量过大，请您稍后再试'}}... wait 20s
         [GLM-5 retry 3/4] RateLimitError: Error code: 429 - {'error': {'code': '1305', 'message': '该模型当前访问量过大，请您稍后再试'}}... wait 15s
         [GLM-5 retry 3/4] RateLimitError: Error code: 429 - {'error': {'code': '1305', 'message': '该模型当前访问量过大，请您稍后再试'}}... wait 15s
         [GLM-5 retry 4/4] RateLimitError: Error code: 429 - {'error': {'code': '1305', 'message': '该模型当前访问量过大，请您稍后再试'}}... wait 20s
         [GLM-5 retry 4/4] RateLimitError: Error code: 429 - {'error': {'code': '1305', 'message': '该模型当前访问量过大，请您稍后再试'}}... wait 20s
         [GLM-5 retry 1/4] RateLimitError: Error code: 429 - {'error': {'code': '1305', 'message': '该模型当前访问量过大，请您稍后再试'}}... wait 5s
         [GLM-5 retry 2/4] RateLimitError: Error code: 429 - {'error': {'code': '1305', 'message': '该模型当前访问量过大，请您稍后再试'}}... wait 10s
         [GLM-5 retry 3/4] RateLimitError: Error code: 429 - {'error': {'code': '1305', 'message': '该模型当前访问量过大，请您稍后再试'}}... wait 15s
         [GLM-5 retry 4/4] RateLimitError: Error code: 429 - {'error': {'code': '1305', 'message': '该模型当前访问量过大，请您稍后再试'}}... wait 20s
         [GLM-5 retry 1/4] RateLimitError: Error code: 429 - {'error': {'code': '1305', 'message': '该模型当前访问量过大，请您稍后再试'}}... wait 5s
         [GLM-5 retry 2/4] RateLimitError: Error code: 429 - {'error': {'code': '1305', 'message': '该模型当前访问量过大，请您稍后再试'}}... wait 10s
         [GLM-5 retry 3/4] RateLimitError: Error code: 429 - {'error': {'code': '1305', 'message': '该模型当前访问量过大，请您稍后再试'}}... wait 15s
         [GLM-5 retry 1/4] RateLimitError: Error code: 429 - {'error': {'code': '1305', 'message': '该模型当前访问量过大，请您稍后再试'}}... wait 5s
         [GLM-5 retry 4/4] RateLimitError: Error code: 429 - {'error': {'code': '1305', 'message': '该模型当前访问量过大，请您稍后再试'}}... wait 20s
         [GLM-5 retry 2/4] RateLimitError: Error code: 429 - {'error': {'code': '1305', 'message': '该模型当前访问量过大，请您稍后再试'}}... wait 10s
         [GLM-5 retry 3/4] RateLimitError: Error code: 429 - {'error': {'code': '1305', 'message': '该模型当前访问量过大，请您稍后再试'}}... wait 15s
         [GLM-5 retry 1/4] RateLimitError: Error code: 429 - {'error': {'code': '1305', 'message': '该模型当前访问量过大，请您稍后再试'}}... wait 5s
         [GLM-5 retry 4/4] RateLimitError: Error code: 429 - {'error': {'code': '1305', 'message': '该模型当前访问量过大，请您稍后再试'}}... wait 20s
         [GLM-5 retry 2/4] RateLimitError: Error code: 429 - {'error': {'code': '1305', 'message': '该模型当前访问量过大，请您稍后再试'}}... wait 10s
         [GLM-5 retry 3/4] RateLimitError: Error code: 429 - {'error': {'code': '1305', 'message': '该模型当前访问量过大，请您稍后再试'}}... wait 15s
         [GLM-5 retry 1/4] RateLimitError: Error code: 429 - {'error': {'code': '1305', 'message': '该模型当前访问量过大，请您稍后再试'}}... wait 5s
         [GLM-5 retry 4/4] RateLimitError: Error code: 429 - {'error': {'code': '1305', 'message': '该模型当前访问量过大，请您稍后再试'}}... wait 20s
         [GLM-5 retry 2/4] RateLimitError: Error code: 429 - {'error': {'code': '1305', 'message': '该模型当前访问量过大，请您稍后再试'}}... wait 10s

🔍 [正在处理] ANS_CO_633 | 启动 3WD 流水线...
2026-06-24 11:02:28 | INFO     | 
🔍 [正在处理] ANS_CO_633 | 启动 3WD 流水线...

=============================================
Start grading student [ANS_CO_633]
=============================================
  [Stage 1] fact extraction backend=csbench_hybrid...
[failed sample recorded] ANS_CO_631 | stage2_failed: all semantic grading probes failed or returned unparsable scores
2026-06-24 11:02:28 | ERROR    | [failed sample recorded] ANS_CO_631 | stage2_failed: all semantic grading probes failed or returned unparsable scores
         [GLM-5.1 mapping retry 1/4] RateLimitError: Error code: 429 - {'error': {'code': '1305', 'message': '该模型当前访问量过大，请您稍后再试'}}... wait 5s
         [GLM-5.1 mapping retry 2/4] RateLimitError: Error code: 429 - {'error': {'code': '1305', 'message': '该模型当前访问量过大，请您稍后再试'}}... wait 10s
         [GLM-5.1 mapping retry 3/4] RateLimitError: Error code: 429 - {'error': {'code': '1305', 'message': '该模型当前访问量过大，请您稍后再试'}}... wait 15s
         [GLM-5.1 mapping retry 4/4] RateLimitError: Error code: 429 - {'error': {'code': '1305', 'message': '该模型当前访问量过大，请您稍后再试'}}... wait 20s

🔍 [正在处理] ANS_CO_634 | 启动 3WD 流水线...
2026-06-24 11:03:26 | INFO     | 
🔍 [正在处理] ANS_CO_634 | 启动 3WD 流水线...

=============================================
Start grading student [ANS_CO_634]
=============================================
  [Stage 1] fact extraction backend=csbench_hybrid...
[failed sample recorded] ANS_CO_633 | stage1_failed: GLM-5.1 OCR fact mapping failed after 4 attempts
2026-06-24 11:03:26 | ERROR    | [failed sample recorded] ANS_CO_633 | stage1_failed: GLM-5.1 OCR fact mapping failed after 4 attempts
         [GLM-5.1 mapping retry 1/4] RateLimitError: Error code: 429 - {'error': {'code': '1305', 'message': '该模型当前访问量过大，请您稍后再试'}}... wait 5s
         [GLM-5.1 mapping retry 2/4] RateLimitError: Error code: 429 - {'error': {'code': '1305', 'message': '该模型当前访问量过大，请您稍后再试'}}... wait 10s
         [GLM-5.1 mapping retry 3/4] RateLimitError: Error code: 429 - {'error': {'code': '1305', 'message': '该模型当前访问量过大，请您稍后再试'}}... wait 15s
         [GLM-5 retry 3/4] RateLimitError: Error code: 429 - {'error': {'code': '1305', 'message': '该模型当前访问量过大，请您稍后再试'}}... wait 15s
  [Stage 2] independent semantic grading probes...
         [GLM-5 retry 1/4] RateLimitError: Error code: 429 - {'error': {'code': '1305', 'message': '该模型当前访问量过大，请您稍后再试'}}... wait 5s
         [GLM-5 retry 1/4] RateLimitError: Error code: 429 - {'error': {'code': '1305', 'message': '该模型当前访问量过大，请您稍后再试'}}... wait 5s
         [GLM-5 retry 2/4] RateLimitError: Error code: 429 - {'error': {'code': '1305', 'message': '该模型当前访问量过大，请您稍后再试'}}... wait 10s
         [GLM-5 retry 2/4] RateLimitError: Error code: 429 - {'error': {'code': '1305', 'message': '该模型当前访问量过大，请您稍后再试'}}... wait 10s
         [GLM-5 retry 3/4] RateLimitError: Error code: 429 - {'error': {'code': '1305', 'message': '该模型当前访问量过大，请您稍后再试'}}... wait 15s
         [GLM-5 retry 3/4] RateLimitError: Error code: 429 - {'error': {'code': '1305', 'message': '该模型当前访问量过大，请您稍后再试'}}... wait 15s
         [GLM-5 retry 4/4] RateLimitError: Error code: 429 - {'error': {'code': '1305', 'message': '该模型当前访问量过大，请您稍后再试'}}... wait 20s
         [GLM-5 retry 4/4] RateLimitError: Error code: 429 - {'error': {'code': '1305', 'message': '该模型当前访问量过大，请您稍后再试'}}... wait 20s
         [GLM-5 retry 1/4] RateLimitError: Error code: 429 - {'error': {'code': '1305', 'message': '该模型当前访问量过大，请您稍后再试'}}... wait 5s
         [GLM-5 retry 1/4] RateLimitError: Error code: 429 - {'error': {'code': '1305', 'message': '该模型当前访问量过大，请您稍后再试'}}... wait 5s
         [GLM-5 retry 2/4] RateLimitError: Error code: 429 - {'error': {'code': '1305', 'message': '该模型当前访问量过大，请您稍后再试'}}... wait 10s
         [GLM-5 retry 2/4] RateLimitError: Error code: 429 - {'error': {'code': '1305', 'message': '该模型当前访问量过大，请您稍后再试'}}... wait 10s
         [GLM-5 retry 3/4] RateLimitError: Error code: 429 - {'error': {'code': '1305', 'message': '该模型当前访问量过大，请您稍后再试'}}... wait 15s
         [GLM-5 retry 3/4] RateLimitError: Error code: 429 - {'error': {'code': '1305', 'message': '该模型当前访问量过大，请您稍后再试'}}... wait 15s
         [GLM-5 retry 4/4] APITimeoutError: Request timed out.... wait 20s
         [GLM-5 retry 4/4] RateLimitError: Error code: 429 - {'error': {'code': '1305', 'message': '该模型当前访问量过大，请您稍后再试'}}... wait 20s
         [GLM-5 retry 4/4] RateLimitError: Error code: 429 - {'error': {'code': '1305', 'message': '该模型当前访问量过大，请您稍后再试'}}... wait 20s
         [GLM-5 retry 1/4] RateLimitError: Error code: 429 - {'error': {'code': '1305', 'message': '该模型当前访问量过大，请您稍后再试'}}... wait 5s
         [GLM-5 retry 1/4] RateLimitError: Error code: 429 - {'error': {'code': '1305', 'message': '该模型当前访问量过大，请您稍后再试'}}... wait 5s
         [GLM-5 retry 1/4] RateLimitError: Error code: 429 - {'error': {'code': '1305', 'message': '该模型当前访问量过大，请您稍后再试'}}... wait 5s
         [GLM-5 retry 2/4] RateLimitError: Error code: 429 - {'error': {'code': '1305', 'message': '该模型当前访问量过大，请您稍后再试'}}... wait 10s
         [GLM-5 retry 2/4] RateLimitError: Error code: 429 - {'error': {'code': '1305', 'message': '该模型当前访问量过大，请您稍后再试'}}... wait 10s
         [GLM-5 retry 2/4] RateLimitError: Error code: 429 - {'error': {'code': '1305', 'message': '该模型当前访问量过大，请您稍后再试'}}... wait 10s
         [GLM-5 retry 3/4] RateLimitError: Error code: 429 - {'error': {'code': '1305', 'message': '该模型当前访问量过大，请您稍后再试'}}... wait 15s
         [GLM-5 retry 3/4] RateLimitError: Error code: 429 - {'error': {'code': '1305', 'message': '该模型当前访问量过大，请您稍后再试'}}... wait 15s
         [GLM-5 retry 3/4] RateLimitError: Error code: 429 - {'error': {'code': '1305', 'message': '该模型当前访问量过大，请您稍后再试'}}... wait 15s
         [GLM-5 retry 4/4] RateLimitError: Error code: 429 - {'error': {'code': '1305', 'message': '该模型当前访问量过大，请您稍后再试'}}... wait 20s
         [GLM-5 retry 4/4] RateLimitError: Error code: 429 - {'error': {'code': '1305', 'message': '该模型当前访问量过大，请您稍后再试'}}... wait 20s
         [GLM-5 retry 4/4] RateLimitError: Error code: 429 - {'error': {'code': '1305', 'message': '该模型当前访问量过大，请您稍后再试'}}... wait 20s

🔍 [正在处理] ANS_CO_635 | 启动 3WD 流水线...
2026-06-24 11:11:58 | INFO     | 
🔍 [正在处理] ANS_CO_635 | 启动 3WD 流水线...

=============================================
Start grading student [ANS_CO_635]
=============================================
  [Stage 1] fact extraction backend=csbench_hybrid...
[failed sample recorded] ANS_CO_630 | stage2_failed: all semantic grading probes failed or returned unparsable scores
2026-06-24 11:11:58 | ERROR    | [failed sample recorded] ANS_CO_630 | stage2_failed: all semantic grading probes failed or returned unparsable scores
         [GLM-5.1 mapping retry 1/4] RateLimitError: Error code: 429 - {'error': {'code': '1305', 'message': '该模型当前访问量过大，请您稍后再试'}}... wait 5s
         [GLM-5 retry 1/4] RateLimitError: Error code: 429 - {'error': {'code': '1305', 'message': '该模型当前访问量过大，请您稍后再试'}}... wait 5s
         [GLM-5.1 mapping retry 2/4] RateLimitError: Error code: 429 - {'error': {'code': '1305', 'message': '该模型当前访问量过大，请您稍后再试'}}... wait 10s
         [GLM-5 retry 2/4] RateLimitError: Error code: 429 - {'error': {'code': '1305', 'message': '该模型当前访问量过大，请您稍后再试'}}... wait 10s
         [GLM-5.1 mapping retry 3/4] RateLimitError: Error code: 429 - {'error': {'code': '1305', 'message': '该模型当前访问量过大，请您稍后再试'}}... wait 15s
         [GLM-5 retry 3/4] RateLimitError: Error code: 429 - {'error': {'code': '1305', 'message': '该模型当前访问量过大，请您稍后再试'}}... wait 15s
         [GLM-5.1 mapping retry 4/4] RateLimitError: Error code: 429 - {'error': {'code': '1305', 'message': '该模型当前访问量过大，请您稍后再试'}}... wait 20s
         [GLM-5 retry 4/4] RateLimitError: Error code: 429 - {'error': {'code': '1305', 'message': '该模型当前访问量过大，请您稍后再试'}}... wait 20s

🔍 [正在处理] ANS_CO_636 | 启动 3WD 流水线...
2026-06-24 11:12:56 | INFO     | 
🔍 [正在处理] ANS_CO_636 | 启动 3WD 流水线...

=============================================
Start grading student [ANS_CO_636]
=============================================
  [Stage 1] fact extraction backend=csbench_hybrid...
[failed sample recorded] ANS_CO_635 | stage1_failed: GLM-5.1 OCR fact mapping failed after 4 attempts
2026-06-24 11:12:56 | ERROR    | [failed sample recorded] ANS_CO_635 | stage1_failed: GLM-5.1 OCR fact mapping failed after 4 attempts
         [GLM-5.1 mapping retry 1/4] RateLimitError: Error code: 429 - {'error': {'code': '1305', 'message': '该模型当前访问量过大，请您稍后再试'}}... wait 5s
         [GLM-5 retry 1/4] RateLimitError: Error code: 429 - {'error': {'code': '1305', 'message': '该模型当前访问量过大，请您稍后再试'}}... wait 5s
         [GLM-5.1 mapping retry 2/4] RateLimitError: Error code: 429 - {'error': {'code': '1305', 'message': '该模型当前访问量过大，请您稍后再试'}}... wait 10s
         [GLM-5 retry 2/4] RateLimitError: Error code: 429 - {'error': {'code': '1305', 'message': '该模型当前访问量过大，请您稍后再试'}}... wait 10s
         [GLM-5.1 mapping retry 3/4] RateLimitError: Error code: 429 - {'error': {'code': '1305', 'message': '该模型当前访问量过大，请您稍后再试'}}... wait 15s
         [GLM-5 retry 3/4] RateLimitError: Error code: 429 - {'error': {'code': '1305', 'message': '该模型当前访问量过大，请您稍后再试'}}... wait 15s
         [GLM-5.1 mapping retry 4/4] RateLimitError: Error code: 429 - {'error': {'code': '1305', 'message': '该模型当前访问量过大，请您稍后再试'}}... wait 20s
         [GLM-5 retry 4/4] RateLimitError: Error code: 429 - {'error': {'code': '1305', 'message': '该模型当前访问量过大，请您稍后再试'}}... wait 20s

🔍 [正在处理] ANS_CO_637 | 启动 3WD 流水线...
2026-06-24 11:13:54 | INFO     | 
🔍 [正在处理] ANS_CO_637 | 启动 3WD 流水线...

=============================================
Start grading student [ANS_CO_637]
=============================================
  [Stage 1] fact extraction backend=csbench_hybrid...
[failed sample recorded] ANS_CO_636 | stage1_failed: GLM-5.1 OCR fact mapping failed after 4 attempts
2026-06-24 11:13:54 | ERROR    | [failed sample recorded] ANS_CO_636 | stage1_failed: GLM-5.1 OCR fact mapping failed after 4 attempts
         [GLM-5.1 mapping retry 1/4] RateLimitError: Error code: 429 - {'error': {'code': '1305', 'message': '该模型当前访问量过大，请您稍后再试'}}... wait 5s
         [GLM-5.1 mapping retry 2/4] RateLimitError: Error code: 429 - {'error': {'code': '1305', 'message': '该模型当前访问量过大，请您稍后再试'}}... wait 10s
         [GLM-5 retry 1/4] RateLimitError: Error code: 429 - {'error': {'code': '1305', 'message': '该模型当前访问量过大，请您稍后再试'}}... wait 5s
         [GLM-5 retry 2/4] RateLimitError: Error code: 429 - {'error': {'code': '1305', 'message': '该模型当前访问量过大，请您稍后再试'}}... wait 10s
         [GLM-5.1 mapping retry 3/4] RateLimitError: Error code: 429 - {'error': {'code': '1305', 'message': '该模型当前访问量过大，请您稍后再试'}}... wait 15s
         [GLM-5 retry 3/4] RateLimitError: Error code: 429 - {'error': {'code': '1305', 'message': '该模型当前访问量过大，请您稍后再试'}}... wait 15s
         [GLM-5 retry 4/4] RateLimitError: Error code: 429 - {'error': {'code': '1305', 'message': '该模型当前访问量过大，请您稍后再试'}}... wait 20s

🔍 [正在处理] ANS_CO_638 | 启动 3WD 流水线...
2026-06-24 11:15:03 | INFO     | 
🔍 [正在处理] ANS_CO_638 | 启动 3WD 流水线...

=============================================
Start grading student [ANS_CO_638]
=============================================
  [Stage 1] fact extraction backend=csbench_hybrid...
[failed sample recorded] ANS_CO_634 | stage2_failed: all semantic grading probes failed or returned unparsable scores
2026-06-24 11:15:03 | ERROR    | [failed sample recorded] ANS_CO_634 | stage2_failed: all semantic grading probes failed or returned unparsable scores
  [Stage 2] independent semantic grading probes...
         [GLM-5 retry 1/4] RateLimitError: Error code: 429 - {'error': {'code': '1305', 'message': '该模型当前访问量过大，请您稍后再试'}}... wait 5s
         [GLM-5 retry 2/4] RateLimitError: Error code: 429 - {'error': {'code': '1305', 'message': '该模型当前访问量过大，请您稍后再试'}}... wait 10s
  [Stage 2] independent semantic grading probes...
         [GLM-5 retry 1/4] RateLimitError: Error code: 429 - {'error': {'code': '1305', 'message': '该模型当前访问量过大，请您稍后再试'}}... wait 5s
         [GLM-5 retry 1/4] RateLimitError: Error code: 429 - {'error': {'code': '1305', 'message': '该模型当前访问量过大，请您稍后再试'}}... wait 5s
         [GLM-5 retry 3/4] RateLimitError: Error code: 429 - {'error': {'code': '1305', 'message': '该模型当前访问量过大，请您稍后再试'}}... wait 15s
         [GLM-5 retry 2/4] RateLimitError: Error code: 429 - {'error': {'code': '1305', 'message': '该模型当前访问量过大，请您稍后再试'}}... wait 10s
         [GLM-5 retry 2/4] RateLimitError: Error code: 429 - {'error': {'code': '1305', 'message': '该模型当前访问量过大，请您稍后再试'}}... wait 10s
         [GLM-5 retry 3/4] RateLimitError: Error code: 429 - {'error': {'code': '1305', 'message': '该模型当前访问量过大，请您稍后再试'}}... wait 15s
         [GLM-5 retry 4/4] RateLimitError: Error code: 429 - {'error': {'code': '1305', 'message': '该模型当前访问量过大，请您稍后再试'}}... wait 20s
         [GLM-5 retry 1/4] RateLimitError: Error code: 429 - {'error': {'code': '1305', 'message': '该模型当前访问量过大，请您稍后再试'}}... wait 5s
         [GLM-5 retry 2/4] RateLimitError: Error code: 429 - {'error': {'code': '1305', 'message': '该模型当前访问量过大，请您稍后再试'}}... wait 10s
         [GLM-5 retry 3/4] RateLimitError: Error code: 429 - {'error': {'code': '1305', 'message': '该模型当前访问量过大，请您稍后再试'}}... wait 15s
         [GLM-5 retry 4/4] RateLimitError: Error code: 429 - {'error': {'code': '1305', 'message': '该模型当前访问量过大，请您稍后再试'}}... wait 20s
         [GLM-5 retry 1/4] RateLimitError: Error code: 429 - {'error': {'code': '1305', 'message': '该模型当前访问量过大，请您稍后再试'}}... wait 5s
         [GLM-5 retry 2/4] RateLimitError: Error code: 429 - {'error': {'code': '1305', 'message': '该模型当前访问量过大，请您稍后再试'}}... wait 10s
         [GLM-5 retry 1/4] RateLimitError: Error code: 429 - {'error': {'code': '1305', 'message': '该模型当前访问量过大，请您稍后再试'}}... wait 5s
         [GLM-5 retry 3/4] RateLimitError: Error code: 429 - {'error': {'code': '1305', 'message': '该模型当前访问量过大，请您稍后再试'}}... wait 15s
         [GLM-5 retry 2/4] RateLimitError: Error code: 429 - {'error': {'code': '1305', 'message': '该模型当前访问量过大，请您稍后再试'}}... wait 10s
         [GLM-5 retry 3/4] RateLimitError: Error code: 429 - {'error': {'code': '1305', 'message': '该模型当前访问量过大，请您稍后再试'}}... wait 15s
         [GLM-5 retry 4/4] RateLimitError: Error code: 429 - {'error': {'code': '1305', 'message': '该模型当前访问量过大，请您稍后再试'}}... wait 20s
         [GLM-5 retry 4/4] RateLimitError: Error code: 429 - {'error': {'code': '1305', 'message': '该模型当前访问量过大，请您稍后再试'}}... wait 20s
         [GLM-5 retry 4/4] RateLimitError: Error code: 429 - {'error': {'code': '1305', 'message': '该模型当前访问量过大，请您稍后再试'}}... wait 20s
         [GLM-5 retry 1/4] RateLimitError: Error code: 429 - {'error': {'code': '1305', 'message': '该模型当前访问量过大，请您稍后再试'}}... wait 5s
         [GLM-5 retry 1/4] RateLimitError: Error code: 429 - {'error': {'code': '1305', 'message': '该模型当前访问量过大，请您稍后再试'}}... wait 5s
         [GLM-5 retry 2/4] RateLimitError: Error code: 429 - {'error': {'code': '1305', 'message': '该模型当前访问量过大，请您稍后再试'}}... wait 10s
         [GLM-5 retry 2/4] RateLimitError: Error code: 429 - {'error': {'code': '1305', 'message': '该模型当前访问量过大，请您稍后再试'}}... wait 10s
         [GLM-5 retry 1/4] RateLimitError: Error code: 429 - {'error': {'code': '1305', 'message': '该模型当前访问量过大，请您稍后再试'}}... wait 5s
         [GLM-5 retry 3/4] RateLimitError: Error code: 429 - {'error': {'code': '1305', 'message': '该模型当前访问量过大，请您稍后再试'}}... wait 15s
         [GLM-5 retry 3/4] RateLimitError: Error code: 429 - {'error': {'code': '1305', 'message': '该模型当前访问量过大，请您稍后再试'}}... wait 15s
         [GLM-5 retry 2/4] RateLimitError: Error code: 429 - {'error': {'code': '1305', 'message': '该模型当前访问量过大，请您稍后再试'}}... wait 10s
         [GLM-5 retry 3/4] RateLimitError: Error code: 429 - {'error': {'code': '1305', 'message': '该模型当前访问量过大，请您稍后再试'}}... wait 15s
         [GLM-5 retry 4/4] RateLimitError: Error code: 429 - {'error': {'code': '1305', 'message': '该模型当前访问量过大，请您稍后再试'}}... wait 20s
         [GLM-5 retry 4/4] RateLimitError: Error code: 429 - {'error': {'code': '1305', 'message': '该模型当前访问量过大，请您稍后再试'}}... wait 20s
         [GLM-5 retry 1/4] RateLimitError: Error code: 429 - {'error': {'code': '1305', 'message': '该模型当前访问量过大，请您稍后再试'}}... wait 5s
         [GLM-5 retry 1/4] RateLimitError: Error code: 429 - {'error': {'code': '1305', 'message': '该模型当前访问量过大，请您稍后再试'}}... wait 5s
         [GLM-5 retry 2/4] RateLimitError: Error code: 429 - {'error': {'code': '1305', 'message': '该模型当前访问量过大，请您稍后再试'}}... wait 10s
         [GLM-5 retry 2/4] RateLimitError: Error code: 429 - {'error': {'code': '1305', 'message': '该模型当前访问量过大，请您稍后再试'}}... wait 10s
         [GLM-5 retry 3/4] RateLimitError: Error code: 429 - {'error': {'code': '1305', 'message': '该模型当前访问量过大，请您稍后再试'}}... wait 15s
         [GLM-5 retry 3/4] APITimeoutError: Request timed out.... wait 15s
         [GLM-5 retry 4/4] RateLimitError: Error code: 429 - {'error': {'code': '1305', 'message': '该模型当前访问量过大，请您稍后再试'}}... wait 20s
         [GLM-5 retry 4/4] RateLimitError: Error code: 429 - {'error': {'code': '1305', 'message': '该模型当前访问量过大，请您稍后再试'}}... wait 20s
         [GLM-5 retry 1/4] RateLimitError: Error code: 429 - {'error': {'code': '1305', 'message': '该模型当前访问量过大，请您稍后再试'}}... wait 5s
         [GLM-5 retry 2/4] RateLimitError: Error code: 429 - {'error': {'code': '1305', 'message': '该模型当前访问量过大，请您稍后再试'}}... wait 10s
         [GLM-5 retry 1/4] RateLimitError: Error code: 429 - {'error': {'code': '1305', 'message': '该模型当前访问量过大，请您稍后再试'}}... wait 5s
         [GLM-5 retry 2/4] RateLimitError: Error code: 429 - {'error': {'code': '1305', 'message': '该模型当前访问量过大，请您稍后再试'}}... wait 10s
         [GLM-5 retry 3/4] RateLimitError: Error code: 429 - {'error': {'code': '1305', 'message': '该模型当前访问量过大，请您稍后再试'}}... wait 15s
         [GLM-5 retry 3/4] RateLimitError: Error code: 429 - {'error': {'code': '1305', 'message': '该模型当前访问量过大，请您稍后再试'}}... wait 15s
         [GLM-5 retry 4/4] RateLimitError: Error code: 429 - {'error': {'code': '1305', 'message': '该模型当前访问量过大，请您稍后再试'}}... wait 20s
         [GLM-5 retry 4/4] RateLimitError: Error code: 429 - {'error': {'code': '1305', 'message': '该模型当前访问量过大，请您稍后再试'}}... wait 20s
         [GLM-5 retry 4/4] RateLimitError: Error code: 429 - {'error': {'code': '1305', 'message': '该模型当前访问量过大，请您稍后再试'}}... wait 20s
         [GLM-5 retry 1/4] RateLimitError: Error code: 429 - {'error': {'code': '1305', 'message': '该模型当前访问量过大，请您稍后再试'}}... wait 5s
         [GLM-5 retry 2/4] RateLimitError: Error code: 429 - {'error': {'code': '1305', 'message': '该模型当前访问量过大，请您稍后再试'}}... wait 10s
         [GLM-5 retry 1/4] RateLimitError: Error code: 429 - {'error': {'code': '1305', 'message': '该模型当前访问量过大，请您稍后再试'}}... wait 5s
         [GLM-5 retry 1/4] RateLimitError: Error code: 429 - {'error': {'code': '1305', 'message': '该模型当前访问量过大，请您稍后再试'}}... wait 5s
         [GLM-5 retry 3/4] RateLimitError: Error code: 429 - {'error': {'code': '1305', 'message': '该模型当前访问量过大，请您稍后再试'}}... wait 15s
         [GLM-5 retry 2/4] RateLimitError: Error code: 429 - {'error': {'code': '1305', 'message': '该模型当前访问量过大，请您稍后再试'}}... wait 10s
         [GLM-5 retry 3/4] RateLimitError: Error code: 429 - {'error': {'code': '1305', 'message': '该模型当前访问量过大，请您稍后再试'}}... wait 15s
         [GLM-5 retry 2/4] RateLimitError: Error code: 429 - {'error': {'code': '1305', 'message': '该模型当前访问量过大，请您稍后再试'}}... wait 10s
         [GLM-5 retry 3/4] RateLimitError: Error code: 429 - {'error': {'code': '1305', 'message': '该模型当前访问量过大，请您稍后再试'}}... wait 15s
         [GLM-5 retry 3/4] RateLimitError: Error code: 429 - {'error': {'code': '1305', 'message': '该模型当前访问量过大，请您稍后再试'}}... wait 15s
         [GLM-5 retry 4/4] RateLimitError: Error code: 429 - {'error': {'code': '1305', 'message': '该模型当前访问量过大，请您稍后再试'}}... wait 20s
         [GLM-5 retry 4/4] RateLimitError: Error code: 429 - {'error': {'code': '1305', 'message': '该模型当前访问量过大，请您稍后再试'}}... wait 20s
         [GLM-5 retry 4/4] RateLimitError: Error code: 429 - {'error': {'code': '1305', 'message': '该模型当前访问量过大，请您稍后再试'}}... wait 20s
         [GLM-5 retry 1/4] RateLimitError: Error code: 429 - {'error': {'code': '1305', 'message': '该模型当前访问量过大，请您稍后再试'}}... wait 5s
         [GLM-5 retry 2/4] RateLimitError: Error code: 429 - {'error': {'code': '1305', 'message': '该模型当前访问量过大，请您稍后再试'}}... wait 10s
         [GLM-5 retry 1/4] RateLimitError: Error code: 429 - {'error': {'code': '1305', 'message': '该模型当前访问量过大，请您稍后再试'}}... wait 5s
         [GLM-5 retry 3/4] RateLimitError: Error code: 429 - {'error': {'code': '1305', 'message': '该模型当前访问量过大，请您稍后再试'}}... wait 15s
         [GLM-5 retry 2/4] RateLimitError: Error code: 429 - {'error': {'code': '1305', 'message': '该模型当前访问量过大，请您稍后再试'}}... wait 10s
         [GLM-5 retry 3/4] RateLimitError: Error code: 429 - {'error': {'code': '1305', 'message': '该模型当前访问量过大，请您稍后再试'}}... wait 15s
         [GLM-5 retry 4/4] RateLimitError: Error code: 429 - {'error': {'code': '1305', 'message': '该模型当前访问量过大，请您稍后再试'}}... wait 20s

🔍 [正在处理] ANS_CO_641 | 启动 3WD 流水线...
2026-06-24 11:24:08 | INFO     | 
🔍 [正在处理] ANS_CO_641 | 启动 3WD 流水线...

=============================================
Start grading student [ANS_CO_641]
=============================================
  [Stage 1] fact extraction backend=csbench_hybrid...
[failed sample recorded] ANS_CO_637 | stage2_failed: all semantic grading probes failed or returned unparsable scores
2026-06-24 11:24:08 | ERROR    | [failed sample recorded] ANS_CO_637 | stage2_failed: all semantic grading probes failed or returned unparsable scores
         [GLM-5.1 mapping retry 1/4] RateLimitError: Error code: 429 - {'error': {'code': '1305', 'message': '该模型当前访问量过大，请您稍后再试'}}... wait 5s
         [GLM-5.1 mapping retry 2/4] RateLimitError: Error code: 429 - {'error': {'code': '1305', 'message': '该模型当前访问量过大，请您稍后再试'}}... wait 10s
         [GLM-5.1 mapping retry 3/4] RateLimitError: Error code: 429 - {'error': {'code': '1305', 'message': '该模型当前访问量过大，请您稍后再试'}}... wait 15s
         [GLM-5.1 mapping retry 4/4] RateLimitError: Error code: 429 - {'error': {'code': '1305', 'message': '该模型当前访问量过大，请您稍后再试'}}... wait 20s
         [GLM-5 retry 4/4] RateLimitError: Error code: 429 - {'error': {'code': '1305', 'message': '该模型当前访问量过大，请您稍后再试'}}... wait 20s

🔍 [正在处理] ANS_CO_642 | 启动 3WD 流水线...
2026-06-24 11:25:06 | INFO     | 
🔍 [正在处理] ANS_CO_642 | 启动 3WD 流水线...

=============================================
Start grading student [ANS_CO_642]
=============================================
  [Stage 1] fact extraction backend=csbench_hybrid...
[failed sample recorded] ANS_CO_641 | stage1_failed: GLM-5.1 OCR fact mapping failed after 4 attempts
2026-06-24 11:25:06 | ERROR    | [failed sample recorded] ANS_CO_641 | stage1_failed: GLM-5.1 OCR fact mapping failed after 4 attempts
         [GLM-5.1 mapping retry 1/4] RateLimitError: Error code: 429 - {'error': {'code': '1305', 'message': '该模型当前访问量过大，请您稍后再试'}}... wait 5s
         [GLM-5 retry 4/4] RateLimitError: Error code: 429 - {'error': {'code': '1305', 'message': '该模型当前访问量过大，请您稍后再试'}}... wait 20s
  [Stage 2] independent semantic grading probes...
         [GLM-5 retry 1/4] RateLimitError: Error code: 429 - {'error': {'code': '1305', 'message': '该模型当前访问量过大，请您稍后再试'}}... wait 5s
[failed sample recorded] ANS_CO_638 | stage2_failed: all semantic grading probes failed or returned unparsable scores
2026-06-24 11:26:21 | ERROR    | [failed sample recorded] ANS_CO_638 | stage2_failed: all semantic grading probes failed or returned unparsable scores
      [完成] 第 1/3 次语义评分完成，得分: 13.0
      [完成] 第 3/3 次语义评分完成，得分: 13.0
      [完成] 第 2/3 次语义评分完成，得分: 13.0

  [探测指标] 均分=13.0, 标准差=0.0000, 留白率=0%, 感知失败率=0%, 低质量提取率=0%, 提取质量=high
      [extraction-risk] R_ext=0.14, structure_missing=90%, suspicious=90%
      [风险画像] P=0.27, U=0.00%, F=0.00%, H=False, L=False
      [通用校准] rules=['lenient_undercredit_review', 'structure_missing_review'], UM=0.00%, MF=0.00%, cap=20.00
      [A3WA可信度] R=0.300, mu=0.700, alpha=0.829, beta=0.286, route=BND | beta_lt_confidence_lt_alpha
      [路由 -> BND] 边界样本 | P=0.27, U=0.00%, F=0.00%, H=False, L=False
         [Agent仲裁] keep|keep_minor_change | 原始仲裁分: 13.0 | 限幅后最终分: 13.0 | Steps 1-6 (12 points) are fully supported by extracted evidence: correct priority sequence and equivalent mask-word descriptions. Step 7_1 partial credit of 1.0/2.0 is appropriate since the student only wrote '用户程序→A' without the return path. Steps 7_2-7_4 receive 0 because the student explicitly stated '图中未明确显示' (genuine blank from student side, not extraction failure). All three prior graders consistently awarded 13.0, and the score is well-aligned with concrete evidence. No missed lenient credit or unsupported high-score credit identified.
✅ [批改完成] ANS_CO_642 | 路由: BND | 最终分: 13.0 | 风险: P0.27/U0.00/F0.00/H0/L0 | 提取质量: 🟢high | 留白率: 0% | 低质量率: 0%
2026-06-24 11:28:58 | INFO     | ✅ [批改完成] ANS_CO_642 | 路由: BND | 最终分: 13.0 | 风险: P0.27/U0.00/F0.00/H0/L0 | 提取质量: 🟢high | 留白率: 0% | 低质量率: 0%
📢 [总进度] 65/84 份试卷已归档。
2026-06-24 11:28:58 | INFO     | 📢 [总进度] 65/84 份试卷已归档。
🗂️ 所有线程交卷完毕，正在整理数据... (共收集 65/84 份结果)
2026-06-24 11:28:59 | INFO     | 🗂️ 所有线程交卷完毕，正在整理数据... (共收集 65/84 份结果)
💾 正常批改结果已保存: /home/E125221219/projects/refgrader/results_runs/csbench_co2_full/CO_2_graded_results.json (62 人)
2026-06-24 11:28:59 | INFO     | 💾 正常批改结果已保存: /home/E125221219/projects/refgrader/results_runs/csbench_co2_full/CO_2_graded_results.json (62 人)
🛑 拒绝域结果已单独保存: /home/E125221219/projects/refgrader/results_runs/csbench_co2_full/CO_2_rejected.json (3 人)
2026-06-24 11:28:59 | INFO     | 🛑 拒绝域结果已单独保存: /home/E125221219/projects/refgrader/results_runs/csbench_co2_full/CO_2_rejected.json (3 人)
[result consistency] CO_2: checkpoint=65, graded=62, rejected=3, failed=19, expected=84
2026-06-24 11:28:59 | INFO     | [result consistency] CO_2: checkpoint=65, graded=62, rejected=3, failed=19, expected=84

🏆 任务完成！
2026-06-24 11:28:59 | INFO     | 
🏆 任务完成！
