fold_id,test_unit,question_id,student_id,teacher_score,train_mean,linear_tfidf_svr,linear_tfidf_svr_isotonic
fold_01,1,MOHLER_1_1,MOHLER_1_1_001,3.5,4.243279569892473,4.908429169513419,4.628205128205129
fold_01,1,MOHLER_1_1,MOHLER_1_1_002,5.0,4.243279569892473,4.950218485050527,4.628205128205129
fold_01,1,MOHLER_1_1,MOHLER_1_1_003,4.0,4.243279569892473,4.685994737578958,3.9201680672268893
fold_01,1,MOHLER_1_1,MOHLER_1_1_004,5.0,4.243279569892473,5.0,4.628205128205129
fold_01,1,MOHLER_1_1,MOHLER_1_1_005,3.0,4.243279569892473,4.747499030120572,3.9201680672268893
fold_01,1,MOHLER_1_1,MOHLER_1_1_006,2.0,4.243279569892473,4.461623340699497,3.9201680672268893
fold_01,1,MOHLER_1_1,MOHLER_1_1_007,2.5,4.243279569892473,4.595004541298002,3.9201680672268893
fold_01,1,MOHLER_1_1,MOHLER_1_1_008,5.0,4.243279569892473,4.6048160413425725,3.9201680672268893
fold_01,1,MOHLER_1_1,MOHLER_1_1_009,3.5,4.243279569892473,4.69776923039996,3.9201680672268893
fold_01,1,MOHLER_1_1,MOHLER_1_1_010,5.0,4.243279569892473,4.991799576971054,4.628205128205129
fold_01,1,MOHLER_1_1,MOHLER_1_1_011,5.0,4.243279569892473,4.929968523447569,4.628205128205129
fold_01,1,MOHLER_1_1,MOHLER_1_1_012,5.0,4.243279569892473,4.929968523447569,4.628205128205129
fold_01,1,MOHLER_1_1,MOHLER_1_1_013,2.0,4.243279569892473,4.520838314620877,3.9201680672268893
fold_01,1,MOHLER_1_1,MOHLER_1_1_014,4.5,4.243279569892473,4.939251477143682,4.628205128205129
fold_01,1,MOHLER_1_1,MOHLER_1_1_015,2.0,4.243279569892473,4.864176487206835,4.628205128205129
fold_01,1,MOHLER_1_1,MOHLER_1_1_016,4.5,4.243279569892473,5.0,4.628205128205129
fold_01,1,MOHLER_1_1,MOHLER_1_1_017,5.0,4.243279569892473,4.929968523447569,4.628205128205129
fold_01,1,MOHLER_1_1,MOHLER_1_1_018,2.0,4.243279569892473,4.688422881372142,3.9201680672268893
fold_01,1,MOHLER_1_1,MOHLER_1_1_019,2.0,4.243279569892473,4.5358290189321995,3.9201680672268893
fold_01,1,MOHLER_1_1,MOHLER_1_1_020,2.5,4.243279569892473,4.737635956838927,3.9201680672268893
fold_01,1,MOHLER_1_1,MOHLER_1_1_021,5.0,4.243279569892473,4.874966167361011,4.628205128205129
fold_01,1,MOHLER_1_1,MOHLER_1_1_022,5.0,4.243279569892473,4.874966167361011,4.628205128205129
fold_01,1,MOHLER_1_1,MOHLER_1_1_023,1.5,4.243279569892473,4.919691418264772,4.628205128205129
fold_01,1,MOHLER_1_1,MOHLER_1_1_024,2.5,4.243279569892473,4.769996161394024,4.509302737261309
fold_01,1,MOHLER_1_1,MOHLER_1_1_025,5.0,4.243279569892473,4.874966167361011,4.628205128205129
fold_01,1,MOHLER_1_1,MOHLER_1_1_026,2.0,4.243279569892473,4.587662392050948,3.9201680672268893
fold_01,1,MOHLER_1_1,MOHLER_1_1_027,3.0,4.243279569892473,4.709898055999112,3.9201680672268893
fold_01,1,MOHLER_1_1,MOHLER_1_1_028,3.0,4.243279569892473,4.867727722858016,4.628205128205129
fold_01,1,MOHLER_1_1,MOHLER_1_1_029,2.5,4.243279569892473,4.8246950814610186,4.628205128205129
fold_01,1,MOHLER_1_2,MOHLER_1_2_001,3.5,4.243279569892473,4.7440095855816775,3.9201680672268893
fold_01,1,MOHLER_1_2,MOHLER_1_2_002,4.0,4.243279569892473,4.178286582482733,3.9201680672268893
fold_01,1,MOHLER_1_2,MOHLER_1_2_003,4.5,4.243279569892473,4.401811675366668,3.9201680672268893
fold_01,1,MOHLER_1_2,MOHLER_1_2_004,3.0,4.243279569892473,4.824563650256423,4.628205128205129
fold_01,1,MOHLER_1_2,MOHLER_1_2_005,3.0,4.243279569892473,4.37581682241454,3.9201680672268893
fold_01,1,MOHLER_1_2,MOHLER_1_2_006,2.0,4.243279569892473,4.2925868004418355,3.9201680672268893
fold_01,1,MOHLER_1_2,MOHLER_1_2_007,3.5,4.243279569892473,4.3960272745965545,3.9201680672268893
fold_01,1,MOHLER_1_2,MOHLER_1_2_008,4.0,4.243279569892473,4.515037914161714,3.9201680672268893
fold_01,1,MOHLER_1_2,MOHLER_1_2_009,2.0,4.243279569892473,4.3960272745965545,3.9201680672268893
fold_01,1,MOHLER_1_2,MOHLER_1_2_010,5.0,4.243279569892473,4.409630983331283,3.9201680672268893
fold_01,1,MOHLER_1_2,MOHLER_1_2_011,2.5,4.243279569892473,4.343047297367885,3.9201680672268893
fold_01,1,MOHLER_1_2,MOHLER_1_2_012,3.5,4.243279569892473,4.33734482093781,3.9201680672268893
fold_01,1,MOHLER_1_2,MOHLER_1_2_013,2.0,4.243279569892473,4.3960272745965545,3.9201680672268893
fold_01,1,MOHLER_1_2,MOHLER_1_2_014,3.0,4.243279569892473,4.3960272745965545,3.9201680672268893
fold_01,1,MOHLER_1_2,MOHLER_1_2_015,1.5,4.243279569892473,4.305852788657208,3.9201680672268893
fold_01,1,MOHLER_1_2,MOHLER_1_2_016,5.0,4.243279569892473,4.421656817951674,3.9201680672268893
fold_01,1,MOHLER_1_2,MOHLER_1_2_017,3.5,4.243279569892473,4.371062324116067,3.9201680672268893
fold_01,1,MOHLER_1_2,MOHLER_1_2_018,1.5,4.243279569892473,4.152190838126355,3.9201680672268893
fold_01,1,MOHLER_1_2,MOHLER_1_2_019,2.5,4.243279569892473,4.371062324116067,3.9201680672268893
fold_01,1,MOHLER_1_2,MOHLER_1_2_020,1.5,4.243279569892473,4.704924181452405,3.9201680672268893
fold_01,1,MOHLER_1_2,MOHLER_1_2_021,3.0,4.243279569892473,4.371062324116067,3.9201680672268893
fold_01,1,MOHLER_1_2,MOHLER_1_2_022,5.0,4.243279569892473,4.409630983331283,3.9201680672268893
fold_01,1,MOHLER_1_2,MOHLER_1_2_023,3.5,4.243279569892473,4.3960272745965545,3.9201680672268893
fold_01,1,MOHLER_1_2,MOHLER_1_2_024,1.0,4.243279569892473,4.395739300218715,3.9201680672268893
fold_01,1,MOHLER_1_2,MOHLER_1_2_025,2.5,4.243279569892473,4.413083610001539,3.9201680672268893
fold_01,1,MOHLER_1_2,MOHLER_1_2_026,3.5,4.243279569892473,4.371062324116067,3.9201680672268893
fold_01,1,MOHLER_1_2,MOHLER_1_2_027,2.0,4.243279569892473,4.966188149383813,4.628205128205129
fold_01,1,MOHLER_1_2,MOHLER_1_2_028,3.0,4.243279569892473,4.4317250590407244,3.9201680672268893
fold_01,1,MOHLER_1_2,MOHLER_1_2_029,1.5,4.243279569892473,4.439451770711017,3.9201680672268893
fold_01,1,MOHLER_1_3,MOHLER_1_3_001,4.5,4.243279569892473,4.4851733726895695,3.9201680672268893
fold_01,1,MOHLER_1_3,MOHLER_1_3_002,5.0,4.243279569892473,4.404781418239689,3.9201680672268893
fold_01,1,MOHLER_1_3,MOHLER_1_3_003,3.5,4.243279569892473,3.9107995459530964,3.3275862068965516
fold_01,1,MOHLER_1_3,MOHLER_1_3_004,2.5,4.243279569892473,3.842302481526339,3.3275862068965516
fold_01,1,MOHLER_1_3,MOHLER_1_3_005,3.5,4.243279569892473,3.9220540616947175,3.3275862068965516
fold_01,1,MOHLER_1_3,MOHLER_1_3_006,1.0,4.243279569892473,3.42115534282289,3.3
fold_01,1,MOHLER_1_3,MOHLER_1_3_007,4.0,4.243279569892473,4.4640893579954195,3.9201680672268893
fold_01,1,MOHLER_1_3,MOHLER_1_3_008,2.5,4.243279569892473,3.8748641945468227,3.3275862068965516
fold_01,1,MOHLER_1_3,MOHLER_1_3_009,3.0,4.243279569892473,4.144035811552825,3.9201680672268893
fold_01,1,MOHLER_1_3,MOHLER_1_3_010,4.0,4.243279569892473,4.153501703160142,3.9201680672268893
fold_01,1,MOHLER_1_3,MOHLER_1_3_011,5.0,4.243279569892473,3.6404136408881493,3.3
fold_01,1,MOHLER_1_3,MOHLER_1_3_012,3.5,4.243279569892473,3.875655624544234,3.3275862068965516
fold_01,1,MOHLER_1_3,MOHLER_1_3_013,2.0,4.243279569892473,4.082064353783052,3.9201680672268893
fold_01,1,MOHLER_1_3,MOHLER_1_3_014,3.5,4.243279569892473,4.162764553842906,3.9201680672268893
fold_01,1,MOHLER_1_3,MOHLER_1_3_015,4.5,4.243279569892473,4.435301298010465,3.9201680672268893
fold_01,1,MOHLER_1_3,MOHLER_1_3_016,5.0,4.243279569892473,4.736342372333895,3.9201680672268893
fold_01,1,MOHLER_1_3,MOHLER_1_3_017,4.5,4.243279569892473,4.211707544794179,3.9201680672268893
fold_01,1,MOHLER_1_3,MOHLER_1_3_018,3.5,4.243279569892473,4.651254471026789,3.9201680672268893
fold_01,1,MOHLER_1_3,MOHLER_1_3_019,4.0,4.243279569892473,4.100034162185314,3.9201680672268893
fold_01,1,MOHLER_1_3,MOHLER_1_3_020,4.5,4.243279569892473,4.0809924756694995,3.9201680672268893
fold_01,1,MOHLER_1_3,MOHLER_1_3_021,3.5,4.243279569892473,3.886681002497994,3.3275862068965516
fold_01,1,MOHLER_1_3,MOHLER_1_3_022,3.5,4.243279569892473,3.886681002497994,3.3275862068965516
fold_01,1,MOHLER_1_3,MOHLER_1_3_023,5.0,4.243279569892473,4.278642485213773,3.9201680672268893
fold_01,1,MOHLER_1_3,MOHLER_1_3_024,4.0,4.243279569892473,3.7710317235038318,3.3275862068965516
fold_01,1,MOHLER_1_3,MOHLER_1_3_025,3.5,4.243279569892473,3.886681002497994,3.3275862068965516
fold_01,1,MOHLER_1_3,MOHLER_1_3_026,3.5,4.243279569892473,3.8128527738764273,3.3275862068965516
fold_01,1,MOHLER_1_3,MOHLER_1_3_027,3.5,4.243279569892473,3.886681002497994,3.3275862068965516
fold_01,1,MOHLER_1_3,MOHLER_1_3_028,3.5,4.243279569892473,3.886681002497994,3.3275862068965516
fold_01,1,MOHLER_1_3,MOHLER_1_3_029,3.5,4.243279569892473,4.6527487489401675,3.9201680672268893
fold_01,1,MOHLER_1_4,MOHLER_1_4_001,5.0,4.243279569892473,3.5321439559930834,3.3
fold_01,1,MOHLER_1_4,MOHLER_1_4_002,5.0,4.243279569892473,3.7522891108027037,3.3275862068965516
fold_01,1,MOHLER_1_4,MOHLER_1_4_003,5.0,4.243279569892473,4.030730114597044,3.9201680672268893
fold_01,1,MOHLER_1_4,MOHLER_1_4_004,5.0,4.243279569892473,3.965879534243207,3.55
fold_01,1,MOHLER_1_4,MOHLER_1_4_005,5.0,4.243279569892473,3.847692491648818,3.3275862068965516
fold_01,1,MOHLER_1_4,MOHLER_1_4_006,5.0,4.243279569892473,3.7210396572680655,3.3275862068965516
fold_01,1,MOHLER_1_4,MOHLER_1_4_007,5.0,4.243279569892473,3.7280798851197785,3.3275862068965516
fold_01,1,MOHLER_1_4,MOHLER_1_4_008,0.0,4.243279569892473,3.99101279313286,3.9201680672268893
fold_01,1,MOHLER_1_4,MOHLER_1_4_009,5.0,4.243279569892473,3.7632285911998693,3.3275862068965516
fold_01,1,MOHLER_1_4,MOHLER_1_4_010,5.0,4.243279569892473,3.795398235584069,3.3275862068965516
fold_01,1,MOHLER_1_4,MOHLER_1_4_011,5.0,4.243279569892473,3.786884544184673,3.3275862068965516
fold_01,1,MOHLER_1_4,MOHLER_1_4_012,5.0,4.243279569892473,3.6890144940451988,3.3
fold_01,1,MOHLER_1_4,MOHLER_1_4_013,2.5,4.243279569892473,3.8697747946949415,3.3275862068965516
fold_01,1,MOHLER_1_4,MOHLER_1_4_014,5.0,4.243279569892473,3.985738011602949,3.9201680672268893
fold_01,1,MOHLER_1_4,MOHLER_1_4_015,5.0,4.243279569892473,3.7754023266740244,3.3275862068965516
fold_01,1,MOHLER_1_4,MOHLER_1_4_016,5.0,4.243279569892473,3.985738011602949,3.9201680672268893
fold_01,1,MOHLER_1_4,MOHLER_1_4_017,5.0,4.243279569892473,3.7632285911998693,3.3275862068965516
fold_01,1,MOHLER_1_4,MOHLER_1_4_018,5.0,4.243279569892473,3.7855142206239605,3.3275862068965516
fold_01,1,MOHLER_1_4,MOHLER_1_4_019,5.0,4.243279569892473,3.7522891108027037,3.3275862068965516
fold_01,1,MOHLER_1_4,MOHLER_1_4_020,5.0,4.243279569892473,3.8931794389765173,3.3275862068965516
fold_01,1,MOHLER_1_4,MOHLER_1_4_021,5.0,4.243279569892473,3.8282059579781245,3.3275862068965516
fold_01,1,MOHLER_1_4,MOHLER_1_4_022,5.0,4.243279569892473,3.795398235584069,3.3275862068965516
fold_01,1,MOHLER_1_4,MOHLER_1_4_023,5.0,4.243279569892473,3.7657601928665168,3.3275862068965516
fold_01,1,MOHLER_1_4,MOHLER_1_4_024,5.0,4.243279569892473,3.7743119512827255,3.3275862068965516
fold_01,1,MOHLER_1_4,MOHLER_1_4_025,5.0,4.243279569892473,3.6400634452910197,3.3
fold_01,1,MOHLER_1_4,MOHLER_1_4_026,5.0,4.243279569892473,3.5628358642916282,3.3
fold_01,1,MOHLER_1_4,MOHLER_1_4_027,5.0,4.243279569892473,3.7657601928665168,3.3275862068965516
fold_01,1,MOHLER_1_4,MOHLER_1_4_028,5.0,4.243279569892473,3.985738011602949,3.9201680672268893
fold_01,1,MOHLER_1_4,MOHLER_1_4_029,5.0,4.243279569892473,3.973790768168642,3.8273219611385296
fold_01,1,MOHLER_1_5,MOHLER_1_5_001,2.0,4.243279569892473,3.8879057545196627,3.3275862068965516
fold_01,1,MOHLER_1_5,MOHLER_1_5_002,4.5,4.243279569892473,4.375156021417924,3.9201680672268893
fold_01,1,MOHLER_1_5,MOHLER_1_5_003,5.0,4.243279569892473,4.109840941368618,3.9201680672268893
fold_01,1,MOHLER_1_5,MOHLER_1_5_004,5.0,4.243279569892473,4.3176077251896485,3.9201680672268893
fold_01,1,MOHLER_1_5,MOHLER_1_5_005,5.0,4.243279569892473,4.245129832080331,3.9201680672268893
fold_01,1,MOHLER_1_5,MOHLER_1_5_006,3.5,4.243279569892473,4.164288088526043,3.9201680672268893
fold_01,1,MOHLER_1_5,MOHLER_1_5_007,4.0,4.243279569892473,3.793779042483701,3.3275862068965516
fold_01,1,MOHLER_1_5,MOHLER_1_5_008,5.0,4.243279569892473,4.191319089369696,3.9201680672268893
fold_01,1,MOHLER_1_5,MOHLER_1_5_009,4.0,4.243279569892473,4.3711708420893824,3.9201680672268893
fold_01,1,MOHLER_1_5,MOHLER_1_5_010,5.0,4.243279569892473,4.300490487859155,3.9201680672268893
fold_01,1,MOHLER_1_5,MOHLER_1_5_011,5.0,4.243279569892473,4.403531090590192,3.9201680672268893
fold_01,1,MOHLER_1_5,MOHLER_1_5_012,5.0,4.243279569892473,4.126959123246667,3.9201680672268893
fold_01,1,MOHLER_1_5,MOHLER_1_5_013,3.0,4.243279569892473,4.11200156303394,3.9201680672268893
fold_01,1,MOHLER_1_5,MOHLER_1_5_014,4.0,4.243279569892473,4.36767507326249,3.9201680672268893
fold_01,1,MOHLER_1_5,MOHLER_1_5_015,5.0,4.243279569892473,4.231187282800614,3.9201680672268893
fold_01,1,MOHLER_1_5,MOHLER_1_5_016,5.0,4.243279569892473,3.8729896856445776,3.3275862068965516
fold_01,1,MOHLER_1_5,MOHLER_1_5_017,4.0,4.243279569892473,4.222181713498013,3.9201680672268893
fold_01,1,MOHLER_1_5,MOHLER_1_5_018,4.5,4.243279569892473,3.867525692922389,3.3275862068965516
fold_01,1,MOHLER_1_5,MOHLER_1_5_019,4.5,4.243279569892473,3.98649127143795,3.9201680672268893
fold_01,1,MOHLER_1_5,MOHLER_1_5_020,4.5,4.243279569892473,3.655420671924615,3.3
fold_01,1,MOHLER_1_5,MOHLER_1_5_021,3.5,4.243279569892473,4.062557225655313,3.9201680672268893
fold_01,1,MOHLER_1_5,MOHLER_1_5_022,5.0,4.243279569892473,4.126959123246667,3.9201680672268893
fold_01,1,MOHLER_1_5,MOHLER_1_5_023,3.5,4.243279569892473,4.021286852396229,3.9201680672268893
fold_01,1,MOHLER_1_5,MOHLER_1_5_024,5.0,4.243279569892473,4.126959123246667,3.9201680672268893
fold_01,1,MOHLER_1_5,MOHLER_1_5_025,5.0,4.243279569892473,4.017686913419007,3.9201680672268893
fold_01,1,MOHLER_1_5,MOHLER_1_5_026,5.0,4.243279569892473,4.173248393871093,3.9201680672268893
fold_01,1,MOHLER_1_5,MOHLER_1_5_027,5.0,4.243279569892473,4.107657352674035,3.9201680672268893
fold_01,1,MOHLER_1_5,MOHLER_1_5_028,5.0,4.243279569892473,4.241061523881995,3.9201680672268893
fold_01,1,MOHLER_1_5,MOHLER_1_5_029,5.0,4.243279569892473,3.8242470854112125,3.3275862068965516
fold_01,1,MOHLER_1_6,MOHLER_1_6_001,2.0,4.243279569892473,3.6158582729330884,3.3
fold_01,1,MOHLER_1_6,MOHLER_1_6_002,3.0,4.243279569892473,3.6978674853718516,3.3
fold_01,1,MOHLER_1_6,MOHLER_1_6_003,5.0,4.243279569892473,3.921447593557111,3.3275862068965516
fold_01,1,MOHLER_1_6,MOHLER_1_6_004,4.5,4.243279569892473,3.7739188520273275,3.3275862068965516
fold_01,1,MOHLER_1_6,MOHLER_1_6_005,4.0,4.243279569892473,3.462685843878061,3.3
fold_01,1,MOHLER_1_6,MOHLER_1_6_006,2.5,4.243279569892473,3.4031936078705254,3.3
fold_01,1,MOHLER_1_6,MOHLER_1_6_007,5.0,4.243279569892473,3.7266619840094677,3.3275862068965516
fold_01,1,MOHLER_1_6,MOHLER_1_6_008,5.0,4.243279569892473,3.798868940759058,3.3275862068965516
fold_01,1,MOHLER_1_6,MOHLER_1_6_009,2.0,4.243279569892473,3.8808090121929704,3.3275862068965516
fold_01,1,MOHLER_1_6,MOHLER_1_6_010,4.5,4.243279569892473,3.8557793605866624,3.3275862068965516
fold_01,1,MOHLER_1_6,MOHLER_1_6_011,3.0,4.243279569892473,3.807447157977144,3.3275862068965516
fold_01,1,MOHLER_1_6,MOHLER_1_6_012,2.5,4.243279569892473,3.9076496070943296,3.3275862068965516
fold_01,1,MOHLER_1_6,MOHLER_1_6_013,1.5,4.243279569892473,3.682831222384508,3.3
fold_01,1,MOHLER_1_6,MOHLER_1_6_014,5.0,4.243279569892473,3.553474339309257,3.3
fold_01,1,MOHLER_1_6,MOHLER_1_6_015,2.5,4.243279569892473,3.7086886029314963,3.3275862068965516
fold_01,1,MOHLER_1_6,MOHLER_1_6_016,3.5,4.243279569892473,3.5555851209856977,3.3
fold_01,1,MOHLER_1_6,MOHLER_1_6_017,2.0,4.243279569892473,4.079863766450681,3.9201680672268893
fold_01,1,MOHLER_1_6,MOHLER_1_6_018,2.5,4.243279569892473,3.7966661762826215,3.3275862068965516
fold_01,1,MOHLER_1_6,MOHLER_1_6_019,1.0,4.243279569892473,3.693534217300916,3.3
fold_01,1,MOHLER_1_6,MOHLER_1_6_020,3.0,4.243279569892473,3.962534120225183,3.55
fold_01,1,MOHLER_1_6,MOHLER_1_6_021,2.0,4.243279569892473,3.598314429989764,3.3
fold_01,1,MOHLER_1_6,MOHLER_1_6_022,3.5,4.243279569892473,3.7168641317472813,3.3275862068965516
fold_01,1,MOHLER_1_6,MOHLER_1_6_023,2.5,4.243279569892473,3.7611841467916203,3.3275862068965516
fold_01,1,MOHLER_1_6,MOHLER_1_6_024,5.0,4.243279569892473,4.218799993833491,3.9201680672268893
fold_01,1,MOHLER_1_6,MOHLER_1_6_025,4.0,4.243279569892473,3.793846910216546,3.3275862068965516
fold_01,1,MOHLER_1_6,MOHLER_1_6_026,4.0,4.243279569892473,3.6942168226072214,3.3
fold_01,1,MOHLER_1_6,MOHLER_1_6_027,2.0,4.243279569892473,3.4940891292674183,3.3
fold_01,1,MOHLER_1_6,MOHLER_1_6_028,4.5,4.243279569892473,3.8912066424265577,3.3275862068965516
fold_01,1,MOHLER_1_6,MOHLER_1_6_029,4.5,4.243279569892473,3.8514607648933246,3.3275862068965516
fold_01,1,MOHLER_1_7,MOHLER_1_7_001,4.5,4.243279569892473,4.085191471384489,3.9201680672268893
fold_01,1,MOHLER_1_7,MOHLER_1_7_002,5.0,4.243279569892473,4.519158143519794,3.9201680672268893
fold_01,1,MOHLER_1_7,MOHLER_1_7_003,5.0,4.243279569892473,4.080910132617589,3.9201680672268893
fold_01,1,MOHLER_1_7,MOHLER_1_7_004,5.0,4.243279569892473,4.1206261187749815,3.9201680672268893
fold_01,1,MOHLER_1_7,MOHLER_1_7_005,5.0,4.243279569892473,4.311591578617614,3.9201680672268893
fold_01,1,MOHLER_1_7,MOHLER_1_7_006,5.0,4.243279569892473,4.446989717887988,3.9201680672268893
fold_01,1,MOHLER_1_7,MOHLER_1_7_007,5.0,4.243279569892473,4.721862379948775,3.9201680672268893
fold_01,1,MOHLER_1_7,MOHLER_1_7_008,5.0,4.243279569892473,4.635751491292432,3.9201680672268893
fold_01,1,MOHLER_1_7,MOHLER_1_7_009,5.0,4.243279569892473,4.014238509653689,3.9201680672268893
fold_01,1,MOHLER_1_7,MOHLER_1_7_010,5.0,4.243279569892473,4.448715207877981,3.9201680672268893
fold_01,1,MOHLER_1_7,MOHLER_1_7_011,5.0,4.243279569892473,4.269134509036199,3.9201680672268893
fold_01,1,MOHLER_1_7,MOHLER_1_7_012,4.5,4.243279569892473,4.101349217373855,3.9201680672268893
fold_01,1,MOHLER_1_7,MOHLER_1_7_013,5.0,4.243279569892473,4.64692139806751,3.9201680672268893
fold_01,1,MOHLER_1_7,MOHLER_1_7_014,4.0,4.243279569892473,4.090379783466796,3.9201680672268893
fold_01,1,MOHLER_1_7,MOHLER_1_7_015,5.0,4.243279569892473,4.033478151042746,3.9201680672268893
fold_01,1,MOHLER_1_7,MOHLER_1_7_016,5.0,4.243279569892473,4.179888203384815,3.9201680672268893
fold_01,1,MOHLER_1_7,MOHLER_1_7_017,5.0,4.243279569892473,4.403095711713516,3.9201680672268893
fold_01,1,MOHLER_1_7,MOHLER_1_7_018,5.0,4.243279569892473,4.209335707669474,3.9201680672268893
fold_01,1,MOHLER_1_7,MOHLER_1_7_019,5.0,4.243279569892473,3.9402285016808944,3.55
fold_01,1,MOHLER_1_7,MOHLER_1_7_020,3.5,4.243279569892473,4.287677850163008,3.9201680672268893
fold_01,1,MOHLER_1_7,MOHLER_1_7_021,3.5,4.243279569892473,3.953145406949203,3.55
fold_01,1,MOHLER_1_7,MOHLER_1_7_022,5.0,4.243279569892473,4.40498635591468,3.9201680672268893
fold_01,1,MOHLER_1_7,MOHLER_1_7_023,5.0,4.243279569892473,4.044412276970859,3.9201680672268893
fold_01,1,MOHLER_1_7,MOHLER_1_7_024,5.0,4.243279569892473,4.090412534834155,3.9201680672268893
fold_01,1,MOHLER_1_7,MOHLER_1_7_025,5.0,4.243279569892473,4.339349959246347,3.9201680672268893
fold_01,1,MOHLER_1_7,MOHLER_1_7_026,0.0,4.243279569892473,4.119952341051671,3.9201680672268893
fold_01,1,MOHLER_1_7,MOHLER_1_7_027,5.0,4.243279569892473,4.3479626204900255,3.9201680672268893
fold_01,1,MOHLER_1_7,MOHLER_1_7_028,5.0,4.243279569892473,4.278886496577497,3.9201680672268893
fold_01,1,MOHLER_1_7,MOHLER_1_7_029,5.0,4.243279569892473,4.101559533125552,3.9201680672268893
fold_02,2,MOHLER_2_1,MOHLER_2_1_001,2.0,4.196370530877573,3.9401906224544385,2.75
fold_02,2,MOHLER_2_1,MOHLER_2_1_002,4.0,4.196370530877573,4.544528116341829,4.384393063583815
fold_02,2,MOHLER_2_1,MOHLER_2_1_003,5.0,4.196370530877573,4.541217836385049,4.384393063583815
fold_02,2,MOHLER_2_1,MOHLER_2_1_004,5.0,4.196370530877573,4.158942905587756,4.1556073011367385
fold_02,2,MOHLER_2_1,MOHLER_2_1_005,2.0,4.196370530877573,4.290220111754776,4.384393063583815
fold_02,2,MOHLER_2_1,MOHLER_2_1_006,3.0,4.196370530877573,4.136323413498876,3.7376255408504537
fold_02,2,MOHLER_2_1,MOHLER_2_1_007,5.0,4.196370530877573,4.911288954339819,4.823529411764706
fold_02,2,MOHLER_2_1,MOHLER_2_1_008,5.0,4.196370530877573,4.469423723518228,4.384393063583815
fold_02,2,MOHLER_2_1,MOHLER_2_1_009,5.0,4.196370530877573,4.911288954339819,4.823529411764706
fold_02,2,MOHLER_2_1,MOHLER_2_1_010,3.5,4.196370530877573,4.885486581497455,4.823529411764706
fold_02,2,MOHLER_2_1,MOHLER_2_1_011,5.0,4.196370530877573,4.912291320193344,4.823529411764706
fold_02,2,MOHLER_2_1,MOHLER_2_1_012,4.5,4.196370530877573,4.673467781269181,4.384393063583815
fold_02,2,MOHLER_2_1,MOHLER_2_1_013,3.5,4.196370530877573,4.363481079445718,4.384393063583815
fold_02,2,MOHLER_2_1,MOHLER_2_1_014,3.0,4.196370530877573,4.355784804117708,4.384393063583815
fold_02,2,MOHLER_2_1,MOHLER_2_1_015,5.0,4.196370530877573,4.361087557166961,4.384393063583815
fold_02,2,MOHLER_2_1,MOHLER_2_1_016,4.5,4.196370530877573,4.482104565229143,4.384393063583815
fold_02,2,MOHLER_2_1,MOHLER_2_1_017,4.5,4.196370530877573,3.9247134526580814,2.75
fold_02,2,MOHLER_2_1,MOHLER_2_1_018,5.0,4.196370530877573,5.0,5.0
fold_02,2,MOHLER_2_1,MOHLER_2_1_019,2.5,4.196370530877573,4.537711765188394,4.384393063583815
fold_02,2,MOHLER_2_1,MOHLER_2_1_020,5.0,4.196370530877573,4.838633769208964,4.384393063583815
fold_02,2,MOHLER_2_1,MOHLER_2_1_021,5.0,4.196370530877573,4.911288954339819,4.823529411764706
fold_02,2,MOHLER_2_1,MOHLER_2_1_022,5.0,4.196370530877573,4.911288954339819,4.823529411764706
fold_02,2,MOHLER_2_1,MOHLER_2_1_023,3.5,4.196370530877573,4.290023059556165,4.384393063583815
fold_02,2,MOHLER_2_1,MOHLER_2_1_024,4.5,4.196370530877573,4.627850594788148,4.384393063583815
fold_02,2,MOHLER_2_1,MOHLER_2_1_025,2.0,4.196370530877573,4.342945456054944,4.384393063583815
fold_02,2,MOHLER_2_1,MOHLER_2_1_026,5.0,4.196370530877573,4.911288954339819,4.823529411764706
fold_02,2,MOHLER_2_1,MOHLER_2_1_027,4.5,4.196370530877573,4.795560528782262,4.384393063583815
fold_02,2,MOHLER_2_1,MOHLER_2_1_028,5.0,4.196370530877573,4.768052283936748,4.384393063583815
fold_02,2,MOHLER_2_1,MOHLER_2_1_029,5.0,4.196370530877573,4.591767879761701,4.384393063583815
fold_02,2,MOHLER_2_1,MOHLER_2_1_030,4.5,4.196370530877573,4.118015875463332,3.3
fold_02,2,MOHLER_2_2,MOHLER_2_2_001,3.0,4.196370530877573,4.608999085103222,4.384393063583815
fold_02,2,MOHLER_2_2,MOHLER_2_2_002,2.5,4.196370530877573,4.544152710545494,4.384393063583815
fold_02,2,MOHLER_2_2,MOHLER_2_2_003,4.5,4.196370530877573,4.862377125581437,4.5
fold_02,2,MOHLER_2_2,MOHLER_2_2_004,4.5,4.196370530877573,4.649756928374692,4.384393063583815
fold_02,2,MOHLER_2_2,MOHLER_2_2_005,5.0,4.196370530877573,4.222750732621857,4.384393063583815
fold_02,2,MOHLER_2_2,MOHLER_2_2_006,4.5,4.196370530877573,4.822042987734078,4.384393063583815
fold_02,2,MOHLER_2_2,MOHLER_2_2_007,3.5,4.196370530877573,4.897142986749186,4.823529411764706
fold_02,2,MOHLER_2_2,MOHLER_2_2_008,4.5,4.196370530877573,4.923774294666717,4.823529411764706
fold_02,2,MOHLER_2_2,MOHLER_2_2_009,4.0,4.196370530877573,4.989713837271157,4.949942054338453
fold_02,2,MOHLER_2_2,MOHLER_2_2_010,4.0,4.196370530877573,4.7793677911873225,4.384393063583815
fold_02,2,MOHLER_2_2,MOHLER_2_2_011,4.5,4.196370530877573,4.775120298701257,4.384393063583815
fold_02,2,MOHLER_2_2,MOHLER_2_2_012,5.0,4.196370530877573,4.507460587398626,4.384393063583815
fold_02,2,MOHLER_2_2,MOHLER_2_2_013,4.5,4.196370530877573,4.959688138122739,4.823529411764706
fold_02,2,MOHLER_2_2,MOHLER_2_2_014,2.0,4.196370530877573,4.979331069255321,4.899413975903933
fold_02,2,MOHLER_2_2,MOHLER_2_2_015,3.5,4.196370530877573,4.671843352389208,4.384393063583815
fold_02,2,MOHLER_2_2,MOHLER_2_2_016,5.0,4.196370530877573,4.748767191867338,4.384393063583815
fold_02,2,MOHLER_2_2,MOHLER_2_2_017,4.5,4.196370530877573,4.892227520179035,4.823529411764706
fold_02,2,MOHLER_2_2,MOHLER_2_2_018,4.5,4.196370530877573,4.89347659900071,4.823529411764706
fold_02,2,MOHLER_2_2,MOHLER_2_2_019,5.0,4.196370530877573,4.7634795466104105,4.384393063583815
fold_02,2,MOHLER_2_2,MOHLER_2_2_020,4.5,4.196370530877573,4.883690888664556,4.823529411764706
fold_02,2,MOHLER_2_2,MOHLER_2_2_021,4.0,4.196370530877573,4.458447398148844,4.384393063583815
fold_02,2,MOHLER_2_2,MOHLER_2_2_022,5.0,4.196370530877573,4.771737578070788,4.384393063583815
fold_02,2,MOHLER_2_2,MOHLER_2_2_023,2.0,4.196370530877573,4.5375645543298555,4.384393063583815
fold_02,2,MOHLER_2_2,MOHLER_2_2_024,5.0,4.196370530877573,4.682661719066754,4.384393063583815
fold_02,2,MOHLER_2_2,MOHLER_2_2_025,5.0,4.196370530877573,4.479892337648866,4.384393063583815
fold_02,2,MOHLER_2_2,MOHLER_2_2_026,4.5,4.196370530877573,4.890727787608228,4.823529411764706
fold_02,2,MOHLER_2_2,MOHLER_2_2_027,4.5,4.196370530877573,4.688785556613477,4.384393063583815
fold_02,2,MOHLER_2_2,MOHLER_2_2_028,4.5,4.196370530877573,4.767907650797451,4.384393063583815
fold_02,2,MOHLER_2_2,MOHLER_2_2_029,5.0,4.196370530877573,4.759620042774134,4.384393063583815
fold_02,2,MOHLER_2_2,MOHLER_2_2_030,4.0,4.196370530877573,4.398901868836832,4.384393063583815
fold_02,2,MOHLER_2_3,MOHLER_2_3_001,2.5,4.196370530877573,4.491785123520075,4.384393063583815
fold_02,2,MOHLER_2_3,MOHLER_2_3_002,3.0,4.196370530877573,3.9742334398932178,2.75
fold_02,2,MOHLER_2_3,MOHLER_2_3_003,5.0,4.196370530877573,4.17310780632249,4.262211985891097
fold_02,2,MOHLER_2_3,MOHLER_2_3_004,4.5,4.196370530877573,4.527325453272148,4.384393063583815
fold_02,2,MOHLER_2_3,MOHLER_2_3_005,4.0,4.196370530877573,4.090014288265524,3.3
fold_02,2,MOHLER_2_3,MOHLER_2_3_006,3.0,4.196370530877573,4.425231382372287,4.384393063583815
fold_02,2,MOHLER_2_3,MOHLER_2_3_007,3.5,4.196370530877573,4.275833195711857,4.384393063583815
fold_02,2,MOHLER_2_3,MOHLER_2_3_008,4.0,4.196370530877573,4.578304205214895,4.384393063583815
fold_02,2,MOHLER_2_3,MOHLER_2_3_009,4.0,4.196370530877573,4.531296323481569,4.384393063583815
fold_02,2,MOHLER_2_3,MOHLER_2_3_010,4.0,4.196370530877573,3.9834953833288798,2.75
fold_02,2,MOHLER_2_3,MOHLER_2_3_011,3.5,4.196370530877573,4.50971695190943,4.384393063583815
fold_02,2,MOHLER_2_3,MOHLER_2_3_012,2.5,4.196370530877573,4.274786351674164,4.384393063583815
fold_02,2,MOHLER_2_3,MOHLER_2_3_013,3.5,4.196370530877573,4.478839666171101,4.384393063583815
fold_02,2,MOHLER_2_3,MOHLER_2_3_014,4.0,4.196370530877573,4.200057384156627,4.384393063583815
fold_02,2,MOHLER_2_3,MOHLER_2_3_015,3.0,4.196370530877573,4.090247146139601,3.3
fold_02,2,MOHLER_2_3,MOHLER_2_3_016,4.0,4.196370530877573,4.536992297782936,4.384393063583815
fold_02,2,MOHLER_2_3,MOHLER_2_3_017,3.5,4.196370530877573,4.370380833726834,4.384393063583815
fold_02,2,MOHLER_2_3,MOHLER_2_3_018,4.0,4.196370530877573,4.368238374026879,4.384393063583815
fold_02,2,MOHLER_2_3,MOHLER_2_3_019,3.0,4.196370530877573,4.278561718248802,4.384393063583815
fold_02,2,MOHLER_2_3,MOHLER_2_3_020,4.0,4.196370530877573,4.209675331711353,4.384393063583815
fold_02,2,MOHLER_2_3,MOHLER_2_3_021,2.5,4.196370530877573,4.468242196976241,4.384393063583815
fold_02,2,MOHLER_2_3,MOHLER_2_3_022,5.0,4.196370530877573,4.272373190365765,4.384393063583815
fold_02,2,MOHLER_2_3,MOHLER_2_3_023,4.0,4.196370530877573,4.160027501012174,4.17603094720909
fold_02,2,MOHLER_2_3,MOHLER_2_3_024,3.0,4.196370530877573,4.558457079009279,4.384393063583815
fold_02,2,MOHLER_2_3,MOHLER_2_3_025,4.0,4.196370530877573,4.190830116830037,4.384393063583815
fold_02,2,MOHLER_2_3,MOHLER_2_3_026,5.0,4.196370530877573,4.426792618065285,4.384393063583815
fold_02,2,MOHLER_2_3,MOHLER_2_3_027,2.5,4.196370530877573,4.254395409810739,4.384393063583815
fold_02,2,MOHLER_2_3,MOHLER_2_3_028,2.5,4.196370530877573,4.595966512776491,4.384393063583815
fold_02,2,MOHLER_2_3,MOHLER_2_3_029,3.5,4.196370530877573,4.324091687489707,4.384393063583815
fold_02,2,MOHLER_2_3,MOHLER_2_3_030,4.0,4.196370530877573,4.333446947825547,4.384393063583815
fold_02,2,MOHLER_2_4,MOHLER_2_4_001,5.0,4.196370530877573,5.0,5.0
fold_02,2,MOHLER_2_4,MOHLER_2_4_002,3.5,4.196370530877573,5.0,5.0
fold_02,2,MOHLER_2_4,MOHLER_2_4_003,5.0,4.196370530877573,5.0,5.0
fold_02,2,MOHLER_2_4,MOHLER_2_4_004,3.0,4.196370530877573,5.0,5.0
fold_02,2,MOHLER_2_4,MOHLER_2_4_005,5.0,4.196370530877573,5.0,5.0
fold_02,2,MOHLER_2_4,MOHLER_2_4_006,1.5,4.196370530877573,5.0,5.0
fold_02,2,MOHLER_2_4,MOHLER_2_4_007,5.0,4.196370530877573,5.0,5.0
fold_02,2,MOHLER_2_4,MOHLER_2_4_008,3.5,4.196370530877573,5.0,5.0
fold_02,2,MOHLER_2_4,MOHLER_2_4_009,5.0,4.196370530877573,5.0,5.0
fold_02,2,MOHLER_2_4,MOHLER_2_4_010,5.0,4.196370530877573,5.0,5.0
fold_02,2,MOHLER_2_4,MOHLER_2_4_011,1.0,4.196370530877573,5.0,5.0
fold_02,2,MOHLER_2_4,MOHLER_2_4_012,5.0,4.196370530877573,5.0,5.0
fold_02,2,MOHLER_2_4,MOHLER_2_4_013,5.0,4.196370530877573,5.0,5.0
fold_02,2,MOHLER_2_4,MOHLER_2_4_014,5.0,4.196370530877573,5.0,5.0
fold_02,2,MOHLER_2_4,MOHLER_2_4_015,5.0,4.196370530877573,5.0,5.0
fold_02,2,MOHLER_2_4,MOHLER_2_4_016,5.0,4.196370530877573,5.0,5.0
fold_02,2,MOHLER_2_4,MOHLER_2_4_017,5.0,4.196370530877573,5.0,5.0
fold_02,2,MOHLER_2_4,MOHLER_2_4_018,5.0,4.196370530877573,5.0,5.0
fold_02,2,MOHLER_2_4,MOHLER_2_4_019,5.0,4.196370530877573,5.0,5.0
fold_02,2,MOHLER_2_4,MOHLER_2_4_020,5.0,4.196370530877573,5.0,5.0
fold_02,2,MOHLER_2_4,MOHLER_2_4_021,5.0,4.196370530877573,5.0,5.0
fold_02,2,MOHLER_2_4,MOHLER_2_4_022,5.0,4.196370530877573,5.0,5.0
fold_02,2,MOHLER_2_4,MOHLER_2_4_023,5.0,4.196370530877573,5.0,5.0
fold_02,2,MOHLER_2_4,MOHLER_2_4_024,5.0,4.196370530877573,5.0,5.0
fold_02,2,MOHLER_2_4,MOHLER_2_4_025,5.0,4.196370530877573,5.0,5.0
fold_02,2,MOHLER_2_4,MOHLER_2_4_026,5.0,4.196370530877573,5.0,5.0
fold_02,2,MOHLER_2_4,MOHLER_2_4_027,5.0,4.196370530877573,5.0,5.0
fold_02,2,MOHLER_2_4,MOHLER_2_4_028,5.0,4.196370530877573,5.0,5.0
fold_02,2,MOHLER_2_4,MOHLER_2_4_029,5.0,4.196370530877573,5.0,5.0
fold_02,2,MOHLER_2_4,MOHLER_2_4_030,5.0,4.196370530877573,5.0,5.0
fold_02,2,MOHLER_2_5,MOHLER_2_5_001,0.0,4.196370530877573,3.874344817742711,2.75
fold_02,2,MOHLER_2_5,MOHLER_2_5_002,5.0,4.196370530877573,4.390579423778785,4.384393063583815
fold_02,2,MOHLER_2_5,MOHLER_2_5_003,5.0,4.196370530877573,4.120801618945094,3.3
fold_02,2,MOHLER_2_5,MOHLER_2_5_004,1.5,4.196370530877573,4.278669203800825,4.384393063583815
fold_02,2,MOHLER_2_5,MOHLER_2_5_005,5.0,4.196370530877573,4.569929113507078,4.384393063583815
fold_02,2,MOHLER_2_5,MOHLER_2_5_006,0.0,4.196370530877573,3.9199053944048274,2.75
fold_02,2,MOHLER_2_5,MOHLER_2_5_007,5.0,4.196370530877573,4.2685082749115475,4.384393063583815
fold_02,2,MOHLER_2_5,MOHLER_2_5_008,0.0,4.196370530877573,4.168111904446301,4.25
fold_02,2,MOHLER_2_5,MOHLER_2_5_009,5.0,4.196370530877573,4.160177676402853,4.178858848709448
fold_02,2,MOHLER_2_5,MOHLER_2_5_010,5.0,4.196370530877573,4.287965385738346,4.384393063583815
fold_02,2,MOHLER_2_5,MOHLER_2_5_011,5.0,4.196370530877573,4.442490139663429,4.384393063583815
fold_02,2,MOHLER_2_5,MOHLER_2_5_012,5.0,4.196370530877573,3.9043411533413286,2.75
fold_02,2,MOHLER_2_5,MOHLER_2_5_013,5.0,4.196370530877573,4.032373244204919,2.75
fold_02,2,MOHLER_2_5,MOHLER_2_5_014,5.0,4.196370530877573,4.038644551556927,2.7978068762987465
fold_02,2,MOHLER_2_5,MOHLER_2_5_015,5.0,4.196370530877573,3.94124656447831,2.75
fold_02,2,MOHLER_2_5,MOHLER_2_5_016,2.5,4.196370530877573,4.126064369196571,3.4216404860086826
fold_02,2,MOHLER_2_5,MOHLER_2_5_017,5.0,4.196370530877573,4.107726117359971,3.3
fold_02,2,MOHLER_2_5,MOHLER_2_5_018,5.0,4.196370530877573,4.241545748916846,4.384393063583815
fold_02,2,MOHLER_2_5,MOHLER_2_5_019,5.0,4.196370530877573,4.191591877516848,4.384393063583815
fold_02,2,MOHLER_2_5,MOHLER_2_5_020,4.5,4.196370530877573,4.138779946270355,3.8132883043246255
fold_02,2,MOHLER_2_5,MOHLER_2_5_021,0.0,4.196370530877573,4.168111904446301,4.25
fold_02,2,MOHLER_2_5,MOHLER_2_5_022,0.0,4.196370530877573,4.168111904446301,4.25
fold_02,2,MOHLER_2_5,MOHLER_2_5_023,5.0,4.196370530877573,4.031586929781719,2.75
fold_02,2,MOHLER_2_5,MOHLER_2_5_024,1.5,4.196370530877573,4.26521973635972,4.384393063583815
fold_02,2,MOHLER_2_5,MOHLER_2_5_025,0.0,4.196370530877573,4.168111904446301,4.25
fold_02,2,MOHLER_2_5,MOHLER_2_5_026,5.0,4.196370530877573,3.823574614604139,2.75
fold_02,2,MOHLER_2_5,MOHLER_2_5_027,5.0,4.196370530877573,4.0103881367749326,2.75
fold_02,2,MOHLER_2_5,MOHLER_2_5_028,0.0,4.196370530877573,4.168111904446301,4.25
fold_02,2,MOHLER_2_5,MOHLER_2_5_029,5.0,4.196370530877573,4.352669790298094,4.384393063583815
fold_02,2,MOHLER_2_5,MOHLER_2_5_030,5.0,4.196370530877573,3.9440793968905297,2.75
fold_02,2,MOHLER_2_6,MOHLER_2_6_001,4.0,4.196370530877573,4.123985941782757,3.357623606756979
fold_02,2,MOHLER_2_6,MOHLER_2_6_002,2.5,4.196370530877573,3.9594491713385778,2.75
fold_02,2,MOHLER_2_6,MOHLER_2_6_003,5.0,4.196370530877573,4.131980342806219,3.6038562158956533
fold_02,2,MOHLER_2_6,MOHLER_2_6_004,3.0,4.196370530877573,3.8759778974295167,2.75
fold_02,2,MOHLER_2_6,MOHLER_2_6_005,5.0,4.196370530877573,4.176349699637586,4.298708597191702
fold_02,2,MOHLER_2_6,MOHLER_2_6_006,4.5,4.196370530877573,3.857538259510463,2.75
fold_02,2,MOHLER_2_6,MOHLER_2_6_007,4.5,4.196370530877573,3.8182918609352727,2.75
fold_02,2,MOHLER_2_6,MOHLER_2_6_008,4.5,4.196370530877573,4.2456401611431,4.384393063583815
fold_02,2,MOHLER_2_6,MOHLER_2_6_009,4.0,4.196370530877573,4.015262871815942,2.75
fold_02,2,MOHLER_2_6,MOHLER_2_6_010,4.5,4.196370530877573,3.920701850576669,2.75
fold_02,2,MOHLER_2_6,MOHLER_2_6_011,2.0,4.196370530877573,4.071929911421312,3.3
fold_02,2,MOHLER_2_6,MOHLER_2_6_012,3.0,4.196370530877573,3.72794889896898,2.3971501128596002
fold_02,2,MOHLER_2_6,MOHLER_2_6_013,3.0,4.196370530877573,4.087193078784326,3.3
fold_02,2,MOHLER_2_6,MOHLER_2_6_014,5.0,4.196370530877573,4.236454455341766,4.384393063583815
fold_02,2,MOHLER_2_6,MOHLER_2_6_015,5.0,4.196370530877573,4.364920022049108,4.384393063583815
fold_02,2,MOHLER_2_6,MOHLER_2_6_016,3.5,4.196370530877573,3.8862580015475183,2.75
fold_02,2,MOHLER_2_6,MOHLER_2_6_017,4.5,4.196370530877573,3.8549209369857884,2.75
fold_02,2,MOHLER_2_6,MOHLER_2_6_018,4.5,4.196370530877573,3.9383994569502776,2.75
fold_02,2,MOHLER_2_6,MOHLER_2_6_019,3.5,4.196370530877573,4.148602219523174,4.0
fold_02,2,MOHLER_2_6,MOHLER_2_6_020,5.0,4.196370530877573,4.385109178692095,4.384393063583815
fold_02,2,MOHLER_2_6,MOHLER_2_6_021,4.0,4.196370530877573,3.9027282837669164,2.75
fold_02,2,MOHLER_2_6,MOHLER_2_6_022,4.5,4.196370530877573,3.99571418541717,2.75
fold_02,2,MOHLER_2_6,MOHLER_2_6_023,4.5,4.196370530877573,4.096263024201603,3.3
fold_02,2,MOHLER_2_6,MOHLER_2_6_024,4.0,4.196370530877573,3.9372608540691427,2.75
fold_02,2,MOHLER_2_6,MOHLER_2_6_025,3.5,4.196370530877573,3.9176181418699514,2.75
fold_02,2,MOHLER_2_6,MOHLER_2_6_026,5.0,4.196370530877573,3.8882540243755472,2.75
fold_02,2,MOHLER_2_6,MOHLER_2_6_027,4.5,4.196370530877573,4.040590408356611,2.8632508033955677
fold_02,2,MOHLER_2_6,MOHLER_2_6_028,4.5,4.196370530877573,3.768340778929669,2.6644106663956593
fold_02,2,MOHLER_2_6,MOHLER_2_6_029,5.0,4.196370530877573,4.14366491200893,3.9637483395207815
fold_02,2,MOHLER_2_6,MOHLER_2_6_030,4.5,4.196370530877573,3.971708267794036,2.75
fold_02,2,MOHLER_2_7,MOHLER_2_7_001,4.5,4.196370530877573,4.033423495554096,2.75
fold_02,2,MOHLER_2_7,MOHLER_2_7_002,3.0,4.196370530877573,4.063955398071777,3.3
fold_02,2,MOHLER_2_7,MOHLER_2_7_003,3.5,4.196370530877573,4.112294334210306,3.3
fold_02,2,MOHLER_2_7,MOHLER_2_7_004,0.0,4.196370530877573,4.26770536744784,4.384393063583815
fold_02,2,MOHLER_2_7,MOHLER_2_7_005,3.5,4.196370530877573,4.471338808468034,4.384393063583815
fold_02,2,MOHLER_2_7,MOHLER_2_7_006,4.5,4.196370530877573,4.2884152794318435,4.384393063583815
fold_02,2,MOHLER_2_7,MOHLER_2_7_007,4.5,4.196370530877573,4.198060478489997,4.384393063583815
fold_02,2,MOHLER_2_7,MOHLER_2_7_008,3.5,4.196370530877573,4.4095153566003,4.384393063583815
fold_02,2,MOHLER_2_7,MOHLER_2_7_009,4.0,4.196370530877573,4.060137451797739,3.3
fold_02,2,MOHLER_2_7,MOHLER_2_7_010,1.5,4.196370530877573,4.30216509543634,4.384393063583815
fold_02,2,MOHLER_2_7,MOHLER_2_7_011,2.5,4.196370530877573,4.301675992976261,4.384393063583815
fold_02,2,MOHLER_2_7,MOHLER_2_7_012,3.0,4.196370530877573,4.206482772605974,4.384393063583815
fold_02,2,MOHLER_2_7,MOHLER_2_7_013,3.0,4.196370530877573,4.514712721316732,4.384393063583815
fold_02,2,MOHLER_2_7,MOHLER_2_7_014,1.5,4.196370530877573,4.291552210167996,4.384393063583815
fold_02,2,MOHLER_2_7,MOHLER_2_7_015,4.0,4.196370530877573,4.231609236472612,4.384393063583815
fold_02,2,MOHLER_2_7,MOHLER_2_7_016,5.0,4.196370530877573,4.6164043778610635,4.384393063583815
fold_02,2,MOHLER_2_7,MOHLER_2_7_017,3.5,4.196370530877573,4.184217044307822,4.384393063583815
fold_02,2,MOHLER_2_7,MOHLER_2_7_018,3.0,4.196370530877573,4.400697218794544,4.384393063583815
fold_02,2,MOHLER_2_7,MOHLER_2_7_019,3.5,4.196370530877573,4.29254314419583,4.384393063583815
fold_02,2,MOHLER_2_7,MOHLER_2_7_020,2.5,4.196370530877573,4.3005160884357,4.384393063583815
fold_02,2,MOHLER_2_7,MOHLER_2_7_021,3.5,4.196370530877573,4.242639333456013,4.384393063583815
fold_02,2,MOHLER_2_7,MOHLER_2_7_022,3.5,4.196370530877573,4.201777213061039,4.384393063583815
fold_02,2,MOHLER_2_7,MOHLER_2_7_023,4.0,4.196370530877573,4.341285815126266,4.384393063583815
fold_02,2,MOHLER_2_7,MOHLER_2_7_024,3.0,4.196370530877573,4.315850911193885,4.384393063583815
fold_02,2,MOHLER_2_7,MOHLER_2_7_025,3.0,4.196370530877573,4.221793576021187,4.384393063583815
fold_02,2,MOHLER_2_7,MOHLER_2_7_026,3.5,4.196370530877573,4.221793576021187,4.384393063583815
fold_02,2,MOHLER_2_7,MOHLER_2_7_027,3.0,4.196370530877573,4.230630767781718,4.384393063583815
fold_02,2,MOHLER_2_7,MOHLER_2_7_028,3.0,4.196370530877573,4.054225231436646,3.3
fold_02,2,MOHLER_2_7,MOHLER_2_7_029,4.5,4.196370530877573,4.121344966365762,3.3
fold_02,2,MOHLER_2_7,MOHLER_2_7_030,1.0,4.196370530877573,4.2766914100981905,4.384393063583815
fold_03,3,MOHLER_3_1,MOHLER_3_1_001,4.5,4.177859391395593,4.378787742046004,4.078947368421052
fold_03,3,MOHLER_3_1,MOHLER_3_1_002,3.0,4.177859391395593,4.811931324066438,4.7
fold_03,3,MOHLER_3_1,MOHLER_3_1_003,5.0,4.177859391395593,4.811958798993127,4.7
fold_03,3,MOHLER_3_1,MOHLER_3_1_004,4.5,4.177859391395593,4.718419334482894,4.7
fold_03,3,MOHLER_3_1,MOHLER_3_1_005,5.0,4.177859391395593,4.821002062954712,4.7
fold_03,3,MOHLER_3_1,MOHLER_3_1_006,4.5,4.177859391395593,4.859389653746721,4.7
fold_03,3,MOHLER_3_1,MOHLER_3_1_007,5.0,4.177859391395593,4.740561644218465,4.7
fold_03,3,MOHLER_3_1,MOHLER_3_1_008,3.0,4.177859391395593,4.765009293710781,4.7
fold_03,3,MOHLER_3_1,MOHLER_3_1_009,5.0,4.177859391395593,4.607648696476732,4.7
fold_03,3,MOHLER_3_1,MOHLER_3_1_010,5.0,4.177859391395593,4.904413367613271,4.7
fold_03,3,MOHLER_3_1,MOHLER_3_1_011,5.0,4.177859391395593,4.823726446323957,4.7
fold_03,3,MOHLER_3_1,MOHLER_3_1_012,5.0,4.177859391395593,4.794045213284326,4.7
fold_03,3,MOHLER_3_1,MOHLER_3_1_013,5.0,4.177859391395593,4.9618917928062745,4.7
fold_03,3,MOHLER_3_1,MOHLER_3_1_014,3.0,4.177859391395593,4.806489393998006,4.7
fold_03,3,MOHLER_3_1,MOHLER_3_1_015,5.0,4.177859391395593,4.853445332868542,4.7
fold_03,3,MOHLER_3_1,MOHLER_3_1_016,5.0,4.177859391395593,4.7026027310027265,4.7
fold_03,3,MOHLER_3_1,MOHLER_3_1_017,2.0,4.177859391395593,4.482956511479361,4.7
fold_03,3,MOHLER_3_1,MOHLER_3_1_018,5.0,4.177859391395593,4.857540744732581,4.7
fold_03,3,MOHLER_3_1,MOHLER_3_1_019,5.0,4.177859391395593,4.8135856033151985,4.7
fold_03,3,MOHLER_3_1,MOHLER_3_1_020,5.0,4.177859391395593,4.823726446323957,4.7
fold_03,3,MOHLER_3_1,MOHLER_3_1_021,5.0,4.177859391395593,4.907330073340517,4.7
fold_03,3,MOHLER_3_1,MOHLER_3_1_022,3.0,4.177859391395593,4.735250341899674,4.7
fold_03,3,MOHLER_3_1,MOHLER_3_1_023,5.0,4.177859391395593,4.823726446323957,4.7
fold_03,3,MOHLER_3_1,MOHLER_3_1_024,5.0,4.177859391395593,4.8544628760867585,4.7
fold_03,3,MOHLER_3_1,MOHLER_3_1_025,5.0,4.177859391395593,4.823726446323957,4.7
fold_03,3,MOHLER_3_1,MOHLER_3_1_026,5.0,4.177859391395593,4.930518972979257,4.7
fold_03,3,MOHLER_3_1,MOHLER_3_1_027,5.0,4.177859391395593,4.943089353026421,4.7
fold_03,3,MOHLER_3_1,MOHLER_3_1_028,5.0,4.177859391395593,4.8544628760867585,4.7
fold_03,3,MOHLER_3_1,MOHLER_3_1_029,5.0,4.177859391395593,4.832530874678287,4.7
fold_03,3,MOHLER_3_1,MOHLER_3_1_030,3.0,4.177859391395593,4.8453095227898215,4.7
fold_03,3,MOHLER_3_1,MOHLER_3_1_031,5.0,4.177859391395593,5.0,4.7
fold_03,3,MOHLER_3_2,MOHLER_3_2_001,5.0,4.177859391395593,4.347001316275199,4.078947368421052
fold_03,3,MOHLER_3_2,MOHLER_3_2_002,2.5,4.177859391395593,4.574893679129694,4.7
fold_03,3,MOHLER_3_2,MOHLER_3_2_003,5.0,4.177859391395593,4.754066771032895,4.7
fold_03,3,MOHLER_3_2,MOHLER_3_2_004,2.5,4.177859391395593,4.418745167658136,4.7
fold_03,3,MOHLER_3_2,MOHLER_3_2_005,5.0,4.177859391395593,4.4510865773403205,4.7
fold_03,3,MOHLER_3_2,MOHLER_3_2_006,4.0,4.177859391395593,4.908635322560038,4.7
fold_03,3,MOHLER_3_2,MOHLER_3_2_007,5.0,4.177859391395593,4.579678695697526,4.7
fold_03,3,MOHLER_3_2,MOHLER_3_2_008,3.0,4.177859391395593,4.26576619134609,4.078947368421052
fold_03,3,MOHLER_3_2,MOHLER_3_2_009,5.0,4.177859391395593,4.759962249743346,4.7
fold_03,3,MOHLER_3_2,MOHLER_3_2_010,4.5,4.177859391395593,4.181769645716331,4.078947368421052
fold_03,3,MOHLER_3_2,MOHLER_3_2_011,5.0,4.177859391395593,4.711033357365169,4.7
fold_03,3,MOHLER_3_2,MOHLER_3_2_012,5.0,4.177859391395593,4.671690975894025,4.7
fold_03,3,MOHLER_3_2,MOHLER_3_2_013,4.5,4.177859391395593,4.340266986392169,4.078947368421052
fold_03,3,MOHLER_3_2,MOHLER_3_2_014,3.0,4.177859391395593,4.4754712591132355,4.7
fold_03,3,MOHLER_3_2,MOHLER_3_2_015,5.0,4.177859391395593,4.3164673789238295,4.078947368421052
fold_03,3,MOHLER_3_2,MOHLER_3_2_016,5.0,4.177859391395593,4.62843525601648,4.7
fold_03,3,MOHLER_3_2,MOHLER_3_2_017,4.5,4.177859391395593,4.376381493620446,4.078947368421052
fold_03,3,MOHLER_3_2,MOHLER_3_2_018,4.5,4.177859391395593,4.650143647952114,4.7
fold_03,3,MOHLER_3_2,MOHLER_3_2_019,5.0,4.177859391395593,4.330677177206197,4.078947368421052
fold_03,3,MOHLER_3_2,MOHLER_3_2_020,4.5,4.177859391395593,4.514849573446363,4.7
fold_03,3,MOHLER_3_2,MOHLER_3_2_021,5.0,4.177859391395593,4.754066771032895,4.7
fold_03,3,MOHLER_3_2,MOHLER_3_2_022,4.5,4.177859391395593,4.181769645716331,4.078947368421052
fold_03,3,MOHLER_3_2,MOHLER_3_2_023,4.5,4.177859391395593,4.093742483386986,4.078947368421052
fold_03,3,MOHLER_3_2,MOHLER_3_2_024,4.5,4.177859391395593,4.457038495737797,4.7
fold_03,3,MOHLER_3_2,MOHLER_3_2_025,5.0,4.177859391395593,4.137582141266228,4.078947368421052
fold_03,3,MOHLER_3_2,MOHLER_3_2_026,4.5,4.177859391395593,4.572144999961258,4.7
fold_03,3,MOHLER_3_2,MOHLER_3_2_027,4.5,4.177859391395593,4.693348326478534,4.7
fold_03,3,MOHLER_3_2,MOHLER_3_2_028,5.0,4.177859391395593,4.671690975894025,4.7
fold_03,3,MOHLER_3_2,MOHLER_3_2_029,5.0,4.177859391395593,4.542865075871413,4.7
fold_03,3,MOHLER_3_2,MOHLER_3_2_030,4.5,4.177859391395593,4.457029901902998,4.7
fold_03,3,MOHLER_3_2,MOHLER_3_2_031,4.5,4.177859391395593,4.388278859807594,4.078947368421052
fold_03,3,MOHLER_3_3,MOHLER_3_3_001,4.5,4.177859391395593,4.579959713723252,4.7
fold_03,3,MOHLER_3_3,MOHLER_3_3_002,4.5,4.177859391395593,4.4940631601685554,4.7
fold_03,3,MOHLER_3_3,MOHLER_3_3_003,5.0,4.177859391395593,4.404433517356508,4.7
fold_03,3,MOHLER_3_3,MOHLER_3_3_004,3.0,4.177859391395593,4.440613212205362,4.7
fold_03,3,MOHLER_3_3,MOHLER_3_3_005,5.0,4.177859391395593,4.395727345970622,4.59556301040741
fold_03,3,MOHLER_3_3,MOHLER_3_3_006,2.0,4.177859391395593,4.289694243711423,4.078947368421052
fold_03,3,MOHLER_3_3,MOHLER_3_3_007,4.0,4.177859391395593,4.629052199291309,4.7
fold_03,3,MOHLER_3_3,MOHLER_3_3_008,3.5,4.177859391395593,4.523248844278509,4.7
fold_03,3,MOHLER_3_3,MOHLER_3_3_009,5.0,4.177859391395593,4.366912288051473,4.078947368421052
fold_03,3,MOHLER_3_3,MOHLER_3_3_010,5.0,4.177859391395593,4.404842348796761,4.7
fold_03,3,MOHLER_3_3,MOHLER_3_3_011,3.0,4.177859391395593,4.440613212205362,4.7
fold_03,3,MOHLER_3_3,MOHLER_3_3_012,3.0,4.177859391395593,4.507845791910154,4.7
fold_03,3,MOHLER_3_3,MOHLER_3_3_013,4.5,4.177859391395593,4.739459316318564,4.7
fold_03,3,MOHLER_3_3,MOHLER_3_3_014,2.0,4.177859391395593,4.56201116856431,4.7
fold_03,3,MOHLER_3_3,MOHLER_3_3_015,5.0,4.177859391395593,4.363873711800791,4.078947368421052
fold_03,3,MOHLER_3_3,MOHLER_3_3_016,5.0,4.177859391395593,4.296522609148667,4.078947368421052
fold_03,3,MOHLER_3_3,MOHLER_3_3_017,5.0,4.177859391395593,4.4294737792645105,4.7
fold_03,3,MOHLER_3_3,MOHLER_3_3_018,0.0,4.177859391395593,3.2342457580303616,4.0
fold_03,3,MOHLER_3_3,MOHLER_3_3_019,4.5,4.177859391395593,4.221336826133258,4.078947368421052
fold_03,3,MOHLER_3_3,MOHLER_3_3_020,5.0,4.177859391395593,4.618916214153211,4.7
fold_03,3,MOHLER_3_3,MOHLER_3_3_021,2.0,4.177859391395593,4.440613212205362,4.7
fold_03,3,MOHLER_3_3,MOHLER_3_3_022,4.5,4.177859391395593,4.398835826944663,4.7
fold_03,3,MOHLER_3_3,MOHLER_3_3_023,2.5,4.177859391395593,4.426528676005817,4.7
fold_03,3,MOHLER_3_3,MOHLER_3_3_024,3.5,4.177859391395593,4.539164713970959,4.7
fold_03,3,MOHLER_3_3,MOHLER_3_3_025,5.0,4.177859391395593,4.363584880683539,4.078947368421052
fold_03,3,MOHLER_3_3,MOHLER_3_3_026,5.0,4.177859391395593,4.335423499284515,4.078947368421052
fold_03,3,MOHLER_3_3,MOHLER_3_3_027,5.0,4.177859391395593,4.506297662222203,4.7
fold_03,3,MOHLER_3_3,MOHLER_3_3_028,4.0,4.177859391395593,4.334381234501498,4.078947368421052
fold_03,3,MOHLER_3_3,MOHLER_3_3_029,5.0,4.177859391395593,4.261073735881064,4.078947368421052
fold_03,3,MOHLER_3_3,MOHLER_3_3_030,5.0,4.177859391395593,4.478654677389871,4.7
fold_03,3,MOHLER_3_3,MOHLER_3_3_031,4.5,4.177859391395593,4.4940631601685554,4.7
fold_03,3,MOHLER_3_4,MOHLER_3_4_001,5.0,4.177859391395593,4.328788201931947,4.078947368421052
fold_03,3,MOHLER_3_4,MOHLER_3_4_002,4.5,4.177859391395593,3.9253299250137705,4.078947368421052
fold_03,3,MOHLER_3_4,MOHLER_3_4_003,5.0,4.177859391395593,3.691635951250759,4.078947368421052
fold_03,3,MOHLER_3_4,MOHLER_3_4_004,5.0,4.177859391395593,4.188900995919959,4.078947368421052
fold_03,3,MOHLER_3_4,MOHLER_3_4_005,5.0,4.177859391395593,4.027469766902703,4.078947368421052
fold_03,3,MOHLER_3_4,MOHLER_3_4_006,3.0,4.177859391395593,3.909425080755283,4.078947368421052
fold_03,3,MOHLER_3_4,MOHLER_3_4_007,4.5,4.177859391395593,4.14797713038503,4.078947368421052
fold_03,3,MOHLER_3_4,MOHLER_3_4_008,5.0,4.177859391395593,4.037493073658073,4.078947368421052
fold_03,3,MOHLER_3_4,MOHLER_3_4_009,5.0,4.177859391395593,4.2404957037460775,4.078947368421052
fold_03,3,MOHLER_3_4,MOHLER_3_4_010,3.5,4.177859391395593,4.20662105208277,4.078947368421052
fold_03,3,MOHLER_3_4,MOHLER_3_4_011,3.5,4.177859391395593,4.420309834192596,4.7
fold_03,3,MOHLER_3_4,MOHLER_3_4_012,3.5,4.177859391395593,4.463209334859544,4.7
fold_03,3,MOHLER_3_4,MOHLER_3_4_013,3.0,4.177859391395593,4.052535996808899,4.078947368421052
fold_03,3,MOHLER_3_4,MOHLER_3_4_014,5.0,4.177859391395593,4.048178327565511,4.078947368421052
fold_03,3,MOHLER_3_4,MOHLER_3_4_015,5.0,4.177859391395593,3.7287826972586604,4.078947368421052
fold_03,3,MOHLER_3_4,MOHLER_3_4_016,5.0,4.177859391395593,4.259534672399529,4.078947368421052
fold_03,3,MOHLER_3_4,MOHLER_3_4_017,3.5,4.177859391395593,4.320398554293872,4.078947368421052
fold_03,3,MOHLER_3_4,MOHLER_3_4_018,3.5,4.177859391395593,4.285912313042075,4.078947368421052
fold_03,3,MOHLER_3_4,MOHLER_3_4_019,3.0,4.177859391395593,4.129932471472935,4.078947368421052
fold_03,3,MOHLER_3_4,MOHLER_3_4_020,3.5,4.177859391395593,4.420755344899116,4.7
fold_03,3,MOHLER_3_4,MOHLER_3_4_021,3.0,4.177859391395593,4.427212645117715,4.7
fold_03,3,MOHLER_3_4,MOHLER_3_4_022,3.5,4.177859391395593,3.735146560456707,4.078947368421052
fold_03,3,MOHLER_3_4,MOHLER_3_4_023,5.0,4.177859391395593,4.028320881408435,4.078947368421052
fold_03,3,MOHLER_3_4,MOHLER_3_4_024,4.0,4.177859391395593,4.312467258533859,4.078947368421052
fold_03,3,MOHLER_3_4,MOHLER_3_4_025,3.5,4.177859391395593,4.152242751695097,4.078947368421052
fold_03,3,MOHLER_3_4,MOHLER_3_4_026,5.0,4.177859391395593,4.103399349271425,4.078947368421052
fold_03,3,MOHLER_3_4,MOHLER_3_4_027,4.0,4.177859391395593,3.9414025774054995,4.078947368421052
fold_03,3,MOHLER_3_4,MOHLER_3_4_028,3.5,4.177859391395593,3.9954115326446606,4.078947368421052
fold_03,3,MOHLER_3_4,MOHLER_3_4_029,3.5,4.177859391395593,3.564352301857086,4.078947368421052
fold_03,3,MOHLER_3_4,MOHLER_3_4_030,5.0,4.177859391395593,4.378922602596937,4.078947368421052
fold_03,3,MOHLER_3_4,MOHLER_3_4_031,3.0,4.177859391395593,4.207752539373518,4.078947368421052
fold_03,3,MOHLER_3_5,MOHLER_3_5_001,5.0,4.177859391395593,4.458254595247356,4.7
fold_03,3,MOHLER_3_5,MOHLER_3_5_002,3.0,4.177859391395593,4.580821699773514,4.7
fold_03,3,MOHLER_3_5,MOHLER_3_5_003,5.0,4.177859391395593,4.518582190633813,4.7
fold_03,3,MOHLER_3_5,MOHLER_3_5_004,5.0,4.177859391395593,4.452983916140756,4.7
fold_03,3,MOHLER_3_5,MOHLER_3_5_005,5.0,4.177859391395593,4.501555301867894,4.7
fold_03,3,MOHLER_3_5,MOHLER_3_5_006,3.0,4.177859391395593,4.281378502181014,4.078947368421052
fold_03,3,MOHLER_3_5,MOHLER_3_5_007,5.0,4.177859391395593,4.464151544104329,4.7
fold_03,3,MOHLER_3_5,MOHLER_3_5_008,3.0,4.177859391395593,4.7381880370706195,4.7
fold_03,3,MOHLER_3_5,MOHLER_3_5_009,5.0,4.177859391395593,4.435683500522706,4.7
fold_03,3,MOHLER_3_5,MOHLER_3_5_010,5.0,4.177859391395593,4.420360517661945,4.7
fold_03,3,MOHLER_3_5,MOHLER_3_5_011,5.0,4.177859391395593,4.497877748779159,4.7
fold_03,3,MOHLER_3_5,MOHLER_3_5_012,5.0,4.177859391395593,4.519174894783617,4.7
fold_03,3,MOHLER_3_5,MOHLER_3_5_013,0.0,4.177859391395593,3.450140942529983,4.078947368421052
fold_03,3,MOHLER_3_5,MOHLER_3_5_014,3.0,4.177859391395593,4.512724770680461,4.7
fold_03,3,MOHLER_3_5,MOHLER_3_5_015,4.5,4.177859391395593,4.468014238619189,4.7
fold_03,3,MOHLER_3_5,MOHLER_3_5_016,5.0,4.177859391395593,4.66558963211803,4.7
fold_03,3,MOHLER_3_5,MOHLER_3_5_017,3.0,4.177859391395593,4.241737463887089,4.078947368421052
fold_03,3,MOHLER_3_5,MOHLER_3_5_018,5.0,4.177859391395593,4.428831004324097,4.7
fold_03,3,MOHLER_3_5,MOHLER_3_5_019,5.0,4.177859391395593,4.63475966270008,4.7
fold_03,3,MOHLER_3_5,MOHLER_3_5_020,5.0,4.177859391395593,4.380572458656148,4.078947368421052
fold_03,3,MOHLER_3_5,MOHLER_3_5_021,3.5,4.177859391395593,4.654462007641266,4.7
fold_03,3,MOHLER_3_5,MOHLER_3_5_022,5.0,4.177859391395593,4.441156875899294,4.7
fold_03,3,MOHLER_3_5,MOHLER_3_5_023,5.0,4.177859391395593,4.402183971707423,4.7
fold_03,3,MOHLER_3_5,MOHLER_3_5_024,5.0,4.177859391395593,4.373680010724919,4.078947368421052
fold_03,3,MOHLER_3_5,MOHLER_3_5_025,5.0,4.177859391395593,4.403992778896061,4.7
fold_03,3,MOHLER_3_5,MOHLER_3_5_026,5.0,4.177859391395593,4.519174894783617,4.7
fold_03,3,MOHLER_3_5,MOHLER_3_5_027,4.5,4.177859391395593,4.432879928662657,4.7
fold_03,3,MOHLER_3_5,MOHLER_3_5_028,5.0,4.177859391395593,4.603774532009672,4.7
fold_03,3,MOHLER_3_5,MOHLER_3_5_029,5.0,4.177859391395593,4.3692732856413175,4.078947368421052
fold_03,3,MOHLER_3_5,MOHLER_3_5_030,4.0,4.177859391395593,4.478699133096447,4.7
fold_03,3,MOHLER_3_5,MOHLER_3_5_031,3.0,4.177859391395593,4.5466849776245875,4.7
fold_03,3,MOHLER_3_6,MOHLER_3_6_001,5.0,4.177859391395593,4.954693750130936,4.7
fold_03,3,MOHLER_3_6,MOHLER_3_6_002,2.5,4.177859391395593,4.90714655287305,4.7
fold_03,3,MOHLER_3_6,MOHLER_3_6_003,5.0,4.177859391395593,4.837016461066142,4.7
fold_03,3,MOHLER_3_6,MOHLER_3_6_004,5.0,4.177859391395593,4.958757488227053,4.7
fold_03,3,MOHLER_3_6,MOHLER_3_6_005,5.0,4.177859391395593,4.821752180752141,4.7
fold_03,3,MOHLER_3_6,MOHLER_3_6_006,4.0,4.177859391395593,4.589966461107022,4.7
fold_03,3,MOHLER_3_6,MOHLER_3_6_007,5.0,4.177859391395593,5.0,4.7
fold_03,3,MOHLER_3_6,MOHLER_3_6_008,4.5,4.177859391395593,4.934035662682986,4.7
fold_03,3,MOHLER_3_6,MOHLER_3_6_009,5.0,4.177859391395593,4.773481053404855,4.7
fold_03,3,MOHLER_3_6,MOHLER_3_6_010,5.0,4.177859391395593,4.944466035581499,4.7
fold_03,3,MOHLER_3_6,MOHLER_3_6_011,4.5,4.177859391395593,4.747977431117538,4.7
fold_03,3,MOHLER_3_6,MOHLER_3_6_012,5.0,4.177859391395593,4.836749422683352,4.7
fold_03,3,MOHLER_3_6,MOHLER_3_6_013,4.0,4.177859391395593,4.557825219830682,4.7
fold_03,3,MOHLER_3_6,MOHLER_3_6_014,5.0,4.177859391395593,4.784666248311906,4.7
fold_03,3,MOHLER_3_6,MOHLER_3_6_015,5.0,4.177859391395593,4.902112263428064,4.7
fold_03,3,MOHLER_3_6,MOHLER_3_6_016,5.0,4.177859391395593,5.0,4.7
fold_03,3,MOHLER_3_6,MOHLER_3_6_017,5.0,4.177859391395593,4.737451617531563,4.7
fold_03,3,MOHLER_3_6,MOHLER_3_6_018,3.5,4.177859391395593,4.72571155320725,4.7
fold_03,3,MOHLER_3_6,MOHLER_3_6_019,4.5,4.177859391395593,4.928734020916967,4.7
fold_03,3,MOHLER_3_6,MOHLER_3_6_020,3.5,4.177859391395593,4.86876608439018,4.7
fold_03,3,MOHLER_3_6,MOHLER_3_6_021,5.0,4.177859391395593,4.917570071540101,4.7
fold_03,3,MOHLER_3_6,MOHLER_3_6_022,5.0,4.177859391395593,4.854192838494362,4.7
fold_03,3,MOHLER_3_6,MOHLER_3_6_023,5.0,4.177859391395593,4.880979658187009,4.7
fold_03,3,MOHLER_3_6,MOHLER_3_6_024,4.5,4.177859391395593,4.86755719909291,4.7
fold_03,3,MOHLER_3_6,MOHLER_3_6_025,5.0,4.177859391395593,4.631034187276086,4.7
fold_03,3,MOHLER_3_6,MOHLER_3_6_026,5.0,4.177859391395593,4.9834943780048055,4.7
fold_03,3,MOHLER_3_6,MOHLER_3_6_027,5.0,4.177859391395593,4.969570011859561,4.7
fold_03,3,MOHLER_3_6,MOHLER_3_6_028,5.0,4.177859391395593,4.844876989455204,4.7
fold_03,3,MOHLER_3_6,MOHLER_3_6_029,5.0,4.177859391395593,4.95877839646726,4.7
fold_03,3,MOHLER_3_6,MOHLER_3_6_030,5.0,4.177859391395593,5.0,4.7
fold_03,3,MOHLER_3_6,MOHLER_3_6_031,3.0,4.177859391395593,4.930220251257589,4.7
fold_03,3,MOHLER_3_7,MOHLER_3_7_001,5.0,4.177859391395593,4.339265441816562,4.078947368421052
fold_03,3,MOHLER_3_7,MOHLER_3_7_002,2.0,4.177859391395593,4.699613179629702,4.7
fold_03,3,MOHLER_3_7,MOHLER_3_7_003,5.0,4.177859391395593,4.286370423233517,4.078947368421052
fold_03,3,MOHLER_3_7,MOHLER_3_7_004,5.0,4.177859391395593,4.704255286656998,4.7
fold_03,3,MOHLER_3_7,MOHLER_3_7_005,5.0,4.177859391395593,4.294303539533084,4.078947368421052
fold_03,3,MOHLER_3_7,MOHLER_3_7_006,5.0,4.177859391395593,4.395824539458786,4.602820781412237
fold_03,3,MOHLER_3_7,MOHLER_3_7_007,4.0,4.177859391395593,4.667616270079047,4.7
fold_03,3,MOHLER_3_7,MOHLER_3_7_008,3.0,4.177859391395593,4.19126037411932,4.078947368421052
fold_03,3,MOHLER_3_7,MOHLER_3_7_009,4.5,4.177859391395593,4.3389861986621385,4.078947368421052
fold_03,3,MOHLER_3_7,MOHLER_3_7_010,3.5,4.177859391395593,4.573784793645905,4.7
fold_03,3,MOHLER_3_7,MOHLER_3_7_011,5.0,4.177859391395593,4.185490400423971,4.078947368421052
fold_03,3,MOHLER_3_7,MOHLER_3_7_012,5.0,4.177859391395593,4.185490400423971,4.078947368421052
fold_03,3,MOHLER_3_7,MOHLER_3_7_013,0.0,4.177859391395593,2.7927453413543217,0.8267925267746016
fold_03,3,MOHLER_3_7,MOHLER_3_7_014,3.0,4.177859391395593,4.173643693342664,4.078947368421052
fold_03,3,MOHLER_3_7,MOHLER_3_7_015,3.5,4.177859391395593,4.7397463532110535,4.7
fold_03,3,MOHLER_3_7,MOHLER_3_7_016,5.0,4.177859391395593,4.4621082719377085,4.7
fold_03,3,MOHLER_3_7,MOHLER_3_7_017,5.0,4.177859391395593,4.357826959825142,4.078947368421052
fold_03,3,MOHLER_3_7,MOHLER_3_7_018,2.0,4.177859391395593,4.392216525454715,4.333398005068757
fold_03,3,MOHLER_3_7,MOHLER_3_7_019,5.0,4.177859391395593,4.45311979566057,4.7
fold_03,3,MOHLER_3_7,MOHLER_3_7_020,5.0,4.177859391395593,4.206379956236378,4.078947368421052
fold_03,3,MOHLER_3_7,MOHLER_3_7_021,5.0,4.177859391395593,4.136643524666882,4.078947368421052
fold_03,3,MOHLER_3_7,MOHLER_3_7_022,5.0,4.177859391395593,4.208867700097555,4.078947368421052
fold_03,3,MOHLER_3_7,MOHLER_3_7_023,5.0,4.177859391395593,4.200718124797504,4.078947368421052
fold_03,3,MOHLER_3_7,MOHLER_3_7_024,5.0,4.177859391395593,4.341683060860036,4.078947368421052
fold_03,3,MOHLER_3_7,MOHLER_3_7_025,5.0,4.177859391395593,4.165822265161848,4.078947368421052
fold_03,3,MOHLER_3_7,MOHLER_3_7_026,5.0,4.177859391395593,4.156470969464142,4.078947368421052
fold_03,3,MOHLER_3_7,MOHLER_3_7_027,3.5,4.177859391395593,5.0,4.7
fold_03,3,MOHLER_3_7,MOHLER_3_7_028,5.0,4.177859391395593,4.244069115371214,4.078947368421052
fold_03,3,MOHLER_3_7,MOHLER_3_7_029,5.0,4.177859391395593,4.414515064068402,4.7
fold_03,3,MOHLER_3_7,MOHLER_3_7_030,3.0,4.177859391395593,4.543919653351426,4.7
fold_03,3,MOHLER_3_7,MOHLER_3_7_031,3.5,4.177859391395593,4.636307025303415,4.7
fold_04,4,MOHLER_4_1,MOHLER_4_1_001,4.0,4.1921929388364,3.9521673748780892,3.1666666666666665
fold_04,4,MOHLER_4_1,MOHLER_4_1_002,4.0,4.1921929388364,3.8855880835841257,3.1666666666666665
fold_04,4,MOHLER_4_1,MOHLER_4_1_003,5.0,4.1921929388364,3.6259739706202403,3.1666666666666665
fold_04,4,MOHLER_4_1,MOHLER_4_1_004,3.0,4.1921929388364,3.9049658015782684,3.1666666666666665
fold_04,4,MOHLER_4_1,MOHLER_4_1_005,5.0,4.1921929388364,3.463899019635,3.1666666666666665
fold_04,4,MOHLER_4_1,MOHLER_4_1_006,5.0,4.1921929388364,3.6060384735085314,3.1666666666666665
fold_04,4,MOHLER_4_1,MOHLER_4_1_007,5.0,4.1921929388364,4.052113691263072,3.1666666666666665
fold_04,4,MOHLER_4_1,MOHLER_4_1_008,2.5,4.1921929388364,3.671724211775852,3.1666666666666665
fold_04,4,MOHLER_4_1,MOHLER_4_1_009,4.0,4.1921929388364,3.9394499429898144,3.1666666666666665
fold_04,4,MOHLER_4_1,MOHLER_4_1_010,5.0,4.1921929388364,4.023035960098168,3.1666666666666665
fold_04,4,MOHLER_4_1,MOHLER_4_1_011,3.5,4.1921929388364,3.8566598926811078,3.1666666666666665
fold_04,4,MOHLER_4_1,MOHLER_4_1_012,4.0,4.1921929388364,3.6001161526339196,3.1666666666666665
fold_04,4,MOHLER_4_1,MOHLER_4_1_013,4.5,4.1921929388364,3.907592594710634,3.1666666666666665
fold_04,4,MOHLER_4_1,MOHLER_4_1_014,2.5,4.1921929388364,3.3958386142533596,3.1666666666666665
fold_04,4,MOHLER_4_1,MOHLER_4_1_015,5.0,4.1921929388364,3.723337055466681,3.1666666666666665
fold_04,4,MOHLER_4_1,MOHLER_4_1_016,5.0,4.1921929388364,3.7266594589164717,3.1666666666666665
fold_04,4,MOHLER_4_1,MOHLER_4_1_017,4.5,4.1921929388364,2.963662909771448,3.1666666666666665
fold_04,4,MOHLER_4_1,MOHLER_4_1_018,5.0,4.1921929388364,3.807528782152148,3.1666666666666665
fold_04,4,MOHLER_4_1,MOHLER_4_1_019,5.0,4.1921929388364,3.8884276911344213,3.1666666666666665
fold_04,4,MOHLER_4_1,MOHLER_4_1_020,5.0,4.1921929388364,3.865027384455967,3.1666666666666665
fold_04,4,MOHLER_4_1,MOHLER_4_1_021,5.0,4.1921929388364,3.8256270854245846,3.1666666666666665
fold_04,4,MOHLER_4_1,MOHLER_4_1_022,4.0,4.1921929388364,3.768251703540107,3.1666666666666665
fold_04,4,MOHLER_4_1,MOHLER_4_1_023,3.0,4.1921929388364,3.7659917946491923,3.1666666666666665
fold_04,4,MOHLER_4_1,MOHLER_4_1_024,5.0,4.1921929388364,4.120785664005103,3.471201707327738
fold_04,4,MOHLER_4_1,MOHLER_4_1_025,4.5,4.1921929388364,3.5700657470908537,3.1666666666666665
fold_04,4,MOHLER_4_1,MOHLER_4_1_026,5.0,4.1921929388364,3.732661689133662,3.1666666666666665
fold_04,4,MOHLER_4_1,MOHLER_4_1_027,5.0,4.1921929388364,3.7491186841525876,3.1666666666666665
fold_04,4,MOHLER_4_1,MOHLER_4_1_028,5.0,4.1921929388364,3.7793899315072723,3.1666666666666665
fold_04,4,MOHLER_4_1,MOHLER_4_1_029,5.0,4.1921929388364,3.6343991126701143,3.1666666666666665
fold_04,4,MOHLER_4_1,MOHLER_4_1_030,4.0,4.1921929388364,3.933451028221212,3.1666666666666665
fold_04,4,MOHLER_4_2,MOHLER_4_2_001,2.5,4.1921929388364,3.8438638163510928,3.1666666666666665
fold_04,4,MOHLER_4_2,MOHLER_4_2_002,3.0,4.1921929388364,3.8682364689198163,3.1666666666666665
fold_04,4,MOHLER_4_2,MOHLER_4_2_003,5.0,4.1921929388364,4.432314305529898,4.25
fold_04,4,MOHLER_4_2,MOHLER_4_2_004,5.0,4.1921929388364,3.265636962914296,3.1666666666666665
fold_04,4,MOHLER_4_2,MOHLER_4_2_005,2.5,4.1921929388364,3.8056900466494086,3.1666666666666665
fold_04,4,MOHLER_4_2,MOHLER_4_2_006,2.0,4.1921929388364,3.826537221547189,3.1666666666666665
fold_04,4,MOHLER_4_2,MOHLER_4_2_007,3.5,4.1921929388364,4.156216262400718,4.25
fold_04,4,MOHLER_4_2,MOHLER_4_2_008,4.0,4.1921929388364,3.4927556746637514,3.1666666666666665
fold_04,4,MOHLER_4_2,MOHLER_4_2_009,3.5,4.1921929388364,3.6498527724263976,3.1666666666666665
fold_04,4,MOHLER_4_2,MOHLER_4_2_010,5.0,4.1921929388364,3.801843054586684,3.1666666666666665
fold_04,4,MOHLER_4_2,MOHLER_4_2_011,5.0,4.1921929388364,3.8232780930923904,3.1666666666666665
fold_04,4,MOHLER_4_2,MOHLER_4_2_012,3.0,4.1921929388364,3.695982070526449,3.1666666666666665
fold_04,4,MOHLER_4_2,MOHLER_4_2_013,4.0,4.1921929388364,4.087576309320245,3.1666666666666665
fold_04,4,MOHLER_4_2,MOHLER_4_2_014,3.5,4.1921929388364,3.8080314746964117,3.1666666666666665
fold_04,4,MOHLER_4_2,MOHLER_4_2_015,4.0,4.1921929388364,3.961200391136301,3.1666666666666665
fold_04,4,MOHLER_4_2,MOHLER_4_2_016,5.0,4.1921929388364,3.849987417592576,3.1666666666666665
fold_04,4,MOHLER_4_2,MOHLER_4_2_017,3.0,4.1921929388364,3.754588742838922,3.1666666666666665
fold_04,4,MOHLER_4_2,MOHLER_4_2_018,4.0,4.1921929388364,3.9110794776304747,3.1666666666666665
fold_04,4,MOHLER_4_2,MOHLER_4_2_019,2.0,4.1921929388364,3.6854831108205373,3.1666666666666665
fold_04,4,MOHLER_4_2,MOHLER_4_2_020,5.0,4.1921929388364,4.093496035716006,3.1666666666666665
fold_04,4,MOHLER_4_2,MOHLER_4_2_021,2.5,4.1921929388364,3.8860108810642733,3.1666666666666665
fold_04,4,MOHLER_4_2,MOHLER_4_2_022,4.0,4.1921929388364,3.80560644807223,3.1666666666666665
fold_04,4,MOHLER_4_2,MOHLER_4_2_023,3.5,4.1921929388364,3.571772578322374,3.1666666666666665
fold_04,4,MOHLER_4_2,MOHLER_4_2_024,3.5,4.1921929388364,3.91661614143869,3.1666666666666665
fold_04,4,MOHLER_4_2,MOHLER_4_2_025,1.5,4.1921929388364,3.828625988900218,3.1666666666666665
fold_04,4,MOHLER_4_2,MOHLER_4_2_026,5.0,4.1921929388364,3.944868531233108,3.1666666666666665
fold_04,4,MOHLER_4_2,MOHLER_4_2_027,4.0,4.1921929388364,3.7151415357556212,3.1666666666666665
fold_04,4,MOHLER_4_2,MOHLER_4_2_028,2.5,4.1921929388364,3.598155965474297,3.1666666666666665
fold_04,4,MOHLER_4_2,MOHLER_4_2_029,3.5,4.1921929388364,3.7742959197306134,3.1666666666666665
fold_04,4,MOHLER_4_2,MOHLER_4_2_030,2.5,4.1921929388364,4.07442236889753,3.1666666666666665
fold_04,4,MOHLER_4_3,MOHLER_4_3_001,5.0,4.1921929388364,3.4828886924571467,3.1666666666666665
fold_04,4,MOHLER_4_3,MOHLER_4_3_002,4.5,4.1921929388364,3.526619116635511,3.1666666666666665
fold_04,4,MOHLER_4_3,MOHLER_4_3_003,5.0,4.1921929388364,3.6303586363999942,3.1666666666666665
fold_04,4,MOHLER_4_3,MOHLER_4_3_004,5.0,4.1921929388364,3.5205944135771965,3.1666666666666665
fold_04,4,MOHLER_4_3,MOHLER_4_3_005,5.0,4.1921929388364,3.413916751772865,3.1666666666666665
fold_04,4,MOHLER_4_3,MOHLER_4_3_006,4.0,4.1921929388364,4.192829811954346,4.25
fold_04,4,MOHLER_4_3,MOHLER_4_3_007,3.5,4.1921929388364,3.9829061824368273,3.1666666666666665
fold_04,4,MOHLER_4_3,MOHLER_4_3_008,3.5,4.1921929388364,4.068926638214537,3.1666666666666665
fold_04,4,MOHLER_4_3,MOHLER_4_3_009,5.0,4.1921929388364,3.4041703557747707,3.1666666666666665
fold_04,4,MOHLER_4_3,MOHLER_4_3_010,4.0,4.1921929388364,3.9299338898773906,3.1666666666666665
fold_04,4,MOHLER_4_3,MOHLER_4_3_011,5.0,4.1921929388364,3.924960387350011,3.1666666666666665
fold_04,4,MOHLER_4_3,MOHLER_4_3_012,5.0,4.1921929388364,3.413916751772865,3.1666666666666665
fold_04,4,MOHLER_4_3,MOHLER_4_3_013,3.0,4.1921929388364,3.080904526650028,3.1666666666666665
fold_04,4,MOHLER_4_3,MOHLER_4_3_014,3.0,4.1921929388364,3.8779378959947968,3.1666666666666665
fold_04,4,MOHLER_4_3,MOHLER_4_3_015,5.0,4.1921929388364,3.4041703557747707,3.1666666666666665
fold_04,4,MOHLER_4_3,MOHLER_4_3_016,5.0,4.1921929388364,4.119673271032321,3.458485243660893
fold_04,4,MOHLER_4_3,MOHLER_4_3_017,2.0,4.1921929388364,3.8157349068628497,3.1666666666666665
fold_04,4,MOHLER_4_3,MOHLER_4_3_018,5.0,4.1921929388364,4.067457927685991,3.1666666666666665
fold_04,4,MOHLER_4_3,MOHLER_4_3_019,4.0,4.1921929388364,3.8812486925919085,3.1666666666666665
fold_04,4,MOHLER_4_3,MOHLER_4_3_020,5.0,4.1921929388364,4.236318473925996,4.25
fold_04,4,MOHLER_4_3,MOHLER_4_3_021,4.0,4.1921929388364,4.177548855565886,4.25
fold_04,4,MOHLER_4_3,MOHLER_4_3_022,5.0,4.1921929388364,4.142800253176642,4.25
fold_04,4,MOHLER_4_3,MOHLER_4_3_023,5.0,4.1921929388364,3.4828886924571467,3.1666666666666665
fold_04,4,MOHLER_4_3,MOHLER_4_3_024,5.0,4.1921929388364,3.4041703557747707,3.1666666666666665
fold_04,4,MOHLER_4_3,MOHLER_4_3_025,5.0,4.1921929388364,3.4041703557747707,3.1666666666666665
fold_04,4,MOHLER_4_3,MOHLER_4_3_026,5.0,4.1921929388364,3.449092224571137,3.1666666666666665
fold_04,4,MOHLER_4_3,MOHLER_4_3_027,4.0,4.1921929388364,3.7964001174524267,3.1666666666666665
fold_04,4,MOHLER_4_3,MOHLER_4_3_028,5.0,4.1921929388364,3.4041703557747707,3.1666666666666665
fold_04,4,MOHLER_4_3,MOHLER_4_3_029,5.0,4.1921929388364,3.4041703557747707,3.1666666666666665
fold_04,4,MOHLER_4_3,MOHLER_4_3_030,2.5,4.1921929388364,3.6167569878829413,3.1666666666666665
fold_04,4,MOHLER_4_4,MOHLER_4_4_001,5.0,4.1921929388364,4.114440342388196,3.398664345289193
fold_04,4,MOHLER_4_4,MOHLER_4_4_002,4.0,4.1921929388364,3.555026456950408,3.1666666666666665
fold_04,4,MOHLER_4_4,MOHLER_4_4_003,5.0,4.1921929388364,3.542690612278271,3.1666666666666665
fold_04,4,MOHLER_4_4,MOHLER_4_4_004,4.0,4.1921929388364,3.8025287292206134,3.1666666666666665
fold_04,4,MOHLER_4_4,MOHLER_4_4_005,4.0,4.1921929388364,3.4248890725119927,3.1666666666666665
fold_04,4,MOHLER_4_4,MOHLER_4_4_006,5.0,4.1921929388364,3.868448880774003,3.1666666666666665
fold_04,4,MOHLER_4_4,MOHLER_4_4_007,4.5,4.1921929388364,3.6308462612045687,3.1666666666666665
fold_04,4,MOHLER_4_4,MOHLER_4_4_008,3.0,4.1921929388364,3.496654628025534,3.1666666666666665
fold_04,4,MOHLER_4_4,MOHLER_4_4_009,5.0,4.1921929388364,3.450345656984334,3.1666666666666665
fold_04,4,MOHLER_4_4,MOHLER_4_4_010,5.0,4.1921929388364,4.080191446127661,3.1666666666666665
fold_04,4,MOHLER_4_4,MOHLER_4_4_011,4.5,4.1921929388364,3.360055278382097,3.1666666666666665
fold_04,4,MOHLER_4_4,MOHLER_4_4_012,4.5,4.1921929388364,3.4434514239168177,3.1666666666666665
fold_04,4,MOHLER_4_4,MOHLER_4_4_013,3.0,4.1921929388364,3.029008133465534,3.1666666666666665
fold_04,4,MOHLER_4_4,MOHLER_4_4_014,4.0,4.1921929388364,3.1809521230912865,3.1666666666666665
fold_04,4,MOHLER_4_4,MOHLER_4_4_015,3.0,4.1921929388364,3.5170610689980304,3.1666666666666665
fold_04,4,MOHLER_4_4,MOHLER_4_4_016,5.0,4.1921929388364,3.5011564049822788,3.1666666666666665
fold_04,4,MOHLER_4_4,MOHLER_4_4_017,3.0,4.1921929388364,3.427086432684375,3.1666666666666665
fold_04,4,MOHLER_4_4,MOHLER_4_4_018,5.0,4.1921929388364,3.6474910598454175,3.1666666666666665
fold_04,4,MOHLER_4_4,MOHLER_4_4_019,5.0,4.1921929388364,3.5656865107064633,3.1666666666666665
fold_04,4,MOHLER_4_4,MOHLER_4_4_020,5.0,4.1921929388364,3.715336765592027,3.1666666666666665
fold_04,4,MOHLER_4_4,MOHLER_4_4_021,5.0,4.1921929388364,3.732127943442849,3.1666666666666665
fold_04,4,MOHLER_4_4,MOHLER_4_4_022,4.5,4.1921929388364,3.470665362108889,3.1666666666666665
fold_04,4,MOHLER_4_4,MOHLER_4_4_023,3.5,4.1921929388364,3.213590639051826,3.1666666666666665
fold_04,4,MOHLER_4_4,MOHLER_4_4_024,5.0,4.1921929388364,3.6022247180998184,3.1666666666666665
fold_04,4,MOHLER_4_4,MOHLER_4_4_025,0.0,4.1921929388364,2.3912392368834907,3.1666666666666665
fold_04,4,MOHLER_4_4,MOHLER_4_4_026,5.0,4.1921929388364,3.331677298553479,3.1666666666666665
fold_04,4,MOHLER_4_4,MOHLER_4_4_027,3.0,4.1921929388364,3.098620978491076,3.1666666666666665
fold_04,4,MOHLER_4_4,MOHLER_4_4_028,5.0,4.1921929388364,3.337058712118098,3.1666666666666665
fold_04,4,MOHLER_4_4,MOHLER_4_4_029,5.0,4.1921929388364,4.053093129373422,3.1666666666666665
fold_04,4,MOHLER_4_4,MOHLER_4_4_030,3.0,4.1921929388364,3.7166212581078835,3.1666666666666665
fold_04,4,MOHLER_4_5,MOHLER_4_5_001,2.5,4.1921929388364,4.223608477933769,4.25
fold_04,4,MOHLER_4_5,MOHLER_4_5_002,3.5,4.1921929388364,3.9800789438336865,3.1666666666666665
fold_04,4,MOHLER_4_5,MOHLER_4_5_003,5.0,4.1921929388364,4.401082700486169,4.25
fold_04,4,MOHLER_4_5,MOHLER_4_5_004,3.5,4.1921929388364,3.7329950406515735,3.1666666666666665
fold_04,4,MOHLER_4_5,MOHLER_4_5_005,5.0,4.1921929388364,4.484069316974738,4.25
fold_04,4,MOHLER_4_5,MOHLER_4_5_006,5.0,4.1921929388364,3.7962259549928454,3.1666666666666665
fold_04,4,MOHLER_4_5,MOHLER_4_5_007,3.5,4.1921929388364,4.20334369896247,4.25
fold_04,4,MOHLER_4_5,MOHLER_4_5_008,2.0,4.1921929388364,4.19233186592626,4.25
fold_04,4,MOHLER_4_5,MOHLER_4_5_009,4.0,4.1921929388364,4.049171368348717,3.1666666666666665
fold_04,4,MOHLER_4_5,MOHLER_4_5_010,4.5,4.1921929388364,4.384296685983202,4.25
fold_04,4,MOHLER_4_5,MOHLER_4_5_011,4.5,4.1921929388364,4.380662479870335,4.25
fold_04,4,MOHLER_4_5,MOHLER_4_5_012,5.0,4.1921929388364,4.2667017284926505,4.25
fold_04,4,MOHLER_4_5,MOHLER_4_5_013,2.5,4.1921929388364,4.2234029293983415,4.25
fold_04,4,MOHLER_4_5,MOHLER_4_5_014,5.0,4.1921929388364,4.10055380350041,3.23991858588091
fold_04,4,MOHLER_4_5,MOHLER_4_5_015,2.0,4.1921929388364,4.192990428597262,4.25
fold_04,4,MOHLER_4_5,MOHLER_4_5_016,5.0,4.1921929388364,4.629323058617123,4.25
fold_04,4,MOHLER_4_5,MOHLER_4_5_017,3.5,4.1921929388364,4.545618832529718,4.25
fold_04,4,MOHLER_4_5,MOHLER_4_5_018,3.0,4.1921929388364,4.074028129024849,3.1666666666666665
fold_04,4,MOHLER_4_5,MOHLER_4_5_019,2.0,4.1921929388364,4.144118134671784,4.25
fold_04,4,MOHLER_4_5,MOHLER_4_5_020,5.0,4.1921929388364,4.281100323077666,4.25
fold_04,4,MOHLER_4_5,MOHLER_4_5_021,5.0,4.1921929388364,4.021160763007189,3.1666666666666665
fold_04,4,MOHLER_4_5,MOHLER_4_5_022,5.0,4.1921929388364,3.890038947806187,3.1666666666666665
fold_04,4,MOHLER_4_5,MOHLER_4_5_023,3.0,4.1921929388364,4.271306522576616,4.25
fold_04,4,MOHLER_4_5,MOHLER_4_5_024,4.5,4.1921929388364,3.8758148174814497,3.1666666666666665
fold_04,4,MOHLER_4_5,MOHLER_4_5_025,0.0,4.1921929388364,2.5963276185269173,3.1666666666666665
fold_04,4,MOHLER_4_5,MOHLER_4_5_026,2.0,4.1921929388364,3.7990531736035895,3.1666666666666665
fold_04,4,MOHLER_4_5,MOHLER_4_5_027,5.0,4.1921929388364,4.052528249199342,3.1666666666666665
fold_04,4,MOHLER_4_5,MOHLER_4_5_028,2.5,4.1921929388364,4.039517619836167,3.1666666666666665
fold_04,4,MOHLER_4_5,MOHLER_4_5_029,4.5,4.1921929388364,4.239837318383044,4.25
fold_04,4,MOHLER_4_5,MOHLER_4_5_030,3.5,4.1921929388364,4.225571060555956,4.25
fold_05,5,MOHLER_5_1,MOHLER_5_1_001,3.0,4.168772107124811,4.450624683804575,3.909090909090909
fold_05,5,MOHLER_5_1,MOHLER_5_1_002,5.0,4.168772107124811,4.844961322239366,4.790322580645161
fold_05,5,MOHLER_5_1,MOHLER_5_1_003,3.5,4.168772107124811,4.599119057065284,4.461538461538462
fold_05,5,MOHLER_5_1,MOHLER_5_1_004,5.0,4.168772107124811,4.698214368948923,4.461538461538462
fold_05,5,MOHLER_5_1,MOHLER_5_1_005,2.0,4.168772107124811,4.363517768697263,3.909090909090909
fold_05,5,MOHLER_5_1,MOHLER_5_1_006,5.0,4.168772107124811,4.77796384112462,4.790322580645161
fold_05,5,MOHLER_5_1,MOHLER_5_1_007,4.5,4.168772107124811,4.500015562832539,4.116417507468685
fold_05,5,MOHLER_5_1,MOHLER_5_1_008,4.5,4.168772107124811,4.560007791365576,4.2368421052631575
fold_05,5,MOHLER_5_1,MOHLER_5_1_009,5.0,4.168772107124811,4.44880788073817,3.909090909090909
fold_05,5,MOHLER_5_1,MOHLER_5_1_010,5.0,4.168772107124811,4.597311857168201,4.461538461538462
fold_05,5,MOHLER_5_1,MOHLER_5_1_011,5.0,4.168772107124811,4.6737891758759185,4.461538461538462
fold_05,5,MOHLER_5_1,MOHLER_5_1_012,3.0,4.168772107124811,4.623249645634219,4.461538461538462
fold_05,5,MOHLER_5_1,MOHLER_5_1_013,3.0,4.168772107124811,4.45644549956286,3.909090909090909
fold_05,5,MOHLER_5_1,MOHLER_5_1_014,4.5,4.168772107124811,4.534390194693529,4.2368421052631575
fold_05,5,MOHLER_5_1,MOHLER_5_1_015,4.5,4.168772107124811,4.266535079129349,3.909090909090909
fold_05,5,MOHLER_5_1,MOHLER_5_1_016,4.0,4.168772107124811,4.448337399569921,3.909090909090909
fold_05,5,MOHLER_5_1,MOHLER_5_1_017,3.5,4.168772107124811,4.237688300742481,3.909090909090909
fold_05,5,MOHLER_5_1,MOHLER_5_1_018,3.0,4.168772107124811,4.738682513497352,4.557830760012731
fold_05,5,MOHLER_5_1,MOHLER_5_1_019,4.0,4.168772107124811,4.626900104800033,4.461538461538462
fold_05,5,MOHLER_5_1,MOHLER_5_1_020,4.5,4.168772107124811,4.552143835036933,4.2368421052631575
fold_05,5,MOHLER_5_1,MOHLER_5_1_021,5.0,4.168772107124811,4.964039027122664,4.790322580645161
fold_05,5,MOHLER_5_1,MOHLER_5_1_022,4.0,4.168772107124811,4.451658732296016,3.909090909090909
fold_05,5,MOHLER_5_1,MOHLER_5_1_023,5.0,4.168772107124811,4.720709495871373,4.461538461538462
fold_05,5,MOHLER_5_1,MOHLER_5_1_024,5.0,4.168772107124811,4.6337501833242,4.461538461538462
fold_05,5,MOHLER_5_1,MOHLER_5_1_025,4.0,4.168772107124811,4.517600464932154,4.2368421052631575
fold_05,5,MOHLER_5_1,MOHLER_5_1_026,4.5,4.168772107124811,4.630063069118476,4.461538461538462
fold_05,5,MOHLER_5_1,MOHLER_5_1_027,5.0,4.168772107124811,4.437116860186789,3.909090909090909
fold_05,5,MOHLER_5_1,MOHLER_5_1_028,4.0,4.168772107124811,4.4339443547340975,3.909090909090909
fold_05,5,MOHLER_5_2,MOHLER_5_2_001,5.0,4.168772107124811,4.957395652151597,4.790322580645161
fold_05,5,MOHLER_5_2,MOHLER_5_2_002,4.5,4.168772107124811,4.720637087079728,4.461538461538462
fold_05,5,MOHLER_5_2,MOHLER_5_2_003,5.0,4.168772107124811,4.389055882119013,3.909090909090909
fold_05,5,MOHLER_5_2,MOHLER_5_2_004,5.0,4.168772107124811,4.424930607038867,3.909090909090909
fold_05,5,MOHLER_5_2,MOHLER_5_2_005,4.5,4.168772107124811,4.575760561985917,4.461538461538462
fold_05,5,MOHLER_5_2,MOHLER_5_2_006,4.5,4.168772107124811,4.565688206405737,4.2368421052631575
fold_05,5,MOHLER_5_2,MOHLER_5_2_007,5.0,4.168772107124811,4.444202126669404,3.909090909090909
fold_05,5,MOHLER_5_2,MOHLER_5_2_008,5.0,4.168772107124811,4.446842369635242,3.909090909090909
fold_05,5,MOHLER_5_2,MOHLER_5_2_009,5.0,4.168772107124811,4.4907957583477796,3.909090909090909
fold_05,5,MOHLER_5_2,MOHLER_5_2_010,3.5,4.168772107124811,4.228177838313836,3.909090909090909
fold_05,5,MOHLER_5_2,MOHLER_5_2_011,4.5,4.168772107124811,4.617942147115407,4.461538461538462
fold_05,5,MOHLER_5_2,MOHLER_5_2_012,5.0,4.168772107124811,4.409448943391533,3.909090909090909
fold_05,5,MOHLER_5_2,MOHLER_5_2_013,5.0,4.168772107124811,4.522976763235291,4.2368421052631575
fold_05,5,MOHLER_5_2,MOHLER_5_2_014,4.5,4.168772107124811,4.3922428366593875,3.909090909090909
fold_05,5,MOHLER_5_2,MOHLER_5_2_015,5.0,4.168772107124811,4.598484916835112,4.461538461538462
fold_05,5,MOHLER_5_2,MOHLER_5_2_016,4.5,4.168772107124811,4.675975115883654,4.461538461538462
fold_05,5,MOHLER_5_2,MOHLER_5_2_017,5.0,4.168772107124811,4.533812968877688,4.2368421052631575
fold_05,5,MOHLER_5_2,MOHLER_5_2_018,4.5,4.168772107124811,4.509718352529787,4.2368421052631575
fold_05,5,MOHLER_5_2,MOHLER_5_2_019,5.0,4.168772107124811,4.5451926350396645,4.2368421052631575
fold_05,5,MOHLER_5_2,MOHLER_5_2_020,4.5,4.168772107124811,4.609588327461154,4.461538461538462
fold_05,5,MOHLER_5_2,MOHLER_5_2_021,5.0,4.168772107124811,4.781737540968112,4.790322580645161
fold_05,5,MOHLER_5_2,MOHLER_5_2_022,4.5,4.168772107124811,4.412503835350423,3.909090909090909
fold_05,5,MOHLER_5_2,MOHLER_5_2_023,4.5,4.168772107124811,4.71109180386855,4.461538461538462
fold_05,5,MOHLER_5_2,MOHLER_5_2_024,5.0,4.168772107124811,4.423491511554673,3.909090909090909
fold_05,5,MOHLER_5_2,MOHLER_5_2_025,3.5,4.168772107124811,4.649559636346444,4.461538461538462
fold_05,5,MOHLER_5_2,MOHLER_5_2_026,4.5,4.168772107124811,4.74950985205824,4.625
fold_05,5,MOHLER_5_2,MOHLER_5_2_027,5.0,4.168772107124811,4.737947279679265,4.549214318456344
fold_05,5,MOHLER_5_2,MOHLER_5_2_028,5.0,4.168772107124811,4.322109360921828,3.909090909090909
fold_05,5,MOHLER_5_3,MOHLER_5_3_001,3.5,4.168772107124811,4.480367309509512,3.909090909090909
fold_05,5,MOHLER_5_3,MOHLER_5_3_002,4.5,4.168772107124811,4.589150846499776,4.461538461538462
fold_05,5,MOHLER_5_3,MOHLER_5_3_003,3.0,4.168772107124811,4.5441718284529005,4.2368421052631575
fold_05,5,MOHLER_5_3,MOHLER_5_3_004,4.0,4.168772107124811,4.504173812093293,4.2368421052631575
fold_05,5,MOHLER_5_3,MOHLER_5_3_005,2.0,4.168772107124811,4.563220100743159,4.2368421052631575
fold_05,5,MOHLER_5_3,MOHLER_5_3_006,5.0,4.168772107124811,4.397571343248262,3.909090909090909
fold_05,5,MOHLER_5_3,MOHLER_5_3_007,3.5,4.168772107124811,4.49364964220663,3.909090909090909
fold_05,5,MOHLER_5_3,MOHLER_5_3_008,4.0,4.168772107124811,4.549419115325737,4.2368421052631575
fold_05,5,MOHLER_5_3,MOHLER_5_3_009,5.0,4.168772107124811,4.4780767506812245,3.909090909090909
fold_05,5,MOHLER_5_3,MOHLER_5_3_010,3.0,4.168772107124811,4.58162345212573,4.461538461538462
fold_05,5,MOHLER_5_3,MOHLER_5_3_011,4.0,4.168772107124811,4.55127459342925,4.2368421052631575
fold_05,5,MOHLER_5_3,MOHLER_5_3_012,3.5,4.168772107124811,4.49364964220663,3.909090909090909
fold_05,5,MOHLER_5_3,MOHLER_5_3_013,4.5,4.168772107124811,4.481766104812842,3.909090909090909
fold_05,5,MOHLER_5_3,MOHLER_5_3_014,4.0,4.168772107124811,4.599467356498207,4.461538461538462
fold_05,5,MOHLER_5_3,MOHLER_5_3_015,5.0,4.168772107124811,4.447571813877208,3.909090909090909
fold_05,5,MOHLER_5_3,MOHLER_5_3_016,2.5,4.168772107124811,4.399160769419791,3.909090909090909
fold_05,5,MOHLER_5_3,MOHLER_5_3_017,3.0,4.168772107124811,4.607269594410046,4.461538461538462
fold_05,5,MOHLER_5_3,MOHLER_5_3_018,4.5,4.168772107124811,4.575823814895074,4.461538461538462
fold_05,5,MOHLER_5_3,MOHLER_5_3_019,3.0,4.168772107124811,4.648912523506726,4.461538461538462
fold_05,5,MOHLER_5_3,MOHLER_5_3_020,3.5,4.168772107124811,4.49364964220663,3.909090909090909
fold_05,5,MOHLER_5_3,MOHLER_5_3_021,5.0,4.168772107124811,4.596362173327581,4.461538461538462
fold_05,5,MOHLER_5_3,MOHLER_5_3_022,5.0,4.168772107124811,4.448411603457917,3.909090909090909
fold_05,5,MOHLER_5_3,MOHLER_5_3_023,3.5,4.168772107124811,4.404859648682383,3.909090909090909
fold_05,5,MOHLER_5_3,MOHLER_5_3_024,4.5,4.168772107124811,4.457409940705797,3.909090909090909
fold_05,5,MOHLER_5_3,MOHLER_5_3_025,5.0,4.168772107124811,4.239175213443747,3.909090909090909
fold_05,5,MOHLER_5_3,MOHLER_5_3_026,2.5,4.168772107124811,4.437548030217373,3.909090909090909
fold_05,5,MOHLER_5_3,MOHLER_5_3_027,4.0,4.168772107124811,4.45449026833213,3.909090909090909
fold_05,5,MOHLER_5_3,MOHLER_5_3_028,2.5,4.168772107124811,4.643810320982516,4.461538461538462
fold_05,5,MOHLER_5_4,MOHLER_5_4_001,5.0,4.168772107124811,4.450479631392207,3.909090909090909
fold_05,5,MOHLER_5_4,MOHLER_5_4_002,5.0,4.168772107124811,4.316564024193959,3.909090909090909
fold_05,5,MOHLER_5_4,MOHLER_5_4_003,5.0,4.168772107124811,4.392548067178746,3.909090909090909
fold_05,5,MOHLER_5_4,MOHLER_5_4_004,2.0,4.168772107124811,4.830287966437776,4.790322580645161
fold_05,5,MOHLER_5_4,MOHLER_5_4_005,5.0,4.168772107124811,4.445001340381147,3.909090909090909
fold_05,5,MOHLER_5_4,MOHLER_5_4_006,5.0,4.168772107124811,4.595346759378172,4.461538461538462
fold_05,5,MOHLER_5_4,MOHLER_5_4_007,2.5,4.168772107124811,4.246468696941395,3.909090909090909
fold_05,5,MOHLER_5_4,MOHLER_5_4_008,5.0,4.168772107124811,4.76153996253771,4.790322580645161
fold_05,5,MOHLER_5_4,MOHLER_5_4_009,4.5,4.168772107124811,4.63285211070867,4.461538461538462
fold_05,5,MOHLER_5_4,MOHLER_5_4_010,4.0,4.168772107124811,4.706653875468622,4.461538461538462
fold_05,5,MOHLER_5_4,MOHLER_5_4_011,5.0,4.168772107124811,4.604915469150218,4.461538461538462
fold_05,5,MOHLER_5_4,MOHLER_5_4_012,5.0,4.168772107124811,4.458163844569758,3.909090909090909
fold_05,5,MOHLER_5_4,MOHLER_5_4_013,2.0,4.168772107124811,4.246468696941395,3.909090909090909
fold_05,5,MOHLER_5_4,MOHLER_5_4_014,2.0,4.168772107124811,5.0,4.790322580645161
fold_05,5,MOHLER_5_4,MOHLER_5_4_015,5.0,4.168772107124811,4.608580360260548,4.461538461538462
fold_05,5,MOHLER_5_4,MOHLER_5_4_016,3.5,4.168772107124811,4.365566207016624,3.909090909090909
fold_05,5,MOHLER_5_4,MOHLER_5_4_017,5.0,4.168772107124811,4.3547290831736865,3.909090909090909
fold_05,5,MOHLER_5_4,MOHLER_5_4_018,5.0,4.168772107124811,4.753513227769487,4.625
fold_05,5,MOHLER_5_4,MOHLER_5_4_019,4.5,4.168772107124811,4.668823578225564,4.461538461538462
fold_05,5,MOHLER_5_4,MOHLER_5_4_020,2.0,4.168772107124811,4.455090506735078,3.909090909090909
fold_05,5,MOHLER_5_4,MOHLER_5_4_021,5.0,4.168772107124811,4.258100683055324,3.909090909090909
fold_05,5,MOHLER_5_4,MOHLER_5_4_022,5.0,4.168772107124811,4.3882046718301995,3.909090909090909
fold_05,5,MOHLER_5_4,MOHLER_5_4_023,5.0,4.168772107124811,4.490718540312304,3.909090909090909
fold_05,5,MOHLER_5_4,MOHLER_5_4_024,5.0,4.168772107124811,4.67600763048794,4.461538461538462
fold_05,5,MOHLER_5_4,MOHLER_5_4_025,4.5,4.168772107124811,4.8075166238667455,4.790322580645161
fold_05,5,MOHLER_5_4,MOHLER_5_4_026,2.5,4.168772107124811,4.577707356106004,4.461538461538462
fold_05,5,MOHLER_5_4,MOHLER_5_4_027,4.5,4.168772107124811,4.471845794965657,3.909090909090909
fold_05,5,MOHLER_5_4,MOHLER_5_4_028,2.0,4.168772107124811,5.0,4.790322580645161
fold_06,6,MOHLER_6_1,MOHLER_6_1_001,5.0,4.167627029858565,4.900796611007834,4.714285714285714
fold_06,6,MOHLER_6_1,MOHLER_6_1_002,5.0,4.167627029858565,4.786522399786876,4.714285714285714
fold_06,6,MOHLER_6_1,MOHLER_6_1_003,5.0,4.167627029858565,4.806460600919406,4.714285714285714
fold_06,6,MOHLER_6_1,MOHLER_6_1_004,5.0,4.167627029858565,4.672114068915845,4.714285714285714
fold_06,6,MOHLER_6_1,MOHLER_6_1_005,4.5,4.167627029858565,4.745884990412212,4.714285714285714
fold_06,6,MOHLER_6_1,MOHLER_6_1_006,4.5,4.167627029858565,4.627965265567075,4.714285714285714
fold_06,6,MOHLER_6_1,MOHLER_6_1_007,4.5,4.167627029858565,4.533968089272192,4.714285714285714
fold_06,6,MOHLER_6_1,MOHLER_6_1_008,5.0,4.167627029858565,4.804999386235438,4.714285714285714
fold_06,6,MOHLER_6_1,MOHLER_6_1_009,5.0,4.167627029858565,4.596374316385531,4.714285714285714
fold_06,6,MOHLER_6_1,MOHLER_6_1_010,5.0,4.167627029858565,4.72031817260878,4.714285714285714
fold_06,6,MOHLER_6_1,MOHLER_6_1_011,4.5,4.167627029858565,4.765899209168939,4.714285714285714
fold_06,6,MOHLER_6_1,MOHLER_6_1_012,5.0,4.167627029858565,4.605336588173622,4.714285714285714
fold_06,6,MOHLER_6_1,MOHLER_6_1_013,4.5,4.167627029858565,4.3476662027615225,4.433333333333334
fold_06,6,MOHLER_6_1,MOHLER_6_1_014,5.0,4.167627029858565,4.781651809220815,4.714285714285714
fold_06,6,MOHLER_6_1,MOHLER_6_1_015,3.5,4.167627029858565,4.429586503680169,4.714285714285714
fold_06,6,MOHLER_6_1,MOHLER_6_1_016,5.0,4.167627029858565,4.6585996836119765,4.714285714285714
fold_06,6,MOHLER_6_1,MOHLER_6_1_017,5.0,4.167627029858565,4.720093953065082,4.714285714285714
fold_06,6,MOHLER_6_1,MOHLER_6_1_018,5.0,4.167627029858565,4.733380013237644,4.714285714285714
fold_06,6,MOHLER_6_1,MOHLER_6_1_019,4.0,4.167627029858565,4.813455142285482,4.714285714285714
fold_06,6,MOHLER_6_1,MOHLER_6_1_020,5.0,4.167627029858565,4.793710285640997,4.714285714285714
fold_06,6,MOHLER_6_1,MOHLER_6_1_021,5.0,4.167627029858565,4.9802456135067725,4.714285714285714
fold_06,6,MOHLER_6_1,MOHLER_6_1_022,5.0,4.167627029858565,4.816101024428354,4.714285714285714
fold_06,6,MOHLER_6_1,MOHLER_6_1_023,5.0,4.167627029858565,4.712048934516306,4.714285714285714
fold_06,6,MOHLER_6_1,MOHLER_6_1_024,4.5,4.167627029858565,4.605058165235918,4.714285714285714
fold_06,6,MOHLER_6_1,MOHLER_6_1_025,4.5,4.167627029858565,4.586389273243199,4.714285714285714
fold_06,6,MOHLER_6_1,MOHLER_6_1_026,4.5,4.167627029858565,4.549872351317791,4.714285714285714
fold_06,6,MOHLER_6_2,MOHLER_6_2_001,5.0,4.167627029858565,4.735345871247215,4.714285714285714
fold_06,6,MOHLER_6_2,MOHLER_6_2_002,5.0,4.167627029858565,4.750371962834485,4.714285714285714
fold_06,6,MOHLER_6_2,MOHLER_6_2_003,5.0,4.167627029858565,4.806138435197811,4.714285714285714
fold_06,6,MOHLER_6_2,MOHLER_6_2_004,5.0,4.167627029858565,4.750371962834485,4.714285714285714
fold_06,6,MOHLER_6_2,MOHLER_6_2_005,5.0,4.167627029858565,4.714189289713449,4.714285714285714
fold_06,6,MOHLER_6_2,MOHLER_6_2_006,4.0,4.167627029858565,4.783571234755305,4.714285714285714
fold_06,6,MOHLER_6_2,MOHLER_6_2_007,4.5,4.167627029858565,4.823132917043965,4.714285714285714
fold_06,6,MOHLER_6_2,MOHLER_6_2_008,5.0,4.167627029858565,4.585428202821838,4.714285714285714
fold_06,6,MOHLER_6_2,MOHLER_6_2_009,3.0,4.167627029858565,4.896033632305258,4.714285714285714
fold_06,6,MOHLER_6_2,MOHLER_6_2_010,5.0,4.167627029858565,4.714189289713449,4.714285714285714
fold_06,6,MOHLER_6_2,MOHLER_6_2_011,5.0,4.167627029858565,4.686865584833573,4.714285714285714
fold_06,6,MOHLER_6_2,MOHLER_6_2_012,4.5,4.167627029858565,4.917008096062579,4.714285714285714
fold_06,6,MOHLER_6_2,MOHLER_6_2_013,5.0,4.167627029858565,4.750371962834485,4.714285714285714
fold_06,6,MOHLER_6_2,MOHLER_6_2_014,5.0,4.167627029858565,4.57033348111595,4.714285714285714
fold_06,6,MOHLER_6_2,MOHLER_6_2_015,4.5,4.167627029858565,4.748018101831705,4.714285714285714
fold_06,6,MOHLER_6_2,MOHLER_6_2_016,4.5,4.167627029858565,4.728163202426156,4.714285714285714
fold_06,6,MOHLER_6_2,MOHLER_6_2_017,4.5,4.167627029858565,4.375854492437562,4.433333333333334
fold_06,6,MOHLER_6_2,MOHLER_6_2_018,5.0,4.167627029858565,4.714189289713449,4.714285714285714
fold_06,6,MOHLER_6_2,MOHLER_6_2_019,5.0,4.167627029858565,4.845150475714425,4.714285714285714
fold_06,6,MOHLER_6_2,MOHLER_6_2_020,4.5,4.167627029858565,4.735646883615005,4.714285714285714
fold_06,6,MOHLER_6_2,MOHLER_6_2_021,4.5,4.167627029858565,4.479776818091357,4.714285714285714
fold_06,6,MOHLER_6_2,MOHLER_6_2_022,5.0,4.167627029858565,4.658873606488337,4.714285714285714
fold_06,6,MOHLER_6_2,MOHLER_6_2_023,4.0,4.167627029858565,4.5955206774666735,4.714285714285714
fold_06,6,MOHLER_6_2,MOHLER_6_2_024,5.0,4.167627029858565,4.783699209170006,4.714285714285714
fold_06,6,MOHLER_6_2,MOHLER_6_2_025,4.5,4.167627029858565,4.422401255550501,4.714285714285714
fold_06,6,MOHLER_6_2,MOHLER_6_2_026,3.5,4.167627029858565,4.6208143255176966,4.714285714285714
fold_06,6,MOHLER_6_3,MOHLER_6_3_001,5.0,4.167627029858565,4.724715262834973,4.714285714285714
fold_06,6,MOHLER_6_3,MOHLER_6_3_002,5.0,4.167627029858565,4.697042378701487,4.714285714285714
fold_06,6,MOHLER_6_3,MOHLER_6_3_003,5.0,4.167627029858565,4.67483715181399,4.714285714285714
fold_06,6,MOHLER_6_3,MOHLER_6_3_004,5.0,4.167627029858565,4.650408199562648,4.714285714285714
fold_06,6,MOHLER_6_3,MOHLER_6_3_005,5.0,4.167627029858565,4.722268967944905,4.714285714285714
fold_06,6,MOHLER_6_3,MOHLER_6_3_006,4.0,4.167627029858565,4.561465148856187,4.714285714285714
fold_06,6,MOHLER_6_3,MOHLER_6_3_007,4.0,4.167627029858565,4.34453622396274,4.433333333333334
fold_06,6,MOHLER_6_3,MOHLER_6_3_008,5.0,4.167627029858565,4.106589048444975,4.112149532710281
fold_06,6,MOHLER_6_3,MOHLER_6_3_009,4.5,4.167627029858565,4.410222583140243,4.714285714285714
fold_06,6,MOHLER_6_3,MOHLER_6_3_010,5.0,4.167627029858565,4.6248898803235035,4.714285714285714
fold_06,6,MOHLER_6_3,MOHLER_6_3_011,4.0,4.167627029858565,4.578681654144575,4.714285714285714
fold_06,6,MOHLER_6_3,MOHLER_6_3_012,4.5,4.167627029858565,4.370083714979156,4.433333333333334
fold_06,6,MOHLER_6_3,MOHLER_6_3_013,4.0,4.167627029858565,4.48518827994357,4.714285714285714
fold_06,6,MOHLER_6_3,MOHLER_6_3_014,3.5,4.167627029858565,4.471724327544931,4.714285714285714
fold_06,6,MOHLER_6_3,MOHLER_6_3_015,4.5,4.167627029858565,4.438693378767659,4.714285714285714
fold_06,6,MOHLER_6_3,MOHLER_6_3_016,4.0,4.167627029858565,4.375735091214459,4.433333333333334
fold_06,6,MOHLER_6_3,MOHLER_6_3_017,4.0,4.167627029858565,4.279693520365035,4.433333333333334
fold_06,6,MOHLER_6_3,MOHLER_6_3_018,5.0,4.167627029858565,4.67483715181399,4.714285714285714
fold_06,6,MOHLER_6_3,MOHLER_6_3_019,5.0,4.167627029858565,4.704522768850695,4.714285714285714
fold_06,6,MOHLER_6_3,MOHLER_6_3_020,5.0,4.167627029858565,4.67483715181399,4.714285714285714
fold_06,6,MOHLER_6_3,MOHLER_6_3_021,4.5,4.167627029858565,4.513030693536566,4.714285714285714
fold_06,6,MOHLER_6_3,MOHLER_6_3_022,4.0,4.167627029858565,4.286940489089189,4.433333333333334
fold_06,6,MOHLER_6_3,MOHLER_6_3_023,2.0,4.167627029858565,4.33848314424825,4.433333333333334
fold_06,6,MOHLER_6_3,MOHLER_6_3_024,5.0,4.167627029858565,4.755058462539736,4.714285714285714
fold_06,6,MOHLER_6_3,MOHLER_6_3_025,3.5,4.167627029858565,4.505782301076981,4.714285714285714
fold_06,6,MOHLER_6_3,MOHLER_6_3_026,2.0,4.167627029858565,4.677696136214978,4.714285714285714
fold_06,6,MOHLER_6_4,MOHLER_6_4_001,3.0,4.167627029858565,4.283727110937698,4.433333333333334
fold_06,6,MOHLER_6_4,MOHLER_6_4_002,4.5,4.167627029858565,3.8781102333719213,4.112149532710281
fold_06,6,MOHLER_6_4,MOHLER_6_4_003,4.0,4.167627029858565,4.19430356117029,4.112149532710281
fold_06,6,MOHLER_6_4,MOHLER_6_4_004,3.0,4.167627029858565,4.590631660978959,4.714285714285714
fold_06,6,MOHLER_6_4,MOHLER_6_4_005,4.0,4.167627029858565,4.300456787705893,4.433333333333334
fold_06,6,MOHLER_6_4,MOHLER_6_4_006,5.0,4.167627029858565,4.501754313250363,4.714285714285714
fold_06,6,MOHLER_6_4,MOHLER_6_4_007,4.0,4.167627029858565,4.295436293358272,4.433333333333334
fold_06,6,MOHLER_6_4,MOHLER_6_4_008,3.5,4.167627029858565,4.484777071216923,4.714285714285714
fold_06,6,MOHLER_6_4,MOHLER_6_4_009,4.5,4.167627029858565,3.9393983228921363,4.112149532710281
fold_06,6,MOHLER_6_4,MOHLER_6_4_010,4.0,4.167627029858565,4.391586753022221,4.682863197573383
fold_06,6,MOHLER_6_4,MOHLER_6_4_011,2.5,4.167627029858565,4.306253349595166,4.433333333333334
fold_06,6,MOHLER_6_4,MOHLER_6_4_012,5.0,4.167627029858565,4.3216768658822895,4.433333333333334
fold_06,6,MOHLER_6_4,MOHLER_6_4_013,3.5,4.167627029858565,4.720263089619568,4.714285714285714
fold_06,6,MOHLER_6_4,MOHLER_6_4_014,4.0,4.167627029858565,4.068590284784355,4.112149532710281
fold_06,6,MOHLER_6_4,MOHLER_6_4_015,2.0,4.167627029858565,4.461890848508987,4.714285714285714
fold_06,6,MOHLER_6_4,MOHLER_6_4_016,4.0,4.167627029858565,4.511104853393477,4.714285714285714
fold_06,6,MOHLER_6_4,MOHLER_6_4_017,4.0,4.167627029858565,4.243729690759366,4.214285714285714
fold_06,6,MOHLER_6_4,MOHLER_6_4_018,4.5,4.167627029858565,4.099315277879515,4.112149532710281
fold_06,6,MOHLER_6_4,MOHLER_6_4_019,4.0,4.167627029858565,4.19430356117029,4.112149532710281
fold_06,6,MOHLER_6_4,MOHLER_6_4_020,3.0,4.167627029858565,4.350117165860808,4.433333333333334
fold_06,6,MOHLER_6_4,MOHLER_6_4_021,5.0,4.167627029858565,4.086908467007638,4.112149532710281
fold_06,6,MOHLER_6_4,MOHLER_6_4_022,3.5,4.167627029858565,4.234434869780632,4.214285714285714
fold_06,6,MOHLER_6_4,MOHLER_6_4_023,4.0,4.167627029858565,4.306253349595166,4.433333333333334
fold_06,6,MOHLER_6_4,MOHLER_6_4_024,4.0,4.167627029858565,4.306253349595166,4.433333333333334
fold_06,6,MOHLER_6_4,MOHLER_6_4_025,4.0,4.167627029858565,4.302423847512529,4.433333333333334
fold_06,6,MOHLER_6_4,MOHLER_6_4_026,1.0,4.167627029858565,4.12735530247019,4.112149532710281
fold_06,6,MOHLER_6_5,MOHLER_6_5_001,4.5,4.167627029858565,3.9957011598827883,4.112149532710281
fold_06,6,MOHLER_6_5,MOHLER_6_5_002,4.0,4.167627029858565,4.312923856585069,4.433333333333334
fold_06,6,MOHLER_6_5,MOHLER_6_5_003,5.0,4.167627029858565,4.285215538849635,4.433333333333334
fold_06,6,MOHLER_6_5,MOHLER_6_5_004,4.5,4.167627029858565,4.353637463218549,4.433333333333334
fold_06,6,MOHLER_6_5,MOHLER_6_5_005,4.5,4.167627029858565,3.9865145600955736,4.112149532710281
fold_06,6,MOHLER_6_5,MOHLER_6_5_006,4.0,4.167627029858565,4.314766588857118,4.433333333333334
fold_06,6,MOHLER_6_5,MOHLER_6_5_007,4.5,4.167627029858565,4.286789778084273,4.433333333333334
fold_06,6,MOHLER_6_5,MOHLER_6_5_008,5.0,4.167627029858565,4.301180505270292,4.433333333333334
fold_06,6,MOHLER_6_5,MOHLER_6_5_009,3.5,4.167627029858565,4.651470735688978,4.714285714285714
fold_06,6,MOHLER_6_5,MOHLER_6_5_010,5.0,4.167627029858565,4.301180505270292,4.433333333333334
fold_06,6,MOHLER_6_5,MOHLER_6_5_011,2.5,4.167627029858565,4.233877902679631,4.214285714285714
fold_06,6,MOHLER_6_5,MOHLER_6_5_012,3.0,4.167627029858565,4.236189077489482,4.214285714285714
fold_06,6,MOHLER_6_5,MOHLER_6_5_013,4.5,4.167627029858565,4.148782954226723,4.112149532710281
fold_06,6,MOHLER_6_5,MOHLER_6_5_014,5.0,4.167627029858565,4.4235687546464355,4.714285714285714
fold_06,6,MOHLER_6_5,MOHLER_6_5_015,5.0,4.167627029858565,4.416483780885291,4.714285714285714
fold_06,6,MOHLER_6_5,MOHLER_6_5_016,4.5,4.167627029858565,4.535522773272118,4.714285714285714
fold_06,6,MOHLER_6_5,MOHLER_6_5_017,3.0,4.167627029858565,4.361009357648028,4.433333333333334
fold_06,6,MOHLER_6_5,MOHLER_6_5_018,4.0,4.167627029858565,4.192858004536628,4.112149532710281
fold_06,6,MOHLER_6_5,MOHLER_6_5_019,5.0,4.167627029858565,4.324904923379824,4.433333333333334
fold_06,6,MOHLER_6_5,MOHLER_6_5_020,4.5,4.167627029858565,4.309276268316315,4.433333333333334
fold_06,6,MOHLER_6_5,MOHLER_6_5_021,4.0,4.167627029858565,4.512646546518162,4.714285714285714
fold_06,6,MOHLER_6_5,MOHLER_6_5_022,5.0,4.167627029858565,4.1600431461053216,4.112149532710281
fold_06,6,MOHLER_6_5,MOHLER_6_5_023,4.5,4.167627029858565,4.237666207708546,4.214285714285714
fold_06,6,MOHLER_6_5,MOHLER_6_5_024,4.5,4.167627029858565,4.419288036270987,4.714285714285714
fold_06,6,MOHLER_6_5,MOHLER_6_5_025,4.5,4.167627029858565,4.090162690812872,4.112149532710281
fold_06,6,MOHLER_6_5,MOHLER_6_5_026,4.0,4.167627029858565,4.157143816661503,4.112149532710281
fold_06,6,MOHLER_6_6,MOHLER_6_6_001,2.5,4.167627029858565,3.8750753574786883,4.112149532710281
fold_06,6,MOHLER_6_6,MOHLER_6_6_002,5.0,4.167627029858565,3.861081273266845,4.112149532710281
fold_06,6,MOHLER_6_6,MOHLER_6_6_003,5.0,4.167627029858565,3.861081273266845,4.112149532710281
fold_06,6,MOHLER_6_6,MOHLER_6_6_004,5.0,4.167627029858565,3.961542895471771,4.112149532710281
fold_06,6,MOHLER_6_6,MOHLER_6_6_005,2.5,4.167627029858565,4.07775536679792,4.112149532710281
fold_06,6,MOHLER_6_6,MOHLER_6_6_006,2.5,4.167627029858565,3.712494364884838,4.071428571428571
fold_06,6,MOHLER_6_6,MOHLER_6_6_007,2.5,4.167627029858565,3.9967947518577533,4.112149532710281
fold_06,6,MOHLER_6_6,MOHLER_6_6_008,5.0,4.167627029858565,3.861081273266845,4.112149532710281
fold_06,6,MOHLER_6_6,MOHLER_6_6_009,2.0,4.167627029858565,3.9353980591044366,4.112149532710281
fold_06,6,MOHLER_6_6,MOHLER_6_6_010,5.0,4.167627029858565,3.9128129320308065,4.112149532710281
fold_06,6,MOHLER_6_6,MOHLER_6_6_011,2.5,4.167627029858565,4.091647386820251,4.112149532710281
fold_06,6,MOHLER_6_6,MOHLER_6_6_012,2.5,4.167627029858565,3.8327445292406357,4.112149532710281
fold_06,6,MOHLER_6_6,MOHLER_6_6_013,5.0,4.167627029858565,3.752415243664419,4.112149532710281
fold_06,6,MOHLER_6_6,MOHLER_6_6_014,5.0,4.167627029858565,3.902498015341951,4.112149532710281
fold_06,6,MOHLER_6_6,MOHLER_6_6_015,5.0,4.167627029858565,3.855600651567825,4.112149532710281
fold_06,6,MOHLER_6_6,MOHLER_6_6_016,2.5,4.167627029858565,4.122050954393687,4.112149532710281
fold_06,6,MOHLER_6_6,MOHLER_6_6_017,2.0,4.167627029858565,3.7201209734626413,4.071428571428571
fold_06,6,MOHLER_6_6,MOHLER_6_6_018,5.0,4.167627029858565,3.8432627418587866,4.112149532710281
fold_06,6,MOHLER_6_6,MOHLER_6_6_019,5.0,4.167627029858565,3.861081273266845,4.112149532710281
fold_06,6,MOHLER_6_6,MOHLER_6_6_020,5.0,4.167627029858565,3.861081273266845,4.112149532710281
fold_06,6,MOHLER_6_6,MOHLER_6_6_021,2.5,4.167627029858565,4.139069992580025,4.112149532710281
fold_06,6,MOHLER_6_6,MOHLER_6_6_022,5.0,4.167627029858565,3.930150640001604,4.112149532710281
fold_06,6,MOHLER_6_6,MOHLER_6_6_023,5.0,4.167627029858565,3.861081273266845,4.112149532710281
fold_06,6,MOHLER_6_6,MOHLER_6_6_024,2.5,4.167627029858565,4.143884604069007,4.112149532710281
fold_06,6,MOHLER_6_6,MOHLER_6_6_025,4.0,4.167627029858565,3.700811649495373,4.071428571428571
fold_06,6,MOHLER_6_6,MOHLER_6_6_026,2.5,4.167627029858565,4.2956419054279324,4.433333333333334
fold_06,6,MOHLER_6_7,MOHLER_6_7_001,5.0,4.167627029858565,4.992391398793872,4.714285714285714
fold_06,6,MOHLER_6_7,MOHLER_6_7_002,5.0,4.167627029858565,5.0,4.714285714285714
fold_06,6,MOHLER_6_7,MOHLER_6_7_003,5.0,4.167627029858565,4.994645226687704,4.714285714285714
fold_06,6,MOHLER_6_7,MOHLER_6_7_004,5.0,4.167627029858565,4.522489610455714,4.714285714285714
fold_06,6,MOHLER_6_7,MOHLER_6_7_005,5.0,4.167627029858565,5.0,4.714285714285714
fold_06,6,MOHLER_6_7,MOHLER_6_7_006,3.5,4.167627029858565,4.947110375874402,4.714285714285714
fold_06,6,MOHLER_6_7,MOHLER_6_7_007,3.5,4.167627029858565,4.723340428402416,4.714285714285714
fold_06,6,MOHLER_6_7,MOHLER_6_7_008,5.0,4.167627029858565,4.985955681919681,4.714285714285714
fold_06,6,MOHLER_6_7,MOHLER_6_7_009,5.0,4.167627029858565,4.994645226687704,4.714285714285714
fold_06,6,MOHLER_6_7,MOHLER_6_7_010,5.0,4.167627029858565,4.832356856454211,4.714285714285714
fold_06,6,MOHLER_6_7,MOHLER_6_7_011,5.0,4.167627029858565,5.0,4.714285714285714
fold_06,6,MOHLER_6_7,MOHLER_6_7_012,5.0,4.167627029858565,4.9706637032136465,4.714285714285714
fold_06,6,MOHLER_6_7,MOHLER_6_7_013,5.0,4.167627029858565,4.745032307960504,4.714285714285714
fold_06,6,MOHLER_6_7,MOHLER_6_7_014,5.0,4.167627029858565,4.299388173980506,4.433333333333334
fold_06,6,MOHLER_6_7,MOHLER_6_7_015,5.0,4.167627029858565,4.762182413393843,4.714285714285714
fold_06,6,MOHLER_6_7,MOHLER_6_7_016,5.0,4.167627029858565,5.0,4.714285714285714
fold_06,6,MOHLER_6_7,MOHLER_6_7_017,4.0,4.167627029858565,4.84733858410851,4.714285714285714
fold_06,6,MOHLER_6_7,MOHLER_6_7_018,5.0,4.167627029858565,4.773919008149049,4.714285714285714
fold_06,6,MOHLER_6_7,MOHLER_6_7_019,5.0,4.167627029858565,5.0,4.714285714285714
fold_06,6,MOHLER_6_7,MOHLER_6_7_020,4.5,4.167627029858565,5.0,4.714285714285714
fold_06,6,MOHLER_6_7,MOHLER_6_7_021,5.0,4.167627029858565,5.0,4.714285714285714
fold_06,6,MOHLER_6_7,MOHLER_6_7_022,5.0,4.167627029858565,5.0,4.714285714285714
fold_06,6,MOHLER_6_7,MOHLER_6_7_023,5.0,4.167627029858565,5.0,4.714285714285714
fold_06,6,MOHLER_6_7,MOHLER_6_7_024,5.0,4.167627029858565,5.0,4.714285714285714
fold_06,6,MOHLER_6_7,MOHLER_6_7_025,5.0,4.167627029858565,5.0,4.714285714285714
fold_06,6,MOHLER_6_7,MOHLER_6_7_026,4.0,4.167627029858565,4.63227457247061,4.714285714285714
fold_07,7,MOHLER_7_1,MOHLER_7_1_001,4.5,4.1814411612234315,4.439285957465698,3.9183673469387754
fold_07,7,MOHLER_7_1,MOHLER_7_1_002,4.5,4.1814411612234315,4.4249553581515775,3.9183673469387754
fold_07,7,MOHLER_7_1,MOHLER_7_1_003,4.5,4.1814411612234315,3.7670249053694227,3.9183673469387754
fold_07,7,MOHLER_7_1,MOHLER_7_1_004,4.5,4.1814411612234315,4.352550216713051,3.9183673469387754
fold_07,7,MOHLER_7_1,MOHLER_7_1_005,4.5,4.1814411612234315,4.157312982594986,3.9183673469387754
fold_07,7,MOHLER_7_1,MOHLER_7_1_006,4.5,4.1814411612234315,4.099712218194381,3.9183673469387754
fold_07,7,MOHLER_7_1,MOHLER_7_1_007,4.5,4.1814411612234315,4.441477429805227,3.9183673469387754
fold_07,7,MOHLER_7_1,MOHLER_7_1_008,4.5,4.1814411612234315,4.302217855690707,3.9183673469387754
fold_07,7,MOHLER_7_1,MOHLER_7_1_009,4.5,4.1814411612234315,4.226339933849449,3.9183673469387754
fold_07,7,MOHLER_7_1,MOHLER_7_1_010,4.5,4.1814411612234315,4.515393473904604,3.9183673469387754
fold_07,7,MOHLER_7_1,MOHLER_7_1_011,3.5,4.1814411612234315,4.053394105574196,3.9183673469387754
fold_07,7,MOHLER_7_1,MOHLER_7_1_012,5.0,4.1814411612234315,4.395322587452694,3.9183673469387754
fold_07,7,MOHLER_7_1,MOHLER_7_1_013,4.5,4.1814411612234315,4.114654527567135,3.9183673469387754
fold_07,7,MOHLER_7_1,MOHLER_7_1_014,4.5,4.1814411612234315,3.7694215800180797,3.9183673469387754
fold_07,7,MOHLER_7_1,MOHLER_7_1_015,4.5,4.1814411612234315,4.168031993015381,3.9183673469387754
fold_07,7,MOHLER_7_1,MOHLER_7_1_016,4.5,4.1814411612234315,4.357023873129857,3.9183673469387754
fold_07,7,MOHLER_7_1,MOHLER_7_1_017,4.5,4.1814411612234315,4.366787360658844,3.9183673469387754
fold_07,7,MOHLER_7_1,MOHLER_7_1_018,2.5,4.1814411612234315,4.412085746011535,3.9183673469387754
fold_07,7,MOHLER_7_1,MOHLER_7_1_019,4.5,4.1814411612234315,4.22623009317843,3.9183673469387754
fold_07,7,MOHLER_7_1,MOHLER_7_1_020,4.5,4.1814411612234315,3.8494522711119132,3.9183673469387754
fold_07,7,MOHLER_7_1,MOHLER_7_1_021,4.0,4.1814411612234315,4.1378804198531585,3.9183673469387754
fold_07,7,MOHLER_7_1,MOHLER_7_1_022,4.5,4.1814411612234315,4.41018216356875,3.9183673469387754
fold_07,7,MOHLER_7_1,MOHLER_7_1_023,4.0,4.1814411612234315,4.056857390685897,3.9183673469387754
fold_07,7,MOHLER_7_1,MOHLER_7_1_024,4.5,4.1814411612234315,3.934696989533302,3.9183673469387754
fold_07,7,MOHLER_7_1,MOHLER_7_1_025,4.5,4.1814411612234315,4.212808887867384,3.9183673469387754
fold_07,7,MOHLER_7_1,MOHLER_7_1_026,4.5,4.1814411612234315,4.353512027490309,3.9183673469387754
fold_07,7,MOHLER_7_2,MOHLER_7_2_001,5.0,4.1814411612234315,4.539407520776299,3.9183673469387754
fold_07,7,MOHLER_7_2,MOHLER_7_2_002,5.0,4.1814411612234315,4.476404171592167,3.9183673469387754
fold_07,7,MOHLER_7_2,MOHLER_7_2_003,5.0,4.1814411612234315,4.38023588285151,3.9183673469387754
fold_07,7,MOHLER_7_2,MOHLER_7_2_004,4.5,4.1814411612234315,4.366114855837032,3.9183673469387754
fold_07,7,MOHLER_7_2,MOHLER_7_2_005,5.0,4.1814411612234315,4.6823144040665134,3.9183673469387754
fold_07,7,MOHLER_7_2,MOHLER_7_2_006,4.0,4.1814411612234315,4.607971435353309,3.9183673469387754
fold_07,7,MOHLER_7_2,MOHLER_7_2_007,5.0,4.1814411612234315,4.612552897780536,3.9183673469387754
fold_07,7,MOHLER_7_2,MOHLER_7_2_008,5.0,4.1814411612234315,4.338210092913936,3.9183673469387754
fold_07,7,MOHLER_7_2,MOHLER_7_2_009,5.0,4.1814411612234315,4.197600932475875,3.9183673469387754
fold_07,7,MOHLER_7_2,MOHLER_7_2_010,5.0,4.1814411612234315,4.153332719490808,3.9183673469387754
fold_07,7,MOHLER_7_2,MOHLER_7_2_011,3.0,4.1814411612234315,4.3730780485904255,3.9183673469387754
fold_07,7,MOHLER_7_2,MOHLER_7_2_012,3.5,4.1814411612234315,4.466247089730428,3.9183673469387754
fold_07,7,MOHLER_7_2,MOHLER_7_2_013,5.0,4.1814411612234315,4.386453475286128,3.9183673469387754
fold_07,7,MOHLER_7_2,MOHLER_7_2_014,5.0,4.1814411612234315,4.572571521474239,3.9183673469387754
fold_07,7,MOHLER_7_2,MOHLER_7_2_015,5.0,4.1814411612234315,4.163805877362094,3.9183673469387754
fold_07,7,MOHLER_7_2,MOHLER_7_2_016,5.0,4.1814411612234315,4.41438692961611,3.9183673469387754
fold_07,7,MOHLER_7_2,MOHLER_7_2_017,5.0,4.1814411612234315,4.134419446084988,3.9183673469387754
fold_07,7,MOHLER_7_2,MOHLER_7_2_018,5.0,4.1814411612234315,4.646787945407961,3.9183673469387754
fold_07,7,MOHLER_7_2,MOHLER_7_2_019,4.5,4.1814411612234315,4.362004406961881,3.9183673469387754
fold_07,7,MOHLER_7_2,MOHLER_7_2_020,5.0,4.1814411612234315,4.225159053867721,3.9183673469387754
fold_07,7,MOHLER_7_2,MOHLER_7_2_021,5.0,4.1814411612234315,4.278458712628736,3.9183673469387754
fold_07,7,MOHLER_7_2,MOHLER_7_2_022,5.0,4.1814411612234315,4.458655424658147,3.9183673469387754
fold_07,7,MOHLER_7_2,MOHLER_7_2_023,5.0,4.1814411612234315,4.3176240527937395,3.9183673469387754
fold_07,7,MOHLER_7_2,MOHLER_7_2_024,5.0,4.1814411612234315,4.44939746480352,3.9183673469387754
fold_07,7,MOHLER_7_2,MOHLER_7_2_025,5.0,4.1814411612234315,4.509651927441619,3.9183673469387754
fold_07,7,MOHLER_7_2,MOHLER_7_2_026,5.0,4.1814411612234315,4.305032562477317,3.9183673469387754
fold_07,7,MOHLER_7_3,MOHLER_7_3_001,5.0,4.1814411612234315,4.213850357912473,3.9183673469387754
fold_07,7,MOHLER_7_3,MOHLER_7_3_002,4.5,4.1814411612234315,4.2827896681078546,3.9183673469387754
fold_07,7,MOHLER_7_3,MOHLER_7_3_003,5.0,4.1814411612234315,4.272549945801217,3.9183673469387754
fold_07,7,MOHLER_7_3,MOHLER_7_3_004,5.0,4.1814411612234315,4.476301401331791,3.9183673469387754
fold_07,7,MOHLER_7_3,MOHLER_7_3_005,5.0,4.1814411612234315,4.250501359268936,3.9183673469387754
fold_07,7,MOHLER_7_3,MOHLER_7_3_006,5.0,4.1814411612234315,4.218642798570495,3.9183673469387754
fold_07,7,MOHLER_7_3,MOHLER_7_3_007,2.0,4.1814411612234315,4.207832112536791,3.9183673469387754
fold_07,7,MOHLER_7_3,MOHLER_7_3_008,3.5,4.1814411612234315,4.3045861505263865,3.9183673469387754
fold_07,7,MOHLER_7_3,MOHLER_7_3_009,2.5,4.1814411612234315,4.463066414732787,3.9183673469387754
fold_07,7,MOHLER_7_3,MOHLER_7_3_010,4.5,4.1814411612234315,4.434367195150991,3.9183673469387754
fold_07,7,MOHLER_7_3,MOHLER_7_3_011,3.0,4.1814411612234315,4.389006214100225,3.9183673469387754
fold_07,7,MOHLER_7_3,MOHLER_7_3_012,4.0,4.1814411612234315,4.148146345738411,3.9183673469387754
fold_07,7,MOHLER_7_3,MOHLER_7_3_013,2.0,4.1814411612234315,4.212197178638516,3.9183673469387754
fold_07,7,MOHLER_7_3,MOHLER_7_3_014,5.0,4.1814411612234315,4.069845228493804,3.9183673469387754
fold_07,7,MOHLER_7_3,MOHLER_7_3_015,4.5,4.1814411612234315,4.39242497397671,3.9183673469387754
fold_07,7,MOHLER_7_3,MOHLER_7_3_016,5.0,4.1814411612234315,4.103060385536805,3.9183673469387754
fold_07,7,MOHLER_7_3,MOHLER_7_3_017,3.5,4.1814411612234315,4.2311531962147635,3.9183673469387754
fold_07,7,MOHLER_7_3,MOHLER_7_3_018,5.0,4.1814411612234315,4.228478188811496,3.9183673469387754
fold_07,7,MOHLER_7_3,MOHLER_7_3_019,4.5,4.1814411612234315,4.315138409925763,3.9183673469387754
fold_07,7,MOHLER_7_3,MOHLER_7_3_020,5.0,4.1814411612234315,4.12202566946579,3.9183673469387754
fold_07,7,MOHLER_7_3,MOHLER_7_3_021,3.5,4.1814411612234315,4.45006775560489,3.9183673469387754
fold_07,7,MOHLER_7_3,MOHLER_7_3_022,3.5,4.1814411612234315,4.404356524272181,3.9183673469387754
fold_07,7,MOHLER_7_3,MOHLER_7_3_023,3.0,4.1814411612234315,3.9917650560374445,3.9183673469387754
fold_07,7,MOHLER_7_3,MOHLER_7_3_024,5.0,4.1814411612234315,4.604801955854186,3.9183673469387754
fold_07,7,MOHLER_7_3,MOHLER_7_3_025,5.0,4.1814411612234315,4.25349428207431,3.9183673469387754
fold_07,7,MOHLER_7_3,MOHLER_7_3_026,5.0,4.1814411612234315,4.341397270418508,3.9183673469387754
fold_07,7,MOHLER_7_4,MOHLER_7_4_001,4.5,4.1814411612234315,4.127561063950469,3.9183673469387754
fold_07,7,MOHLER_7_4,MOHLER_7_4_002,5.0,4.1814411612234315,4.414384213397621,3.9183673469387754
fold_07,7,MOHLER_7_4,MOHLER_7_4_003,5.0,4.1814411612234315,3.66173083515682,3.9183673469387754
fold_07,7,MOHLER_7_4,MOHLER_7_4_004,2.5,4.1814411612234315,4.1545910690613965,3.9183673469387754
fold_07,7,MOHLER_7_4,MOHLER_7_4_005,5.0,4.1814411612234315,3.8162747845829585,3.9183673469387754
fold_07,7,MOHLER_7_4,MOHLER_7_4_006,2.5,4.1814411612234315,3.8705859198104786,3.9183673469387754
fold_07,7,MOHLER_7_4,MOHLER_7_4_007,4.0,4.1814411612234315,4.1290409355975335,3.9183673469387754
fold_07,7,MOHLER_7_4,MOHLER_7_4_008,4.5,4.1814411612234315,4.224985628703222,3.9183673469387754
fold_07,7,MOHLER_7_4,MOHLER_7_4_009,4.0,4.1814411612234315,3.9120666590343767,3.9183673469387754
fold_07,7,MOHLER_7_4,MOHLER_7_4_010,5.0,4.1814411612234315,3.6862845658304684,3.9183673469387754
fold_07,7,MOHLER_7_4,MOHLER_7_4_011,0.0,4.1814411612234315,2.4364897749461467,3.9183673469387754
fold_07,7,MOHLER_7_4,MOHLER_7_4_012,2.5,4.1814411612234315,4.000521344184728,3.9183673469387754
fold_07,7,MOHLER_7_4,MOHLER_7_4_013,3.5,4.1814411612234315,4.493208715455792,3.9183673469387754
fold_07,7,MOHLER_7_4,MOHLER_7_4_014,4.0,4.1814411612234315,4.461303068181356,3.9183673469387754
fold_07,7,MOHLER_7_4,MOHLER_7_4_015,3.0,4.1814411612234315,4.176186239024389,3.9183673469387754
fold_07,7,MOHLER_7_4,MOHLER_7_4_016,4.0,4.1814411612234315,3.978825042206431,3.9183673469387754
fold_07,7,MOHLER_7_4,MOHLER_7_4_017,5.0,4.1814411612234315,3.677442999568927,3.9183673469387754
fold_07,7,MOHLER_7_4,MOHLER_7_4_018,5.0,4.1814411612234315,4.000070837085967,3.9183673469387754
fold_07,7,MOHLER_7_4,MOHLER_7_4_019,4.0,4.1814411612234315,4.019391180335089,3.9183673469387754
fold_07,7,MOHLER_7_4,MOHLER_7_4_020,5.0,4.1814411612234315,4.42278676210017,3.9183673469387754
fold_07,7,MOHLER_7_4,MOHLER_7_4_021,5.0,4.1814411612234315,3.5044375232144733,3.9183673469387754
fold_07,7,MOHLER_7_4,MOHLER_7_4_022,5.0,4.1814411612234315,4.311595474970804,3.9183673469387754
fold_07,7,MOHLER_7_4,MOHLER_7_4_023,4.0,4.1814411612234315,4.713582465679805,3.9183673469387754
fold_07,7,MOHLER_7_4,MOHLER_7_4_024,3.0,4.1814411612234315,4.21966741628829,3.9183673469387754
fold_07,7,MOHLER_7_4,MOHLER_7_4_025,3.5,4.1814411612234315,4.087434793377896,3.9183673469387754
fold_07,7,MOHLER_7_4,MOHLER_7_4_026,1.5,4.1814411612234315,4.150111576352429,3.9183673469387754
fold_07,7,MOHLER_7_5,MOHLER_7_5_001,0.5,4.1814411612234315,4.223341491672145,3.9183673469387754
fold_07,7,MOHLER_7_5,MOHLER_7_5_002,5.0,4.1814411612234315,4.5222114999882015,3.9183673469387754
fold_07,7,MOHLER_7_5,MOHLER_7_5_003,4.5,4.1814411612234315,4.271049161925624,3.9183673469387754
fold_07,7,MOHLER_7_5,MOHLER_7_5_004,5.0,4.1814411612234315,4.435125126987648,3.9183673469387754
fold_07,7,MOHLER_7_5,MOHLER_7_5_005,5.0,4.1814411612234315,4.71303748556749,3.9183673469387754
fold_07,7,MOHLER_7_5,MOHLER_7_5_006,5.0,4.1814411612234315,4.483622425213329,3.9183673469387754
fold_07,7,MOHLER_7_5,MOHLER_7_5_007,5.0,4.1814411612234315,4.498538169792066,3.9183673469387754
fold_07,7,MOHLER_7_5,MOHLER_7_5_008,5.0,4.1814411612234315,4.594437352200239,3.9183673469387754
fold_07,7,MOHLER_7_5,MOHLER_7_5_009,2.5,4.1814411612234315,4.30125127011453,3.9183673469387754
fold_07,7,MOHLER_7_5,MOHLER_7_5_010,5.0,4.1814411612234315,4.443398669315045,3.9183673469387754
fold_07,7,MOHLER_7_5,MOHLER_7_5_011,5.0,4.1814411612234315,4.672066183508793,3.9183673469387754
fold_07,7,MOHLER_7_5,MOHLER_7_5_012,5.0,4.1814411612234315,4.527729333542697,3.9183673469387754
fold_07,7,MOHLER_7_5,MOHLER_7_5_013,5.0,4.1814411612234315,4.669595951065894,3.9183673469387754
fold_07,7,MOHLER_7_5,MOHLER_7_5_014,5.0,4.1814411612234315,4.6404169901069,3.9183673469387754
fold_07,7,MOHLER_7_5,MOHLER_7_5_015,5.0,4.1814411612234315,4.644599332743141,3.9183673469387754
fold_07,7,MOHLER_7_5,MOHLER_7_5_016,5.0,4.1814411612234315,4.547764019284982,3.9183673469387754
fold_07,7,MOHLER_7_5,MOHLER_7_5_017,5.0,4.1814411612234315,4.815328142586399,3.9183673469387754
fold_07,7,MOHLER_7_5,MOHLER_7_5_018,3.5,4.1814411612234315,4.465700668904735,3.9183673469387754
fold_07,7,MOHLER_7_5,MOHLER_7_5_019,5.0,4.1814411612234315,4.468198549957619,3.9183673469387754
fold_07,7,MOHLER_7_5,MOHLER_7_5_020,5.0,4.1814411612234315,4.480677887657453,3.9183673469387754
fold_07,7,MOHLER_7_5,MOHLER_7_5_021,3.0,4.1814411612234315,4.562842844856961,3.9183673469387754
fold_07,7,MOHLER_7_5,MOHLER_7_5_022,5.0,4.1814411612234315,4.5484738757861365,3.9183673469387754
fold_07,7,MOHLER_7_5,MOHLER_7_5_023,5.0,4.1814411612234315,4.5453691772936295,3.9183673469387754
fold_07,7,MOHLER_7_5,MOHLER_7_5_024,5.0,4.1814411612234315,4.604779595484048,3.9183673469387754
fold_07,7,MOHLER_7_5,MOHLER_7_5_025,5.0,4.1814411612234315,4.399508430268734,3.9183673469387754
fold_07,7,MOHLER_7_5,MOHLER_7_5_026,3.5,4.1814411612234315,4.625446630680417,3.9183673469387754
fold_07,7,MOHLER_7_6,MOHLER_7_6_001,3.5,4.1814411612234315,4.177898638472908,3.9183673469387754
fold_07,7,MOHLER_7_6,MOHLER_7_6_002,4.5,4.1814411612234315,4.188737311488475,3.9183673469387754
fold_07,7,MOHLER_7_6,MOHLER_7_6_003,4.5,4.1814411612234315,3.9912089075943036,3.9183673469387754
fold_07,7,MOHLER_7_6,MOHLER_7_6_004,3.5,4.1814411612234315,4.5111166731604735,3.9183673469387754
fold_07,7,MOHLER_7_6,MOHLER_7_6_005,3.5,4.1814411612234315,4.479010383612529,3.9183673469387754
fold_07,7,MOHLER_7_6,MOHLER_7_6_006,3.5,4.1814411612234315,4.459000338199057,3.9183673469387754
fold_07,7,MOHLER_7_6,MOHLER_7_6_007,3.5,4.1814411612234315,4.36179582184173,3.9183673469387754
fold_07,7,MOHLER_7_6,MOHLER_7_6_008,3.5,4.1814411612234315,4.382974611379957,3.9183673469387754
fold_07,7,MOHLER_7_6,MOHLER_7_6_009,3.5,4.1814411612234315,4.0712486476966525,3.9183673469387754
fold_07,7,MOHLER_7_6,MOHLER_7_6_010,3.5,4.1814411612234315,4.3290078936393295,3.9183673469387754
fold_07,7,MOHLER_7_6,MOHLER_7_6_011,3.5,4.1814411612234315,4.33636739062633,3.9183673469387754
fold_07,7,MOHLER_7_6,MOHLER_7_6_012,4.0,4.1814411612234315,4.4149616645260155,3.9183673469387754
fold_07,7,MOHLER_7_6,MOHLER_7_6_013,3.5,4.1814411612234315,4.332720923920293,3.9183673469387754
fold_07,7,MOHLER_7_6,MOHLER_7_6_014,3.5,4.1814411612234315,4.343991544358169,3.9183673469387754
fold_07,7,MOHLER_7_6,MOHLER_7_6_015,3.0,4.1814411612234315,4.255981334017311,3.9183673469387754
fold_07,7,MOHLER_7_6,MOHLER_7_6_016,3.5,4.1814411612234315,4.42599838139316,3.9183673469387754
fold_07,7,MOHLER_7_6,MOHLER_7_6_017,4.5,4.1814411612234315,4.487042933380925,3.9183673469387754
fold_07,7,MOHLER_7_6,MOHLER_7_6_018,3.5,4.1814411612234315,4.489175187420996,3.9183673469387754
fold_07,7,MOHLER_7_6,MOHLER_7_6_019,4.0,4.1814411612234315,4.304887904401134,3.9183673469387754
fold_07,7,MOHLER_7_6,MOHLER_7_6_020,3.5,4.1814411612234315,4.4786439343142685,3.9183673469387754
fold_07,7,MOHLER_7_6,MOHLER_7_6_021,4.0,4.1814411612234315,4.221337421100435,3.9183673469387754
fold_07,7,MOHLER_7_6,MOHLER_7_6_022,4.0,4.1814411612234315,4.422833477163841,3.9183673469387754
fold_07,7,MOHLER_7_6,MOHLER_7_6_023,3.5,4.1814411612234315,4.346304319817209,3.9183673469387754
fold_07,7,MOHLER_7_6,MOHLER_7_6_024,4.0,4.1814411612234315,3.974846303346233,3.9183673469387754
fold_07,7,MOHLER_7_6,MOHLER_7_6_025,5.0,4.1814411612234315,4.0235626254284735,3.9183673469387754
fold_07,7,MOHLER_7_6,MOHLER_7_6_026,2.0,4.1814411612234315,4.458091691957664,3.9183673469387754
fold_07,7,MOHLER_7_7,MOHLER_7_7_001,5.0,4.1814411612234315,3.8929826677338584,3.9183673469387754
fold_07,7,MOHLER_7_7,MOHLER_7_7_002,3.5,4.1814411612234315,4.159599409109739,3.9183673469387754
fold_07,7,MOHLER_7_7,MOHLER_7_7_003,4.0,4.1814411612234315,4.14418763603416,3.9183673469387754
fold_07,7,MOHLER_7_7,MOHLER_7_7_004,3.0,4.1814411612234315,4.24537722067935,3.9183673469387754
fold_07,7,MOHLER_7_7,MOHLER_7_7_005,5.0,4.1814411612234315,4.220981792329761,3.9183673469387754
fold_07,7,MOHLER_7_7,MOHLER_7_7_006,5.0,4.1814411612234315,4.267569055877617,3.9183673469387754
fold_07,7,MOHLER_7_7,MOHLER_7_7_007,3.0,4.1814411612234315,4.015121396802145,3.9183673469387754
fold_07,7,MOHLER_7_7,MOHLER_7_7_008,5.0,4.1814411612234315,4.197070126601796,3.9183673469387754
fold_07,7,MOHLER_7_7,MOHLER_7_7_009,5.0,4.1814411612234315,4.230001042581457,3.9183673469387754
fold_07,7,MOHLER_7_7,MOHLER_7_7_010,3.0,4.1814411612234315,4.024210724831633,3.9183673469387754
fold_07,7,MOHLER_7_7,MOHLER_7_7_011,5.0,4.1814411612234315,4.048175814700562,3.9183673469387754
fold_07,7,MOHLER_7_7,MOHLER_7_7_012,5.0,4.1814411612234315,4.001951392749995,3.9183673469387754
fold_07,7,MOHLER_7_7,MOHLER_7_7_013,5.0,4.1814411612234315,4.35948763849593,3.9183673469387754
fold_07,7,MOHLER_7_7,MOHLER_7_7_014,3.0,4.1814411612234315,4.353417131394602,3.9183673469387754
fold_07,7,MOHLER_7_7,MOHLER_7_7_015,3.0,4.1814411612234315,4.320736768381759,3.9183673469387754
fold_07,7,MOHLER_7_7,MOHLER_7_7_016,3.0,4.1814411612234315,4.222818554290411,3.9183673469387754
fold_07,7,MOHLER_7_7,MOHLER_7_7_017,2.0,4.1814411612234315,4.246704920473856,3.9183673469387754
fold_07,7,MOHLER_7_7,MOHLER_7_7_018,5.0,4.1814411612234315,4.014606422295853,3.9183673469387754
fold_07,7,MOHLER_7_7,MOHLER_7_7_019,5.0,4.1814411612234315,4.189214221062489,3.9183673469387754
fold_07,7,MOHLER_7_7,MOHLER_7_7_020,3.5,4.1814411612234315,4.143303002416831,3.9183673469387754
fold_07,7,MOHLER_7_7,MOHLER_7_7_021,5.0,4.1814411612234315,4.217782489990149,3.9183673469387754
fold_07,7,MOHLER_7_7,MOHLER_7_7_022,5.0,4.1814411612234315,4.440877186766723,3.9183673469387754
fold_07,7,MOHLER_7_7,MOHLER_7_7_023,5.0,4.1814411612234315,4.315132063381386,3.9183673469387754
fold_07,7,MOHLER_7_7,MOHLER_7_7_024,5.0,4.1814411612234315,4.330974442050713,3.9183673469387754
fold_07,7,MOHLER_7_7,MOHLER_7_7_025,5.0,4.1814411612234315,4.4298486088513975,3.9183673469387754
fold_07,7,MOHLER_7_7,MOHLER_7_7_026,0.0,4.1814411612234315,2.741406082544022,3.9183673469387754
fold_08,8,MOHLER_8_1,MOHLER_8_1_001,5.0,4.165232793522267,5.0,4.931818181818182
fold_08,8,MOHLER_8_1,MOHLER_8_1_002,5.0,4.165232793522267,5.0,4.931818181818182
fold_08,8,MOHLER_8_1,MOHLER_8_1_003,2.0,4.165232793522267,5.0,4.931818181818182
fold_08,8,MOHLER_8_1,MOHLER_8_1_004,5.0,4.165232793522267,5.0,4.931818181818182
fold_08,8,MOHLER_8_1,MOHLER_8_1_005,4.5,4.165232793522267,4.900932280078957,4.931818181818182
fold_08,8,MOHLER_8_1,MOHLER_8_1_006,5.0,4.165232793522267,5.0,4.931818181818182
fold_08,8,MOHLER_8_1,MOHLER_8_1_007,5.0,4.165232793522267,5.0,4.931818181818182
fold_08,8,MOHLER_8_1,MOHLER_8_1_008,5.0,4.165232793522267,5.0,4.931818181818182
fold_08,8,MOHLER_8_1,MOHLER_8_1_009,5.0,4.165232793522267,5.0,4.931818181818182
fold_08,8,MOHLER_8_1,MOHLER_8_1_010,2.5,4.165232793522267,5.0,4.931818181818182
fold_08,8,MOHLER_8_1,MOHLER_8_1_011,5.0,4.165232793522267,5.0,4.931818181818182
fold_08,8,MOHLER_8_1,MOHLER_8_1_012,5.0,4.165232793522267,5.0,4.931818181818182
fold_08,8,MOHLER_8_1,MOHLER_8_1_013,5.0,4.165232793522267,5.0,4.931818181818182
fold_08,8,MOHLER_8_1,MOHLER_8_1_014,5.0,4.165232793522267,5.0,4.931818181818182
fold_08,8,MOHLER_8_1,MOHLER_8_1_015,5.0,4.165232793522267,5.0,4.931818181818182
fold_08,8,MOHLER_8_1,MOHLER_8_1_016,5.0,4.165232793522267,5.0,4.931818181818182
fold_08,8,MOHLER_8_1,MOHLER_8_1_017,5.0,4.165232793522267,4.939569715641819,4.931818181818182
fold_08,8,MOHLER_8_1,MOHLER_8_1_018,5.0,4.165232793522267,5.0,4.931818181818182
fold_08,8,MOHLER_8_1,MOHLER_8_1_019,2.5,4.165232793522267,4.893893157154075,4.931818181818182
fold_08,8,MOHLER_8_1,MOHLER_8_1_020,5.0,4.165232793522267,5.0,4.931818181818182
fold_08,8,MOHLER_8_1,MOHLER_8_1_021,5.0,4.165232793522267,4.963132943760944,4.931818181818182
fold_08,8,MOHLER_8_1,MOHLER_8_1_022,2.0,4.165232793522267,5.0,4.931818181818182
fold_08,8,MOHLER_8_1,MOHLER_8_1_023,5.0,4.165232793522267,5.0,4.931818181818182
fold_08,8,MOHLER_8_1,MOHLER_8_1_024,4.5,4.165232793522267,5.0,4.931818181818182
fold_08,8,MOHLER_8_1,MOHLER_8_1_025,2.0,4.165232793522267,5.0,4.931818181818182
fold_08,8,MOHLER_8_1,MOHLER_8_1_026,5.0,4.165232793522267,4.969908006372511,4.931818181818182
fold_08,8,MOHLER_8_1,MOHLER_8_1_027,5.0,4.165232793522267,5.0,4.931818181818182
fold_08,8,MOHLER_8_2,MOHLER_8_2_001,5.0,4.165232793522267,4.9295566558705355,4.931818181818182
fold_08,8,MOHLER_8_2,MOHLER_8_2_002,5.0,4.165232793522267,5.0,4.931818181818182
fold_08,8,MOHLER_8_2,MOHLER_8_2_003,5.0,4.165232793522267,4.881444285573248,4.931818181818182
fold_08,8,MOHLER_8_2,MOHLER_8_2_004,5.0,4.165232793522267,4.884968372441939,4.931818181818182
fold_08,8,MOHLER_8_2,MOHLER_8_2_005,5.0,4.165232793522267,4.881444285573248,4.931818181818182
fold_08,8,MOHLER_8_2,MOHLER_8_2_006,5.0,4.165232793522267,4.794024606596914,4.483516483516484
fold_08,8,MOHLER_8_2,MOHLER_8_2_007,5.0,4.165232793522267,4.18390902784433,4.483516483516484
fold_08,8,MOHLER_8_2,MOHLER_8_2_008,5.0,4.165232793522267,4.9008227128450885,4.931818181818182
fold_08,8,MOHLER_8_2,MOHLER_8_2_009,5.0,4.165232793522267,4.881444285573248,4.931818181818182
fold_08,8,MOHLER_8_2,MOHLER_8_2_010,5.0,4.165232793522267,4.881444285573248,4.931818181818182
fold_08,8,MOHLER_8_2,MOHLER_8_2_011,5.0,4.165232793522267,4.827391893924022,4.625
fold_08,8,MOHLER_8_2,MOHLER_8_2_012,5.0,4.165232793522267,4.990319897363945,4.931818181818182
fold_08,8,MOHLER_8_2,MOHLER_8_2_013,5.0,4.165232793522267,4.881444285573248,4.931818181818182
fold_08,8,MOHLER_8_2,MOHLER_8_2_014,5.0,4.165232793522267,4.827391893924022,4.625
fold_08,8,MOHLER_8_2,MOHLER_8_2_015,5.0,4.165232793522267,4.824609027172389,4.625
fold_08,8,MOHLER_8_2,MOHLER_8_2_016,5.0,4.165232793522267,4.827391893924022,4.625
fold_08,8,MOHLER_8_2,MOHLER_8_2_017,5.0,4.165232793522267,4.8426170076249315,4.800339783323021
fold_08,8,MOHLER_8_2,MOHLER_8_2_018,5.0,4.165232793522267,4.805677245253349,4.625
fold_08,8,MOHLER_8_2,MOHLER_8_2_019,5.0,4.165232793522267,4.881444285573248,4.931818181818182
fold_08,8,MOHLER_8_2,MOHLER_8_2_020,5.0,4.165232793522267,5.0,4.931818181818182
fold_08,8,MOHLER_8_2,MOHLER_8_2_021,5.0,4.165232793522267,4.978931993006916,4.931818181818182
fold_08,8,MOHLER_8_2,MOHLER_8_2_022,5.0,4.165232793522267,4.881444285573248,4.931818181818182
fold_08,8,MOHLER_8_2,MOHLER_8_2_023,5.0,4.165232793522267,4.826143647064308,4.625
fold_08,8,MOHLER_8_2,MOHLER_8_2_024,5.0,4.165232793522267,4.827391893924022,4.625
fold_08,8,MOHLER_8_2,MOHLER_8_2_025,5.0,4.165232793522267,4.827391893924022,4.625
fold_08,8,MOHLER_8_2,MOHLER_8_2_026,5.0,4.165232793522267,4.826764634236315,4.625
fold_08,8,MOHLER_8_2,MOHLER_8_2_027,5.0,4.165232793522267,4.770991858120751,4.483516483516484
fold_08,8,MOHLER_8_3,MOHLER_8_3_001,5.0,4.165232793522267,4.631455225365673,4.483516483516484
fold_08,8,MOHLER_8_3,MOHLER_8_3_002,5.0,4.165232793522267,5.0,4.931818181818182
fold_08,8,MOHLER_8_3,MOHLER_8_3_003,3.0,4.165232793522267,5.0,4.931818181818182
fold_08,8,MOHLER_8_3,MOHLER_8_3_004,5.0,4.165232793522267,4.818460412312088,4.625
fold_08,8,MOHLER_8_3,MOHLER_8_3_005,4.5,4.165232793522267,4.845453260596936,4.845804250069101
fold_08,8,MOHLER_8_3,MOHLER_8_3_006,4.5,4.165232793522267,4.793618943272653,4.483516483516484
fold_08,8,MOHLER_8_3,MOHLER_8_3_007,2.5,4.165232793522267,4.891434406189896,4.931818181818182
fold_08,8,MOHLER_8_3,MOHLER_8_3_008,5.0,4.165232793522267,4.9229538043246635,4.931818181818182
fold_08,8,MOHLER_8_3,MOHLER_8_3_009,4.5,4.165232793522267,4.894331060818309,4.931818181818182
fold_08,8,MOHLER_8_3,MOHLER_8_3_010,4.0,4.165232793522267,5.0,4.931818181818182
fold_08,8,MOHLER_8_3,MOHLER_8_3_011,4.5,4.165232793522267,4.812075674440904,4.625
fold_08,8,MOHLER_8_3,MOHLER_8_3_012,4.0,4.165232793522267,4.621664198067815,4.483516483516484
fold_08,8,MOHLER_8_3,MOHLER_8_3_013,4.5,4.165232793522267,4.7440042780753,4.483516483516484
fold_08,8,MOHLER_8_3,MOHLER_8_3_014,2.0,4.165232793522267,4.603123622287367,4.483516483516484
fold_08,8,MOHLER_8_3,MOHLER_8_3_015,3.5,4.165232793522267,4.324599767838505,4.483516483516484
fold_08,8,MOHLER_8_3,MOHLER_8_3_016,4.5,4.165232793522267,4.936343640144556,4.931818181818182
fold_08,8,MOHLER_8_3,MOHLER_8_3_017,4.0,4.165232793522267,5.0,4.931818181818182
fold_08,8,MOHLER_8_3,MOHLER_8_3_018,4.5,4.165232793522267,4.955748387558007,4.931818181818182
fold_08,8,MOHLER_8_3,MOHLER_8_3_019,4.0,4.165232793522267,4.807098379161803,4.625
fold_08,8,MOHLER_8_3,MOHLER_8_3_020,4.0,4.165232793522267,4.863454555701385,4.931818181818182
fold_08,8,MOHLER_8_3,MOHLER_8_3_021,4.5,4.165232793522267,4.738959737687433,4.483516483516484
fold_08,8,MOHLER_8_3,MOHLER_8_3_022,4.0,4.165232793522267,4.9209438279840505,4.931818181818182
fold_08,8,MOHLER_8_3,MOHLER_8_3_023,3.0,4.165232793522267,4.788867384584812,4.483516483516484
fold_08,8,MOHLER_8_3,MOHLER_8_3_024,4.0,4.165232793522267,4.860740924997905,4.931818181818182
fold_08,8,MOHLER_8_3,MOHLER_8_3_025,4.0,4.165232793522267,4.545922344213375,4.483516483516484
fold_08,8,MOHLER_8_3,MOHLER_8_3_026,4.0,4.165232793522267,4.911497730078073,4.931818181818182
fold_08,8,MOHLER_8_3,MOHLER_8_3_027,3.0,4.165232793522267,4.865398051947407,4.931818181818182
fold_08,8,MOHLER_8_4,MOHLER_8_4_001,3.0,4.165232793522267,4.790137226640393,4.483516483516484
fold_08,8,MOHLER_8_4,MOHLER_8_4_002,5.0,4.165232793522267,5.0,4.931818181818182
fold_08,8,MOHLER_8_4,MOHLER_8_4_003,4.0,4.165232793522267,4.746495734840061,4.483516483516484
fold_08,8,MOHLER_8_4,MOHLER_8_4_004,4.0,4.165232793522267,4.988958229101367,4.931818181818182
fold_08,8,MOHLER_8_4,MOHLER_8_4_005,4.5,4.165232793522267,4.901490249008324,4.931818181818182
fold_08,8,MOHLER_8_4,MOHLER_8_4_006,4.5,4.165232793522267,4.754617401884061,4.483516483516484
fold_08,8,MOHLER_8_4,MOHLER_8_4_007,2.5,4.165232793522267,4.975508812319548,4.931818181818182
fold_08,8,MOHLER_8_4,MOHLER_8_4_008,5.0,4.165232793522267,4.849223006383135,4.906232386638561
fold_08,8,MOHLER_8_4,MOHLER_8_4_009,4.0,4.165232793522267,4.884774784889132,4.931818181818182
fold_08,8,MOHLER_8_4,MOHLER_8_4_010,3.5,4.165232793522267,4.663945687426109,4.483516483516484
fold_08,8,MOHLER_8_4,MOHLER_8_4_011,3.5,4.165232793522267,4.994636756943549,4.931818181818182
fold_08,8,MOHLER_8_4,MOHLER_8_4_012,4.5,4.165232793522267,4.880333441254703,4.931818181818182
fold_08,8,MOHLER_8_4,MOHLER_8_4_013,4.5,4.165232793522267,4.981588642381742,4.931818181818182
fold_08,8,MOHLER_8_4,MOHLER_8_4_014,1.5,4.165232793522267,4.894218587413187,4.931818181818182
fold_08,8,MOHLER_8_4,MOHLER_8_4_015,4.5,4.165232793522267,4.737013417264644,4.483516483516484
fold_08,8,MOHLER_8_4,MOHLER_8_4_016,4.5,4.165232793522267,4.970707067289392,4.931818181818182
fold_08,8,MOHLER_8_4,MOHLER_8_4_017,3.5,4.165232793522267,5.0,4.931818181818182
fold_08,8,MOHLER_8_4,MOHLER_8_4_018,2.5,4.165232793522267,4.632362066797982,4.483516483516484
fold_08,8,MOHLER_8_4,MOHLER_8_4_019,4.5,4.165232793522267,4.895014775596183,4.931818181818182
fold_08,8,MOHLER_8_4,MOHLER_8_4_020,4.0,4.165232793522267,4.963968711963277,4.931818181818182
fold_08,8,MOHLER_8_4,MOHLER_8_4_021,4.5,4.165232793522267,4.864283904750887,4.931818181818182
fold_08,8,MOHLER_8_4,MOHLER_8_4_022,1.5,4.165232793522267,4.857164510750606,4.931818181818182
fold_08,8,MOHLER_8_4,MOHLER_8_4_023,3.0,4.165232793522267,4.8530242527574865,4.931818181818182
fold_08,8,MOHLER_8_4,MOHLER_8_4_024,2.5,4.165232793522267,4.916601855797687,4.931818181818182
fold_08,8,MOHLER_8_4,MOHLER_8_4_025,2.5,4.165232793522267,4.700211798584427,4.483516483516484
fold_08,8,MOHLER_8_4,MOHLER_8_4_026,5.0,4.165232793522267,5.0,4.931818181818182
fold_08,8,MOHLER_8_4,MOHLER_8_4_027,2.0,4.165232793522267,4.710739834573651,4.483516483516484
fold_08,8,MOHLER_8_6,MOHLER_8_6_001,5.0,4.165232793522267,4.271831702823854,4.483516483516484
fold_08,8,MOHLER_8_6,MOHLER_8_6_002,5.0,4.165232793522267,3.7498139976261973,2.875
fold_08,8,MOHLER_8_6,MOHLER_8_6_003,5.0,4.165232793522267,4.079214035503809,3.75
fold_08,8,MOHLER_8_6,MOHLER_8_6_004,2.5,4.165232793522267,3.9017610352199057,2.875
fold_08,8,MOHLER_8_6,MOHLER_8_6_005,4.0,4.165232793522267,3.870844972848811,2.875
fold_08,8,MOHLER_8_6,MOHLER_8_6_006,5.0,4.165232793522267,4.080272285312944,3.75
fold_08,8,MOHLER_8_6,MOHLER_8_6_007,5.0,4.165232793522267,3.7722374021901315,2.875
fold_08,8,MOHLER_8_6,MOHLER_8_6_008,5.0,4.165232793522267,3.9322635723762884,2.875
fold_08,8,MOHLER_8_6,MOHLER_8_6_009,5.0,4.165232793522267,4.088445375439788,3.75
fold_08,8,MOHLER_8_6,MOHLER_8_6_010,5.0,4.165232793522267,4.112419270852894,3.851582560424285
fold_08,8,MOHLER_8_6,MOHLER_8_6_011,4.0,4.165232793522267,3.908375377169446,2.875
fold_08,8,MOHLER_8_6,MOHLER_8_6_012,3.0,4.165232793522267,4.391603556200764,4.483516483516484
fold_08,8,MOHLER_8_6,MOHLER_8_6_013,4.5,4.165232793522267,4.385523354626054,4.483516483516484
fold_08,8,MOHLER_8_6,MOHLER_8_6_014,1.5,4.165232793522267,4.155194263716014,4.071428571428571
fold_08,8,MOHLER_8_6,MOHLER_8_6_015,2.5,4.165232793522267,4.708273110007077,4.483516483516484
fold_08,8,MOHLER_8_6,MOHLER_8_6_016,5.0,4.165232793522267,3.951417163828869,2.875
fold_08,8,MOHLER_8_6,MOHLER_8_6_017,5.0,4.165232793522267,4.351450926779481,4.483516483516484
fold_08,8,MOHLER_8_6,MOHLER_8_6_018,5.0,4.165232793522267,4.134171219047673,4.071428571428571
fold_08,8,MOHLER_8_6,MOHLER_8_6_019,5.0,4.165232793522267,3.86603232720769,2.875
fold_08,8,MOHLER_8_6,MOHLER_8_6_020,1.5,4.165232793522267,4.077300690097752,3.75
fold_08,8,MOHLER_8_6,MOHLER_8_6_021,5.0,4.165232793522267,4.001599455991494,2.875
fold_08,8,MOHLER_8_6,MOHLER_8_6_022,5.0,4.165232793522267,3.9781983398975163,2.875
fold_08,8,MOHLER_8_6,MOHLER_8_6_023,4.0,4.165232793522267,4.647684125009345,4.483516483516484
fold_08,8,MOHLER_8_6,MOHLER_8_6_024,5.0,4.165232793522267,4.458175261742807,4.483516483516484
fold_08,8,MOHLER_8_6,MOHLER_8_6_025,5.0,4.165232793522267,3.645339394734192,2.875
fold_08,8,MOHLER_8_6,MOHLER_8_6_026,5.0,4.165232793522267,3.981057637367229,2.875
fold_08,8,MOHLER_8_6,MOHLER_8_6_027,5.0,4.165232793522267,4.2689598252122956,4.483516483516484
fold_08,8,MOHLER_8_7,MOHLER_8_7_001,3.0,4.165232793522267,4.777083948005775,4.483516483516484
fold_08,8,MOHLER_8_7,MOHLER_8_7_002,3.0,4.165232793522267,4.654114605570761,4.483516483516484
fold_08,8,MOHLER_8_7,MOHLER_8_7_003,3.0,4.165232793522267,4.825956810204547,4.625
fold_08,8,MOHLER_8_7,MOHLER_8_7_004,5.0,4.165232793522267,5.0,4.931818181818182
fold_08,8,MOHLER_8_7,MOHLER_8_7_005,5.0,4.165232793522267,5.0,4.931818181818182
fold_08,8,MOHLER_8_7,MOHLER_8_7_006,4.5,4.165232793522267,5.0,4.931818181818182
fold_08,8,MOHLER_8_7,MOHLER_8_7_007,3.5,4.165232793522267,4.785994119440159,4.483516483516484
fold_08,8,MOHLER_8_7,MOHLER_8_7_008,5.0,4.165232793522267,5.0,4.931818181818182
fold_08,8,MOHLER_8_7,MOHLER_8_7_009,3.5,4.165232793522267,4.921304927907108,4.931818181818182
fold_08,8,MOHLER_8_7,MOHLER_8_7_010,1.5,4.165232793522267,5.0,4.931818181818182
fold_08,8,MOHLER_8_7,MOHLER_8_7_011,3.0,4.165232793522267,4.945160910048448,4.931818181818182
fold_08,8,MOHLER_8_7,MOHLER_8_7_012,5.0,4.165232793522267,5.0,4.931818181818182
fold_08,8,MOHLER_8_7,MOHLER_8_7_013,5.0,4.165232793522267,4.9141633803950375,4.931818181818182
fold_08,8,MOHLER_8_7,MOHLER_8_7_014,3.0,4.165232793522267,5.0,4.931818181818182
fold_08,8,MOHLER_8_7,MOHLER_8_7_015,5.0,4.165232793522267,4.670554774697412,4.483516483516484
fold_08,8,MOHLER_8_7,MOHLER_8_7_016,3.5,4.165232793522267,5.0,4.931818181818182
fold_08,8,MOHLER_8_7,MOHLER_8_7_017,2.0,4.165232793522267,4.866570637853311,4.931818181818182
fold_08,8,MOHLER_8_7,MOHLER_8_7_018,3.5,4.165232793522267,4.841838156139607,4.787854977558449
fold_08,8,MOHLER_8_7,MOHLER_8_7_019,3.0,4.165232793522267,4.842952202724618,4.80571288177847
fold_08,8,MOHLER_8_7,MOHLER_8_7_020,3.5,4.165232793522267,5.0,4.931818181818182
fold_08,8,MOHLER_8_7,MOHLER_8_7_021,4.0,4.165232793522267,5.0,4.931818181818182
fold_08,8,MOHLER_8_7,MOHLER_8_7_022,2.5,4.165232793522267,4.928652481247665,4.931818181818182
fold_08,8,MOHLER_8_7,MOHLER_8_7_023,4.5,4.165232793522267,4.867431469624548,4.931818181818182
fold_08,8,MOHLER_8_7,MOHLER_8_7_024,4.5,4.165232793522267,4.80328611641127,4.625
fold_08,8,MOHLER_8_7,MOHLER_8_7_025,4.5,4.165232793522267,4.975967708923746,4.931818181818182
fold_08,8,MOHLER_8_7,MOHLER_8_7_026,1.5,4.165232793522267,5.0,4.931818181818182
fold_08,8,MOHLER_8_7,MOHLER_8_7_027,3.0,4.165232793522267,4.913830525696471,4.931818181818182
fold_09,9,MOHLER_9_1,MOHLER_9_1_001,5.0,4.156091370558376,4.814104748473982,4.403846153846154
fold_09,9,MOHLER_9_1,MOHLER_9_1_002,4.0,4.156091370558376,4.452102996214555,4.3828125
fold_09,9,MOHLER_9_1,MOHLER_9_1_003,5.0,4.156091370558376,4.7507618789271975,4.403846153846154
fold_09,9,MOHLER_9_1,MOHLER_9_1_004,5.0,4.156091370558376,5.0,4.403846153846154
fold_09,9,MOHLER_9_1,MOHLER_9_1_005,5.0,4.156091370558376,4.929259225270417,4.403846153846154
fold_09,9,MOHLER_9_1,MOHLER_9_1_006,5.0,4.156091370558376,4.562221253442752,4.403846153846154
fold_09,9,MOHLER_9_1,MOHLER_9_1_007,5.0,4.156091370558376,5.0,4.403846153846154
fold_09,9,MOHLER_9_1,MOHLER_9_1_008,5.0,4.156091370558376,5.0,4.403846153846154
fold_09,9,MOHLER_9_1,MOHLER_9_1_009,5.0,4.156091370558376,4.868816538200296,4.403846153846154
fold_09,9,MOHLER_9_1,MOHLER_9_1_010,5.0,4.156091370558376,4.633104218806053,4.403846153846154
fold_09,9,MOHLER_9_1,MOHLER_9_1_011,4.5,4.156091370558376,4.5474671463059,4.403846153846154
fold_09,9,MOHLER_9_1,MOHLER_9_1_012,5.0,4.156091370558376,4.895265683936989,4.403846153846154
fold_09,9,MOHLER_9_1,MOHLER_9_1_013,5.0,4.156091370558376,4.9606860392333125,4.403846153846154
fold_09,9,MOHLER_9_1,MOHLER_9_1_014,5.0,4.156091370558376,4.771980304282265,4.403846153846154
fold_09,9,MOHLER_9_1,MOHLER_9_1_015,5.0,4.156091370558376,4.877301160557397,4.403846153846154
fold_09,9,MOHLER_9_1,MOHLER_9_1_016,5.0,4.156091370558376,4.649289778949883,4.403846153846154
fold_09,9,MOHLER_9_1,MOHLER_9_1_017,5.0,4.156091370558376,4.976803040455414,4.403846153846154
fold_09,9,MOHLER_9_1,MOHLER_9_1_018,5.0,4.156091370558376,4.888746323015876,4.403846153846154
fold_09,9,MOHLER_9_1,MOHLER_9_1_019,5.0,4.156091370558376,4.51981959672395,4.403846153846154
fold_09,9,MOHLER_9_1,MOHLER_9_1_020,5.0,4.156091370558376,5.0,4.403846153846154
fold_09,9,MOHLER_9_1,MOHLER_9_1_021,5.0,4.156091370558376,4.980140759458865,4.403846153846154
fold_09,9,MOHLER_9_1,MOHLER_9_1_022,3.5,4.156091370558376,4.766613915138016,4.403846153846154
fold_09,9,MOHLER_9_1,MOHLER_9_1_023,5.0,4.156091370558376,4.805856064495836,4.403846153846154
fold_09,9,MOHLER_9_1,MOHLER_9_1_024,5.0,4.156091370558376,5.0,4.403846153846154
fold_09,9,MOHLER_9_1,MOHLER_9_1_025,5.0,4.156091370558376,5.0,4.403846153846154
fold_09,9,MOHLER_9_1,MOHLER_9_1_026,5.0,4.156091370558376,4.857975491204745,4.403846153846154
fold_09,9,MOHLER_9_1,MOHLER_9_1_027,5.0,4.156091370558376,4.631457057247625,4.403846153846154
fold_09,9,MOHLER_9_2,MOHLER_9_2_001,5.0,4.156091370558376,4.525255657872262,4.403846153846154
fold_09,9,MOHLER_9_2,MOHLER_9_2_002,5.0,4.156091370558376,4.82457798585423,4.403846153846154
fold_09,9,MOHLER_9_2,MOHLER_9_2_003,5.0,4.156091370558376,4.713021861942216,4.403846153846154
fold_09,9,MOHLER_9_2,MOHLER_9_2_004,5.0,4.156091370558376,4.408458271119811,4.3828125
fold_09,9,MOHLER_9_2,MOHLER_9_2_005,5.0,4.156091370558376,4.383073022332526,4.3828125
fold_09,9,MOHLER_9_2,MOHLER_9_2_006,5.0,4.156091370558376,4.383073022332526,4.3828125
fold_09,9,MOHLER_9_2,MOHLER_9_2_007,5.0,4.156091370558376,4.447636853797037,4.3828125
fold_09,9,MOHLER_9_2,MOHLER_9_2_008,5.0,4.156091370558376,4.578169713307313,4.403846153846154
fold_09,9,MOHLER_9_2,MOHLER_9_2_009,5.0,4.156091370558376,4.38746665850587,4.3828125
fold_09,9,MOHLER_9_2,MOHLER_9_2_010,5.0,4.156091370558376,4.383073022332526,4.3828125
fold_09,9,MOHLER_9_2,MOHLER_9_2_011,5.0,4.156091370558376,4.383073022332526,4.3828125
fold_09,9,MOHLER_9_2,MOHLER_9_2_012,5.0,4.156091370558376,4.383073022332526,4.3828125
fold_09,9,MOHLER_9_2,MOHLER_9_2_013,5.0,4.156091370558376,4.383073022332526,4.3828125
fold_09,9,MOHLER_9_2,MOHLER_9_2_014,5.0,4.156091370558376,4.383073022332526,4.3828125
fold_09,9,MOHLER_9_2,MOHLER_9_2_015,5.0,4.156091370558376,4.45299991278397,4.3828125
fold_09,9,MOHLER_9_2,MOHLER_9_2_016,5.0,4.156091370558376,4.383073022332526,4.3828125
fold_09,9,MOHLER_9_2,MOHLER_9_2_017,5.0,4.156091370558376,4.383073022332526,4.3828125
fold_09,9,MOHLER_9_2,MOHLER_9_2_018,5.0,4.156091370558376,4.362002314510952,4.3828125
fold_09,9,MOHLER_9_2,MOHLER_9_2_019,5.0,4.156091370558376,4.402437412089061,4.3828125
fold_09,9,MOHLER_9_2,MOHLER_9_2_020,5.0,4.156091370558376,4.8178795756862955,4.403846153846154
fold_09,9,MOHLER_9_2,MOHLER_9_2_021,5.0,4.156091370558376,4.527765366346759,4.403846153846154
fold_09,9,MOHLER_9_2,MOHLER_9_2_022,5.0,4.156091370558376,4.383073022332526,4.3828125
fold_09,9,MOHLER_9_2,MOHLER_9_2_023,5.0,4.156091370558376,4.390390396143221,4.3828125
fold_09,9,MOHLER_9_2,MOHLER_9_2_024,5.0,4.156091370558376,4.383073022332526,4.3828125
fold_09,9,MOHLER_9_2,MOHLER_9_2_025,5.0,4.156091370558376,4.383073022332526,4.3828125
fold_09,9,MOHLER_9_2,MOHLER_9_2_026,5.0,4.156091370558376,4.402437412089061,4.3828125
fold_09,9,MOHLER_9_2,MOHLER_9_2_027,2.5,4.156091370558376,4.348660764484746,4.3828125
fold_09,9,MOHLER_9_3,MOHLER_9_3_001,4.5,4.156091370558376,4.207849510458106,4.3828125
fold_09,9,MOHLER_9_3,MOHLER_9_3_002,3.0,4.156091370558376,3.8640673185205765,3.730769230769231
fold_09,9,MOHLER_9_3,MOHLER_9_3_003,3.0,4.156091370558376,3.909789343344903,3.730769230769231
fold_09,9,MOHLER_9_3,MOHLER_9_3_004,2.5,4.156091370558376,3.8169815566018124,3.730769230769231
fold_09,9,MOHLER_9_3,MOHLER_9_3_005,4.0,4.156091370558376,3.9926035299459883,4.3828125
fold_09,9,MOHLER_9_3,MOHLER_9_3_006,4.5,4.156091370558376,4.056986253182425,4.3828125
fold_09,9,MOHLER_9_3,MOHLER_9_3_007,4.0,4.156091370558376,4.329485522487094,4.3828125
fold_09,9,MOHLER_9_3,MOHLER_9_3_008,4.0,4.156091370558376,4.275234626409847,4.3828125
fold_09,9,MOHLER_9_3,MOHLER_9_3_009,4.5,4.156091370558376,4.23980409898754,4.3828125
fold_09,9,MOHLER_9_3,MOHLER_9_3_010,2.5,4.156091370558376,3.8195286516460465,3.730769230769231
fold_09,9,MOHLER_9_3,MOHLER_9_3_011,4.0,4.156091370558376,4.017323166049124,4.3828125
fold_09,9,MOHLER_9_3,MOHLER_9_3_012,3.5,4.156091370558376,3.839094499781175,3.730769230769231
fold_09,9,MOHLER_9_3,MOHLER_9_3_013,3.0,4.156091370558376,4.467833983286378,4.3828125
fold_09,9,MOHLER_9_3,MOHLER_9_3_014,3.5,4.156091370558376,3.9626863903281464,4.3828125
fold_09,9,MOHLER_9_3,MOHLER_9_3_015,4.0,4.156091370558376,3.723632360699199,3.730769230769231
fold_09,9,MOHLER_9_3,MOHLER_9_3_016,4.0,4.156091370558376,3.9917481145415374,4.3828125
fold_09,9,MOHLER_9_3,MOHLER_9_3_017,3.5,4.156091370558376,3.962871443988248,4.3828125
fold_09,9,MOHLER_9_3,MOHLER_9_3_018,3.0,4.156091370558376,4.112766516449239,4.3828125
fold_09,9,MOHLER_9_3,MOHLER_9_3_019,4.0,4.156091370558376,4.058512740171052,4.3828125
fold_09,9,MOHLER_9_3,MOHLER_9_3_020,5.0,4.156091370558376,4.030056092769085,4.3828125
fold_09,9,MOHLER_9_3,MOHLER_9_3_021,5.0,4.156091370558376,3.9610551057191405,4.3828125
fold_09,9,MOHLER_9_3,MOHLER_9_3_022,2.0,4.156091370558376,3.786195085027507,3.730769230769231
fold_09,9,MOHLER_9_3,MOHLER_9_3_023,3.0,4.156091370558376,3.893771728317139,3.730769230769231
fold_09,9,MOHLER_9_3,MOHLER_9_3_024,5.0,4.156091370558376,4.159005811877888,4.3828125
fold_09,9,MOHLER_9_3,MOHLER_9_3_025,1.5,4.156091370558376,3.967246993787099,4.3828125
fold_09,9,MOHLER_9_3,MOHLER_9_3_026,5.0,4.156091370558376,4.177792011630937,4.3828125
fold_09,9,MOHLER_9_3,MOHLER_9_3_027,5.0,4.156091370558376,3.809874422983207,3.730769230769231
fold_09,9,MOHLER_9_4,MOHLER_9_4_001,5.0,4.156091370558376,4.149644340181384,4.3828125
fold_09,9,MOHLER_9_4,MOHLER_9_4_002,2.0,4.156091370558376,3.9630253624760576,4.3828125
fold_09,9,MOHLER_9_4,MOHLER_9_4_003,5.0,4.156091370558376,4.598949079866162,4.403846153846154
fold_09,9,MOHLER_9_4,MOHLER_9_4_004,1.5,4.156091370558376,3.8379375884091322,3.730769230769231
fold_09,9,MOHLER_9_4,MOHLER_9_4_005,3.5,4.156091370558376,4.226440504147017,4.3828125
fold_09,9,MOHLER_9_4,MOHLER_9_4_006,5.0,4.156091370558376,3.8939755506979172,3.730769230769231
fold_09,9,MOHLER_9_4,MOHLER_9_4_007,5.0,4.156091370558376,4.129371712625171,4.3828125
fold_09,9,MOHLER_9_4,MOHLER_9_4_008,4.5,4.156091370558376,4.027784687104902,4.3828125
fold_09,9,MOHLER_9_4,MOHLER_9_4_009,4.5,4.156091370558376,3.8922304140994397,3.730769230769231
fold_09,9,MOHLER_9_4,MOHLER_9_4_010,2.5,4.156091370558376,3.89829515151132,3.730769230769231
fold_09,9,MOHLER_9_4,MOHLER_9_4_011,4.5,4.156091370558376,3.8656253144266515,3.730769230769231
fold_09,9,MOHLER_9_4,MOHLER_9_4_012,4.5,4.156091370558376,4.005077538709136,4.3828125
fold_09,9,MOHLER_9_4,MOHLER_9_4_013,4.5,4.156091370558376,3.8912444623340106,3.730769230769231
fold_09,9,MOHLER_9_4,MOHLER_9_4_014,3.0,4.156091370558376,3.7024947912944457,3.730769230769231
fold_09,9,MOHLER_9_4,MOHLER_9_4_015,4.5,4.156091370558376,4.094813082133964,4.3828125
fold_09,9,MOHLER_9_4,MOHLER_9_4_016,4.5,4.156091370558376,3.9288768507179626,3.730769230769231
fold_09,9,MOHLER_9_4,MOHLER_9_4_017,4.0,4.156091370558376,4.136526392351889,4.3828125
fold_09,9,MOHLER_9_4,MOHLER_9_4_018,3.0,4.156091370558376,4.126384131100359,4.3828125
fold_09,9,MOHLER_9_4,MOHLER_9_4_019,3.5,4.156091370558376,3.89554872729179,3.730769230769231
fold_09,9,MOHLER_9_4,MOHLER_9_4_020,4.5,4.156091370558376,3.876448562987676,3.730769230769231
fold_09,9,MOHLER_9_4,MOHLER_9_4_021,5.0,4.156091370558376,3.9825639750585005,4.3828125
fold_09,9,MOHLER_9_4,MOHLER_9_4_022,4.0,4.156091370558376,3.863678941816067,3.730769230769231
fold_09,9,MOHLER_9_4,MOHLER_9_4_023,3.5,4.156091370558376,4.092523647731088,4.3828125
fold_09,9,MOHLER_9_4,MOHLER_9_4_024,5.0,4.156091370558376,3.950963892014325,3.9458517645028413
fold_09,9,MOHLER_9_4,MOHLER_9_4_025,4.0,4.156091370558376,3.617904837492308,3.730769230769231
fold_09,9,MOHLER_9_4,MOHLER_9_4_026,4.5,4.156091370558376,4.137531345471047,4.3828125
fold_09,9,MOHLER_9_4,MOHLER_9_4_027,3.5,4.156091370558376,3.7755314091741496,3.730769230769231
fold_09,9,MOHLER_9_6,MOHLER_9_6_001,5.0,4.156091370558376,4.149891352038715,4.3828125
fold_09,9,MOHLER_9_6,MOHLER_9_6_002,5.0,4.156091370558376,4.009963369711511,4.3828125
fold_09,9,MOHLER_9_6,MOHLER_9_6_003,5.0,4.156091370558376,4.060747591115753,4.3828125
fold_09,9,MOHLER_9_6,MOHLER_9_6_004,5.0,4.156091370558376,4.281292919543979,4.3828125
fold_09,9,MOHLER_9_6,MOHLER_9_6_005,2.5,4.156091370558376,4.082287146462365,4.3828125
fold_09,9,MOHLER_9_6,MOHLER_9_6_006,4.5,4.156091370558376,4.270890719704331,4.3828125
fold_09,9,MOHLER_9_6,MOHLER_9_6_007,5.0,4.156091370558376,4.149891352038715,4.3828125
fold_09,9,MOHLER_9_6,MOHLER_9_6_008,5.0,4.156091370558376,3.7770905711444933,3.730769230769231
fold_09,9,MOHLER_9_6,MOHLER_9_6_009,5.0,4.156091370558376,4.388797454766121,4.3828125
fold_09,9,MOHLER_9_6,MOHLER_9_6_010,5.0,4.156091370558376,4.157606074995341,4.3828125
fold_09,9,MOHLER_9_6,MOHLER_9_6_011,5.0,4.156091370558376,4.149891352038715,4.3828125
fold_09,9,MOHLER_9_6,MOHLER_9_6_012,5.0,4.156091370558376,4.149891352038715,4.3828125
fold_09,9,MOHLER_9_6,MOHLER_9_6_013,5.0,4.156091370558376,4.149891352038715,4.3828125
fold_09,9,MOHLER_9_6,MOHLER_9_6_014,5.0,4.156091370558376,4.149891352038715,4.3828125
fold_09,9,MOHLER_9_6,MOHLER_9_6_015,5.0,4.156091370558376,4.482786171056035,4.3828125
fold_09,9,MOHLER_9_6,MOHLER_9_6_016,5.0,4.156091370558376,4.149891352038715,4.3828125
fold_09,9,MOHLER_9_6,MOHLER_9_6_017,5.0,4.156091370558376,4.149891352038715,4.3828125
fold_09,9,MOHLER_9_6,MOHLER_9_6_018,5.0,4.156091370558376,4.118720928639217,4.3828125
fold_09,9,MOHLER_9_6,MOHLER_9_6_019,5.0,4.156091370558376,4.149891352038715,4.3828125
fold_09,9,MOHLER_9_6,MOHLER_9_6_020,4.5,4.156091370558376,4.222277300976251,4.3828125
fold_09,9,MOHLER_9_6,MOHLER_9_6_021,5.0,4.156091370558376,4.24134327446883,4.3828125
fold_09,9,MOHLER_9_6,MOHLER_9_6_022,1.5,4.156091370558376,4.655022014381645,4.403846153846154
fold_09,9,MOHLER_9_6,MOHLER_9_6_023,5.0,4.156091370558376,4.149891352038715,4.3828125
fold_09,9,MOHLER_9_6,MOHLER_9_6_024,5.0,4.156091370558376,4.149891352038715,4.3828125
fold_09,9,MOHLER_9_6,MOHLER_9_6_025,5.0,4.156091370558376,4.149891352038715,4.3828125
fold_09,9,MOHLER_9_6,MOHLER_9_6_026,5.0,4.156091370558376,4.149891352038715,4.3828125
fold_09,9,MOHLER_9_6,MOHLER_9_6_027,5.0,4.156091370558376,4.149891352038715,4.3828125
fold_10,10,MOHLER_10_1,MOHLER_10_1_001,4.0,4.175069252077562,4.190647696380079,4.19108280254777
fold_10,10,MOHLER_10_1,MOHLER_10_1_002,5.0,4.175069252077562,4.080696731114856,4.19108280254777
fold_10,10,MOHLER_10_1,MOHLER_10_1_003,4.5,4.175069252077562,3.801964199786624,4.19108280254777
fold_10,10,MOHLER_10_1,MOHLER_10_1_004,4.5,4.175069252077562,4.047505260204309,4.19108280254777
fold_10,10,MOHLER_10_1,MOHLER_10_1_005,5.0,4.175069252077562,4.61937026437303,4.25
fold_10,10,MOHLER_10_1,MOHLER_10_1_006,3.0,4.175069252077562,4.168310134160275,4.19108280254777
fold_10,10,MOHLER_10_1,MOHLER_10_1_007,3.5,4.175069252077562,4.04185044332466,4.19108280254777
fold_10,10,MOHLER_10_1,MOHLER_10_1_008,4.0,4.175069252077562,3.8429382180058567,4.19108280254777
fold_10,10,MOHLER_10_1,MOHLER_10_1_009,3.5,4.175069252077562,3.801964199786624,4.19108280254777
fold_10,10,MOHLER_10_1,MOHLER_10_1_010,5.0,4.175069252077562,3.7577669440070762,4.19108280254777
fold_10,10,MOHLER_10_1,MOHLER_10_1_011,3.5,4.175069252077562,4.413476816800875,4.25
fold_10,10,MOHLER_10_1,MOHLER_10_1_012,3.0,4.175069252077562,4.356514767567145,4.201754385964913
fold_10,10,MOHLER_10_1,MOHLER_10_1_013,3.0,4.175069252077562,4.080798712096514,4.19108280254777
fold_10,10,MOHLER_10_1,MOHLER_10_1_014,4.5,4.175069252077562,4.134836352955038,4.19108280254777
fold_10,10,MOHLER_10_1,MOHLER_10_1_015,5.0,4.175069252077562,4.110260068521616,4.19108280254777
fold_10,10,MOHLER_10_1,MOHLER_10_1_016,5.0,4.175069252077562,4.002982436350141,4.19108280254777
fold_10,10,MOHLER_10_1,MOHLER_10_1_017,4.0,4.175069252077562,3.7723275173288897,4.19108280254777
fold_10,10,MOHLER_10_1,MOHLER_10_1_018,2.5,4.175069252077562,4.1723117697692755,4.19108280254777
fold_10,10,MOHLER_10_1,MOHLER_10_1_019,4.5,4.175069252077562,4.47680832153538,4.25
fold_10,10,MOHLER_10_1,MOHLER_10_1_020,4.5,4.175069252077562,4.16024959159725,4.19108280254777
fold_10,10,MOHLER_10_1,MOHLER_10_1_021,2.0,4.175069252077562,4.01864829950516,4.19108280254777
fold_10,10,MOHLER_10_1,MOHLER_10_1_022,4.0,4.175069252077562,3.815553613198066,4.19108280254777
fold_10,10,MOHLER_10_1,MOHLER_10_1_023,5.0,4.175069252077562,4.365760617672293,4.201754385964913
fold_10,10,MOHLER_10_1,MOHLER_10_1_024,4.0,4.175069252077562,4.293350379159949,4.201754385964913
fold_10,10,MOHLER_10_2,MOHLER_10_2_001,4.0,4.175069252077562,4.748471077115866,4.568181818181818
fold_10,10,MOHLER_10_2,MOHLER_10_2_002,4.5,4.175069252077562,5.0,4.568181818181818
fold_10,10,MOHLER_10_2,MOHLER_10_2_003,5.0,4.175069252077562,4.822094678519265,4.568181818181818
fold_10,10,MOHLER_10_2,MOHLER_10_2_004,5.0,4.175069252077562,4.81037569975578,4.568181818181818
fold_10,10,MOHLER_10_2,MOHLER_10_2_005,5.0,4.175069252077562,4.959787449186046,4.568181818181818
fold_10,10,MOHLER_10_2,MOHLER_10_2_006,5.0,4.175069252077562,4.890582317962344,4.568181818181818
fold_10,10,MOHLER_10_2,MOHLER_10_2_007,4.5,4.175069252077562,4.7502881663527186,4.568181818181818
fold_10,10,MOHLER_10_2,MOHLER_10_2_008,5.0,4.175069252077562,4.928132588441034,4.568181818181818
fold_10,10,MOHLER_10_2,MOHLER_10_2_009,4.5,4.175069252077562,4.872800656554624,4.568181818181818
fold_10,10,MOHLER_10_2,MOHLER_10_2_010,3.5,4.175069252077562,4.743681445357949,4.568181818181818
fold_10,10,MOHLER_10_2,MOHLER_10_2_011,5.0,4.175069252077562,4.707115533950421,4.25
fold_10,10,MOHLER_10_2,MOHLER_10_2_012,4.5,4.175069252077562,4.753064588785734,4.568181818181818
fold_10,10,MOHLER_10_2,MOHLER_10_2_013,3.0,4.175069252077562,4.806067972377203,4.568181818181818
fold_10,10,MOHLER_10_2,MOHLER_10_2_014,3.5,4.175069252077562,4.869901543175528,4.568181818181818
fold_10,10,MOHLER_10_2,MOHLER_10_2_015,5.0,4.175069252077562,4.702934317215747,4.25
fold_10,10,MOHLER_10_2,MOHLER_10_2_016,5.0,4.175069252077562,4.789621795921784,4.568181818181818
fold_10,10,MOHLER_10_2,MOHLER_10_2_017,4.5,4.175069252077562,4.941733558501893,4.568181818181818
fold_10,10,MOHLER_10_2,MOHLER_10_2_018,4.5,4.175069252077562,4.880764742674119,4.568181818181818
fold_10,10,MOHLER_10_2,MOHLER_10_2_019,4.5,4.175069252077562,4.590852416655037,4.25
fold_10,10,MOHLER_10_2,MOHLER_10_2_020,4.5,4.175069252077562,4.904961173127528,4.568181818181818
fold_10,10,MOHLER_10_2,MOHLER_10_2_021,5.0,4.175069252077562,4.713083116854942,4.25
fold_10,10,MOHLER_10_2,MOHLER_10_2_022,4.0,4.175069252077562,4.806874607114396,4.568181818181818
fold_10,10,MOHLER_10_2,MOHLER_10_2_023,4.5,4.175069252077562,4.785132572460898,4.568181818181818
fold_10,10,MOHLER_10_2,MOHLER_10_2_024,1.5,4.175069252077562,4.337626074426324,4.201754385964913
fold_10,10,MOHLER_10_3,MOHLER_10_3_001,5.0,4.175069252077562,4.93285065424124,4.568181818181818
fold_10,10,MOHLER_10_3,MOHLER_10_3_002,5.0,4.175069252077562,4.621612807158738,4.25
fold_10,10,MOHLER_10_3,MOHLER_10_3_003,5.0,4.175069252077562,4.551381768774749,4.25
fold_10,10,MOHLER_10_3,MOHLER_10_3_004,5.0,4.175069252077562,4.578873198726292,4.25
fold_10,10,MOHLER_10_3,MOHLER_10_3_005,5.0,4.175069252077562,4.631549962783894,4.25
fold_10,10,MOHLER_10_3,MOHLER_10_3_006,5.0,4.175069252077562,4.551381768774749,4.25
fold_10,10,MOHLER_10_3,MOHLER_10_3_007,3.0,4.175069252077562,4.995262907806203,4.568181818181818
fold_10,10,MOHLER_10_3,MOHLER_10_3_008,2.0,4.175069252077562,4.598187817674059,4.25
fold_10,10,MOHLER_10_3,MOHLER_10_3_009,4.0,4.175069252077562,4.488882963289824,4.25
fold_10,10,MOHLER_10_3,MOHLER_10_3_010,4.0,4.175069252077562,4.488882963289824,4.25
fold_10,10,MOHLER_10_3,MOHLER_10_3_011,5.0,4.175069252077562,4.621612807158738,4.25
fold_10,10,MOHLER_10_3,MOHLER_10_3_012,4.5,4.175069252077562,4.723058718614404,4.25
fold_10,10,MOHLER_10_3,MOHLER_10_3_013,5.0,4.175069252077562,4.686316616477591,4.25
fold_10,10,MOHLER_10_3,MOHLER_10_3_014,5.0,4.175069252077562,4.551381768774749,4.25
fold_10,10,MOHLER_10_3,MOHLER_10_3_015,5.0,4.175069252077562,4.551381768774749,4.25
fold_10,10,MOHLER_10_3,MOHLER_10_3_016,5.0,4.175069252077562,4.621612807158738,4.25
fold_10,10,MOHLER_10_3,MOHLER_10_3_017,4.0,4.175069252077562,4.879784976245867,4.568181818181818
fold_10,10,MOHLER_10_3,MOHLER_10_3_018,4.5,4.175069252077562,4.403517261855248,4.25
fold_10,10,MOHLER_10_3,MOHLER_10_3_019,5.0,4.175069252077562,4.621612807158738,4.25
fold_10,10,MOHLER_10_3,MOHLER_10_3_020,5.0,4.175069252077562,4.659850535016122,4.25
fold_10,10,MOHLER_10_3,MOHLER_10_3_021,5.0,4.175069252077562,4.551381768774749,4.25
fold_10,10,MOHLER_10_3,MOHLER_10_3_022,5.0,4.175069252077562,4.656370411199477,4.25
fold_10,10,MOHLER_10_3,MOHLER_10_3_023,5.0,4.175069252077562,4.621612807158738,4.25
fold_10,10,MOHLER_10_3,MOHLER_10_3_024,5.0,4.175069252077562,4.125119962981933,4.19108280254777
fold_10,10,MOHLER_10_4,MOHLER_10_4_001,4.5,4.175069252077562,4.410961341383395,4.25
fold_10,10,MOHLER_10_4,MOHLER_10_4_002,5.0,4.175069252077562,4.363011016861333,4.201754385964913
fold_10,10,MOHLER_10_4,MOHLER_10_4_003,5.0,4.175069252077562,4.431537034753967,4.25
fold_10,10,MOHLER_10_4,MOHLER_10_4_004,5.0,4.175069252077562,4.492120720654246,4.25
fold_10,10,MOHLER_10_4,MOHLER_10_4_005,5.0,4.175069252077562,4.427841075456936,4.25
fold_10,10,MOHLER_10_4,MOHLER_10_4_006,5.0,4.175069252077562,4.254129187128967,4.201754385964913
fold_10,10,MOHLER_10_4,MOHLER_10_4_007,5.0,4.175069252077562,4.276456553204605,4.201754385964913
fold_10,10,MOHLER_10_4,MOHLER_10_4_008,5.0,4.175069252077562,4.309013274064393,4.201754385964913
fold_10,10,MOHLER_10_4,MOHLER_10_4_009,5.0,4.175069252077562,4.54036859545986,4.25
fold_10,10,MOHLER_10_4,MOHLER_10_4_010,4.5,4.175069252077562,4.127622150886383,4.19108280254777
fold_10,10,MOHLER_10_4,MOHLER_10_4_011,4.5,4.175069252077562,4.464311458095563,4.25
fold_10,10,MOHLER_10_4,MOHLER_10_4_012,5.0,4.175069252077562,4.369163198740318,4.201754385964913
fold_10,10,MOHLER_10_4,MOHLER_10_4_013,2.0,4.175069252077562,4.390707923623841,4.2267390225200145
fold_10,10,MOHLER_10_4,MOHLER_10_4_014,5.0,4.175069252077562,4.281147228823744,4.201754385964913
fold_10,10,MOHLER_10_4,MOHLER_10_4_015,5.0,4.175069252077562,4.535189897295429,4.25
fold_10,10,MOHLER_10_4,MOHLER_10_4_016,5.0,4.175069252077562,4.50323889206592,4.25
fold_10,10,MOHLER_10_4,MOHLER_10_4_017,5.0,4.175069252077562,4.300372955651266,4.201754385964913
fold_10,10,MOHLER_10_4,MOHLER_10_4_018,5.0,4.175069252077562,4.128700513385993,4.19108280254777
fold_10,10,MOHLER_10_4,MOHLER_10_4_019,5.0,4.175069252077562,4.537556416197904,4.25
fold_10,10,MOHLER_10_4,MOHLER_10_4_020,4.5,4.175069252077562,4.480964204434169,4.25
fold_10,10,MOHLER_10_4,MOHLER_10_4_021,5.0,4.175069252077562,4.460803282324942,4.25
fold_10,10,MOHLER_10_4,MOHLER_10_4_022,4.5,4.175069252077562,4.375623977364378,4.201754385964913
fold_10,10,MOHLER_10_4,MOHLER_10_4_023,5.0,4.175069252077562,4.211313560228596,4.19108280254777
fold_10,10,MOHLER_10_4,MOHLER_10_4_024,4.5,4.175069252077562,4.623809645172151,4.25
fold_10,10,MOHLER_10_5,MOHLER_10_5_001,5.0,4.175069252077562,4.687216437094955,4.25
fold_10,10,MOHLER_10_5,MOHLER_10_5_002,5.0,4.175069252077562,4.21837104135779,4.19108280254777
fold_10,10,MOHLER_10_5,MOHLER_10_5_003,5.0,4.175069252077562,4.150940915546295,4.19108280254777
fold_10,10,MOHLER_10_5,MOHLER_10_5_004,5.0,4.175069252077562,4.127041015044348,4.19108280254777
fold_10,10,MOHLER_10_5,MOHLER_10_5_005,5.0,4.175069252077562,4.468723152257366,4.25
fold_10,10,MOHLER_10_5,MOHLER_10_5_006,4.5,4.175069252077562,4.3106747976206226,4.201754385964913
fold_10,10,MOHLER_10_5,MOHLER_10_5_007,4.0,4.175069252077562,4.171979734669872,4.19108280254777
fold_10,10,MOHLER_10_5,MOHLER_10_5_008,3.5,4.175069252077562,4.572245220278538,4.25
fold_10,10,MOHLER_10_5,MOHLER_10_5_009,5.0,4.175069252077562,4.419923318505893,4.25
fold_10,10,MOHLER_10_5,MOHLER_10_5_010,2.5,4.175069252077562,4.362352101062163,4.201754385964913
fold_10,10,MOHLER_10_5,MOHLER_10_5_011,4.5,4.175069252077562,4.451885280532615,4.25
fold_10,10,MOHLER_10_5,MOHLER_10_5_012,4.0,4.175069252077562,4.358055643138316,4.201754385964913
fold_10,10,MOHLER_10_5,MOHLER_10_5_013,3.5,4.175069252077562,4.437568549075809,4.25
fold_10,10,MOHLER_10_5,MOHLER_10_5_014,5.0,4.175069252077562,4.397621264275947,4.25
fold_10,10,MOHLER_10_5,MOHLER_10_5_015,5.0,4.175069252077562,4.093982731206572,4.19108280254777
fold_10,10,MOHLER_10_5,MOHLER_10_5_016,2.5,4.175069252077562,4.21803493372664,4.19108280254777
fold_10,10,MOHLER_10_5,MOHLER_10_5_017,5.0,4.175069252077562,4.293643827696395,4.201754385964913
fold_10,10,MOHLER_10_5,MOHLER_10_5_018,4.5,4.175069252077562,4.179221140684406,4.19108280254777
fold_10,10,MOHLER_10_5,MOHLER_10_5_019,5.0,4.175069252077562,4.439144653881102,4.25
fold_10,10,MOHLER_10_5,MOHLER_10_5_020,5.0,4.175069252077562,4.439069019780499,4.25
fold_10,10,MOHLER_10_5,MOHLER_10_5_021,5.0,4.175069252077562,4.425892484768039,4.25
fold_10,10,MOHLER_10_5,MOHLER_10_5_022,2.5,4.175069252077562,4.506799475605861,4.25
fold_10,10,MOHLER_10_5,MOHLER_10_5_023,5.0,4.175069252077562,4.691671398330921,4.25
fold_10,10,MOHLER_10_5,MOHLER_10_5_024,2.5,4.175069252077562,4.449986648417923,4.25
fold_10,10,MOHLER_10_6,MOHLER_10_6_001,5.0,4.175069252077562,3.9047355400490638,4.19108280254777
fold_10,10,MOHLER_10_6,MOHLER_10_6_002,2.5,4.175069252077562,3.80933019649945,4.19108280254777
fold_10,10,MOHLER_10_6,MOHLER_10_6_003,3.0,4.175069252077562,3.622632747604423,2.7399993969079137
fold_10,10,MOHLER_10_6,MOHLER_10_6_004,3.5,4.175069252077562,3.804342342450589,4.19108280254777
fold_10,10,MOHLER_10_6,MOHLER_10_6_005,5.0,4.175069252077562,3.8896717208784626,4.19108280254777
fold_10,10,MOHLER_10_6,MOHLER_10_6_006,5.0,4.175069252077562,4.113463945193923,4.19108280254777
fold_10,10,MOHLER_10_6,MOHLER_10_6_007,5.0,4.175069252077562,3.526242069162292,2.414395581467336
fold_10,10,MOHLER_10_6,MOHLER_10_6_008,4.5,4.175069252077562,4.112970253654597,4.19108280254777
fold_10,10,MOHLER_10_6,MOHLER_10_6_009,5.0,4.175069252077562,3.539693869880893,2.440042872918352
fold_10,10,MOHLER_10_6,MOHLER_10_6_010,1.5,4.175069252077562,3.571315138986,2.5
fold_10,10,MOHLER_10_6,MOHLER_10_6_011,1.5,4.175069252077562,3.847655177382633,4.19108280254777
fold_10,10,MOHLER_10_6,MOHLER_10_6_012,5.0,4.175069252077562,4.089042992985423,4.19108280254777
fold_10,10,MOHLER_10_6,MOHLER_10_6_013,2.0,4.175069252077562,3.824283565197736,4.19108280254777
fold_10,10,MOHLER_10_6,MOHLER_10_6_014,4.0,4.175069252077562,3.74290515850764,4.19108280254777
fold_10,10,MOHLER_10_6,MOHLER_10_6_015,3.5,4.175069252077562,3.5323960130293472,2.4261287311945177
fold_10,10,MOHLER_10_6,MOHLER_10_6_016,5.0,4.175069252077562,3.759442371128074,4.19108280254777
fold_10,10,MOHLER_10_6,MOHLER_10_6_017,5.0,4.175069252077562,3.7231758648118394,4.19108280254777
fold_10,10,MOHLER_10_6,MOHLER_10_6_018,5.0,4.175069252077562,3.8687065389067534,4.19108280254777
fold_10,10,MOHLER_10_6,MOHLER_10_6_019,5.0,4.175069252077562,4.304773315755424,4.201754385964913
fold_10,10,MOHLER_10_6,MOHLER_10_6_020,5.0,4.175069252077562,3.5040942052162665,2.3721683188484564
fold_10,10,MOHLER_10_6,MOHLER_10_6_021,5.0,4.175069252077562,3.4981510927466646,2.3608371416460403
fold_10,10,MOHLER_10_6,MOHLER_10_6_022,5.0,4.175069252077562,4.035547966389509,4.19108280254777
fold_10,10,MOHLER_10_6,MOHLER_10_6_023,4.0,4.175069252077562,3.5753618123592132,2.5
fold_10,10,MOHLER_10_6,MOHLER_10_6_024,2.0,4.175069252077562,3.814996769639912,4.19108280254777
fold_10,10,MOHLER_10_7,MOHLER_10_7_001,5.0,4.175069252077562,4.986189863394128,4.568181818181818
fold_10,10,MOHLER_10_7,MOHLER_10_7_002,5.0,4.175069252077562,5.0,4.568181818181818
fold_10,10,MOHLER_10_7,MOHLER_10_7_003,2.0,4.175069252077562,4.874143176158049,4.568181818181818
fold_10,10,MOHLER_10_7,MOHLER_10_7_004,5.0,4.175069252077562,5.0,4.568181818181818
fold_10,10,MOHLER_10_7,MOHLER_10_7_005,5.0,4.175069252077562,5.0,4.568181818181818
fold_10,10,MOHLER_10_7,MOHLER_10_7_006,5.0,4.175069252077562,5.0,4.568181818181818
fold_10,10,MOHLER_10_7,MOHLER_10_7_007,3.5,4.175069252077562,4.744978324482464,4.568181818181818
fold_10,10,MOHLER_10_7,MOHLER_10_7_008,5.0,4.175069252077562,5.0,4.568181818181818
fold_10,10,MOHLER_10_7,MOHLER_10_7_009,2.5,4.175069252077562,5.0,4.568181818181818
fold_10,10,MOHLER_10_7,MOHLER_10_7_010,5.0,4.175069252077562,5.0,4.568181818181818
fold_10,10,MOHLER_10_7,MOHLER_10_7_011,2.5,4.175069252077562,4.7738955056815335,4.568181818181818
fold_10,10,MOHLER_10_7,MOHLER_10_7_012,2.0,4.175069252077562,4.7738955056815335,4.568181818181818
fold_10,10,MOHLER_10_7,MOHLER_10_7_013,5.0,4.175069252077562,5.0,4.568181818181818
fold_10,10,MOHLER_10_7,MOHLER_10_7_014,4.5,4.175069252077562,5.0,4.568181818181818
fold_10,10,MOHLER_10_7,MOHLER_10_7_015,3.0,4.175069252077562,5.0,4.568181818181818
fold_10,10,MOHLER_10_7,MOHLER_10_7_016,1.5,4.175069252077562,4.980851729225312,4.568181818181818
fold_10,10,MOHLER_10_7,MOHLER_10_7_017,5.0,4.175069252077562,5.0,4.568181818181818
fold_10,10,MOHLER_10_7,MOHLER_10_7_018,5.0,4.175069252077562,5.0,4.568181818181818
fold_10,10,MOHLER_10_7,MOHLER_10_7_019,5.0,4.175069252077562,5.0,4.568181818181818
fold_10,10,MOHLER_10_7,MOHLER_10_7_020,5.0,4.175069252077562,5.0,4.568181818181818
fold_10,10,MOHLER_10_7,MOHLER_10_7_021,5.0,4.175069252077562,5.0,4.568181818181818
fold_10,10,MOHLER_10_7,MOHLER_10_7_022,1.5,4.175069252077562,5.0,4.568181818181818
fold_10,10,MOHLER_10_7,MOHLER_10_7_023,5.0,4.175069252077562,5.0,4.568181818181818
fold_10,10,MOHLER_10_7,MOHLER_10_7_024,1.0,4.175069252077562,5.0,4.568181818181818
fold_11,11,MOHLER_11_1,MOHLER_11_1_001,3.0,4.178384660081348,4.589135102123895,4.134020618556701
fold_11,11,MOHLER_11_1,MOHLER_11_1_002,3.0,4.178384660081348,4.706498964256509,4.326086956521739
fold_11,11,MOHLER_11_1,MOHLER_11_1_003,5.0,4.178384660081348,4.2870978723969895,4.134020618556701
fold_11,11,MOHLER_11_1,MOHLER_11_1_004,4.0,4.178384660081348,4.764007575765165,4.612903225806452
fold_11,11,MOHLER_11_1,MOHLER_11_1_005,5.0,4.178384660081348,4.940581166988872,4.612903225806452
fold_11,11,MOHLER_11_1,MOHLER_11_1_006,4.0,4.178384660081348,5.0,4.840909090909091
fold_11,11,MOHLER_11_1,MOHLER_11_1_007,5.0,4.178384660081348,4.7478634832354185,4.612903225806452
fold_11,11,MOHLER_11_1,MOHLER_11_1_008,2.5,4.178384660081348,4.0671330077762065,3.888888888888889
fold_11,11,MOHLER_11_1,MOHLER_11_1_009,4.5,4.178384660081348,4.486663556140952,4.134020618556701
fold_11,11,MOHLER_11_1,MOHLER_11_1_010,5.0,4.178384660081348,4.57502144177421,4.134020618556701
fold_11,11,MOHLER_11_1,MOHLER_11_1_011,4.0,4.178384660081348,4.761224206359895,4.612903225806452
fold_11,11,MOHLER_11_1,MOHLER_11_1_012,4.0,4.178384660081348,4.249250659968611,3.888888888888889
fold_11,11,MOHLER_11_1,MOHLER_11_1_013,4.0,4.178384660081348,4.2591081771936805,3.888888888888889
fold_11,11,MOHLER_11_1,MOHLER_11_1_014,1.5,4.178384660081348,4.546822955833615,4.134020618556701
fold_11,11,MOHLER_11_1,MOHLER_11_1_015,4.0,4.178384660081348,4.228040715518834,3.888888888888889
fold_11,11,MOHLER_11_1,MOHLER_11_1_016,3.0,4.178384660081348,4.265766086017141,3.9252865922553735
fold_11,11,MOHLER_11_1,MOHLER_11_1_017,5.0,4.178384660081348,4.567860341424154,4.134020618556701
fold_11,11,MOHLER_11_1,MOHLER_11_1_018,4.0,4.178384660081348,4.769523251457284,4.612903225806452
fold_11,11,MOHLER_11_1,MOHLER_11_1_019,5.0,4.178384660081348,4.784697610831942,4.612903225806452
fold_11,11,MOHLER_11_1,MOHLER_11_1_020,5.0,4.178384660081348,4.676803562164938,4.326086956521739
fold_11,11,MOHLER_11_1,MOHLER_11_1_021,5.0,4.178384660081348,4.940581166988872,4.612903225806452
fold_11,11,MOHLER_11_1,MOHLER_11_1_022,3.5,4.178384660081348,4.397382424812772,4.134020618556701
fold_11,11,MOHLER_11_1,MOHLER_11_1_023,4.5,4.178384660081348,4.23893000857232,3.888888888888889
fold_11,11,MOHLER_11_1,MOHLER_11_1_024,3.0,4.178384660081348,4.5159278625061825,4.134020618556701
fold_11,11,MOHLER_11_1,MOHLER_11_1_025,3.0,4.178384660081348,4.038078890938842,3.888888888888889
fold_11,11,MOHLER_11_1,MOHLER_11_1_026,4.0,4.178384660081348,4.209605270892869,3.888888888888889
fold_11,11,MOHLER_11_1,MOHLER_11_1_027,5.0,4.178384660081348,4.637961394317484,4.326086956521739
fold_11,11,MOHLER_11_1,MOHLER_11_1_028,3.0,4.178384660081348,4.832764829771344,4.612903225806452
fold_11,11,MOHLER_11_1,MOHLER_11_1_029,4.5,4.178384660081348,4.299657324824203,4.134020618556701
fold_11,11,MOHLER_11_1,MOHLER_11_1_030,2.5,4.178384660081348,4.343814682122944,4.134020618556701
fold_11,11,MOHLER_11_10,MOHLER_11_10_001,5.0,4.178384660081348,4.3018251709914415,4.134020618556701
fold_11,11,MOHLER_11_10,MOHLER_11_10_002,3.5,4.178384660081348,4.256173968869204,3.888888888888889
fold_11,11,MOHLER_11_10,MOHLER_11_10_003,5.0,4.178384660081348,4.109911923290114,3.888888888888889
fold_11,11,MOHLER_11_10,MOHLER_11_10_004,5.0,4.178384660081348,4.336865926429661,4.134020618556701
fold_11,11,MOHLER_11_10,MOHLER_11_10_005,5.0,4.178384660081348,4.272461567697861,4.093194801687078
fold_11,11,MOHLER_11_10,MOHLER_11_10_006,5.0,4.178384660081348,4.491764253225296,4.134020618556701
fold_11,11,MOHLER_11_10,MOHLER_11_10_007,5.0,4.178384660081348,4.235970136460211,3.888888888888889
fold_11,11,MOHLER_11_10,MOHLER_11_10_008,5.0,4.178384660081348,4.501054864388192,4.134020618556701
fold_11,11,MOHLER_11_10,MOHLER_11_10_009,3.5,4.178384660081348,4.376810054374894,4.134020618556701
fold_11,11,MOHLER_11_10,MOHLER_11_10_010,5.0,4.178384660081348,4.450030503439112,4.134020618556701
fold_11,11,MOHLER_11_10,MOHLER_11_10_011,5.0,4.178384660081348,3.9527827718386987,3.8639241195073755
fold_11,11,MOHLER_11_10,MOHLER_11_10_012,5.0,4.178384660081348,3.969280614851946,3.888888888888889
fold_11,11,MOHLER_11_10,MOHLER_11_10_013,5.0,4.178384660081348,4.390117494272581,4.134020618556701
fold_11,11,MOHLER_11_10,MOHLER_11_10_014,5.0,4.178384660081348,4.3367051582703695,4.134020618556701
fold_11,11,MOHLER_11_10,MOHLER_11_10_015,5.0,4.178384660081348,4.350327231943219,4.134020618556701
fold_11,11,MOHLER_11_10,MOHLER_11_10_016,5.0,4.178384660081348,4.259066165515483,3.888888888888889
fold_11,11,MOHLER_11_10,MOHLER_11_10_017,5.0,4.178384660081348,3.9912672767792907,3.888888888888889
fold_11,11,MOHLER_11_10,MOHLER_11_10_018,5.0,4.178384660081348,4.5770130695120885,4.134020618556701
fold_11,11,MOHLER_11_10,MOHLER_11_10_019,5.0,4.178384660081348,4.351536981768242,4.134020618556701
fold_11,11,MOHLER_11_10,MOHLER_11_10_020,5.0,4.178384660081348,4.058599948872793,3.888888888888889
fold_11,11,MOHLER_11_10,MOHLER_11_10_021,5.0,4.178384660081348,4.46353328120344,4.134020618556701
fold_11,11,MOHLER_11_10,MOHLER_11_10_022,5.0,4.178384660081348,4.370924468800656,4.134020618556701
fold_11,11,MOHLER_11_10,MOHLER_11_10_023,5.0,4.178384660081348,4.2411310923166265,3.888888888888889
fold_11,11,MOHLER_11_10,MOHLER_11_10_024,5.0,4.178384660081348,4.327021109217631,4.134020618556701
fold_11,11,MOHLER_11_10,MOHLER_11_10_025,5.0,4.178384660081348,4.237193195101908,3.888888888888889
fold_11,11,MOHLER_11_10,MOHLER_11_10_026,5.0,4.178384660081348,4.255652651523326,3.888888888888889
fold_11,11,MOHLER_11_10,MOHLER_11_10_027,5.0,4.178384660081348,4.1381799526791605,3.888888888888889
fold_11,11,MOHLER_11_10,MOHLER_11_10_028,5.0,4.178384660081348,4.3516201360882825,4.134020618556701
fold_11,11,MOHLER_11_10,MOHLER_11_10_029,5.0,4.178384660081348,4.239609028677568,3.888888888888889
fold_11,11,MOHLER_11_10,MOHLER_11_10_030,4.0,4.178384660081348,4.366100447743801,4.134020618556701
fold_11,11,MOHLER_11_2,MOHLER_11_2_001,5.0,4.178384660081348,3.675642493320741,1.9542728713544764
fold_11,11,MOHLER_11_2,MOHLER_11_2_002,5.0,4.178384660081348,3.869023695840088,3.5
fold_11,11,MOHLER_11_2,MOHLER_11_2_003,5.0,4.178384660081348,3.7162312887481592,2.5
fold_11,11,MOHLER_11_2,MOHLER_11_2_004,5.0,4.178384660081348,3.878394415795809,3.535958793290837
fold_11,11,MOHLER_11_2,MOHLER_11_2_005,5.0,4.178384660081348,3.8320124100154036,3.420499083485271
fold_11,11,MOHLER_11_2,MOHLER_11_2_006,5.0,4.178384660081348,3.8562772700987793,3.5
fold_11,11,MOHLER_11_2,MOHLER_11_2_007,5.0,4.178384660081348,3.675642493320741,1.9542728713544764
fold_11,11,MOHLER_11_2,MOHLER_11_2_008,5.0,4.178384660081348,3.857819200431992,3.5
fold_11,11,MOHLER_11_2,MOHLER_11_2_009,5.0,4.178384660081348,3.869023695840088,3.5
fold_11,11,MOHLER_11_2,MOHLER_11_2_010,5.0,4.178384660081348,3.8555904815301925,3.5
fold_11,11,MOHLER_11_2,MOHLER_11_2_011,5.0,4.178384660081348,3.9462307004221615,3.835037175987885
fold_11,11,MOHLER_11_2,MOHLER_11_2_012,5.0,4.178384660081348,3.675642493320741,1.9542728713544764
fold_11,11,MOHLER_11_2,MOHLER_11_2_013,0.5,4.178384660081348,3.8512720978635273,3.5
fold_11,11,MOHLER_11_2,MOHLER_11_2_014,5.0,4.178384660081348,3.830503539579085,3.4044744908370888
fold_11,11,MOHLER_11_2,MOHLER_11_2_015,4.5,4.178384660081348,3.853141230751321,3.5
fold_11,11,MOHLER_11_2,MOHLER_11_2_016,2.5,4.178384660081348,4.114361007586509,3.888888888888889
fold_11,11,MOHLER_11_2,MOHLER_11_2_017,5.0,4.178384660081348,3.869023695840088,3.5
fold_11,11,MOHLER_11_2,MOHLER_11_2_018,5.0,4.178384660081348,3.735886870003692,2.5
fold_11,11,MOHLER_11_2,MOHLER_11_2_019,5.0,4.178384660081348,3.8402468370827316,3.5
fold_11,11,MOHLER_11_2,MOHLER_11_2_020,5.0,4.178384660081348,3.9807868559315978,3.888888888888889
fold_11,11,MOHLER_11_2,MOHLER_11_2_021,5.0,4.178384660081348,3.878394415795809,3.535958793290837
fold_11,11,MOHLER_11_2,MOHLER_11_2_022,5.0,4.178384660081348,3.675642493320741,1.9542728713544764
fold_11,11,MOHLER_11_2,MOHLER_11_2_023,5.0,4.178384660081348,3.878394415795809,3.535958793290837
fold_11,11,MOHLER_11_2,MOHLER_11_2_024,5.0,4.178384660081348,4.233382042167361,3.888888888888889
fold_11,11,MOHLER_11_2,MOHLER_11_2_025,0.5,4.178384660081348,4.268486527280179,3.9935093793710688
fold_11,11,MOHLER_11_2,MOHLER_11_2_026,5.0,4.178384660081348,3.8320124100154036,3.420499083485271
fold_11,11,MOHLER_11_2,MOHLER_11_2_027,5.0,4.178384660081348,3.675642493320741,1.9542728713544764
fold_11,11,MOHLER_11_2,MOHLER_11_2_028,5.0,4.178384660081348,3.675642493320741,1.9542728713544764
fold_11,11,MOHLER_11_2,MOHLER_11_2_029,5.0,4.178384660081348,4.390248155873997,4.134020618556701
fold_11,11,MOHLER_11_2,MOHLER_11_2_030,5.0,4.178384660081348,3.878394415795809,3.535958793290837
fold_11,11,MOHLER_11_3,MOHLER_11_3_001,1.5,4.178384660081348,4.395149011014764,4.134020618556701
fold_11,11,MOHLER_11_3,MOHLER_11_3_002,3.5,4.178384660081348,4.35413238155936,4.134020618556701
fold_11,11,MOHLER_11_3,MOHLER_11_3_003,0.0,4.178384660081348,2.836409516286447,0.0
fold_11,11,MOHLER_11_3,MOHLER_11_3_004,2.5,4.178384660081348,3.9243581616733203,3.7386049561145
fold_11,11,MOHLER_11_3,MOHLER_11_3_005,2.5,4.178384660081348,3.954132173304907,3.869873395921104
fold_11,11,MOHLER_11_3,MOHLER_11_3_006,1.5,4.178384660081348,4.280957273796311,4.134020618556701
fold_11,11,MOHLER_11_3,MOHLER_11_3_007,5.0,4.178384660081348,4.330192657766707,4.134020618556701
fold_11,11,MOHLER_11_3,MOHLER_11_3_008,3.0,4.178384660081348,3.6150004072925066,0.8130777419246761
fold_11,11,MOHLER_11_3,MOHLER_11_3_009,3.5,4.178384660081348,4.244250070766282,3.888888888888889
fold_11,11,MOHLER_11_3,MOHLER_11_3_010,5.0,4.178384660081348,4.541487766498506,4.134020618556701
fold_11,11,MOHLER_11_3,MOHLER_11_3_011,2.5,4.178384660081348,4.205901695619746,3.888888888888889
fold_11,11,MOHLER_11_3,MOHLER_11_3_012,2.5,4.178384660081348,4.6071857932477895,4.134020618556701
fold_11,11,MOHLER_11_3,MOHLER_11_3_013,1.0,4.178384660081348,4.098234681916701,3.888888888888889
fold_11,11,MOHLER_11_3,MOHLER_11_3_014,5.0,4.178384660081348,4.306901896686874,4.134020618556701
fold_11,11,MOHLER_11_3,MOHLER_11_3_015,2.5,4.178384660081348,4.109258751576157,3.888888888888889
fold_11,11,MOHLER_11_3,MOHLER_11_3_016,5.0,4.178384660081348,4.359858336302606,4.134020618556701
fold_11,11,MOHLER_11_3,MOHLER_11_3_017,3.5,4.178384660081348,4.268696334299869,3.9987708859634634
fold_11,11,MOHLER_11_3,MOHLER_11_3_018,5.0,4.178384660081348,4.023108222994329,3.888888888888889
fold_11,11,MOHLER_11_3,MOHLER_11_3_019,2.5,4.178384660081348,4.4013353146424805,4.134020618556701
fold_11,11,MOHLER_11_3,MOHLER_11_3_020,4.5,4.178384660081348,4.198076770607804,3.888888888888889
fold_11,11,MOHLER_11_3,MOHLER_11_3_021,2.5,4.178384660081348,4.229405650347659,3.888888888888889
fold_11,11,MOHLER_11_3,MOHLER_11_3_022,1.0,4.178384660081348,4.314580796188015,4.134020618556701
fold_11,11,MOHLER_11_3,MOHLER_11_3_023,2.0,4.178384660081348,3.9908795220249296,3.888888888888889
fold_11,11,MOHLER_11_3,MOHLER_11_3_024,1.0,4.178384660081348,4.604597089317573,4.134020618556701
fold_11,11,MOHLER_11_3,MOHLER_11_3_025,5.0,4.178384660081348,3.914665706742596,3.6958726077700716
fold_11,11,MOHLER_11_3,MOHLER_11_3_026,1.5,4.178384660081348,4.233273798168266,3.888888888888889
fold_11,11,MOHLER_11_3,MOHLER_11_3_027,5.0,4.178384660081348,4.1703751255660935,3.888888888888889
fold_11,11,MOHLER_11_3,MOHLER_11_3_028,2.5,4.178384660081348,4.077202912253779,3.888888888888889
fold_11,11,MOHLER_11_3,MOHLER_11_3_029,1.0,4.178384660081348,4.211998388844146,3.888888888888889
fold_11,11,MOHLER_11_3,MOHLER_11_3_030,2.5,4.178384660081348,4.1373273373640265,3.888888888888889
fold_11,11,MOHLER_11_4,MOHLER_11_4_001,5.0,4.178384660081348,4.375864347424708,4.134020618556701
fold_11,11,MOHLER_11_4,MOHLER_11_4_002,4.0,4.178384660081348,4.779855127745809,4.612903225806452
fold_11,11,MOHLER_11_4,MOHLER_11_4_003,5.0,4.178384660081348,5.0,4.840909090909091
fold_11,11,MOHLER_11_4,MOHLER_11_4_004,3.0,4.178384660081348,5.0,4.840909090909091
fold_11,11,MOHLER_11_4,MOHLER_11_4_005,5.0,4.178384660081348,4.739887207338002,4.56441256679023
fold_11,11,MOHLER_11_4,MOHLER_11_4_006,2.5,4.178384660081348,4.562314410518991,4.134020618556701
fold_11,11,MOHLER_11_4,MOHLER_11_4_007,5.0,4.178384660081348,4.30963844353793,4.134020618556701
fold_11,11,MOHLER_11_4,MOHLER_11_4_008,5.0,4.178384660081348,4.319884274296825,4.134020618556701
fold_11,11,MOHLER_11_4,MOHLER_11_4_009,5.0,4.178384660081348,4.997782037106004,4.840909090909091
fold_11,11,MOHLER_11_4,MOHLER_11_4_010,5.0,4.178384660081348,4.66063241154141,4.326086956521739
fold_11,11,MOHLER_11_4,MOHLER_11_4_011,4.0,4.178384660081348,4.433407888507573,4.134020618556701
fold_11,11,MOHLER_11_4,MOHLER_11_4_012,5.0,4.178384660081348,4.849161721812106,4.612903225806452
fold_11,11,MOHLER_11_4,MOHLER_11_4_013,2.0,4.178384660081348,4.25076203223528,3.888888888888889
fold_11,11,MOHLER_11_4,MOHLER_11_4_014,3.5,4.178384660081348,4.586918450369282,4.134020618556701
fold_11,11,MOHLER_11_4,MOHLER_11_4_015,5.0,4.178384660081348,4.679390432026827,4.326086956521739
fold_11,11,MOHLER_11_4,MOHLER_11_4_016,5.0,4.178384660081348,4.540392876278583,4.134020618556701
fold_11,11,MOHLER_11_4,MOHLER_11_4_017,5.0,4.178384660081348,4.615253700256835,4.134020618556701
fold_11,11,MOHLER_11_4,MOHLER_11_4_018,4.5,4.178384660081348,4.33127200794057,4.134020618556701
fold_11,11,MOHLER_11_4,MOHLER_11_4_019,5.0,4.178384660081348,4.8523861228497704,4.612903225806452
fold_11,11,MOHLER_11_4,MOHLER_11_4_020,5.0,4.178384660081348,4.460506631384733,4.134020618556701
fold_11,11,MOHLER_11_4,MOHLER_11_4_021,5.0,4.178384660081348,4.178959694218769,3.888888888888889
fold_11,11,MOHLER_11_4,MOHLER_11_4_022,4.0,4.178384660081348,4.442776160054971,4.134020618556701
fold_11,11,MOHLER_11_4,MOHLER_11_4_023,5.0,4.178384660081348,4.6400634169172665,4.326086956521739
fold_11,11,MOHLER_11_4,MOHLER_11_4_024,5.0,4.178384660081348,4.3683485555922035,4.134020618556701
fold_11,11,MOHLER_11_4,MOHLER_11_4_025,5.0,4.178384660081348,4.529547184547546,4.134020618556701
fold_11,11,MOHLER_11_4,MOHLER_11_4_026,5.0,4.178384660081348,4.725324224919788,4.329892286322465
fold_11,11,MOHLER_11_4,MOHLER_11_4_027,5.0,4.178384660081348,4.608135344596584,4.134020618556701
fold_11,11,MOHLER_11_4,MOHLER_11_4_028,5.0,4.178384660081348,4.741057510442133,4.583223855658377
fold_11,11,MOHLER_11_4,MOHLER_11_4_029,5.0,4.178384660081348,4.425089312690883,4.134020618556701
fold_11,11,MOHLER_11_4,MOHLER_11_4_030,2.0,4.178384660081348,4.83670397915146,4.612903225806452
fold_11,11,MOHLER_11_5,MOHLER_11_5_001,5.0,4.178384660081348,4.660971177134071,4.326086956521739
fold_11,11,MOHLER_11_5,MOHLER_11_5_002,5.0,4.178384660081348,3.7088478779780196,2.5
fold_11,11,MOHLER_11_5,MOHLER_11_5_003,0.0,4.178384660081348,2.5311188935592894,0.0
fold_11,11,MOHLER_11_5,MOHLER_11_5_004,4.0,4.178384660081348,4.33709366315746,4.134020618556701
fold_11,11,MOHLER_11_5,MOHLER_11_5_005,5.0,4.178384660081348,4.331274005934045,4.134020618556701
fold_11,11,MOHLER_11_5,MOHLER_11_5_006,5.0,4.178384660081348,4.471971068607722,4.134020618556701
fold_11,11,MOHLER_11_5,MOHLER_11_5_007,5.0,4.178384660081348,4.7435474148419665,4.612903225806452
fold_11,11,MOHLER_11_5,MOHLER_11_5_008,5.0,4.178384660081348,4.291984105656752,4.134020618556701
fold_11,11,MOHLER_11_5,MOHLER_11_5_009,5.0,4.178384660081348,4.132965647335556,3.888888888888889
fold_11,11,MOHLER_11_5,MOHLER_11_5_010,5.0,4.178384660081348,3.730170808224721,2.5
fold_11,11,MOHLER_11_5,MOHLER_11_5_011,5.0,4.178384660081348,4.686446897380776,4.326086956521739
fold_11,11,MOHLER_11_5,MOHLER_11_5_012,5.0,4.178384660081348,4.106896345394329,3.888888888888889
fold_11,11,MOHLER_11_5,MOHLER_11_5_013,5.0,4.178384660081348,4.444729235430369,4.134020618556701
fold_11,11,MOHLER_11_5,MOHLER_11_5_014,5.0,4.178384660081348,4.230626884198088,3.888888888888889
fold_11,11,MOHLER_11_5,MOHLER_11_5_015,5.0,4.178384660081348,3.990314070036872,3.888888888888889
fold_11,11,MOHLER_11_5,MOHLER_11_5_016,4.5,4.178384660081348,4.204179150195722,3.888888888888889
fold_11,11,MOHLER_11_5,MOHLER_11_5_017,4.0,4.178384660081348,4.333535168507805,4.134020618556701
fold_11,11,MOHLER_11_5,MOHLER_11_5_018,5.0,4.178384660081348,4.2239623532814266,3.888888888888889
fold_11,11,MOHLER_11_5,MOHLER_11_5_019,5.0,4.178384660081348,4.2675561596657525,3.970177770429264
fold_11,11,MOHLER_11_5,MOHLER_11_5_020,5.0,4.178384660081348,3.963911780845791,3.888888888888889
fold_11,11,MOHLER_11_5,MOHLER_11_5_021,5.0,4.178384660081348,4.314212740619865,4.134020618556701
fold_11,11,MOHLER_11_5,MOHLER_11_5_022,5.0,4.178384660081348,4.437742253224784,4.134020618556701
fold_11,11,MOHLER_11_5,MOHLER_11_5_023,5.0,4.178384660081348,4.156772518693657,3.888888888888889
fold_11,11,MOHLER_11_5,MOHLER_11_5_024,5.0,4.178384660081348,4.034710382289292,3.888888888888889
fold_11,11,MOHLER_11_5,MOHLER_11_5_025,4.5,4.178384660081348,4.046277515099185,3.888888888888889
fold_11,11,MOHLER_11_5,MOHLER_11_5_026,5.0,4.178384660081348,4.276154886651748,4.134020618556701
fold_11,11,MOHLER_11_5,MOHLER_11_5_027,5.0,4.178384660081348,4.179526378242165,3.888888888888889
fold_11,11,MOHLER_11_5,MOHLER_11_5_028,5.0,4.178384660081348,4.038980991175251,3.888888888888889
fold_11,11,MOHLER_11_5,MOHLER_11_5_029,5.0,4.178384660081348,3.907803973324909,3.6656204183354095
fold_11,11,MOHLER_11_5,MOHLER_11_5_030,5.0,4.178384660081348,4.360728026901001,4.134020618556701
fold_11,11,MOHLER_11_6,MOHLER_11_6_001,5.0,4.178384660081348,4.168158021366988,3.888888888888889
fold_11,11,MOHLER_11_6,MOHLER_11_6_002,4.0,4.178384660081348,4.2812014902880815,4.134020618556701
fold_11,11,MOHLER_11_6,MOHLER_11_6_003,5.0,4.178384660081348,4.032436667386642,3.888888888888889
fold_11,11,MOHLER_11_6,MOHLER_11_6_004,5.0,4.178384660081348,4.406123477151649,4.134020618556701
fold_11,11,MOHLER_11_6,MOHLER_11_6_005,5.0,4.178384660081348,3.8160308816034876,3.2507711356561835
fold_11,11,MOHLER_11_6,MOHLER_11_6_006,5.0,4.178384660081348,4.16810349596365,3.888888888888889
fold_11,11,MOHLER_11_6,MOHLER_11_6_007,5.0,4.178384660081348,4.219836256270555,3.888888888888889
fold_11,11,MOHLER_11_6,MOHLER_11_6_008,5.0,4.178384660081348,4.219362231859602,3.888888888888889
fold_11,11,MOHLER_11_6,MOHLER_11_6_009,5.0,4.178384660081348,4.051931916463907,3.888888888888889
fold_11,11,MOHLER_11_6,MOHLER_11_6_010,5.0,4.178384660081348,3.9742114751213085,3.888888888888889
fold_11,11,MOHLER_11_6,MOHLER_11_6_011,5.0,4.178384660081348,4.167650027586728,3.888888888888889
fold_11,11,MOHLER_11_6,MOHLER_11_6_012,5.0,4.178384660081348,3.9965777801345626,3.888888888888889
fold_11,11,MOHLER_11_6,MOHLER_11_6_013,5.0,4.178384660081348,4.16810349596365,3.888888888888889
fold_11,11,MOHLER_11_6,MOHLER_11_6_014,5.0,4.178384660081348,4.105105595940165,3.888888888888889
fold_11,11,MOHLER_11_6,MOHLER_11_6_015,4.0,4.178384660081348,4.46530180688055,4.134020618556701
fold_11,11,MOHLER_11_6,MOHLER_11_6_016,5.0,4.178384660081348,3.876702767240971,3.5285006089775384
fold_11,11,MOHLER_11_6,MOHLER_11_6_017,5.0,4.178384660081348,4.10298920211357,3.888888888888889
fold_11,11,MOHLER_11_6,MOHLER_11_6_018,5.0,4.178384660081348,3.970970426591766,3.888888888888889
fold_11,11,MOHLER_11_6,MOHLER_11_6_019,5.0,4.178384660081348,4.16810349596365,3.888888888888889
fold_11,11,MOHLER_11_6,MOHLER_11_6_020,5.0,4.178384660081348,4.22764148050867,3.888888888888889
fold_11,11,MOHLER_11_6,MOHLER_11_6_021,5.0,4.178384660081348,3.9760060714100582,3.888888888888889
fold_11,11,MOHLER_11_6,MOHLER_11_6_022,5.0,4.178384660081348,4.167501448656155,3.888888888888889
fold_11,11,MOHLER_11_6,MOHLER_11_6_023,5.0,4.178384660081348,3.9575998703163346,3.8851618690380163
fold_11,11,MOHLER_11_6,MOHLER_11_6_024,5.0,4.178384660081348,3.707698002946824,2.5
fold_11,11,MOHLER_11_6,MOHLER_11_6_025,5.0,4.178384660081348,4.274224017126356,4.134020618556701
fold_11,11,MOHLER_11_6,MOHLER_11_6_026,5.0,4.178384660081348,4.376714363471745,4.134020618556701
fold_11,11,MOHLER_11_6,MOHLER_11_6_027,5.0,4.178384660081348,3.955572563667042,3.876223826554689
fold_11,11,MOHLER_11_6,MOHLER_11_6_028,5.0,4.178384660081348,4.083075740312403,3.888888888888889
fold_11,11,MOHLER_11_6,MOHLER_11_6_029,5.0,4.178384660081348,4.16810349596365,3.888888888888889
fold_11,11,MOHLER_11_6,MOHLER_11_6_030,3.0,4.178384660081348,4.173361257204427,3.888888888888889
fold_11,11,MOHLER_11_7,MOHLER_11_7_001,5.0,4.178384660081348,4.322118341713772,4.134020618556701
fold_11,11,MOHLER_11_7,MOHLER_11_7_002,3.0,4.178384660081348,4.584902910147345,4.134020618556701
fold_11,11,MOHLER_11_7,MOHLER_11_7_003,5.0,4.178384660081348,4.872595328293446,4.612903225806452
fold_11,11,MOHLER_11_7,MOHLER_11_7_004,2.5,4.178384660081348,4.270676621703579,4.048432214001239
fold_11,11,MOHLER_11_7,MOHLER_11_7_005,2.5,4.178384660081348,3.9499365769317043,3.85137574109436
fold_11,11,MOHLER_11_7,MOHLER_11_7_006,4.5,4.178384660081348,4.400445209740111,4.134020618556701
fold_11,11,MOHLER_11_7,MOHLER_11_7_007,4.0,4.178384660081348,4.622661279510562,4.135281049703781
fold_11,11,MOHLER_11_7,MOHLER_11_7_008,3.0,4.178384660081348,4.237446697499897,3.888888888888889
fold_11,11,MOHLER_11_7,MOHLER_11_7_009,2.5,4.178384660081348,4.129014712368923,3.888888888888889
fold_11,11,MOHLER_11_7,MOHLER_11_7_010,4.5,4.178384660081348,4.7510583940149305,4.612903225806452
fold_11,11,MOHLER_11_7,MOHLER_11_7_011,2.5,4.178384660081348,4.185478395511295,3.888888888888889
fold_11,11,MOHLER_11_7,MOHLER_11_7_012,3.0,4.178384660081348,4.471182468160587,4.134020618556701
fold_11,11,MOHLER_11_7,MOHLER_11_7_013,2.5,4.178384660081348,3.960835458384516,3.888888888888889
fold_11,11,MOHLER_11_7,MOHLER_11_7_014,3.0,4.178384660081348,4.234486282801892,3.888888888888889
fold_11,11,MOHLER_11_7,MOHLER_11_7_015,4.0,4.178384660081348,4.477734145619623,4.134020618556701
fold_11,11,MOHLER_11_7,MOHLER_11_7_016,5.0,4.178384660081348,4.792314986655335,4.612903225806452
fold_11,11,MOHLER_11_7,MOHLER_11_7_017,3.0,4.178384660081348,4.642009656128303,4.326086956521739
fold_11,11,MOHLER_11_7,MOHLER_11_7_018,5.0,4.178384660081348,4.668711222677434,4.326086956521739
fold_11,11,MOHLER_11_7,MOHLER_11_7_019,4.5,4.178384660081348,4.75379573407007,4.612903225806452
fold_11,11,MOHLER_11_7,MOHLER_11_7_020,4.5,4.178384660081348,4.708411354353716,4.326086956521739
fold_11,11,MOHLER_11_7,MOHLER_11_7_021,2.5,4.178384660081348,4.385651798020452,4.134020618556701
fold_11,11,MOHLER_11_7,MOHLER_11_7_022,2.5,4.178384660081348,4.7811240090797575,4.612903225806452
fold_11,11,MOHLER_11_7,MOHLER_11_7_023,2.5,4.178384660081348,3.9732831100274795,3.888888888888889
fold_11,11,MOHLER_11_7,MOHLER_11_7_024,4.0,4.178384660081348,4.556557277663091,4.134020618556701
fold_11,11,MOHLER_11_7,MOHLER_11_7_025,4.5,4.178384660081348,4.433278166122258,4.134020618556701
fold_11,11,MOHLER_11_7,MOHLER_11_7_026,2.0,4.178384660081348,4.098482487195218,3.888888888888889
fold_11,11,MOHLER_11_7,MOHLER_11_7_027,2.5,4.178384660081348,3.9051852128524094,3.6540747587949416
fold_11,11,MOHLER_11_7,MOHLER_11_7_028,3.5,4.178384660081348,4.175695040471263,3.888888888888889
fold_11,11,MOHLER_11_7,MOHLER_11_7_029,4.5,4.178384660081348,4.739696598632016,4.561348749035298
fold_11,11,MOHLER_11_7,MOHLER_11_7_030,3.0,4.178384660081348,4.204274583365587,3.888888888888889
fold_11,11,MOHLER_11_8,MOHLER_11_8_001,5.0,4.178384660081348,3.9977741261150026,3.888888888888889
fold_11,11,MOHLER_11_8,MOHLER_11_8_002,2.0,4.178384660081348,3.568041123508377,0.0
fold_11,11,MOHLER_11_8,MOHLER_11_8_003,5.0,4.178384660081348,4.482336250822121,4.134020618556701
fold_11,11,MOHLER_11_8,MOHLER_11_8_004,5.0,4.178384660081348,4.065239763280362,3.888888888888889
fold_11,11,MOHLER_11_8,MOHLER_11_8_005,2.0,4.178384660081348,4.015407154832,3.888888888888889
fold_11,11,MOHLER_11_8,MOHLER_11_8_006,2.0,4.178384660081348,4.016302223109262,3.888888888888889
fold_11,11,MOHLER_11_8,MOHLER_11_8_007,4.0,4.178384660081348,4.023005302004316,3.888888888888889
fold_11,11,MOHLER_11_8,MOHLER_11_8_008,5.0,4.178384660081348,4.0033750006224,3.888888888888889
fold_11,11,MOHLER_11_8,MOHLER_11_8_009,3.0,4.178384660081348,4.168139084789982,3.888888888888889
fold_11,11,MOHLER_11_8,MOHLER_11_8_010,3.5,4.178384660081348,4.010501370953106,3.888888888888889
fold_11,11,MOHLER_11_8,MOHLER_11_8_011,2.0,4.178384660081348,3.9493482198452443,3.8487817770110375
fold_11,11,MOHLER_11_8,MOHLER_11_8_012,2.0,4.178384660081348,3.6007989895535304,0.5458278859884543
fold_11,11,MOHLER_11_8,MOHLER_11_8_013,2.0,4.178384660081348,3.8879054868384477,3.5778914516139917
fold_11,11,MOHLER_11_8,MOHLER_11_8_014,5.0,4.178384660081348,4.094158894824574,3.888888888888889
fold_11,11,MOHLER_11_8,MOHLER_11_8_015,5.0,4.178384660081348,3.99556550209721,3.888888888888889
fold_11,11,MOHLER_11_8,MOHLER_11_8_016,4.0,4.178384660081348,3.958295135725495,3.88822717332557
fold_11,11,MOHLER_11_8,MOHLER_11_8_017,4.0,4.178384660081348,3.9109552643584085,3.6795139125162595
fold_11,11,MOHLER_11_8,MOHLER_11_8_018,3.5,4.178384660081348,4.2400044483153065,3.888888888888889
fold_11,11,MOHLER_11_8,MOHLER_11_8_019,5.0,4.178384660081348,3.9884032145116386,3.888888888888889
fold_11,11,MOHLER_11_8,MOHLER_11_8_020,5.0,4.178384660081348,3.7647672082109898,2.7063377211023054
fold_11,11,MOHLER_11_8,MOHLER_11_8_021,2.0,4.178384660081348,4.2657254633158646,3.92426786270627
fold_11,11,MOHLER_11_8,MOHLER_11_8_022,2.0,4.178384660081348,3.7010873455107633,2.43310767553313
fold_11,11,MOHLER_11_8,MOHLER_11_8_023,2.0,4.178384660081348,4.12978106960022,3.888888888888889
fold_11,11,MOHLER_11_8,MOHLER_11_8_024,3.0,4.178384660081348,4.029536323819209,3.888888888888889
fold_11,11,MOHLER_11_8,MOHLER_11_8_025,2.0,4.178384660081348,4.311458850513261,4.134020618556701
fold_11,11,MOHLER_11_8,MOHLER_11_8_026,5.0,4.178384660081348,4.144456208567154,3.888888888888889
fold_11,11,MOHLER_11_8,MOHLER_11_8_027,5.0,4.178384660081348,3.922851044736865,3.7319603396179875
fold_11,11,MOHLER_11_8,MOHLER_11_8_028,5.0,4.178384660081348,4.060116416635367,3.888888888888889
fold_11,11,MOHLER_11_8,MOHLER_11_8_029,5.0,4.178384660081348,3.9799780669332474,3.888888888888889
fold_11,11,MOHLER_11_8,MOHLER_11_8_030,1.5,4.178384660081348,3.964450446094799,3.888888888888889
fold_11,11,MOHLER_11_9,MOHLER_11_9_001,4.0,4.178384660081348,4.602189295447278,4.134020618556701
fold_11,11,MOHLER_11_9,MOHLER_11_9_002,5.0,4.178384660081348,4.275207056331723,4.134020618556701
fold_11,11,MOHLER_11_9,MOHLER_11_9_003,4.5,4.178384660081348,4.383238945162533,4.134020618556701
fold_11,11,MOHLER_11_9,MOHLER_11_9_004,4.0,4.178384660081348,4.3555520875482125,4.134020618556701
fold_11,11,MOHLER_11_9,MOHLER_11_9_005,4.5,4.178384660081348,4.0583535614401,3.888888888888889
fold_11,11,MOHLER_11_9,MOHLER_11_9_006,3.5,4.178384660081348,4.235195378313373,3.888888888888889
fold_11,11,MOHLER_11_9,MOHLER_11_9_007,4.5,4.178384660081348,4.435825339922454,4.134020618556701
fold_11,11,MOHLER_11_9,MOHLER_11_9_008,4.5,4.178384660081348,4.443299982259545,4.134020618556701
fold_11,11,MOHLER_11_9,MOHLER_11_9_009,4.5,4.178384660081348,4.375237106362308,4.134020618556701
fold_11,11,MOHLER_11_9,MOHLER_11_9_010,4.5,4.178384660081348,4.511142490648536,4.134020618556701
fold_11,11,MOHLER_11_9,MOHLER_11_9_011,4.0,4.178384660081348,4.276075072259766,4.134020618556701
fold_11,11,MOHLER_11_9,MOHLER_11_9_012,4.5,4.178384660081348,4.407439365244635,4.134020618556701
fold_11,11,MOHLER_11_9,MOHLER_11_9_013,5.0,4.178384660081348,4.370404022494718,4.134020618556701
fold_11,11,MOHLER_11_9,MOHLER_11_9_014,4.5,4.178384660081348,4.474807357687258,4.134020618556701
fold_11,11,MOHLER_11_9,MOHLER_11_9_015,5.0,4.178384660081348,4.314265429662762,4.134020618556701
fold_11,11,MOHLER_11_9,MOHLER_11_9_016,4.5,4.178384660081348,4.372335070919585,4.134020618556701
fold_11,11,MOHLER_11_9,MOHLER_11_9_017,4.5,4.178384660081348,4.5443876756026595,4.134020618556701
fold_11,11,MOHLER_11_9,MOHLER_11_9_018,4.5,4.178384660081348,4.366679806780825,4.134020618556701
fold_11,11,MOHLER_11_9,MOHLER_11_9_019,4.5,4.178384660081348,4.3693572454949905,4.134020618556701
fold_11,11,MOHLER_11_9,MOHLER_11_9_020,5.0,4.178384660081348,4.141585365854184,3.888888888888889
fold_11,11,MOHLER_11_9,MOHLER_11_9_021,4.5,4.178384660081348,4.547822187750098,4.134020618556701
fold_11,11,MOHLER_11_9,MOHLER_11_9_022,4.5,4.178384660081348,4.526196304226017,4.134020618556701
fold_11,11,MOHLER_11_9,MOHLER_11_9_023,4.5,4.178384660081348,4.561932759296475,4.134020618556701
fold_11,11,MOHLER_11_9,MOHLER_11_9_024,5.0,4.178384660081348,4.147822114049859,3.888888888888889
fold_11,11,MOHLER_11_9,MOHLER_11_9_025,5.0,4.178384660081348,4.685872912835072,4.326086956521739
fold_11,11,MOHLER_11_9,MOHLER_11_9_026,3.0,4.178384660081348,4.262275093186508,3.888888888888889
fold_11,11,MOHLER_11_9,MOHLER_11_9_027,3.0,4.178384660081348,4.492664747523384,4.134020618556701
fold_11,11,MOHLER_11_9,MOHLER_11_9_028,3.0,4.178384660081348,3.7578998293944617,2.633404389355062
fold_11,11,MOHLER_11_9,MOHLER_11_9_029,5.0,4.178384660081348,4.326015466746618,4.134020618556701
fold_11,11,MOHLER_11_9,MOHLER_11_9_030,3.5,4.178384660081348,4.293282768349524,4.134020618556701
fold_12,12,MOHLER_12_1,MOHLER_12_1_001,5.0,4.208195819581958,5.0,4.006060606060606
fold_12,12,MOHLER_12_1,MOHLER_12_1_002,5.0,4.208195819581958,4.813854045426024,4.006060606060606
fold_12,12,MOHLER_12_1,MOHLER_12_1_003,5.0,4.208195819581958,4.978545513277611,4.006060606060606
fold_12,12,MOHLER_12_1,MOHLER_12_1_004,5.0,4.208195819581958,4.69439638214656,4.006060606060606
fold_12,12,MOHLER_12_1,MOHLER_12_1_005,5.0,4.208195819581958,4.538087209994351,4.006060606060606
fold_12,12,MOHLER_12_1,MOHLER_12_1_006,5.0,4.208195819581958,4.974117998065796,4.006060606060606
fold_12,12,MOHLER_12_1,MOHLER_12_1_007,5.0,4.208195819581958,4.890145670020056,4.006060606060606
fold_12,12,MOHLER_12_1,MOHLER_12_1_008,5.0,4.208195819581958,4.430160071516313,4.006060606060606
fold_12,12,MOHLER_12_1,MOHLER_12_1_009,5.0,4.208195819581958,5.0,4.006060606060606
fold_12,12,MOHLER_12_1,MOHLER_12_1_010,5.0,4.208195819581958,4.99147093735644,4.006060606060606
fold_12,12,MOHLER_12_1,MOHLER_12_1_011,5.0,4.208195819581958,4.257573817279673,4.006060606060606
fold_12,12,MOHLER_12_1,MOHLER_12_1_012,5.0,4.208195819581958,4.659204333130439,4.006060606060606
fold_12,12,MOHLER_12_1,MOHLER_12_1_013,4.0,4.208195819581958,4.9539406835418,4.006060606060606
fold_12,12,MOHLER_12_1,MOHLER_12_1_014,5.0,4.208195819581958,4.248428119870681,4.006060606060606
fold_12,12,MOHLER_12_1,MOHLER_12_1_015,3.5,4.208195819581958,4.729724349412099,4.006060606060606
fold_12,12,MOHLER_12_1,MOHLER_12_1_016,5.0,4.208195819581958,4.766452582435258,4.006060606060606
fold_12,12,MOHLER_12_1,MOHLER_12_1_017,5.0,4.208195819581958,4.641298781551635,4.006060606060606
fold_12,12,MOHLER_12_1,MOHLER_12_1_018,5.0,4.208195819581958,4.996577419993453,4.006060606060606
fold_12,12,MOHLER_12_1,MOHLER_12_1_019,5.0,4.208195819581958,5.0,4.006060606060606
fold_12,12,MOHLER_12_1,MOHLER_12_1_020,5.0,4.208195819581958,4.2226124090855714,4.006060606060606
fold_12,12,MOHLER_12_1,MOHLER_12_1_021,5.0,4.208195819581958,4.72927132261823,4.006060606060606
fold_12,12,MOHLER_12_1,MOHLER_12_1_022,5.0,4.208195819581958,4.9346830782863895,4.006060606060606
fold_12,12,MOHLER_12_1,MOHLER_12_1_023,5.0,4.208195819581958,4.907422936072465,4.006060606060606
fold_12,12,MOHLER_12_1,MOHLER_12_1_024,5.0,4.208195819581958,4.665386583822569,4.006060606060606
fold_12,12,MOHLER_12_1,MOHLER_12_1_025,5.0,4.208195819581958,4.704014942979967,4.006060606060606
fold_12,12,MOHLER_12_1,MOHLER_12_1_026,5.0,4.208195819581958,5.0,4.006060606060606
fold_12,12,MOHLER_12_1,MOHLER_12_1_027,5.0,4.208195819581958,5.0,4.006060606060606
fold_12,12,MOHLER_12_1,MOHLER_12_1_028,3.0,4.208195819581958,4.594497772949429,4.006060606060606
fold_12,12,MOHLER_12_10,MOHLER_12_10_001,5.0,4.208195819581958,4.503719693211989,4.006060606060606
fold_12,12,MOHLER_12_10,MOHLER_12_10_002,5.0,4.208195819581958,4.428053021969681,4.006060606060606
fold_12,12,MOHLER_12_10,MOHLER_12_10_003,5.0,4.208195819581958,4.297670807903035,4.006060606060606
fold_12,12,MOHLER_12_10,MOHLER_12_10_004,5.0,4.208195819581958,4.126596499243141,4.006060606060606
fold_12,12,MOHLER_12_10,MOHLER_12_10_005,1.5,4.208195819581958,4.227983061002485,4.006060606060606
fold_12,12,MOHLER_12_10,MOHLER_12_10_006,5.0,4.208195819581958,4.428053021969681,4.006060606060606
fold_12,12,MOHLER_12_10,MOHLER_12_10_007,2.0,4.208195819581958,4.414480954080676,4.006060606060606
fold_12,12,MOHLER_12_10,MOHLER_12_10_008,2.0,4.208195819581958,4.2286954381610435,4.006060606060606
fold_12,12,MOHLER_12_10,MOHLER_12_10_009,3.5,4.208195819581958,4.357404488116483,4.006060606060606
fold_12,12,MOHLER_12_10,MOHLER_12_10_010,1.5,4.208195819581958,4.282693357351496,4.006060606060606
fold_12,12,MOHLER_12_10,MOHLER_12_10_011,5.0,4.208195819581958,4.428053021969681,4.006060606060606
fold_12,12,MOHLER_12_10,MOHLER_12_10_012,5.0,4.208195819581958,4.428053021969681,4.006060606060606
fold_12,12,MOHLER_12_10,MOHLER_12_10_013,5.0,4.208195819581958,4.428053021969681,4.006060606060606
fold_12,12,MOHLER_12_10,MOHLER_12_10_014,5.0,4.208195819581958,4.3468845171886645,4.006060606060606
fold_12,12,MOHLER_12_10,MOHLER_12_10_015,4.0,4.208195819581958,4.161248964119314,4.006060606060606
fold_12,12,MOHLER_12_10,MOHLER_12_10_016,5.0,4.208195819581958,4.17181640441372,4.006060606060606
fold_12,12,MOHLER_12_10,MOHLER_12_10_017,5.0,4.208195819581958,4.428053021969681,4.006060606060606
fold_12,12,MOHLER_12_10,MOHLER_12_10_018,5.0,4.208195819581958,4.201817748469468,4.006060606060606
fold_12,12,MOHLER_12_10,MOHLER_12_10_019,1.5,4.208195819581958,4.144963851568203,4.006060606060606
fold_12,12,MOHLER_12_10,MOHLER_12_10_020,5.0,4.208195819581958,4.823518676345386,4.006060606060606
fold_12,12,MOHLER_12_10,MOHLER_12_10_021,5.0,4.208195819581958,4.265804693182502,4.006060606060606
fold_12,12,MOHLER_12_10,MOHLER_12_10_022,5.0,4.208195819581958,4.034058383552703,4.006060606060606
fold_12,12,MOHLER_12_10,MOHLER_12_10_023,2.5,4.208195819581958,4.803323146305534,4.006060606060606
fold_12,12,MOHLER_12_10,MOHLER_12_10_024,5.0,4.208195819581958,4.428053021969681,4.006060606060606
fold_12,12,MOHLER_12_10,MOHLER_12_10_025,1.5,4.208195819581958,4.279755514517091,4.006060606060606
fold_12,12,MOHLER_12_10,MOHLER_12_10_026,2.5,4.208195819581958,4.279755514517091,4.006060606060606
fold_12,12,MOHLER_12_10,MOHLER_12_10_027,5.0,4.208195819581958,4.3223592383315195,4.006060606060606
fold_12,12,MOHLER_12_10,MOHLER_12_10_028,1.5,4.208195819581958,4.079493806517025,4.006060606060606
fold_12,12,MOHLER_12_2,MOHLER_12_2_001,4.5,4.208195819581958,3.7538291880898766,3.75
fold_12,12,MOHLER_12_2,MOHLER_12_2_002,0.0,4.208195819581958,2.589659069219864,2.5
fold_12,12,MOHLER_12_2,MOHLER_12_2_003,2.5,4.208195819581958,4.116772495162303,4.006060606060606
fold_12,12,MOHLER_12_2,MOHLER_12_2_004,4.5,4.208195819581958,4.13704616230927,4.006060606060606
fold_12,12,MOHLER_12_2,MOHLER_12_2_005,5.0,4.208195819581958,4.306677749349542,4.006060606060606
fold_12,12,MOHLER_12_2,MOHLER_12_2_006,4.5,4.208195819581958,3.9171005268269923,4.006060606060606
fold_12,12,MOHLER_12_2,MOHLER_12_2_007,4.5,4.208195819581958,4.22725670596809,4.006060606060606
fold_12,12,MOHLER_12_2,MOHLER_12_2_008,0.0,4.208195819581958,2.589659069219864,2.5
fold_12,12,MOHLER_12_2,MOHLER_12_2_009,3.0,4.208195819581958,3.983689496599584,4.006060606060606
fold_12,12,MOHLER_12_2,MOHLER_12_2_010,5.0,4.208195819581958,3.9584658542833058,4.006060606060606
fold_12,12,MOHLER_12_2,MOHLER_12_2_011,3.5,4.208195819581958,4.089151323891569,4.006060606060606
fold_12,12,MOHLER_12_2,MOHLER_12_2_012,2.5,4.208195819581958,4.233096614916436,4.006060606060606
fold_12,12,MOHLER_12_2,MOHLER_12_2_013,5.0,4.208195819581958,4.123003099510922,4.006060606060606
fold_12,12,MOHLER_12_2,MOHLER_12_2_014,4.0,4.208195819581958,4.02592035197519,4.006060606060606
fold_12,12,MOHLER_12_2,MOHLER_12_2_015,4.5,4.208195819581958,4.043896924738641,4.006060606060606
fold_12,12,MOHLER_12_2,MOHLER_12_2_016,3.0,4.208195819581958,4.27518759206031,4.006060606060606
fold_12,12,MOHLER_12_2,MOHLER_12_2_017,2.5,4.208195819581958,4.3384932864738435,4.006060606060606
fold_12,12,MOHLER_12_2,MOHLER_12_2_018,3.5,4.208195819581958,3.7081074424074183,3.75
fold_12,12,MOHLER_12_2,MOHLER_12_2_019,2.5,4.208195819581958,4.304277598060853,4.006060606060606
fold_12,12,MOHLER_12_2,MOHLER_12_2_020,5.0,4.208195819581958,3.967365714889027,4.006060606060606
fold_12,12,MOHLER_12_2,MOHLER_12_2_021,4.0,4.208195819581958,4.01230617121596,4.006060606060606
fold_12,12,MOHLER_12_2,MOHLER_12_2_022,3.5,4.208195819581958,4.444890877774129,4.006060606060606
fold_12,12,MOHLER_12_2,MOHLER_12_2_023,4.0,4.208195819581958,4.561949833436297,4.006060606060606
fold_12,12,MOHLER_12_2,MOHLER_12_2_024,5.0,4.208195819581958,3.733068571697388,3.75
fold_12,12,MOHLER_12_2,MOHLER_12_2_025,2.5,4.208195819581958,3.813052857261636,4.006060606060606
fold_12,12,MOHLER_12_2,MOHLER_12_2_026,5.0,4.208195819581958,3.8224111064077197,4.006060606060606
fold_12,12,MOHLER_12_2,MOHLER_12_2_027,5.0,4.208195819581958,4.187676575231135,4.006060606060606
fold_12,12,MOHLER_12_2,MOHLER_12_2_028,4.5,4.208195819581958,4.110564031717283,4.006060606060606
fold_12,12,MOHLER_12_4,MOHLER_12_4_001,5.0,4.208195819581958,4.98650153980415,4.006060606060606
fold_12,12,MOHLER_12_4,MOHLER_12_4_002,5.0,4.208195819581958,4.8067944823309015,4.006060606060606
fold_12,12,MOHLER_12_4,MOHLER_12_4_003,4.0,4.208195819581958,4.815057122498716,4.006060606060606
fold_12,12,MOHLER_12_4,MOHLER_12_4_004,2.0,4.208195819581958,4.907203433790245,4.006060606060606
fold_12,12,MOHLER_12_4,MOHLER_12_4_005,5.0,4.208195819581958,4.818017322492336,4.006060606060606
fold_12,12,MOHLER_12_4,MOHLER_12_4_006,5.0,4.208195819581958,4.8095976613417735,4.006060606060606
fold_12,12,MOHLER_12_4,MOHLER_12_4_007,5.0,4.208195819581958,5.0,4.006060606060606
fold_12,12,MOHLER_12_4,MOHLER_12_4_008,5.0,4.208195819581958,4.662691379121189,4.006060606060606
fold_12,12,MOHLER_12_4,MOHLER_12_4_009,2.0,4.208195819581958,4.847407631729872,4.006060606060606
fold_12,12,MOHLER_12_4,MOHLER_12_4_010,2.5,4.208195819581958,4.423761057051736,4.006060606060606
fold_12,12,MOHLER_12_4,MOHLER_12_4_011,2.0,4.208195819581958,4.592807638867769,4.006060606060606
fold_12,12,MOHLER_12_4,MOHLER_12_4_012,4.5,4.208195819581958,4.6520105580240845,4.006060606060606
fold_12,12,MOHLER_12_4,MOHLER_12_4_013,4.5,4.208195819581958,4.65449064192124,4.006060606060606
fold_12,12,MOHLER_12_4,MOHLER_12_4_014,5.0,4.208195819581958,4.799326848300594,4.006060606060606
fold_12,12,MOHLER_12_4,MOHLER_12_4_015,4.5,4.208195819581958,4.339697305458537,4.006060606060606
fold_12,12,MOHLER_12_4,MOHLER_12_4_016,3.0,4.208195819581958,5.0,4.006060606060606
fold_12,12,MOHLER_12_4,MOHLER_12_4_017,4.5,4.208195819581958,4.882710371004805,4.006060606060606
fold_12,12,MOHLER_12_4,MOHLER_12_4_018,2.5,4.208195819581958,5.0,4.006060606060606
fold_12,12,MOHLER_12_4,MOHLER_12_4_019,4.5,4.208195819581958,4.653905376355382,4.006060606060606
fold_12,12,MOHLER_12_4,MOHLER_12_4_020,2.5,4.208195819581958,5.0,4.006060606060606
fold_12,12,MOHLER_12_4,MOHLER_12_4_021,4.5,4.208195819581958,4.80308799835598,4.006060606060606
fold_12,12,MOHLER_12_4,MOHLER_12_4_022,5.0,4.208195819581958,4.5849335987458195,4.006060606060606
fold_12,12,MOHLER_12_4,MOHLER_12_4_023,3.0,4.208195819581958,5.0,4.006060606060606
fold_12,12,MOHLER_12_4,MOHLER_12_4_024,4.5,4.208195819581958,4.659899048948256,4.006060606060606
fold_12,12,MOHLER_12_4,MOHLER_12_4_025,4.5,4.208195819581958,4.8313287215546135,4.006060606060606
fold_12,12,MOHLER_12_4,MOHLER_12_4_026,3.0,4.208195819581958,4.800800075530184,4.006060606060606
fold_12,12,MOHLER_12_4,MOHLER_12_4_027,4.0,4.208195819581958,4.733662480457278,4.006060606060606
fold_12,12,MOHLER_12_4,MOHLER_12_4_028,4.0,4.208195819581958,4.7374487910752014,4.006060606060606
fold_12,12,MOHLER_12_5,MOHLER_12_5_001,5.0,4.208195819581958,4.552691064171389,4.006060606060606
fold_12,12,MOHLER_12_5,MOHLER_12_5_002,5.0,4.208195819581958,4.61857304248337,4.006060606060606
fold_12,12,MOHLER_12_5,MOHLER_12_5_003,5.0,4.208195819581958,4.621976640204082,4.006060606060606
fold_12,12,MOHLER_12_5,MOHLER_12_5_004,5.0,4.208195819581958,4.770029859977938,4.006060606060606
fold_12,12,MOHLER_12_5,MOHLER_12_5_005,5.0,4.208195819581958,5.0,4.006060606060606
fold_12,12,MOHLER_12_5,MOHLER_12_5_006,5.0,4.208195819581958,4.360216936297573,4.006060606060606
fold_12,12,MOHLER_12_5,MOHLER_12_5_007,5.0,4.208195819581958,4.585587184007081,4.006060606060606
fold_12,12,MOHLER_12_5,MOHLER_12_5_008,5.0,4.208195819581958,4.611552522946864,4.006060606060606
fold_12,12,MOHLER_12_5,MOHLER_12_5_009,5.0,4.208195819581958,4.527244363649556,4.006060606060606
fold_12,12,MOHLER_12_5,MOHLER_12_5_010,5.0,4.208195819581958,4.56388161408795,4.006060606060606
fold_12,12,MOHLER_12_5,MOHLER_12_5_011,5.0,4.208195819581958,4.704420896234584,4.006060606060606
fold_12,12,MOHLER_12_5,MOHLER_12_5_012,4.5,4.208195819581958,4.557702856834601,4.006060606060606
fold_12,12,MOHLER_12_5,MOHLER_12_5_013,5.0,4.208195819581958,4.575447366920922,4.006060606060606
fold_12,12,MOHLER_12_5,MOHLER_12_5_014,5.0,4.208195819581958,4.61820503500372,4.006060606060606
fold_12,12,MOHLER_12_5,MOHLER_12_5_015,5.0,4.208195819581958,4.543900885761973,4.006060606060606
fold_12,12,MOHLER_12_5,MOHLER_12_5_016,5.0,4.208195819581958,4.49079378837884,4.006060606060606
fold_12,12,MOHLER_12_5,MOHLER_12_5_017,5.0,4.208195819581958,4.498589440001084,4.006060606060606
fold_12,12,MOHLER_12_5,MOHLER_12_5_018,5.0,4.208195819581958,4.91182628437226,4.006060606060606
fold_12,12,MOHLER_12_5,MOHLER_12_5_019,5.0,4.208195819581958,4.881523920689985,4.006060606060606
fold_12,12,MOHLER_12_5,MOHLER_12_5_020,5.0,4.208195819581958,4.438419314120035,4.006060606060606
fold_12,12,MOHLER_12_5,MOHLER_12_5_021,5.0,4.208195819581958,4.681738890472797,4.006060606060606
fold_12,12,MOHLER_12_5,MOHLER_12_5_022,5.0,4.208195819581958,5.0,4.006060606060606
fold_12,12,MOHLER_12_5,MOHLER_12_5_023,5.0,4.208195819581958,4.589699466414642,4.006060606060606
fold_12,12,MOHLER_12_5,MOHLER_12_5_024,5.0,4.208195819581958,4.362152198996237,4.006060606060606
fold_12,12,MOHLER_12_5,MOHLER_12_5_025,5.0,4.208195819581958,4.480333705866877,4.006060606060606
fold_12,12,MOHLER_12_5,MOHLER_12_5_026,5.0,4.208195819581958,4.483525929509733,4.006060606060606
fold_12,12,MOHLER_12_5,MOHLER_12_5_027,5.0,4.208195819581958,4.462637649184562,4.006060606060606
fold_12,12,MOHLER_12_5,MOHLER_12_5_028,5.0,4.208195819581958,4.614747933758832,4.006060606060606
fold_12,12,MOHLER_12_6,MOHLER_12_6_001,5.0,4.208195819581958,5.0,4.006060606060606
fold_12,12,MOHLER_12_6,MOHLER_12_6_002,5.0,4.208195819581958,4.95175387816233,4.006060606060606
fold_12,12,MOHLER_12_6,MOHLER_12_6_003,4.5,4.208195819581958,5.0,4.006060606060606
fold_12,12,MOHLER_12_6,MOHLER_12_6_004,5.0,4.208195819581958,5.0,4.006060606060606
fold_12,12,MOHLER_12_6,MOHLER_12_6_005,5.0,4.208195819581958,5.0,4.006060606060606
fold_12,12,MOHLER_12_6,MOHLER_12_6_006,5.0,4.208195819581958,5.0,4.006060606060606
fold_12,12,MOHLER_12_6,MOHLER_12_6_007,5.0,4.208195819581958,5.0,4.006060606060606
fold_12,12,MOHLER_12_6,MOHLER_12_6_008,5.0,4.208195819581958,4.715371301082726,4.006060606060606
fold_12,12,MOHLER_12_6,MOHLER_12_6_009,3.5,4.208195819581958,4.738454731572997,4.006060606060606
fold_12,12,MOHLER_12_6,MOHLER_12_6_010,4.0,4.208195819581958,5.0,4.006060606060606
fold_12,12,MOHLER_12_6,MOHLER_12_6_011,2.5,4.208195819581958,4.963331754654376,4.006060606060606
fold_12,12,MOHLER_12_6,MOHLER_12_6_012,5.0,4.208195819581958,4.877749885800589,4.006060606060606
fold_12,12,MOHLER_12_6,MOHLER_12_6_013,5.0,4.208195819581958,5.0,4.006060606060606
fold_12,12,MOHLER_12_6,MOHLER_12_6_014,5.0,4.208195819581958,5.0,4.006060606060606
fold_12,12,MOHLER_12_6,MOHLER_12_6_015,5.0,4.208195819581958,4.861927278966095,4.006060606060606
fold_12,12,MOHLER_12_6,MOHLER_12_6_016,5.0,4.208195819581958,4.992447846709976,4.006060606060606
fold_12,12,MOHLER_12_6,MOHLER_12_6_017,5.0,4.208195819581958,5.0,4.006060606060606
fold_12,12,MOHLER_12_6,MOHLER_12_6_018,5.0,4.208195819581958,5.0,4.006060606060606
fold_12,12,MOHLER_12_6,MOHLER_12_6_019,5.0,4.208195819581958,5.0,4.006060606060606
fold_12,12,MOHLER_12_6,MOHLER_12_6_020,5.0,4.208195819581958,4.78035442365529,4.006060606060606
fold_12,12,MOHLER_12_6,MOHLER_12_6_021,5.0,4.208195819581958,4.902875825805732,4.006060606060606
fold_12,12,MOHLER_12_6,MOHLER_12_6_022,5.0,4.208195819581958,5.0,4.006060606060606
fold_12,12,MOHLER_12_6,MOHLER_12_6_023,5.0,4.208195819581958,5.0,4.006060606060606
fold_12,12,MOHLER_12_6,MOHLER_12_6_024,5.0,4.208195819581958,4.933827950958244,4.006060606060606
fold_12,12,MOHLER_12_6,MOHLER_12_6_025,5.0,4.208195819581958,4.998559501147515,4.006060606060606
fold_12,12,MOHLER_12_6,MOHLER_12_6_026,5.0,4.208195819581958,5.0,4.006060606060606
fold_12,12,MOHLER_12_6,MOHLER_12_6_027,5.0,4.208195819581958,4.661058068040883,4.006060606060606
fold_12,12,MOHLER_12_6,MOHLER_12_6_028,1.5,4.208195819581958,4.986713754687392,4.006060606060606
fold_12,12,MOHLER_12_7,MOHLER_12_7_001,5.0,4.208195819581958,4.239616441263308,4.006060606060606
fold_12,12,MOHLER_12_7,MOHLER_12_7_002,5.0,4.208195819581958,4.892858867586763,4.006060606060606
fold_12,12,MOHLER_12_7,MOHLER_12_7_003,5.0,4.208195819581958,4.239616441263308,4.006060606060606
fold_12,12,MOHLER_12_7,MOHLER_12_7_004,5.0,4.208195819581958,4.412216184028334,4.006060606060606
fold_12,12,MOHLER_12_7,MOHLER_12_7_005,5.0,4.208195819581958,4.239616441263308,4.006060606060606
fold_12,12,MOHLER_12_7,MOHLER_12_7_006,5.0,4.208195819581958,4.634695405688655,4.006060606060606
fold_12,12,MOHLER_12_7,MOHLER_12_7_007,5.0,4.208195819581958,4.239616441263308,4.006060606060606
fold_12,12,MOHLER_12_7,MOHLER_12_7_008,5.0,4.208195819581958,4.239616441263308,4.006060606060606
fold_12,12,MOHLER_12_7,MOHLER_12_7_009,5.0,4.208195819581958,4.239616441263308,4.006060606060606
fold_12,12,MOHLER_12_7,MOHLER_12_7_010,5.0,4.208195819581958,4.498548468181271,4.006060606060606
fold_12,12,MOHLER_12_7,MOHLER_12_7_011,5.0,4.208195819581958,4.22856331349405,4.006060606060606
fold_12,12,MOHLER_12_7,MOHLER_12_7_012,4.5,4.208195819581958,4.233471854937102,4.006060606060606
fold_12,12,MOHLER_12_7,MOHLER_12_7_013,5.0,4.208195819581958,4.239616441263308,4.006060606060606
fold_12,12,MOHLER_12_7,MOHLER_12_7_014,5.0,4.208195819581958,4.652764853439651,4.006060606060606
fold_12,12,MOHLER_12_7,MOHLER_12_7_015,5.0,4.208195819581958,4.392320049549724,4.006060606060606
fold_12,12,MOHLER_12_7,MOHLER_12_7_016,5.0,4.208195819581958,3.9594920276318537,4.006060606060606
fold_12,12,MOHLER_12_7,MOHLER_12_7_017,5.0,4.208195819581958,4.239616441263308,4.006060606060606
fold_12,12,MOHLER_12_7,MOHLER_12_7_018,5.0,4.208195819581958,4.717599104953656,4.006060606060606
fold_12,12,MOHLER_12_7,MOHLER_12_7_019,5.0,4.208195819581958,4.558353093438376,4.006060606060606
fold_12,12,MOHLER_12_7,MOHLER_12_7_020,5.0,4.208195819581958,4.239616441263308,4.006060606060606
fold_12,12,MOHLER_12_7,MOHLER_12_7_021,5.0,4.208195819581958,4.593815014912382,4.006060606060606
fold_12,12,MOHLER_12_7,MOHLER_12_7_022,5.0,4.208195819581958,4.471433796442865,4.006060606060606
fold_12,12,MOHLER_12_7,MOHLER_12_7_023,5.0,4.208195819581958,4.421945637081598,4.006060606060606
fold_12,12,MOHLER_12_7,MOHLER_12_7_024,5.0,4.208195819581958,4.569769447246427,4.006060606060606
fold_12,12,MOHLER_12_7,MOHLER_12_7_025,5.0,4.208195819581958,4.348862863521138,4.006060606060606
fold_12,12,MOHLER_12_7,MOHLER_12_7_026,5.0,4.208195819581958,4.239616441263308,4.006060606060606
fold_12,12,MOHLER_12_7,MOHLER_12_7_027,5.0,4.208195819581958,4.4187693109350565,4.006060606060606
fold_12,12,MOHLER_12_7,MOHLER_12_7_028,5.0,4.208195819581958,4.239616441263308,4.006060606060606
fold_12,12,MOHLER_12_8,MOHLER_12_8_001,4.0,4.208195819581958,5.0,4.006060606060606
fold_12,12,MOHLER_12_8,MOHLER_12_8_002,5.0,4.208195819581958,4.985094936331778,4.006060606060606
fold_12,12,MOHLER_12_8,MOHLER_12_8_003,3.0,4.208195819581958,4.44925035829126,4.006060606060606
fold_12,12,MOHLER_12_8,MOHLER_12_8_004,2.0,4.208195819581958,4.570922535970122,4.006060606060606
fold_12,12,MOHLER_12_8,MOHLER_12_8_005,4.5,4.208195819581958,4.972861282500986,4.006060606060606
fold_12,12,MOHLER_12_8,MOHLER_12_8_006,1.5,4.208195819581958,4.721930440854856,4.006060606060606
fold_12,12,MOHLER_12_8,MOHLER_12_8_007,4.0,4.208195819581958,4.509470410589876,4.006060606060606
fold_12,12,MOHLER_12_8,MOHLER_12_8_008,4.0,4.208195819581958,5.0,4.006060606060606
fold_12,12,MOHLER_12_8,MOHLER_12_8_009,3.0,4.208195819581958,5.0,4.006060606060606
fold_12,12,MOHLER_12_8,MOHLER_12_8_010,4.0,4.208195819581958,4.797692091720217,4.006060606060606
fold_12,12,MOHLER_12_8,MOHLER_12_8_011,2.0,4.208195819581958,4.882834733949056,4.006060606060606
fold_12,12,MOHLER_12_8,MOHLER_12_8_012,3.0,4.208195819581958,4.970819511245204,4.006060606060606
fold_12,12,MOHLER_12_8,MOHLER_12_8_013,3.5,4.208195819581958,4.411060170546938,4.006060606060606
fold_12,12,MOHLER_12_8,MOHLER_12_8_014,4.5,4.208195819581958,5.0,4.006060606060606
fold_12,12,MOHLER_12_8,MOHLER_12_8_015,3.0,4.208195819581958,4.564343516483458,4.006060606060606
fold_12,12,MOHLER_12_8,MOHLER_12_8_016,3.5,4.208195819581958,4.968157541282868,4.006060606060606
fold_12,12,MOHLER_12_8,MOHLER_12_8_017,4.5,4.208195819581958,5.0,4.006060606060606
fold_12,12,MOHLER_12_8,MOHLER_12_8_018,3.5,4.208195819581958,5.0,4.006060606060606
fold_12,12,MOHLER_12_8,MOHLER_12_8_019,4.0,4.208195819581958,4.985218842773747,4.006060606060606
fold_12,12,MOHLER_12_8,MOHLER_12_8_020,5.0,4.208195819581958,5.0,4.006060606060606
fold_12,12,MOHLER_12_8,MOHLER_12_8_021,4.0,4.208195819581958,4.688772476121277,4.006060606060606
fold_12,12,MOHLER_12_8,MOHLER_12_8_022,4.5,4.208195819581958,4.8052563401634805,4.006060606060606
fold_12,12,MOHLER_12_8,MOHLER_12_8_023,0.0,4.208195819581958,3.5440151442397845,3.5
fold_12,12,MOHLER_12_8,MOHLER_12_8_024,5.0,4.208195819581958,4.77859769267349,4.006060606060606
fold_12,12,MOHLER_12_8,MOHLER_12_8_025,5.0,4.208195819581958,4.87334770139714,4.006060606060606
fold_12,12,MOHLER_12_8,MOHLER_12_8_026,5.0,4.208195819581958,5.0,4.006060606060606
fold_12,12,MOHLER_12_8,MOHLER_12_8_027,1.5,4.208195819581958,4.672241731677978,4.006060606060606
fold_12,12,MOHLER_12_8,MOHLER_12_8_028,3.5,4.208195819581958,4.455508617421594,4.006060606060606
fold_12,12,MOHLER_12_9,MOHLER_12_9_001,4.5,4.208195819581958,4.877390799624727,4.006060606060606
fold_12,12,MOHLER_12_9,MOHLER_12_9_002,3.5,4.208195819581958,4.523654957066748,4.006060606060606
fold_12,12,MOHLER_12_9,MOHLER_12_9_003,3.5,4.208195819581958,4.49666609959322,4.006060606060606
fold_12,12,MOHLER_12_9,MOHLER_12_9_004,3.5,4.208195819581958,4.556869706372311,4.006060606060606
fold_12,12,MOHLER_12_9,MOHLER_12_9_005,2.0,4.208195819581958,4.380478698823641,4.006060606060606
fold_12,12,MOHLER_12_9,MOHLER_12_9_006,5.0,4.208195819581958,4.383834759846994,4.006060606060606
fold_12,12,MOHLER_12_9,MOHLER_12_9_007,4.0,4.208195819581958,4.789210893460578,4.006060606060606
fold_12,12,MOHLER_12_9,MOHLER_12_9_008,4.5,4.208195819581958,4.44550437227609,4.006060606060606
fold_12,12,MOHLER_12_9,MOHLER_12_9_009,2.0,4.208195819581958,4.68541437314709,4.006060606060606
fold_12,12,MOHLER_12_9,MOHLER_12_9_010,4.5,4.208195819581958,4.344395614557196,4.006060606060606
fold_12,12,MOHLER_12_9,MOHLER_12_9_011,1.5,4.208195819581958,4.56451012909181,4.006060606060606
fold_12,12,MOHLER_12_9,MOHLER_12_9_012,5.0,4.208195819581958,4.899037448511567,4.006060606060606
fold_12,12,MOHLER_12_9,MOHLER_12_9_013,5.0,4.208195819581958,4.9136527973989415,4.006060606060606
fold_12,12,MOHLER_12_9,MOHLER_12_9_014,4.0,4.208195819581958,4.647069791171959,4.006060606060606
fold_12,12,MOHLER_12_9,MOHLER_12_9_015,3.5,4.208195819581958,4.2204197528240135,4.006060606060606
fold_12,12,MOHLER_12_9,MOHLER_12_9_016,5.0,4.208195819581958,4.746928854731666,4.006060606060606
fold_12,12,MOHLER_12_9,MOHLER_12_9_017,2.0,4.208195819581958,4.652565240935795,4.006060606060606
fold_12,12,MOHLER_12_9,MOHLER_12_9_018,4.5,4.208195819581958,4.802072394570415,4.006060606060606
fold_12,12,MOHLER_12_9,MOHLER_12_9_019,1.5,4.208195819581958,4.576626543965973,4.006060606060606
fold_12,12,MOHLER_12_9,MOHLER_12_9_020,3.0,4.208195819581958,4.453988289228027,4.006060606060606
fold_12,12,MOHLER_12_9,MOHLER_12_9_021,5.0,4.208195819581958,4.629699868742338,4.006060606060606
fold_12,12,MOHLER_12_9,MOHLER_12_9_022,4.5,4.208195819581958,4.4867282709319,4.006060606060606
fold_12,12,MOHLER_12_9,MOHLER_12_9_023,0.0,4.208195819581958,3.3435852097405356,2.5
fold_12,12,MOHLER_12_9,MOHLER_12_9_024,1.5,4.208195819581958,4.552771948824125,4.006060606060606
fold_12,12,MOHLER_12_9,MOHLER_12_9_025,4.0,4.208195819581958,4.5261526199132796,4.006060606060606
fold_12,12,MOHLER_12_9,MOHLER_12_9_026,4.0,4.208195819581958,4.555240251203169,4.006060606060606
fold_12,12,MOHLER_12_9,MOHLER_12_9_027,4.0,4.208195819581958,4.567295344203705,4.006060606060606
fold_12,12,MOHLER_12_9,MOHLER_12_9_028,3.0,4.208195819581958,4.492302404740537,4.006060606060606
