fold_id,test_unit,question_id,student_id,teacher_score,route,single,avg,selected,3wd_core,3wd
fold_01,1,MOHLER_1_1,MOHLER_1_1_002,5.0,POS,5.0,5.0,5.0,5.0,5.0
fold_01,1,MOHLER_1_1,MOHLER_1_1_001,3.5,BND,1.0,1.7,1.7,1.7,2.3
fold_01,1,MOHLER_1_1,MOHLER_1_1_003,4.0,POS,5.0,5.0,5.0,5.0,5.0
fold_01,1,MOHLER_1_1,MOHLER_1_1_004,5.0,POS,5.0,5.0,5.0,5.0,5.0
fold_01,1,MOHLER_1_1,MOHLER_1_1_006,2.0,BND,1.0,0.5,0.5,0.5,0.5
fold_01,1,MOHLER_1_1,MOHLER_1_1_005,3.0,BND,2.0,2.3,2.3,2.3,2.9
fold_01,1,MOHLER_1_1,MOHLER_1_1_008,5.0,POS,5.0,5.0,5.0,5.0,5.0
fold_01,1,MOHLER_1_1,MOHLER_1_1_007,2.5,BND,0.0,0.3,0.3,0.3,0.3
fold_01,1,MOHLER_1_1,MOHLER_1_1_009,3.5,BND,2.0,2.7,2.7,2.7,3.3
fold_01,1,MOHLER_1_1,MOHLER_1_1_010,5.0,POS,5.0,5.0,5.0,5.0,5.0
fold_01,1,MOHLER_1_1,MOHLER_1_1_012,5.0,POS,5.0,5.0,5.0,5.0,5.0
fold_01,1,MOHLER_1_1,MOHLER_1_1_011,5.0,BND,5.0,5.0,5.0,5.0,5.0
fold_01,1,MOHLER_1_1,MOHLER_1_1_013,2.0,POS,1.0,1.0,1.0,1.0,1.0
fold_01,1,MOHLER_1_1,MOHLER_1_1_014,4.5,BND,2.0,3.0,3.0,3.0,3.6
fold_01,1,MOHLER_1_1,MOHLER_1_1_015,2.0,BND,1.0,1.5,1.5,1.5,2.1
fold_01,1,MOHLER_1_1,MOHLER_1_1_017,5.0,POS,5.0,5.0,5.0,5.0,5.0
fold_01,1,MOHLER_1_1,MOHLER_1_1_016,4.5,BND,2.0,2.3,2.3,2.3,2.9
fold_01,1,MOHLER_1_1,MOHLER_1_1_018,2.0,POS,3.0,3.0,3.0,3.0,3.0
fold_01,1,MOHLER_1_1,MOHLER_1_1_019,2.0,BND,2.5,2.5,2.5,2.5,3.1
fold_01,1,MOHLER_1_1,MOHLER_1_1_021,5.0,POS,5.0,5.0,5.0,5.0,5.0
fold_01,1,MOHLER_1_1,MOHLER_1_1_020,2.5,BND,4.0,3.7,3.7,3.7,4.3
fold_01,1,MOHLER_1_1,MOHLER_1_1_022,5.0,POS,5.0,5.0,5.0,5.0,5.0
fold_01,1,MOHLER_1_1,MOHLER_1_1_024,2.5,POS,2.0,2.0,2.0,2.0,2.0
fold_01,1,MOHLER_1_1,MOHLER_1_1_023,1.5,BND,0.0,0.7,0.7,0.7,0.7
fold_01,1,MOHLER_1_1,MOHLER_1_1_025,5.0,POS,5.0,5.0,5.0,5.0,5.0
fold_01,1,MOHLER_1_1,MOHLER_1_1_026,2.0,POS,2.0,2.0,2.0,2.0,2.0
fold_01,1,MOHLER_1_1,MOHLER_1_1_027,3.0,BND,4.0,3.0,3.0,3.0,3.6
fold_01,1,MOHLER_1_1,MOHLER_1_1_028,3.0,BND,3.0,2.7,2.7,2.7,3.3
fold_01,1,MOHLER_1_1,MOHLER_1_1_029,2.5,BND,0.5,0.8,0.8,0.8,1.4
fold_01,1,MOHLER_1_2,MOHLER_1_2_001,3.5,BND,4.0,4.3,4.3,4.3,4.9
fold_01,1,MOHLER_1_2,MOHLER_1_2_002,4.0,BND,2.0,2.5,2.5,2.5,3.1
fold_01,1,MOHLER_1_2,MOHLER_1_2_003,4.5,BND,3.0,3.3,3.3,3.3,3.9
fold_01,1,MOHLER_1_2,MOHLER_1_2_004,3.0,BND,0.0,0.5,0.5,0.5,1.1
fold_01,1,MOHLER_1_2,MOHLER_1_2_005,3.0,BND,1.0,1.7,1.7,1.7,2.3
fold_01,1,MOHLER_1_2,MOHLER_1_2_006,2.0,POS,1.0,1.0,1.0,1.0,1.0
fold_01,1,MOHLER_1_2,MOHLER_1_2_008,4.0,POS,1.0,1.0,1.0,1.0,1.0
fold_01,1,MOHLER_1_2,MOHLER_1_2_007,3.5,BND,1.0,1.2,1.2,1.2,1.8
fold_01,1,MOHLER_1_2,MOHLER_1_2_009,2.0,BND,0.0,0.3,0.3,0.3,0.3
fold_01,1,MOHLER_1_2,MOHLER_1_2_010,5.0,BND,2.0,3.3,3.3,3.3,3.9
fold_01,1,MOHLER_1_2,MOHLER_1_2_011,2.5,POS,0.0,0.0,0.0,0.0,0.0
fold_01,1,MOHLER_1_2,MOHLER_1_2_013,2.0,POS,0.0,0.0,0.0,0.0,0.0
fold_01,1,MOHLER_1_2,MOHLER_1_2_012,3.5,BND,1.0,1.2,1.2,1.2,1.8
fold_01,1,MOHLER_1_2,MOHLER_1_2_014,3.0,BND,0.5,0.7,0.7,0.7,1.3
fold_01,1,MOHLER_1_2,MOHLER_1_2_015,1.5,BND,2.0,1.7,1.7,1.7,2.3
fold_01,1,MOHLER_1_2,MOHLER_1_2_017,3.5,POS,1.0,1.0,1.0,1.0,1.0
fold_01,1,MOHLER_1_2,MOHLER_1_2_016,5.0,BND,5.0,4.8,4.8,4.8,5.0
fold_01,1,MOHLER_1_2,MOHLER_1_2_019,2.5,POS,0.0,0.0,0.0,0.0,0.0
fold_01,1,MOHLER_1_2,MOHLER_1_2_018,1.5,BND,2.0,1.8,1.8,1.8,2.4
fold_01,1,MOHLER_1_2,MOHLER_1_2_020,1.5,POS,2.0,2.0,2.0,2.0,2.0
fold_01,1,MOHLER_1_2,MOHLER_1_2_021,3.0,BND,1.0,0.7,0.7,0.7,1.3
fold_01,1,MOHLER_1_2,MOHLER_1_2_022,5.0,BND,4.0,3.5,3.5,3.5,4.1
fold_01,1,MOHLER_1_2,MOHLER_1_2_023,3.5,BND,2.0,1.3,1.3,1.3,1.9
fold_01,1,MOHLER_1_2,MOHLER_1_2_024,1.0,BND,0.0,0.3,0.3,0.3,0.3
fold_01,1,MOHLER_1_2,MOHLER_1_2_025,2.5,BND,1.0,1.3,1.3,1.3,1.9
fold_01,1,MOHLER_1_2,MOHLER_1_2_026,3.5,POS,1.0,1.0,1.0,1.0,1.0
fold_01,1,MOHLER_1_2,MOHLER_1_2_027,2.0,BND,2.0,1.8,1.8,1.8,2.4
fold_01,1,MOHLER_1_2,MOHLER_1_2_028,3.0,BND,1.0,1.8,1.8,1.8,2.4
fold_01,1,MOHLER_1_2,MOHLER_1_2_029,1.5,POS,1.0,1.0,1.0,1.0,1.0
fold_01,1,MOHLER_1_3,MOHLER_1_3_002,5.0,POS,3.0,3.0,3.0,3.0,3.0
fold_01,1,MOHLER_1_3,MOHLER_1_3_001,4.5,POS,3.5,3.5,3.5,3.5,3.5
fold_01,1,MOHLER_1_3,MOHLER_1_3_003,3.5,POS,3.0,3.0,3.0,3.0,3.0
fold_01,1,MOHLER_1_3,MOHLER_1_3_004,2.5,BND,1.5,1.5,1.5,1.5,2.1
fold_01,1,MOHLER_1_3,MOHLER_1_3_005,3.5,POS,3.0,3.0,3.0,3.0,3.0
fold_01,1,MOHLER_1_3,MOHLER_1_3_006,1.0,BND,1.0,1.3,1.3,1.3,1.9
fold_01,1,MOHLER_1_3,MOHLER_1_3_007,4.0,BND,4.0,3.8,3.8,3.8,4.4
fold_01,1,MOHLER_1_3,MOHLER_1_3_008,2.5,BND,0.0,1.0,1.0,1.0,1.6
fold_01,1,MOHLER_1_3,MOHLER_1_3_009,3.0,BND,2.0,2.5,2.5,2.5,3.1
fold_01,1,MOHLER_1_3,MOHLER_1_3_010,4.0,BND,3.0,2.8,2.8,2.8,3.4
fold_01,1,MOHLER_1_3,MOHLER_1_3_011,5.0,BND,5.0,4.7,4.7,4.7,5.0
fold_01,1,MOHLER_1_3,MOHLER_1_3_012,3.5,POS,3.0,3.0,3.0,3.0,3.0
fold_01,1,MOHLER_1_3,MOHLER_1_3_013,2.0,BND,2.0,1.7,1.7,1.7,2.3
fold_01,1,MOHLER_1_3,MOHLER_1_3_014,3.5,BND,1.0,1.3,1.3,1.3,1.9
fold_01,1,MOHLER_1_3,MOHLER_1_3_016,5.0,POS,5.0,5.0,5.0,5.0,5.0
fold_01,1,MOHLER_1_3,MOHLER_1_3_015,4.5,BND,4.0,3.3,3.3,3.3,3.9
fold_01,1,MOHLER_1_3,MOHLER_1_3_017,4.5,POS,3.0,3.0,3.0,3.0,3.0
fold_01,1,MOHLER_1_3,MOHLER_1_3_018,3.5,POS,2.0,2.0,2.0,2.0,2.0
fold_01,1,MOHLER_1_3,MOHLER_1_3_019,4.0,BND,2.0,1.7,1.7,1.7,2.3
fold_01,1,MOHLER_1_3,MOHLER_1_3_020,4.5,BND,4.0,3.5,3.5,3.5,4.1
fold_01,1,MOHLER_1_3,MOHLER_1_3_022,3.5,POS,2.5,2.5,2.5,2.5,2.5
fold_01,1,MOHLER_1_3,MOHLER_1_3_021,3.5,BND,3.0,2.8,2.8,2.8,3.4
fold_01,1,MOHLER_1_3,MOHLER_1_3_023,5.0,POS,5.0,5.0,5.0,5.0,5.0
fold_01,1,MOHLER_1_3,MOHLER_1_3_024,4.0,POS,3.0,3.0,3.0,3.0,3.0
fold_01,1,MOHLER_1_3,MOHLER_1_3_025,3.5,POS,3.0,3.0,3.0,3.0,3.0
fold_01,1,MOHLER_1_3,MOHLER_1_3_026,3.5,BND,2.0,1.8,1.8,1.8,2.4
fold_01,1,MOHLER_1_3,MOHLER_1_3_027,3.5,BND,3.5,3.2,3.2,3.2,3.8
fold_01,1,MOHLER_1_3,MOHLER_1_3_028,3.5,BND,3.0,3.2,3.2,3.2,3.8
fold_01,1,MOHLER_1_3,MOHLER_1_3_029,3.5,BND,3.0,2.3,2.3,2.3,2.9
fold_01,1,MOHLER_1_4,MOHLER_1_4_001,5.0,POS,5.0,5.0,5.0,5.0,5.0
fold_01,1,MOHLER_1_4,MOHLER_1_4_002,5.0,BND,5.0,4.7,4.7,4.7,5.0
fold_01,1,MOHLER_1_4,MOHLER_1_4_003,5.0,POS,5.0,5.0,5.0,5.0,5.0
fold_01,1,MOHLER_1_4,MOHLER_1_4_004,5.0,POS,5.0,5.0,5.0,5.0,5.0
fold_01,1,MOHLER_1_4,MOHLER_1_4_005,5.0,POS,5.0,5.0,5.0,5.0,5.0
fold_01,1,MOHLER_1_4,MOHLER_1_4_007,5.0,POS,5.0,5.0,5.0,5.0,5.0
fold_01,1,MOHLER_1_4,MOHLER_1_4_006,5.0,BND,5.0,4.3,4.3,4.3,4.9
fold_01,1,MOHLER_1_4,MOHLER_1_4_008,0.0,POS,0.0,0.0,0.0,0.0,0.0
fold_01,1,MOHLER_1_4,MOHLER_1_4_009,5.0,POS,5.0,5.0,5.0,5.0,5.0
fold_01,1,MOHLER_1_4,MOHLER_1_4_011,5.0,POS,5.0,5.0,5.0,5.0,5.0
fold_01,1,MOHLER_1_4,MOHLER_1_4_010,5.0,BND,5.0,4.7,4.7,5.0,5.0
fold_01,1,MOHLER_1_4,MOHLER_1_4_012,5.0,POS,5.0,5.0,5.0,5.0,5.0
fold_01,1,MOHLER_1_4,MOHLER_1_4_014,5.0,POS,5.0,5.0,5.0,5.0,5.0
fold_01,1,MOHLER_1_4,MOHLER_1_4_013,2.5,BND,2.0,1.0,1.0,1.0,1.6
fold_01,1,MOHLER_1_4,MOHLER_1_4_015,5.0,POS,5.0,5.0,5.0,5.0,5.0
fold_01,1,MOHLER_1_4,MOHLER_1_4_016,5.0,POS,5.0,5.0,5.0,5.0,5.0
fold_01,1,MOHLER_1_4,MOHLER_1_4_017,5.0,POS,5.0,5.0,5.0,5.0,5.0
fold_01,1,MOHLER_1_4,MOHLER_1_4_018,5.0,POS,5.0,5.0,5.0,5.0,5.0
fold_01,1,MOHLER_1_4,MOHLER_1_4_019,5.0,BND,5.0,5.0,5.0,5.0,5.0
fold_01,1,MOHLER_1_4,MOHLER_1_4_020,5.0,POS,5.0,5.0,5.0,5.0,5.0
fold_01,1,MOHLER_1_4,MOHLER_1_4_021,5.0,POS,5.0,5.0,5.0,5.0,5.0
fold_01,1,MOHLER_1_4,MOHLER_1_4_022,5.0,POS,5.0,5.0,5.0,5.0,5.0
fold_01,1,MOHLER_1_4,MOHLER_1_4_023,5.0,POS,5.0,5.0,5.0,5.0,5.0
fold_01,1,MOHLER_1_4,MOHLER_1_4_024,5.0,POS,5.0,5.0,5.0,5.0,5.0
fold_01,1,MOHLER_1_4,MOHLER_1_4_025,5.0,BND,5.0,5.0,5.0,5.0,5.0
fold_01,1,MOHLER_1_4,MOHLER_1_4_026,5.0,POS,5.0,5.0,5.0,5.0,5.0
fold_01,1,MOHLER_1_4,MOHLER_1_4_028,5.0,POS,5.0,5.0,5.0,5.0,5.0
fold_01,1,MOHLER_1_4,MOHLER_1_4_027,5.0,POS,5.0,5.0,5.0,5.0,5.0
fold_01,1,MOHLER_1_4,MOHLER_1_4_029,5.0,POS,5.0,5.0,5.0,5.0,5.0
fold_01,1,MOHLER_1_5,MOHLER_1_5_001,2.0,BND,2.0,1.8,1.8,1.8,2.4
fold_01,1,MOHLER_1_5,MOHLER_1_5_002,4.5,BND,3.5,3.7,3.7,3.7,4.3
fold_01,1,MOHLER_1_5,MOHLER_1_5_003,5.0,POS,5.0,5.0,5.0,5.0,5.0
fold_01,1,MOHLER_1_5,MOHLER_1_5_004,5.0,POS,5.0,5.0,5.0,5.0,5.0
fold_01,1,MOHLER_1_5,MOHLER_1_5_005,5.0,POS,5.0,5.0,5.0,5.0,5.0
fold_01,1,MOHLER_1_5,MOHLER_1_5_007,4.0,POS,3.0,3.0,3.0,3.0,3.0
fold_01,1,MOHLER_1_5,MOHLER_1_5_006,3.5,BND,3.0,3.2,3.2,3.2,3.8
fold_01,1,MOHLER_1_5,MOHLER_1_5_008,5.0,POS,5.0,5.0,5.0,5.0,5.0
fold_01,1,MOHLER_1_5,MOHLER_1_5_009,4.0,BND,4.0,3.7,3.7,3.7,4.3
fold_01,1,MOHLER_1_5,MOHLER_1_5_010,5.0,BND,5.0,4.5,4.5,4.5,5.0
fold_01,1,MOHLER_1_5,MOHLER_1_5_012,5.0,POS,5.0,5.0,5.0,5.0,5.0
fold_01,1,MOHLER_1_5,MOHLER_1_5_011,5.0,POS,5.0,5.0,5.0,5.0,5.0
fold_01,1,MOHLER_1_5,MOHLER_1_5_014,4.0,POS,2.0,2.0,2.0,2.0,2.0
fold_01,1,MOHLER_1_5,MOHLER_1_5_013,3.0,BND,0.0,0.7,0.7,0.7,0.7
fold_01,1,MOHLER_1_5,MOHLER_1_5_015,5.0,BND,3.0,3.3,3.3,3.3,3.9
fold_01,1,MOHLER_1_5,MOHLER_1_5_017,4.0,POS,3.0,3.0,3.0,3.0,3.0
fold_01,1,MOHLER_1_5,MOHLER_1_5_016,5.0,BND,5.0,4.3,4.3,4.3,4.9
fold_01,1,MOHLER_1_5,MOHLER_1_5_018,4.5,BND,3.0,3.5,3.5,3.5,4.1
fold_01,1,MOHLER_1_5,MOHLER_1_5_019,4.5,BND,2.0,2.2,2.2,2.2,2.8
fold_01,1,MOHLER_1_5,MOHLER_1_5_021,3.5,POS,5.0,5.0,5.0,5.0,5.0
fold_01,1,MOHLER_1_5,MOHLER_1_5_020,4.5,POS,3.0,3.0,3.0,3.0,3.0
fold_01,1,MOHLER_1_5,MOHLER_1_5_022,5.0,POS,5.0,5.0,5.0,5.0,5.0
fold_01,1,MOHLER_1_5,MOHLER_1_5_024,5.0,POS,5.0,5.0,5.0,5.0,5.0
fold_01,1,MOHLER_1_5,MOHLER_1_5_023,3.5,BND,3.5,3.3,3.3,3.3,3.9
fold_01,1,MOHLER_1_5,MOHLER_1_5_025,5.0,POS,5.0,5.0,5.0,5.0,5.0
fold_01,1,MOHLER_1_5,MOHLER_1_5_026,5.0,POS,5.0,5.0,5.0,5.0,5.0
fold_01,1,MOHLER_1_5,MOHLER_1_5_027,5.0,POS,5.0,5.0,5.0,5.0,5.0
fold_01,1,MOHLER_1_5,MOHLER_1_5_028,5.0,POS,5.0,5.0,5.0,5.0,5.0
fold_01,1,MOHLER_1_5,MOHLER_1_5_029,5.0,BND,3.5,3.8,3.8,3.8,4.4
fold_01,1,MOHLER_1_6,MOHLER_1_6_002,3.0,BND,2.0,1.7,1.7,1.7,2.3
fold_01,1,MOHLER_1_6,MOHLER_1_6_001,2.0,BND,2.0,2.3,2.3,2.3,2.9
fold_01,1,MOHLER_1_6,MOHLER_1_6_003,5.0,POS,5.0,5.0,5.0,5.0,5.0
fold_01,1,MOHLER_1_6,MOHLER_1_6_005,4.0,POS,2.0,2.0,2.0,2.0,2.0
fold_01,1,MOHLER_1_6,MOHLER_1_6_004,4.5,BND,5.0,4.5,4.5,4.5,5.0
fold_01,1,MOHLER_1_6,MOHLER_1_6_007,5.0,POS,3.0,3.0,3.0,3.0,3.0
fold_01,1,MOHLER_1_6,MOHLER_1_6_006,2.5,BND,2.0,2.2,2.2,2.2,2.8
fold_01,1,MOHLER_1_6,MOHLER_1_6_008,5.0,POS,3.0,3.0,3.0,3.0,3.0
fold_01,1,MOHLER_1_6,MOHLER_1_6_009,2.0,BND,1.5,1.8,1.8,1.8,2.4
fold_01,1,MOHLER_1_6,MOHLER_1_6_010,4.5,BND,4.0,4.2,4.2,4.2,4.8
fold_01,1,MOHLER_1_6,MOHLER_1_6_011,3.0,BND,1.0,1.3,1.3,1.3,1.9
fold_01,1,MOHLER_1_6,MOHLER_1_6_012,2.5,BND,1.0,1.2,1.2,1.2,1.8
fold_01,1,MOHLER_1_6,MOHLER_1_6_013,1.5,BND,0.0,0.0,0.0,0.0,0.0
fold_01,1,MOHLER_1_6,MOHLER_1_6_014,5.0,BND,4.0,4.5,4.5,4.5,5.0
fold_01,1,MOHLER_1_6,MOHLER_1_6_016,3.5,POS,3.0,3.0,3.0,3.0,3.0
fold_01,1,MOHLER_1_6,MOHLER_1_6_015,2.5,BND,1.0,1.3,1.3,1.3,1.9
fold_01,1,MOHLER_1_6,MOHLER_1_6_018,2.5,POS,4.0,4.0,4.0,4.0,4.0
fold_01,1,MOHLER_1_6,MOHLER_1_6_017,2.0,BND,0.0,0.3,0.3,0.3,0.3
fold_01,1,MOHLER_1_6,MOHLER_1_6_019,1.0,BND,1.0,0.3,0.3,0.3,0.3
fold_01,1,MOHLER_1_6,MOHLER_1_6_020,3.0,BND,3.0,3.2,3.2,3.2,3.8
fold_01,1,MOHLER_1_6,MOHLER_1_6_022,3.5,POS,3.0,3.0,3.0,3.0,3.0
fold_01,1,MOHLER_1_6,MOHLER_1_6_021,2.0,BND,0.5,0.5,0.5,0.5,1.1
fold_01,1,MOHLER_1_6,MOHLER_1_6_023,2.5,POS,2.0,2.0,2.0,2.0,2.0
fold_01,1,MOHLER_1_6,MOHLER_1_6_024,5.0,BND,5.0,4.7,4.7,4.7,5.0
fold_01,1,MOHLER_1_6,MOHLER_1_6_025,4.0,BND,1.0,1.0,1.0,1.0,1.0
fold_01,1,MOHLER_1_6,MOHLER_1_6_026,4.0,POS,3.5,3.5,3.5,3.5,3.5
fold_01,1,MOHLER_1_6,MOHLER_1_6_028,4.5,POS,3.0,3.0,3.0,3.0,3.0
fold_01,1,MOHLER_1_6,MOHLER_1_6_027,2.0,BND,2.0,1.3,1.3,1.3,1.9
fold_01,1,MOHLER_1_6,MOHLER_1_6_029,4.5,BND,4.0,4.2,4.2,4.2,4.8
fold_01,1,MOHLER_1_7,MOHLER_1_7_002,5.0,POS,5.0,5.0,5.0,5.0,5.0
fold_01,1,MOHLER_1_7,MOHLER_1_7_003,5.0,POS,5.0,5.0,5.0,5.0,5.0
fold_01,1,MOHLER_1_7,MOHLER_1_7_001,4.5,BND,4.0,4.3,4.3,4.3,4.9
fold_01,1,MOHLER_1_7,MOHLER_1_7_004,5.0,POS,5.0,5.0,5.0,5.0,5.0
fold_01,1,MOHLER_1_7,MOHLER_1_7_005,5.0,POS,5.0,5.0,5.0,5.0,5.0
fold_01,1,MOHLER_1_7,MOHLER_1_7_006,5.0,POS,5.0,5.0,5.0,5.0,5.0
fold_01,1,MOHLER_1_7,MOHLER_1_7_007,5.0,POS,5.0,5.0,5.0,5.0,5.0
fold_01,1,MOHLER_1_7,MOHLER_1_7_008,5.0,POS,5.0,5.0,5.0,5.0,5.0
fold_01,1,MOHLER_1_7,MOHLER_1_7_009,5.0,POS,5.0,5.0,5.0,5.0,5.0
fold_01,1,MOHLER_1_7,MOHLER_1_7_010,5.0,POS,5.0,5.0,5.0,5.0,5.0
fold_01,1,MOHLER_1_7,MOHLER_1_7_011,5.0,POS,5.0,5.0,5.0,5.0,5.0
fold_01,1,MOHLER_1_7,MOHLER_1_7_012,4.5,POS,4.0,4.0,4.0,4.0,4.0
fold_01,1,MOHLER_1_7,MOHLER_1_7_013,5.0,POS,5.0,5.0,5.0,5.0,5.0
fold_01,1,MOHLER_1_7,MOHLER_1_7_015,5.0,POS,5.0,5.0,5.0,5.0,5.0
fold_01,1,MOHLER_1_7,MOHLER_1_7_014,4.0,POS,5.0,5.0,5.0,5.0,5.0
fold_01,1,MOHLER_1_7,MOHLER_1_7_016,5.0,POS,5.0,5.0,5.0,5.0,5.0
fold_01,1,MOHLER_1_7,MOHLER_1_7_017,5.0,POS,5.0,5.0,5.0,5.0,5.0
fold_01,1,MOHLER_1_7,MOHLER_1_7_018,5.0,POS,5.0,5.0,5.0,5.0,5.0
fold_01,1,MOHLER_1_7,MOHLER_1_7_019,5.0,POS,5.0,5.0,5.0,5.0,5.0
fold_01,1,MOHLER_1_7,MOHLER_1_7_021,3.5,POS,5.0,5.0,5.0,5.0,5.0
fold_01,1,MOHLER_1_7,MOHLER_1_7_020,3.5,BND,5.0,4.0,4.0,4.0,4.6
fold_01,1,MOHLER_1_7,MOHLER_1_7_022,5.0,POS,5.0,5.0,5.0,5.0,5.0
fold_01,1,MOHLER_1_7,MOHLER_1_7_023,5.0,POS,5.0,5.0,5.0,5.0,5.0
fold_01,1,MOHLER_1_7,MOHLER_1_7_024,5.0,POS,5.0,5.0,5.0,5.0,5.0
fold_01,1,MOHLER_1_7,MOHLER_1_7_025,5.0,POS,5.0,5.0,5.0,5.0,5.0
fold_01,1,MOHLER_1_7,MOHLER_1_7_026,0.0,BND,0.0,0.0,0.0,0.0,0.0
fold_01,1,MOHLER_1_7,MOHLER_1_7_027,5.0,POS,5.0,5.0,5.0,5.0,5.0
fold_01,1,MOHLER_1_7,MOHLER_1_7_028,5.0,POS,5.0,5.0,5.0,5.0,5.0
fold_01,1,MOHLER_1_7,MOHLER_1_7_029,5.0,POS,5.0,5.0,5.0,5.0,5.0
fold_02,2,MOHLER_2_1,MOHLER_2_1_002,4.0,POS,2.0,2.0,2.0,2.0,2.0
fold_02,2,MOHLER_2_1,MOHLER_2_1_001,2.0,BND,2.0,2.5,2.5,2.5,3.1
fold_02,2,MOHLER_2_1,MOHLER_2_1_003,5.0,BND,5.0,4.7,4.7,4.7,5.0
fold_02,2,MOHLER_2_1,MOHLER_2_1_004,5.0,BND,5.0,4.7,4.7,4.7,5.0
fold_02,2,MOHLER_2_1,MOHLER_2_1_005,2.0,BND,1.0,1.3,1.3,1.3,1.9
fold_02,2,MOHLER_2_1,MOHLER_2_1_007,5.0,POS,5.0,5.0,5.0,5.0,5.0
fold_02,2,MOHLER_2_1,MOHLER_2_1_006,3.0,BND,2.0,1.3,1.3,1.3,1.9
fold_02,2,MOHLER_2_1,MOHLER_2_1_009,5.0,POS,5.0,5.0,5.0,5.0,5.0
fold_02,2,MOHLER_2_1,MOHLER_2_1_008,5.0,BND,5.0,4.7,4.7,4.7,5.0
fold_02,2,MOHLER_2_1,MOHLER_2_1_011,5.0,POS,5.0,5.0,5.0,5.0,5.0
fold_02,2,MOHLER_2_1,MOHLER_2_1_010,3.5,BND,2.5,2.3,2.3,2.3,2.9
fold_02,2,MOHLER_2_1,MOHLER_2_1_012,4.5,BND,3.0,3.7,3.7,4.7,5.0
fold_02,2,MOHLER_2_1,MOHLER_2_1_013,3.5,POS,1.0,1.0,1.0,1.0,1.0
fold_02,2,MOHLER_2_1,MOHLER_2_1_014,3.0,POS,2.0,2.0,2.0,2.0,2.0
fold_02,2,MOHLER_2_1,MOHLER_2_1_015,5.0,BND,5.0,4.8,4.8,5.0,5.0
fold_02,2,MOHLER_2_1,MOHLER_2_1_016,4.5,BND,5.0,4.2,4.2,4.2,4.8
fold_02,2,MOHLER_2_1,MOHLER_2_1_018,5.0,POS,5.0,5.0,5.0,5.0,5.0
fold_02,2,MOHLER_2_1,MOHLER_2_1_017,4.5,BND,4.0,3.5,3.5,3.5,4.1
fold_02,2,MOHLER_2_1,MOHLER_2_1_020,5.0,POS,5.0,5.0,5.0,5.0,5.0
fold_02,2,MOHLER_2_1,MOHLER_2_1_019,2.5,BND,0.5,0.5,0.5,0.5,1.1
fold_02,2,MOHLER_2_1,MOHLER_2_1_021,5.0,POS,5.0,5.0,5.0,5.0,5.0
fold_02,2,MOHLER_2_1,MOHLER_2_1_022,5.0,POS,5.0,5.0,5.0,5.0,5.0
fold_02,2,MOHLER_2_1,MOHLER_2_1_023,3.5,POS,2.0,2.0,2.0,2.0,2.0
fold_02,2,MOHLER_2_1,MOHLER_2_1_025,2.0,POS,1.0,1.0,1.0,1.0,1.0
fold_02,2,MOHLER_2_1,MOHLER_2_1_024,4.5,BND,3.0,3.3,3.3,3.3,3.9
fold_02,2,MOHLER_2_1,MOHLER_2_1_026,5.0,POS,5.0,5.0,5.0,5.0,5.0
fold_02,2,MOHLER_2_1,MOHLER_2_1_028,5.0,POS,5.0,5.0,5.0,5.0,5.0
fold_02,2,MOHLER_2_1,MOHLER_2_1_027,4.5,BND,5.0,4.3,4.3,4.3,4.9
fold_02,2,MOHLER_2_1,MOHLER_2_1_029,5.0,POS,5.0,5.0,5.0,5.0,5.0
fold_02,2,MOHLER_2_1,MOHLER_2_1_030,4.5,POS,5.0,5.0,5.0,5.0,5.0
fold_02,2,MOHLER_2_2,MOHLER_2_2_001,3.0,POS,1.0,1.0,1.0,1.0,1.0
fold_02,2,MOHLER_2_2,MOHLER_2_2_002,2.5,BND,2.0,2.3,2.3,2.3,2.9
fold_02,2,MOHLER_2_2,MOHLER_2_2_003,4.5,BND,1.5,1.5,1.5,1.5,2.1
fold_02,2,MOHLER_2_2,MOHLER_2_2_004,4.5,BND,3.0,3.3,3.3,3.8,4.4
fold_02,2,MOHLER_2_2,MOHLER_2_2_006,4.5,POS,3.0,3.0,3.0,3.0,3.0
fold_02,2,MOHLER_2_2,MOHLER_2_2_005,5.0,BND,4.0,4.2,4.2,4.2,4.8
fold_02,2,MOHLER_2_2,MOHLER_2_2_007,3.5,POS,2.5,2.5,2.5,2.5,2.5
fold_02,2,MOHLER_2_2,MOHLER_2_2_008,4.5,BND,3.5,3.7,3.7,3.7,4.3
fold_02,2,MOHLER_2_2,MOHLER_2_2_009,4.0,BND,2.0,2.5,2.5,2.5,3.1
fold_02,2,MOHLER_2_2,MOHLER_2_2_010,4.0,POS,3.0,3.0,3.0,3.0,3.0
fold_02,2,MOHLER_2_2,MOHLER_2_2_011,4.5,BND,4.5,4.3,4.3,4.3,4.9
fold_02,2,MOHLER_2_2,MOHLER_2_2_012,5.0,BND,3.0,3.2,3.2,3.2,3.8
fold_02,2,MOHLER_2_2,MOHLER_2_2_013,4.5,POS,2.5,2.5,2.5,2.5,2.5
fold_02,2,MOHLER_2_2,MOHLER_2_2_014,2.0,BND,1.0,0.8,0.8,0.8,0.8
fold_02,2,MOHLER_2_2,MOHLER_2_2_015,3.5,BND,3.0,2.5,2.5,2.5,3.1
fold_02,2,MOHLER_2_2,MOHLER_2_2_016,5.0,BND,4.5,4.2,4.2,4.2,4.8
fold_02,2,MOHLER_2_2,MOHLER_2_2_017,4.5,BND,2.0,2.7,2.7,2.7,3.3
fold_02,2,MOHLER_2_2,MOHLER_2_2_018,4.5,POS,5.0,5.0,5.0,5.0,5.0
fold_02,2,MOHLER_2_2,MOHLER_2_2_019,5.0,POS,5.0,5.0,5.0,5.0,5.0
fold_02,2,MOHLER_2_2,MOHLER_2_2_021,4.0,BND,1.0,1.7,1.7,1.7,2.3
fold_02,2,MOHLER_2_2,MOHLER_2_2_020,4.5,BND,3.0,3.3,3.3,3.3,3.9
fold_02,2,MOHLER_2_2,MOHLER_2_2_022,5.0,BND,4.0,3.8,3.8,3.8,4.4
fold_02,2,MOHLER_2_2,MOHLER_2_2_023,2.0,BND,0.5,0.7,0.7,0.7,1.3
fold_02,2,MOHLER_2_2,MOHLER_2_2_024,5.0,POS,5.0,5.0,5.0,5.0,5.0
fold_02,2,MOHLER_2_2,MOHLER_2_2_025,5.0,POS,5.0,5.0,5.0,5.0,5.0
fold_02,2,MOHLER_2_2,MOHLER_2_2_026,4.5,BND,2.5,2.7,2.7,2.7,3.3
fold_02,2,MOHLER_2_2,MOHLER_2_2_027,4.5,POS,2.5,2.5,2.5,2.5,2.5
fold_02,2,MOHLER_2_2,MOHLER_2_2_028,4.5,POS,5.0,5.0,5.0,5.0,5.0
fold_02,2,MOHLER_2_2,MOHLER_2_2_029,5.0,POS,5.0,5.0,5.0,5.0,5.0
fold_02,2,MOHLER_2_2,MOHLER_2_2_030,4.0,BND,2.5,2.7,2.7,2.7,3.3
fold_02,2,MOHLER_2_3,MOHLER_2_3_001,2.5,POS,2.0,2.0,2.0,2.0,2.0
fold_02,2,MOHLER_2_3,MOHLER_2_3_002,3.0,BND,3.0,2.7,2.7,2.7,3.3
fold_02,2,MOHLER_2_3,MOHLER_2_3_003,5.0,POS,4.0,4.0,4.0,4.0,4.0
fold_02,2,MOHLER_2_3,MOHLER_2_3_004,4.5,BND,3.0,2.3,2.3,2.3,2.9
fold_02,2,MOHLER_2_3,MOHLER_2_3_005,4.0,BND,3.0,2.5,2.5,2.5,3.1
fold_02,2,MOHLER_2_3,MOHLER_2_3_007,3.5,POS,2.0,2.0,2.0,2.0,2.0
fold_02,2,MOHLER_2_3,MOHLER_2_3_006,3.0,BND,2.0,2.3,2.3,2.3,2.9
fold_02,2,MOHLER_2_3,MOHLER_2_3_008,4.0,BND,2.5,2.8,2.8,2.8,3.4
fold_02,2,MOHLER_2_3,MOHLER_2_3_009,4.0,BND,3.5,3.5,3.5,3.5,4.1
fold_02,2,MOHLER_2_3,MOHLER_2_3_010,4.0,POS,3.0,3.0,3.0,3.0,3.0
fold_02,2,MOHLER_2_3,MOHLER_2_3_012,2.5,BND,2.0,1.7,1.7,1.7,2.3
fold_02,2,MOHLER_2_3,MOHLER_2_3_011,3.5,BND,2.0,2.5,2.5,2.5,3.1
fold_02,2,MOHLER_2_3,MOHLER_2_3_013,3.5,BND,1.0,1.7,1.7,1.7,2.3
fold_02,2,MOHLER_2_3,MOHLER_2_3_014,4.0,BND,2.5,2.7,2.7,2.7,3.3
fold_02,2,MOHLER_2_3,MOHLER_2_3_015,3.0,BND,3.0,2.8,2.8,2.8,3.4
fold_02,2,MOHLER_2_3,MOHLER_2_3_016,4.0,BND,3.0,3.0,3.0,3.0,3.6
fold_02,2,MOHLER_2_3,MOHLER_2_3_017,3.5,BND,2.0,2.3,2.3,2.3,2.9
fold_02,2,MOHLER_2_3,MOHLER_2_3_018,4.0,POS,2.5,2.5,2.5,2.5,2.5
fold_02,2,MOHLER_2_3,MOHLER_2_3_019,3.0,POS,2.0,2.0,2.0,2.0,2.0
fold_02,2,MOHLER_2_3,MOHLER_2_3_020,4.0,POS,2.5,2.5,2.5,2.5,2.5
fold_02,2,MOHLER_2_3,MOHLER_2_3_021,2.5,POS,1.0,1.0,1.0,1.0,1.0
fold_02,2,MOHLER_2_3,MOHLER_2_3_022,5.0,BND,5.0,4.8,4.8,4.8,5.0
fold_02,2,MOHLER_2_3,MOHLER_2_3_024,3.0,BND,1.5,1.8,1.8,1.8,2.4
fold_02,2,MOHLER_2_3,MOHLER_2_3_023,4.0,BND,2.5,2.8,2.8,2.8,3.4
fold_02,2,MOHLER_2_3,MOHLER_2_3_025,4.0,POS,2.5,2.5,2.5,2.5,2.5
fold_02,2,MOHLER_2_3,MOHLER_2_3_026,5.0,POS,4.0,4.0,4.0,4.0,4.0
fold_02,2,MOHLER_2_3,MOHLER_2_3_028,2.5,POS,1.0,1.0,1.0,1.0,1.0
fold_02,2,MOHLER_2_3,MOHLER_2_3_029,3.5,POS,3.0,3.0,3.0,3.0,3.0
fold_02,2,MOHLER_2_3,MOHLER_2_3_027,2.5,BND,1.5,1.3,1.3,1.3,1.9
fold_02,2,MOHLER_2_3,MOHLER_2_3_030,4.0,BND,3.0,2.8,2.8,2.8,3.4
fold_02,2,MOHLER_2_4,MOHLER_2_4_002,3.5,BND,1.0,0.3,0.3,0.3,0.3
fold_02,2,MOHLER_2_4,MOHLER_2_4_001,5.0,BND,4.0,3.7,3.7,4.0,4.6
fold_02,2,MOHLER_2_4,MOHLER_2_4_003,5.0,BND,3.0,3.2,3.2,3.2,3.8
fold_02,2,MOHLER_2_4,MOHLER_2_4_005,5.0,POS,2.0,2.0,2.0,2.0,2.0
fold_02,2,MOHLER_2_4,MOHLER_2_4_004,3.0,BND,2.0,2.2,2.2,2.2,2.8
fold_02,2,MOHLER_2_4,MOHLER_2_4_006,1.5,BND,1.0,1.2,1.2,1.2,1.8
fold_02,2,MOHLER_2_4,MOHLER_2_4_007,5.0,BND,2.0,1.8,1.8,1.8,2.4
fold_02,2,MOHLER_2_4,MOHLER_2_4_008,3.5,POS,0.0,0.0,0.0,0.0,0.0
fold_02,2,MOHLER_2_4,MOHLER_2_4_009,5.0,POS,2.0,2.0,2.0,2.0,2.0
fold_02,2,MOHLER_2_4,MOHLER_2_4_010,5.0,BND,2.0,2.5,2.5,2.5,3.1
fold_02,2,MOHLER_2_4,MOHLER_2_4_011,1.0,POS,0.0,0.0,0.0,0.0,0.0
fold_02,2,MOHLER_2_4,MOHLER_2_4_012,5.0,BND,1.0,1.5,1.5,1.5,2.1
fold_02,2,MOHLER_2_4,MOHLER_2_4_013,5.0,BND,1.0,0.7,0.7,0.7,1.3
fold_02,2,MOHLER_2_4,MOHLER_2_4_014,5.0,POS,3.0,3.0,3.0,3.0,3.0
fold_02,2,MOHLER_2_4,MOHLER_2_4_015,5.0,BND,2.5,1.5,1.5,1.5,2.1
fold_02,2,MOHLER_2_4,MOHLER_2_4_016,5.0,POS,3.0,3.0,3.0,3.0,3.0
fold_02,2,MOHLER_2_4,MOHLER_2_4_017,5.0,BND,5.0,4.7,4.7,4.7,5.0
fold_02,2,MOHLER_2_4,MOHLER_2_4_018,5.0,BND,3.0,2.7,2.7,2.7,3.3
fold_02,2,MOHLER_2_4,MOHLER_2_4_019,5.0,BND,2.5,2.2,2.2,2.2,2.8
fold_02,2,MOHLER_2_4,MOHLER_2_4_020,5.0,BND,3.0,3.2,3.2,3.2,3.8
fold_02,2,MOHLER_2_4,MOHLER_2_4_021,5.0,BND,2.0,2.3,2.3,2.3,2.9
fold_02,2,MOHLER_2_4,MOHLER_2_4_022,5.0,POS,2.0,2.0,2.0,2.0,2.0
fold_02,2,MOHLER_2_4,MOHLER_2_4_023,5.0,BND,3.0,3.2,3.2,3.2,3.8
fold_02,2,MOHLER_2_4,MOHLER_2_4_024,5.0,BND,2.0,2.7,2.7,2.7,3.3
fold_02,2,MOHLER_2_4,MOHLER_2_4_025,5.0,POS,4.0,4.0,4.0,4.0,4.0
fold_02,2,MOHLER_2_4,MOHLER_2_4_027,5.0,BND,1.0,1.3,1.3,1.3,1.9
fold_02,2,MOHLER_2_4,MOHLER_2_4_026,5.0,BND,2.0,2.7,2.7,2.7,3.3
fold_02,2,MOHLER_2_4,MOHLER_2_4_028,5.0,BND,2.0,2.2,2.2,2.2,2.8
fold_02,2,MOHLER_2_4,MOHLER_2_4_029,5.0,BND,4.0,3.0,3.0,3.0,3.6
fold_02,2,MOHLER_2_4,MOHLER_2_4_030,5.0,BND,3.0,4.3,4.3,4.3,4.9
fold_02,2,MOHLER_2_5,MOHLER_2_5_001,0.0,POS,0.0,0.0,0.0,0.0,0.0
fold_02,2,MOHLER_2_5,MOHLER_2_5_002,5.0,POS,5.0,5.0,5.0,5.0,5.0
fold_02,2,MOHLER_2_5,MOHLER_2_5_003,5.0,POS,5.0,5.0,5.0,5.0,5.0
fold_02,2,MOHLER_2_5,MOHLER_2_5_004,1.5,BND,0.0,0.3,0.3,0.3,0.3
fold_02,2,MOHLER_2_5,MOHLER_2_5_005,5.0,BND,3.0,3.3,3.3,3.3,3.9
fold_02,2,MOHLER_2_5,MOHLER_2_5_006,0.0,POS,0.0,0.0,0.0,0.0,0.0
fold_02,2,MOHLER_2_5,MOHLER_2_5_008,0.0,POS,0.0,0.0,0.0,0.0,0.0
fold_02,2,MOHLER_2_5,MOHLER_2_5_007,5.0,BND,5.0,4.0,4.0,4.0,4.6
fold_02,2,MOHLER_2_5,MOHLER_2_5_010,5.0,POS,5.0,5.0,5.0,5.0,5.0
fold_02,2,MOHLER_2_5,MOHLER_2_5_009,5.0,BND,5.0,4.2,4.2,4.2,4.8
fold_02,2,MOHLER_2_5,MOHLER_2_5_011,5.0,POS,5.0,5.0,5.0,5.0,5.0
fold_02,2,MOHLER_2_5,MOHLER_2_5_012,5.0,POS,5.0,5.0,5.0,5.0,5.0
fold_02,2,MOHLER_2_5,MOHLER_2_5_013,5.0,POS,5.0,5.0,5.0,5.0,5.0
fold_02,2,MOHLER_2_5,MOHLER_2_5_014,5.0,BND,1.0,2.3,2.3,2.3,2.9
fold_02,2,MOHLER_2_5,MOHLER_2_5_015,5.0,BND,5.0,4.7,4.7,4.7,5.0
fold_02,2,MOHLER_2_5,MOHLER_2_5_016,2.5,POS,0.0,0.0,0.0,0.0,0.0
fold_02,2,MOHLER_2_5,MOHLER_2_5_017,5.0,POS,5.0,5.0,5.0,5.0,5.0
fold_02,2,MOHLER_2_5,MOHLER_2_5_018,5.0,POS,5.0,5.0,5.0,5.0,5.0
fold_02,2,MOHLER_2_5,MOHLER_2_5_019,5.0,POS,5.0,5.0,5.0,5.0,5.0
fold_02,2,MOHLER_2_5,MOHLER_2_5_021,0.0,POS,0.0,0.0,0.0,0.0,0.0
fold_02,2,MOHLER_2_5,MOHLER_2_5_022,0.0,POS,0.0,0.0,0.0,0.0,0.0
fold_02,2,MOHLER_2_5,MOHLER_2_5_020,4.5,BND,0.0,0.7,0.7,0.7,1.3
fold_02,2,MOHLER_2_5,MOHLER_2_5_023,5.0,POS,5.0,5.0,5.0,5.0,5.0
fold_02,2,MOHLER_2_5,MOHLER_2_5_024,1.5,POS,0.0,0.0,0.0,0.0,0.0
fold_02,2,MOHLER_2_5,MOHLER_2_5_026,5.0,POS,5.0,5.0,5.0,5.0,5.0
fold_02,2,MOHLER_2_5,MOHLER_2_5_025,0.0,POS,0.0,0.0,0.0,0.0,0.0
fold_02,2,MOHLER_2_5,MOHLER_2_5_027,5.0,POS,5.0,5.0,5.0,5.0,5.0
fold_02,2,MOHLER_2_5,MOHLER_2_5_028,0.0,POS,0.0,0.0,0.0,0.0,0.0
fold_02,2,MOHLER_2_5,MOHLER_2_5_029,5.0,POS,5.0,5.0,5.0,5.0,5.0
fold_02,2,MOHLER_2_5,MOHLER_2_5_030,5.0,BND,5.0,4.3,4.3,4.3,4.9
fold_02,2,MOHLER_2_6,MOHLER_2_6_002,2.5,POS,3.0,3.0,3.0,3.0,3.0
fold_02,2,MOHLER_2_6,MOHLER_2_6_001,4.0,BND,1.0,0.8,0.8,0.8,0.8
fold_02,2,MOHLER_2_6,MOHLER_2_6_003,5.0,POS,5.0,5.0,5.0,5.0,5.0
fold_02,2,MOHLER_2_6,MOHLER_2_6_004,3.0,POS,2.0,2.0,2.0,2.0,2.0
fold_02,2,MOHLER_2_6,MOHLER_2_6_005,5.0,POS,4.0,4.0,4.0,4.0,4.0
fold_02,2,MOHLER_2_6,MOHLER_2_6_006,4.5,BND,3.0,3.2,3.2,3.2,3.8
fold_02,2,MOHLER_2_6,MOHLER_2_6_007,4.5,BND,2.5,2.7,2.7,2.7,3.3
fold_02,2,MOHLER_2_6,MOHLER_2_6_008,4.5,BND,4.0,3.7,3.7,3.7,4.3
fold_02,2,MOHLER_2_6,MOHLER_2_6_009,4.0,BND,4.5,3.8,3.8,3.8,4.4
fold_02,2,MOHLER_2_6,MOHLER_2_6_010,4.5,BND,2.0,2.2,2.2,2.2,2.8
fold_02,2,MOHLER_2_6,MOHLER_2_6_011,2.0,BND,3.0,2.7,2.7,2.7,3.3
fold_02,2,MOHLER_2_6,MOHLER_2_6_012,3.0,BND,3.0,2.5,2.5,2.5,3.1
fold_02,2,MOHLER_2_6,MOHLER_2_6_013,3.0,BND,1.0,1.3,1.3,1.3,1.9
fold_02,2,MOHLER_2_6,MOHLER_2_6_015,5.0,POS,5.0,5.0,5.0,5.0,5.0
fold_02,2,MOHLER_2_6,MOHLER_2_6_014,5.0,BND,4.5,4.3,4.3,4.3,4.9
fold_02,2,MOHLER_2_6,MOHLER_2_6_016,3.5,BND,4.0,3.7,3.7,3.7,4.3
fold_02,2,MOHLER_2_6,MOHLER_2_6_017,4.5,BND,3.0,2.7,2.7,2.7,3.3
fold_02,2,MOHLER_2_6,MOHLER_2_6_018,4.5,BND,4.0,3.8,3.8,3.8,4.4
fold_02,2,MOHLER_2_6,MOHLER_2_6_019,3.5,BND,3.0,2.8,2.8,2.8,3.4
fold_02,2,MOHLER_2_6,MOHLER_2_6_020,5.0,POS,5.0,5.0,5.0,5.0,5.0
fold_02,2,MOHLER_2_6,MOHLER_2_6_021,4.0,BND,3.0,3.2,3.2,3.2,3.8
fold_02,2,MOHLER_2_6,MOHLER_2_6_022,4.5,BND,1.0,1.0,1.0,1.0,1.6
fold_02,2,MOHLER_2_6,MOHLER_2_6_024,4.0,POS,3.0,3.0,3.0,3.0,3.0
fold_02,2,MOHLER_2_6,MOHLER_2_6_023,4.5,BND,5.0,4.7,4.7,4.7,5.0
fold_02,2,MOHLER_2_6,MOHLER_2_6_025,3.5,BND,3.0,3.7,3.7,3.7,4.3
fold_02,2,MOHLER_2_6,MOHLER_2_6_026,5.0,BND,4.5,4.7,4.7,4.7,5.0
fold_02,2,MOHLER_2_6,MOHLER_2_6_028,4.5,POS,4.0,4.0,4.0,4.0,4.0
fold_02,2,MOHLER_2_6,MOHLER_2_6_027,4.5,BND,4.0,4.7,4.7,4.7,5.0
fold_02,2,MOHLER_2_6,MOHLER_2_6_029,5.0,POS,5.0,5.0,5.0,5.0,5.0
fold_02,2,MOHLER_2_6,MOHLER_2_6_030,4.5,BND,1.5,2.3,2.3,2.3,2.9
fold_02,2,MOHLER_2_7,MOHLER_2_7_001,4.5,POS,4.0,4.0,4.0,4.0,4.0
fold_02,2,MOHLER_2_7,MOHLER_2_7_002,3.0,BND,1.0,2.0,2.0,2.0,2.6
fold_02,2,MOHLER_2_7,MOHLER_2_7_003,3.5,BND,3.0,3.3,3.3,3.3,3.9
fold_02,2,MOHLER_2_7,MOHLER_2_7_004,0.0,POS,0.0,0.0,0.0,0.0,0.0
fold_02,2,MOHLER_2_7,MOHLER_2_7_005,3.5,BND,1.5,1.8,1.8,1.8,2.4
fold_02,2,MOHLER_2_7,MOHLER_2_7_006,4.5,BND,3.0,2.7,2.7,2.7,3.3
fold_02,2,MOHLER_2_7,MOHLER_2_7_008,3.5,BND,2.5,2.5,2.5,2.5,3.1
fold_02,2,MOHLER_2_7,MOHLER_2_7_007,4.5,BND,2.5,1.7,1.7,1.7,2.3
fold_02,2,MOHLER_2_7,MOHLER_2_7_010,1.5,POS,1.0,1.0,1.0,1.0,1.0
fold_02,2,MOHLER_2_7,MOHLER_2_7_009,4.0,BND,2.0,2.7,2.7,2.7,3.3
fold_02,2,MOHLER_2_7,MOHLER_2_7_011,2.5,BND,1.0,1.3,1.3,1.3,1.9
fold_02,2,MOHLER_2_7,MOHLER_2_7_012,3.0,BND,0.0,0.8,0.8,0.8,0.8
fold_02,2,MOHLER_2_7,MOHLER_2_7_013,3.0,POS,2.0,2.0,2.0,2.0,2.0
fold_02,2,MOHLER_2_7,MOHLER_2_7_014,1.5,POS,0.0,0.0,0.0,0.0,0.0
fold_02,2,MOHLER_2_7,MOHLER_2_7_015,4.0,POS,2.0,2.0,2.0,2.0,2.0
fold_02,2,MOHLER_2_7,MOHLER_2_7_016,5.0,BND,4.0,4.3,4.3,4.3,4.9
fold_02,2,MOHLER_2_7,MOHLER_2_7_017,3.5,BND,1.0,1.5,1.5,1.5,2.1
fold_02,2,MOHLER_2_7,MOHLER_2_7_018,3.0,BND,2.0,1.3,1.3,1.3,1.9
fold_02,2,MOHLER_2_7,MOHLER_2_7_019,3.5,BND,2.5,2.0,2.0,2.0,2.6
fold_02,2,MOHLER_2_7,MOHLER_2_7_020,2.5,BND,1.5,1.3,1.3,1.3,1.9
fold_02,2,MOHLER_2_7,MOHLER_2_7_021,3.5,BND,2.0,2.3,2.3,2.3,2.9
fold_02,2,MOHLER_2_7,MOHLER_2_7_022,3.5,BND,1.0,1.3,1.3,1.3,1.9
fold_02,2,MOHLER_2_7,MOHLER_2_7_023,4.0,POS,5.0,5.0,5.0,5.0,5.0
fold_02,2,MOHLER_2_7,MOHLER_2_7_024,3.0,BND,1.0,1.7,1.7,1.7,2.3
fold_02,2,MOHLER_2_7,MOHLER_2_7_025,3.0,BND,2.0,2.0,2.0,2.0,2.6
fold_02,2,MOHLER_2_7,MOHLER_2_7_026,3.5,BND,2.0,1.7,1.7,1.7,2.3
fold_02,2,MOHLER_2_7,MOHLER_2_7_027,3.0,BND,0.0,0.3,0.3,0.3,0.3
fold_02,2,MOHLER_2_7,MOHLER_2_7_029,4.5,BND,3.5,3.3,3.3,3.3,3.9
fold_02,2,MOHLER_2_7,MOHLER_2_7_028,3.0,BND,0.0,0.3,0.3,0.3,0.3
fold_02,2,MOHLER_2_7,MOHLER_2_7_030,1.0,POS,0.0,0.0,0.0,0.0,0.0
fold_03,3,MOHLER_3_1,MOHLER_3_1_002,3.0,POS,2.5,2.5,2.5,2.5,2.5
fold_03,3,MOHLER_3_1,MOHLER_3_1_003,5.0,POS,5.0,5.0,5.0,5.0,5.0
fold_03,3,MOHLER_3_1,MOHLER_3_1_001,4.5,BND,5.0,4.5,4.5,4.5,5.0
fold_03,3,MOHLER_3_1,MOHLER_3_1_005,5.0,POS,5.0,5.0,5.0,5.0,5.0
fold_03,3,MOHLER_3_1,MOHLER_3_1_004,4.5,BND,2.5,2.7,2.7,2.7,3.3
fold_03,3,MOHLER_3_1,MOHLER_3_1_006,4.5,BND,2.0,2.3,2.3,2.3,2.9
fold_03,3,MOHLER_3_1,MOHLER_3_1_008,3.0,POS,2.0,2.0,2.0,2.0,2.0
fold_03,3,MOHLER_3_1,MOHLER_3_1_007,5.0,BND,3.0,3.7,3.7,4.7,5.0
fold_03,3,MOHLER_3_1,MOHLER_3_1_010,5.0,POS,5.0,5.0,5.0,5.0,5.0
fold_03,3,MOHLER_3_1,MOHLER_3_1_011,5.0,POS,5.0,5.0,5.0,5.0,5.0
fold_03,3,MOHLER_3_1,MOHLER_3_1_009,5.0,BND,3.0,4.0,4.0,4.0,4.6
fold_03,3,MOHLER_3_1,MOHLER_3_1_012,5.0,POS,5.0,5.0,5.0,5.0,5.0
fold_03,3,MOHLER_3_1,MOHLER_3_1_013,5.0,POS,5.0,5.0,5.0,5.0,5.0
fold_03,3,MOHLER_3_1,MOHLER_3_1_015,5.0,POS,5.0,5.0,5.0,5.0,5.0
fold_03,3,MOHLER_3_1,MOHLER_3_1_014,3.0,POS,2.0,2.0,2.0,2.0,2.0
fold_03,3,MOHLER_3_1,MOHLER_3_1_017,2.0,POS,1.0,1.0,1.0,1.0,1.0
fold_03,3,MOHLER_3_1,MOHLER_3_1_016,5.0,BND,5.0,4.3,4.3,4.3,4.9
fold_03,3,MOHLER_3_1,MOHLER_3_1_018,5.0,POS,3.0,3.0,3.0,3.0,3.0
fold_03,3,MOHLER_3_1,MOHLER_3_1_019,5.0,POS,5.0,5.0,5.0,5.0,5.0
fold_03,3,MOHLER_3_1,MOHLER_3_1_020,5.0,POS,5.0,5.0,5.0,5.0,5.0
fold_03,3,MOHLER_3_1,MOHLER_3_1_021,5.0,POS,5.0,5.0,5.0,5.0,5.0
fold_03,3,MOHLER_3_1,MOHLER_3_1_022,3.0,POS,1.0,1.0,1.0,1.0,1.0
fold_03,3,MOHLER_3_1,MOHLER_3_1_023,5.0,POS,5.0,5.0,5.0,5.0,5.0
fold_03,3,MOHLER_3_1,MOHLER_3_1_025,5.0,POS,5.0,5.0,5.0,5.0,5.0
fold_03,3,MOHLER_3_1,MOHLER_3_1_024,5.0,BND,3.0,3.3,3.3,3.3,3.9
fold_03,3,MOHLER_3_1,MOHLER_3_1_026,5.0,POS,5.0,5.0,5.0,5.0,5.0
fold_03,3,MOHLER_3_1,MOHLER_3_1_027,5.0,POS,3.0,3.0,3.0,3.0,3.0
fold_03,3,MOHLER_3_1,MOHLER_3_1_028,5.0,POS,3.0,3.0,3.0,3.0,3.0
fold_03,3,MOHLER_3_1,MOHLER_3_1_029,5.0,POS,5.0,5.0,5.0,5.0,5.0
fold_03,3,MOHLER_3_1,MOHLER_3_1_031,5.0,POS,5.0,5.0,5.0,5.0,5.0
fold_03,3,MOHLER_3_1,MOHLER_3_1_030,3.0,BND,2.5,2.3,2.3,2.3,2.9
fold_03,3,MOHLER_3_2,MOHLER_3_2_002,2.5,BND,3.0,2.7,2.7,2.7,3.3
fold_03,3,MOHLER_3_2,MOHLER_3_2_001,5.0,BND,2.5,3.2,3.2,3.2,3.8
fold_03,3,MOHLER_3_2,MOHLER_3_2_003,5.0,POS,5.0,5.0,5.0,5.0,5.0
fold_03,3,MOHLER_3_2,MOHLER_3_2_005,5.0,POS,5.0,5.0,5.0,5.0,5.0
fold_03,3,MOHLER_3_2,MOHLER_3_2_004,2.5,BND,3.0,3.5,3.5,4.0,4.6
fold_03,3,MOHLER_3_2,MOHLER_3_2_006,4.0,POS,1.0,1.0,1.0,1.0,1.0
fold_03,3,MOHLER_3_2,MOHLER_3_2_008,3.0,POS,0.0,0.0,0.0,0.0,0.0
fold_03,3,MOHLER_3_2,MOHLER_3_2_007,5.0,BND,3.5,3.5,3.5,4.0,4.6
fold_03,3,MOHLER_3_2,MOHLER_3_2_009,5.0,POS,5.0,5.0,5.0,5.0,5.0
fold_03,3,MOHLER_3_2,MOHLER_3_2_010,4.5,POS,0.0,0.0,0.0,0.0,0.0
fold_03,3,MOHLER_3_2,MOHLER_3_2_012,5.0,POS,5.0,5.0,5.0,5.0,5.0
fold_03,3,MOHLER_3_2,MOHLER_3_2_011,5.0,POS,5.0,5.0,5.0,5.0,5.0
fold_03,3,MOHLER_3_2,MOHLER_3_2_014,3.0,BND,0.0,0.7,0.7,0.7,1.3
fold_03,3,MOHLER_3_2,MOHLER_3_2_013,4.5,BND,4.0,3.3,3.3,3.3,3.9
fold_03,3,MOHLER_3_2,MOHLER_3_2_015,5.0,POS,5.0,5.0,5.0,5.0,5.0
fold_03,3,MOHLER_3_2,MOHLER_3_2_016,5.0,BND,4.0,4.7,4.7,4.7,5.0
fold_03,3,MOHLER_3_2,MOHLER_3_2_017,4.5,BND,5.0,4.3,4.3,4.3,4.9
fold_03,3,MOHLER_3_2,MOHLER_3_2_019,5.0,BND,4.5,4.8,4.8,4.8,5.0
fold_03,3,MOHLER_3_2,MOHLER_3_2_018,4.5,BND,1.0,0.7,0.7,0.7,1.3
fold_03,3,MOHLER_3_2,MOHLER_3_2_021,5.0,POS,5.0,5.0,5.0,5.0,5.0
fold_03,3,MOHLER_3_2,MOHLER_3_2_022,4.5,POS,0.0,0.0,0.0,0.0,0.0
fold_03,3,MOHLER_3_2,MOHLER_3_2_020,4.5,BND,5.0,3.7,3.7,3.7,4.3
fold_03,3,MOHLER_3_2,MOHLER_3_2_023,4.5,BND,1.0,1.2,1.2,1.2,1.8
fold_03,3,MOHLER_3_2,MOHLER_3_2_025,5.0,POS,3.0,3.0,3.0,3.0,3.0
fold_03,3,MOHLER_3_2,MOHLER_3_2_024,4.5,BND,3.0,2.7,2.7,2.7,3.3
fold_03,3,MOHLER_3_2,MOHLER_3_2_026,4.5,POS,0.0,0.0,0.0,0.0,0.0
fold_03,3,MOHLER_3_2,MOHLER_3_2_027,4.5,BND,0.0,0.0,0.0,0.0,0.0
fold_03,3,MOHLER_3_2,MOHLER_3_2_028,5.0,POS,5.0,5.0,5.0,5.0,5.0
fold_03,3,MOHLER_3_2,MOHLER_3_2_029,5.0,BND,4.0,4.3,4.3,5.0,5.0
fold_03,3,MOHLER_3_2,MOHLER_3_2_030,4.5,BND,0.0,1.7,1.7,1.7,2.3
fold_03,3,MOHLER_3_2,MOHLER_3_2_031,4.5,BND,4.0,4.7,4.7,4.7,5.0
fold_03,3,MOHLER_3_3,MOHLER_3_3_002,4.5,BND,4.0,4.7,4.7,4.7,5.0
fold_03,3,MOHLER_3_3,MOHLER_3_3_001,4.5,BND,4.0,3.8,3.8,3.8,4.4
fold_03,3,MOHLER_3_3,MOHLER_3_3_003,5.0,POS,5.0,5.0,5.0,5.0,5.0
fold_03,3,MOHLER_3_3,MOHLER_3_3_004,3.0,POS,1.0,1.0,1.0,1.0,1.0
fold_03,3,MOHLER_3_3,MOHLER_3_3_005,5.0,POS,5.0,5.0,5.0,5.0,5.0
fold_03,3,MOHLER_3_3,MOHLER_3_3_006,2.0,POS,1.0,1.0,1.0,1.0,1.0
fold_03,3,MOHLER_3_3,MOHLER_3_3_007,4.0,BND,2.0,3.0,3.0,3.0,3.6
fold_03,3,MOHLER_3_3,MOHLER_3_3_008,3.5,BND,2.0,1.3,1.3,1.3,1.9
fold_03,3,MOHLER_3_3,MOHLER_3_3_010,5.0,POS,5.0,5.0,5.0,5.0,5.0
fold_03,3,MOHLER_3_3,MOHLER_3_3_009,5.0,BND,4.5,4.2,4.2,4.2,4.8
fold_03,3,MOHLER_3_3,MOHLER_3_3_011,3.0,POS,1.0,1.0,1.0,1.0,1.0
fold_03,3,MOHLER_3_3,MOHLER_3_3_012,3.0,BND,2.0,1.0,1.0,1.0,1.6
fold_03,3,MOHLER_3_3,MOHLER_3_3_013,4.5,BND,3.0,3.3,3.3,3.3,3.9
fold_03,3,MOHLER_3_3,MOHLER_3_3_014,2.0,BND,0.0,0.2,0.2,0.2,0.2
fold_03,3,MOHLER_3_3,MOHLER_3_3_015,5.0,POS,5.0,5.0,5.0,5.0,5.0
fold_03,3,MOHLER_3_3,MOHLER_3_3_016,5.0,POS,5.0,5.0,5.0,5.0,5.0
fold_03,3,MOHLER_3_3,MOHLER_3_3_017,5.0,POS,4.0,4.0,4.0,4.0,4.0
fold_03,3,MOHLER_3_3,MOHLER_3_3_019,4.5,POS,4.0,4.0,4.0,4.0,4.0
fold_03,3,MOHLER_3_3,MOHLER_3_3_018,0.0,BND,0.0,0.0,0.0,0.0,0.0
fold_03,3,MOHLER_3_3,MOHLER_3_3_021,2.0,POS,1.0,1.0,1.0,1.0,1.0
fold_03,3,MOHLER_3_3,MOHLER_3_3_020,5.0,BND,4.0,4.7,4.7,4.7,5.0
fold_03,3,MOHLER_3_3,MOHLER_3_3_022,4.5,POS,4.0,4.0,4.0,4.0,4.0
fold_03,3,MOHLER_3_3,MOHLER_3_3_023,2.5,BND,0.0,0.5,0.5,0.5,0.5
fold_03,3,MOHLER_3_3,MOHLER_3_3_025,5.0,POS,5.0,5.0,5.0,5.0,5.0
fold_03,3,MOHLER_3_3,MOHLER_3_3_024,3.5,BND,3.0,2.8,2.8,2.8,3.4
fold_03,3,MOHLER_3_3,MOHLER_3_3_027,5.0,POS,5.0,5.0,5.0,5.0,5.0
fold_03,3,MOHLER_3_3,MOHLER_3_3_026,5.0,BND,5.0,4.8,4.8,4.8,5.0
fold_03,3,MOHLER_3_3,MOHLER_3_3_029,5.0,POS,5.0,5.0,5.0,5.0,5.0
fold_03,3,MOHLER_3_3,MOHLER_3_3_028,4.0,BND,2.0,2.3,2.3,2.3,2.9
fold_03,3,MOHLER_3_3,MOHLER_3_3_030,5.0,POS,5.0,5.0,5.0,5.0,5.0
fold_03,3,MOHLER_3_3,MOHLER_3_3_031,4.5,POS,5.0,5.0,5.0,5.0,5.0
fold_03,3,MOHLER_3_4,MOHLER_3_4_001,5.0,POS,5.0,5.0,5.0,5.0,5.0
fold_03,3,MOHLER_3_4,MOHLER_3_4_002,4.5,BND,3.0,2.8,2.8,2.8,3.4
fold_03,3,MOHLER_3_4,MOHLER_3_4_003,5.0,POS,5.0,5.0,5.0,5.0,5.0
fold_03,3,MOHLER_3_4,MOHLER_3_4_004,5.0,POS,5.0,5.0,5.0,5.0,5.0
fold_03,3,MOHLER_3_4,MOHLER_3_4_005,5.0,POS,5.0,5.0,5.0,5.0,5.0
fold_03,3,MOHLER_3_4,MOHLER_3_4_006,3.0,POS,0.0,0.0,0.0,0.0,0.0
fold_03,3,MOHLER_3_4,MOHLER_3_4_007,4.5,BND,2.5,2.8,2.8,2.8,3.4
fold_03,3,MOHLER_3_4,MOHLER_3_4_008,5.0,BND,4.0,4.7,4.7,4.7,5.0
fold_03,3,MOHLER_3_4,MOHLER_3_4_009,5.0,POS,5.0,5.0,5.0,5.0,5.0
fold_03,3,MOHLER_3_4,MOHLER_3_4_010,3.5,POS,2.0,2.0,2.0,2.0,2.0
fold_03,3,MOHLER_3_4,MOHLER_3_4_011,3.5,POS,3.0,3.0,3.0,3.0,3.0
fold_03,3,MOHLER_3_4,MOHLER_3_4_013,3.0,BND,3.0,2.7,2.7,2.7,3.3
fold_03,3,MOHLER_3_4,MOHLER_3_4_012,3.5,BND,3.0,3.3,3.3,3.3,3.9
fold_03,3,MOHLER_3_4,MOHLER_3_4_015,5.0,POS,5.0,5.0,5.0,5.0,5.0
fold_03,3,MOHLER_3_4,MOHLER_3_4_016,5.0,POS,5.0,5.0,5.0,5.0,5.0
fold_03,3,MOHLER_3_4,MOHLER_3_4_014,5.0,BND,4.0,4.5,4.5,4.5,5.0
fold_03,3,MOHLER_3_4,MOHLER_3_4_017,3.5,POS,2.0,2.0,2.0,2.0,2.0
fold_03,3,MOHLER_3_4,MOHLER_3_4_018,3.5,BND,2.0,2.3,2.3,2.3,2.9
fold_03,3,MOHLER_3_4,MOHLER_3_4_019,3.0,BND,2.0,2.5,2.5,2.5,3.1
fold_03,3,MOHLER_3_4,MOHLER_3_4_020,3.5,BND,3.0,2.8,2.8,2.8,3.4
fold_03,3,MOHLER_3_4,MOHLER_3_4_021,3.0,BND,3.0,2.8,2.8,2.8,3.4
fold_03,3,MOHLER_3_4,MOHLER_3_4_023,5.0,BND,5.0,4.7,4.7,4.7,5.0
fold_03,3,MOHLER_3_4,MOHLER_3_4_022,3.5,BND,3.0,3.7,3.7,3.7,4.3
fold_03,3,MOHLER_3_4,MOHLER_3_4_025,3.5,POS,2.0,2.0,2.0,2.0,2.0
fold_03,3,MOHLER_3_4,MOHLER_3_4_024,4.0,BND,5.0,4.7,4.7,4.7,5.0
fold_03,3,MOHLER_3_4,MOHLER_3_4_026,5.0,POS,5.0,5.0,5.0,5.0,5.0
fold_03,3,MOHLER_3_4,MOHLER_3_4_027,4.0,BND,2.0,2.2,2.2,2.2,2.8
fold_03,3,MOHLER_3_4,MOHLER_3_4_028,3.5,BND,1.0,2.0,2.0,2.0,2.6
fold_03,3,MOHLER_3_4,MOHLER_3_4_030,5.0,POS,5.0,5.0,5.0,5.0,5.0
fold_03,3,MOHLER_3_4,MOHLER_3_4_029,3.5,BND,2.5,2.3,2.3,2.3,2.9
fold_03,3,MOHLER_3_4,MOHLER_3_4_031,3.0,BND,2.0,1.3,1.3,1.3,1.9
fold_03,3,MOHLER_3_5,MOHLER_3_5_001,5.0,BND,5.0,4.7,4.7,5.0,5.0
fold_03,3,MOHLER_3_5,MOHLER_3_5_002,3.0,BND,1.0,1.7,1.7,1.7,2.3
fold_03,3,MOHLER_3_5,MOHLER_3_5_003,5.0,BND,4.0,4.7,4.7,4.7,5.0
fold_03,3,MOHLER_3_5,MOHLER_3_5_004,5.0,BND,4.0,3.7,3.7,3.7,4.3
fold_03,3,MOHLER_3_5,MOHLER_3_5_005,5.0,POS,5.0,5.0,5.0,5.0,5.0
fold_03,3,MOHLER_3_5,MOHLER_3_5_006,3.0,POS,2.0,2.0,2.0,2.0,2.0
fold_03,3,MOHLER_3_5,MOHLER_3_5_007,5.0,POS,5.0,5.0,5.0,5.0,5.0
fold_03,3,MOHLER_3_5,MOHLER_3_5_008,3.0,BND,1.0,1.3,1.3,1.3,1.9
fold_03,3,MOHLER_3_5,MOHLER_3_5_009,5.0,BND,3.5,3.2,3.2,3.2,3.8
fold_03,3,MOHLER_3_5,MOHLER_3_5_010,5.0,POS,2.0,2.0,2.0,2.0,2.0
fold_03,3,MOHLER_3_5,MOHLER_3_5_011,5.0,POS,4.0,4.0,4.0,4.0,4.0
fold_03,3,MOHLER_3_5,MOHLER_3_5_012,5.0,POS,5.0,5.0,5.0,5.0,5.0
fold_03,3,MOHLER_3_5,MOHLER_3_5_013,0.0,BND,0.0,0.0,0.0,0.0,0.0
fold_03,3,MOHLER_3_5,MOHLER_3_5_014,3.0,BND,2.0,2.5,2.5,2.5,3.1
fold_03,3,MOHLER_3_5,MOHLER_3_5_015,4.5,BND,4.0,3.8,3.8,3.8,4.4
fold_03,3,MOHLER_3_5,MOHLER_3_5_016,5.0,POS,5.0,5.0,5.0,5.0,5.0
fold_03,3,MOHLER_3_5,MOHLER_3_5_017,3.0,BND,3.0,2.8,2.8,2.8,3.4
fold_03,3,MOHLER_3_5,MOHLER_3_5_018,5.0,POS,1.0,1.0,1.0,1.0,1.0
fold_03,3,MOHLER_3_5,MOHLER_3_5_019,5.0,POS,3.0,3.0,3.0,3.0,3.0
fold_03,3,MOHLER_3_5,MOHLER_3_5_020,5.0,BND,2.0,2.7,2.7,2.7,3.3
fold_03,3,MOHLER_3_5,MOHLER_3_5_021,3.5,BND,3.0,2.3,2.3,2.3,2.9
fold_03,3,MOHLER_3_5,MOHLER_3_5_023,5.0,POS,4.0,4.0,4.0,4.0,4.0
fold_03,3,MOHLER_3_5,MOHLER_3_5_022,5.0,BND,4.0,4.2,4.2,4.2,4.8
fold_03,3,MOHLER_3_5,MOHLER_3_5_024,5.0,BND,4.0,3.7,3.7,3.7,4.3
fold_03,3,MOHLER_3_5,MOHLER_3_5_025,5.0,BND,4.0,4.3,4.3,4.3,4.9
fold_03,3,MOHLER_3_5,MOHLER_3_5_026,5.0,BND,5.0,4.7,4.7,4.7,5.0
fold_03,3,MOHLER_3_5,MOHLER_3_5_028,5.0,POS,4.0,4.0,4.0,4.0,4.0
fold_03,3,MOHLER_3_5,MOHLER_3_5_027,4.5,BND,0.5,0.7,0.7,0.7,1.3
fold_03,3,MOHLER_3_5,MOHLER_3_5_029,5.0,BND,3.5,3.3,3.3,3.3,3.9
fold_03,3,MOHLER_3_5,MOHLER_3_5_030,4.0,POS,4.0,4.0,4.0,4.0,4.0
fold_03,3,MOHLER_3_5,MOHLER_3_5_031,3.0,BND,2.0,1.8,1.8,1.8,2.4
fold_03,3,MOHLER_3_6,MOHLER_3_6_001,5.0,POS,3.0,3.0,3.0,3.0,3.0
fold_03,3,MOHLER_3_6,MOHLER_3_6_002,2.5,BND,1.5,1.2,1.2,1.2,1.8
fold_03,3,MOHLER_3_6,MOHLER_3_6_003,5.0,POS,5.0,5.0,5.0,5.0,5.0
fold_03,3,MOHLER_3_6,MOHLER_3_6_004,5.0,POS,5.0,5.0,5.0,5.0,5.0
fold_03,3,MOHLER_3_6,MOHLER_3_6_005,5.0,POS,5.0,5.0,5.0,5.0,5.0
fold_03,3,MOHLER_3_6,MOHLER_3_6_006,4.0,POS,3.0,3.0,3.0,3.0,3.0
fold_03,3,MOHLER_3_6,MOHLER_3_6_007,5.0,BND,3.0,3.2,3.2,3.2,3.8
fold_03,3,MOHLER_3_6,MOHLER_3_6_008,4.5,BND,2.5,2.7,2.7,2.7,3.3
fold_03,3,MOHLER_3_6,MOHLER_3_6_009,5.0,POS,5.0,5.0,5.0,5.0,5.0
fold_03,3,MOHLER_3_6,MOHLER_3_6_010,5.0,POS,5.0,5.0,5.0,5.0,5.0
fold_03,3,MOHLER_3_6,MOHLER_3_6_012,5.0,POS,5.0,5.0,5.0,5.0,5.0
fold_03,3,MOHLER_3_6,MOHLER_3_6_011,4.5,BND,3.0,2.8,2.8,2.8,3.4
fold_03,3,MOHLER_3_6,MOHLER_3_6_013,4.0,POS,3.0,3.0,3.0,3.0,3.0
fold_03,3,MOHLER_3_6,MOHLER_3_6_014,5.0,POS,5.0,5.0,5.0,5.0,5.0
fold_03,3,MOHLER_3_6,MOHLER_3_6_015,5.0,POS,5.0,5.0,5.0,5.0,5.0
fold_03,3,MOHLER_3_6,MOHLER_3_6_016,5.0,POS,5.0,5.0,5.0,5.0,5.0
fold_03,3,MOHLER_3_6,MOHLER_3_6_017,5.0,POS,4.0,4.0,4.0,4.0,4.0
fold_03,3,MOHLER_3_6,MOHLER_3_6_018,3.5,BND,3.0,2.5,2.5,2.5,3.1
fold_03,3,MOHLER_3_6,MOHLER_3_6_019,4.5,POS,5.0,5.0,5.0,5.0,5.0
fold_03,3,MOHLER_3_6,MOHLER_3_6_020,3.5,POS,3.0,3.0,3.0,3.0,3.0
fold_03,3,MOHLER_3_6,MOHLER_3_6_021,5.0,POS,5.0,5.0,5.0,5.0,5.0
fold_03,3,MOHLER_3_6,MOHLER_3_6_022,5.0,POS,5.0,5.0,5.0,5.0,5.0
fold_03,3,MOHLER_3_6,MOHLER_3_6_023,5.0,POS,5.0,5.0,5.0,5.0,5.0
fold_03,3,MOHLER_3_6,MOHLER_3_6_024,4.5,BND,5.0,4.8,4.8,4.8,5.0
fold_03,3,MOHLER_3_6,MOHLER_3_6_025,5.0,POS,5.0,5.0,5.0,5.0,5.0
fold_03,3,MOHLER_3_6,MOHLER_3_6_026,5.0,POS,5.0,5.0,5.0,5.0,5.0
fold_03,3,MOHLER_3_6,MOHLER_3_6_027,5.0,BND,3.5,3.5,3.5,3.5,4.1
fold_03,3,MOHLER_3_6,MOHLER_3_6_028,5.0,BND,3.0,2.5,2.5,2.5,3.1
fold_03,3,MOHLER_3_6,MOHLER_3_6_029,5.0,POS,3.0,3.0,3.0,3.0,3.0
fold_03,3,MOHLER_3_6,MOHLER_3_6_030,5.0,POS,4.0,4.0,4.0,4.0,4.0
fold_03,3,MOHLER_3_6,MOHLER_3_6_031,3.0,BND,2.0,2.2,2.2,2.2,2.8
fold_03,3,MOHLER_3_7,MOHLER_3_7_001,5.0,POS,5.0,5.0,5.0,5.0,5.0
fold_03,3,MOHLER_3_7,MOHLER_3_7_002,2.0,BND,1.5,1.5,1.5,1.5,2.1
fold_03,3,MOHLER_3_7,MOHLER_3_7_003,5.0,POS,3.5,3.5,3.5,3.5,3.5
fold_03,3,MOHLER_3_7,MOHLER_3_7_004,5.0,POS,5.0,5.0,5.0,5.0,5.0
fold_03,3,MOHLER_3_7,MOHLER_3_7_005,5.0,POS,5.0,5.0,5.0,5.0,5.0
fold_03,3,MOHLER_3_7,MOHLER_3_7_007,4.0,POS,5.0,5.0,5.0,5.0,5.0
fold_03,3,MOHLER_3_7,MOHLER_3_7_006,5.0,BND,5.0,4.7,4.7,4.7,5.0
fold_03,3,MOHLER_3_7,MOHLER_3_7_008,3.0,POS,1.0,1.0,1.0,1.0,1.0
fold_03,3,MOHLER_3_7,MOHLER_3_7_009,4.5,POS,3.5,3.5,3.5,3.5,3.5
fold_03,3,MOHLER_3_7,MOHLER_3_7_011,5.0,POS,5.0,5.0,5.0,5.0,5.0
fold_03,3,MOHLER_3_7,MOHLER_3_7_012,5.0,POS,5.0,5.0,5.0,5.0,5.0
fold_03,3,MOHLER_3_7,MOHLER_3_7_010,3.5,BND,3.0,3.2,3.2,3.2,3.8
fold_03,3,MOHLER_3_7,MOHLER_3_7_013,0.0,BND,0.0,0.0,0.0,0.0,0.0
fold_03,3,MOHLER_3_7,MOHLER_3_7_014,3.0,POS,1.0,1.0,1.0,1.0,1.0
fold_03,3,MOHLER_3_7,MOHLER_3_7_016,5.0,POS,5.0,5.0,5.0,5.0,5.0
fold_03,3,MOHLER_3_7,MOHLER_3_7_015,3.5,BND,4.0,3.8,3.8,3.8,4.4
fold_03,3,MOHLER_3_7,MOHLER_3_7_018,2.0,POS,2.0,2.0,2.0,2.0,2.0
fold_03,3,MOHLER_3_7,MOHLER_3_7_017,5.0,BND,4.0,3.8,3.8,3.8,4.4
fold_03,3,MOHLER_3_7,MOHLER_3_7_019,5.0,POS,5.0,5.0,5.0,5.0,5.0
fold_03,3,MOHLER_3_7,MOHLER_3_7_020,5.0,BND,3.0,3.3,3.3,3.3,3.9
fold_03,3,MOHLER_3_7,MOHLER_3_7_021,5.0,POS,5.0,5.0,5.0,5.0,5.0
fold_03,3,MOHLER_3_7,MOHLER_3_7_022,5.0,POS,5.0,5.0,5.0,5.0,5.0
fold_03,3,MOHLER_3_7,MOHLER_3_7_023,5.0,POS,5.0,5.0,5.0,5.0,5.0
fold_03,3,MOHLER_3_7,MOHLER_3_7_024,5.0,POS,5.0,5.0,5.0,5.0,5.0
fold_03,3,MOHLER_3_7,MOHLER_3_7_025,5.0,POS,5.0,5.0,5.0,5.0,5.0
fold_03,3,MOHLER_3_7,MOHLER_3_7_026,5.0,POS,5.0,5.0,5.0,5.0,5.0
fold_03,3,MOHLER_3_7,MOHLER_3_7_027,3.5,BND,3.0,3.2,3.2,3.2,3.8
fold_03,3,MOHLER_3_7,MOHLER_3_7_028,5.0,BND,5.0,4.8,4.8,4.8,5.0
fold_03,3,MOHLER_3_7,MOHLER_3_7_029,5.0,POS,5.0,5.0,5.0,5.0,5.0
fold_03,3,MOHLER_3_7,MOHLER_3_7_030,3.0,POS,2.0,2.0,2.0,2.0,2.0
fold_03,3,MOHLER_3_7,MOHLER_3_7_031,3.5,POS,4.0,4.0,4.0,4.0,4.0
fold_04,4,MOHLER_4_1,MOHLER_4_1_001,4.0,POS,3.0,3.0,3.0,3.0,3.0
fold_04,4,MOHLER_4_1,MOHLER_4_1_002,4.0,BND,4.0,3.2,3.2,3.2,3.8
fold_04,4,MOHLER_4_1,MOHLER_4_1_003,5.0,BND,3.0,3.0,3.0,3.0,3.6
fold_04,4,MOHLER_4_1,MOHLER_4_1_004,3.0,BND,0.0,1.0,1.0,1.0,1.6
fold_04,4,MOHLER_4_1,MOHLER_4_1_005,5.0,BND,5.0,4.8,4.8,4.8,5.0
fold_04,4,MOHLER_4_1,MOHLER_4_1_006,5.0,POS,5.0,5.0,5.0,5.0,5.0
fold_04,4,MOHLER_4_1,MOHLER_4_1_008,2.5,POS,0.0,0.0,0.0,0.0,0.0
fold_04,4,MOHLER_4_1,MOHLER_4_1_007,5.0,POS,5.0,5.0,5.0,5.0,5.0
fold_04,4,MOHLER_4_1,MOHLER_4_1_009,4.0,POS,3.0,3.0,3.0,3.0,3.0
fold_04,4,MOHLER_4_1,MOHLER_4_1_010,5.0,POS,5.0,5.0,5.0,5.0,5.0
fold_04,4,MOHLER_4_1,MOHLER_4_1_012,4.0,BND,2.0,1.8,1.8,1.8,2.4
fold_04,4,MOHLER_4_1,MOHLER_4_1_011,3.5,BND,2.5,2.2,2.2,2.2,2.8
fold_04,4,MOHLER_4_1,MOHLER_4_1_014,2.5,POS,0.0,0.0,0.0,0.0,0.0
fold_04,4,MOHLER_4_1,MOHLER_4_1_013,4.5,BND,5.0,4.7,4.7,4.7,5.0
fold_04,4,MOHLER_4_1,MOHLER_4_1_015,5.0,POS,5.0,5.0,5.0,5.0,5.0
fold_04,4,MOHLER_4_1,MOHLER_4_1_016,5.0,POS,5.0,5.0,5.0,5.0,5.0
fold_04,4,MOHLER_4_1,MOHLER_4_1_017,4.5,BND,2.0,2.3,2.3,2.3,2.9
fold_04,4,MOHLER_4_1,MOHLER_4_1_018,5.0,BND,3.0,4.0,4.0,4.0,4.6
fold_04,4,MOHLER_4_1,MOHLER_4_1_019,5.0,POS,5.0,5.0,5.0,5.0,5.0
fold_04,4,MOHLER_4_1,MOHLER_4_1_020,5.0,BND,3.0,3.3,3.3,3.3,3.9
fold_04,4,MOHLER_4_1,MOHLER_4_1_021,5.0,POS,5.0,5.0,5.0,5.0,5.0
fold_04,4,MOHLER_4_1,MOHLER_4_1_022,4.0,POS,3.0,3.0,3.0,3.0,3.0
fold_04,4,MOHLER_4_1,MOHLER_4_1_023,3.0,BND,1.0,0.3,0.3,0.3,0.3
fold_04,4,MOHLER_4_1,MOHLER_4_1_024,5.0,POS,5.0,5.0,5.0,5.0,5.0
fold_04,4,MOHLER_4_1,MOHLER_4_1_025,4.5,POS,5.0,5.0,5.0,5.0,5.0
fold_04,4,MOHLER_4_1,MOHLER_4_1_027,5.0,POS,5.0,5.0,5.0,5.0,5.0
fold_04,4,MOHLER_4_1,MOHLER_4_1_026,5.0,BND,5.0,4.0,4.0,4.0,4.6
fold_04,4,MOHLER_4_1,MOHLER_4_1_028,5.0,POS,5.0,5.0,5.0,5.0,5.0
fold_04,4,MOHLER_4_1,MOHLER_4_1_029,5.0,POS,5.0,5.0,5.0,5.0,5.0
fold_04,4,MOHLER_4_1,MOHLER_4_1_030,4.0,POS,0.0,0.0,0.0,0.0,0.0
fold_04,4,MOHLER_4_2,MOHLER_4_2_001,2.5,POS,1.0,1.0,1.0,1.0,1.0
fold_04,4,MOHLER_4_2,MOHLER_4_2_002,3.0,BND,1.5,1.3,1.3,1.3,1.9
fold_04,4,MOHLER_4_2,MOHLER_4_2_003,5.0,POS,5.0,5.0,5.0,5.0,5.0
fold_04,4,MOHLER_4_2,MOHLER_4_2_004,5.0,POS,5.0,5.0,5.0,5.0,5.0
fold_04,4,MOHLER_4_2,MOHLER_4_2_006,2.0,BND,2.0,1.8,1.8,1.8,2.4
fold_04,4,MOHLER_4_2,MOHLER_4_2_005,2.5,BND,1.0,1.3,1.3,1.3,1.9
fold_04,4,MOHLER_4_2,MOHLER_4_2_008,4.0,POS,1.0,1.0,1.0,1.0,1.0
fold_04,4,MOHLER_4_2,MOHLER_4_2_007,3.5,BND,4.0,3.8,3.8,3.8,4.4
fold_04,4,MOHLER_4_2,MOHLER_4_2_009,3.5,BND,2.0,1.3,1.3,1.3,1.9
fold_04,4,MOHLER_4_2,MOHLER_4_2_010,5.0,BND,4.0,3.3,3.3,3.3,3.9
fold_04,4,MOHLER_4_2,MOHLER_4_2_011,5.0,BND,5.0,4.7,4.7,4.7,5.0
fold_04,4,MOHLER_4_2,MOHLER_4_2_012,3.0,POS,1.0,1.0,1.0,1.0,1.0
fold_04,4,MOHLER_4_2,MOHLER_4_2_013,4.0,POS,1.0,1.0,1.0,1.0,1.0
fold_04,4,MOHLER_4_2,MOHLER_4_2_015,4.0,POS,5.0,5.0,5.0,5.0,5.0
fold_04,4,MOHLER_4_2,MOHLER_4_2_014,3.5,BND,1.0,0.7,0.7,0.7,1.3
fold_04,4,MOHLER_4_2,MOHLER_4_2_017,3.0,BND,1.0,1.3,1.3,1.3,1.9
fold_04,4,MOHLER_4_2,MOHLER_4_2_016,5.0,BND,3.0,4.0,4.0,4.0,4.6
fold_04,4,MOHLER_4_2,MOHLER_4_2_018,4.0,POS,1.0,1.0,1.0,1.0,1.0
fold_04,4,MOHLER_4_2,MOHLER_4_2_019,2.0,BND,2.0,1.3,1.3,1.3,1.9
fold_04,4,MOHLER_4_2,MOHLER_4_2_021,2.5,POS,1.0,1.0,1.0,1.0,1.0
fold_04,4,MOHLER_4_2,MOHLER_4_2_020,5.0,BND,4.0,3.7,3.7,3.7,4.3
fold_04,4,MOHLER_4_2,MOHLER_4_2_022,4.0,POS,1.0,1.0,1.0,1.0,1.0
fold_04,4,MOHLER_4_2,MOHLER_4_2_023,3.5,BND,1.0,0.5,0.5,0.5,1.1
fold_04,4,MOHLER_4_2,MOHLER_4_2_024,3.5,BND,1.0,1.8,1.8,1.8,2.4
fold_04,4,MOHLER_4_2,MOHLER_4_2_025,1.5,BND,0.0,0.3,0.3,0.3,0.3
fold_04,4,MOHLER_4_2,MOHLER_4_2_026,5.0,POS,5.0,5.0,5.0,5.0,5.0
fold_04,4,MOHLER_4_2,MOHLER_4_2_027,4.0,BND,1.0,1.3,1.3,1.3,1.9
fold_04,4,MOHLER_4_2,MOHLER_4_2_028,2.5,BND,0.5,0.8,0.8,0.8,1.4
fold_04,4,MOHLER_4_2,MOHLER_4_2_029,3.5,BND,2.0,1.7,1.7,1.7,2.3
fold_04,4,MOHLER_4_2,MOHLER_4_2_030,2.5,BND,2.0,1.3,1.3,1.3,1.9
fold_04,4,MOHLER_4_3,MOHLER_4_3_001,5.0,POS,5.0,5.0,5.0,5.0,5.0
fold_04,4,MOHLER_4_3,MOHLER_4_3_003,5.0,POS,5.0,5.0,5.0,5.0,5.0
fold_04,4,MOHLER_4_3,MOHLER_4_3_002,4.5,BND,5.0,4.0,4.0,4.0,4.6
fold_04,4,MOHLER_4_3,MOHLER_4_3_004,5.0,POS,5.0,5.0,5.0,5.0,5.0
fold_04,4,MOHLER_4_3,MOHLER_4_3_005,5.0,POS,5.0,5.0,5.0,5.0,5.0
fold_04,4,MOHLER_4_3,MOHLER_4_3_006,4.0,BND,1.0,1.8,1.8,1.8,2.4
fold_04,4,MOHLER_4_3,MOHLER_4_3_007,3.5,BND,3.0,3.3,3.3,4.3,4.9
fold_04,4,MOHLER_4_3,MOHLER_4_3_009,5.0,POS,5.0,5.0,5.0,5.0,5.0
fold_04,4,MOHLER_4_3,MOHLER_4_3_008,3.5,BND,5.0,4.3,4.3,4.3,4.9
fold_04,4,MOHLER_4_3,MOHLER_4_3_011,5.0,POS,5.0,5.0,5.0,5.0,5.0
fold_04,4,MOHLER_4_3,MOHLER_4_3_010,4.0,POS,2.0,2.0,2.0,2.0,2.0
fold_04,4,MOHLER_4_3,MOHLER_4_3_012,5.0,POS,5.0,5.0,5.0,5.0,5.0
fold_04,4,MOHLER_4_3,MOHLER_4_3_013,3.0,BND,2.5,2.8,2.8,2.8,3.4
fold_04,4,MOHLER_4_3,MOHLER_4_3_014,3.0,BND,1.0,2.0,2.0,2.0,2.6
fold_04,4,MOHLER_4_3,MOHLER_4_3_015,5.0,POS,5.0,5.0,5.0,5.0,5.0
fold_04,4,MOHLER_4_3,MOHLER_4_3_016,5.0,POS,5.0,5.0,5.0,5.0,5.0
fold_04,4,MOHLER_4_3,MOHLER_4_3_017,2.0,BND,0.0,0.3,0.3,0.3,0.3
fold_04,4,MOHLER_4_3,MOHLER_4_3_018,5.0,POS,5.0,5.0,5.0,5.0,5.0
fold_04,4,MOHLER_4_3,MOHLER_4_3_020,5.0,POS,5.0,5.0,5.0,5.0,5.0
fold_04,4,MOHLER_4_3,MOHLER_4_3_019,4.0,BND,1.0,1.3,1.3,1.3,1.9
fold_04,4,MOHLER_4_3,MOHLER_4_3_022,5.0,POS,5.0,5.0,5.0,5.0,5.0
fold_04,4,MOHLER_4_3,MOHLER_4_3_021,4.0,BND,3.0,3.2,3.2,3.2,3.8
fold_04,4,MOHLER_4_3,MOHLER_4_3_023,5.0,POS,5.0,5.0,5.0,5.0,5.0
fold_04,4,MOHLER_4_3,MOHLER_4_3_024,5.0,POS,5.0,5.0,5.0,5.0,5.0
fold_04,4,MOHLER_4_3,MOHLER_4_3_025,5.0,POS,5.0,5.0,5.0,5.0,5.0
fold_04,4,MOHLER_4_3,MOHLER_4_3_026,5.0,BND,5.0,5.0,5.0,5.0,5.0
fold_04,4,MOHLER_4_3,MOHLER_4_3_027,4.0,POS,0.0,0.0,0.0,0.0,0.0
fold_04,4,MOHLER_4_3,MOHLER_4_3_028,5.0,POS,5.0,5.0,5.0,5.0,5.0
fold_04,4,MOHLER_4_3,MOHLER_4_3_029,5.0,POS,5.0,5.0,5.0,5.0,5.0
fold_04,4,MOHLER_4_3,MOHLER_4_3_030,2.5,BND,0.0,0.0,0.0,0.0,0.0
fold_04,4,MOHLER_4_4,MOHLER_4_4_001,5.0,BND,4.5,4.2,4.2,4.2,4.8
fold_04,4,MOHLER_4_4,MOHLER_4_4_002,4.0,BND,1.0,0.5,0.5,0.5,0.5
fold_04,4,MOHLER_4_4,MOHLER_4_4_004,4.0,POS,3.0,3.0,3.0,3.0,3.0
fold_04,4,MOHLER_4_4,MOHLER_4_4_003,5.0,BND,4.0,4.3,4.3,4.3,4.9
fold_04,4,MOHLER_4_4,MOHLER_4_4_006,5.0,POS,4.0,4.0,4.0,4.0,4.0
fold_04,4,MOHLER_4_4,MOHLER_4_4_005,4.0,BND,0.0,0.0,0.0,0.0,0.0
fold_04,4,MOHLER_4_4,MOHLER_4_4_007,4.5,BND,3.0,3.5,3.5,3.5,4.1
fold_04,4,MOHLER_4_4,MOHLER_4_4_008,3.0,POS,2.0,2.0,2.0,2.0,2.0
fold_04,4,MOHLER_4_4,MOHLER_4_4_010,5.0,POS,5.0,5.0,5.0,5.0,5.0
fold_04,4,MOHLER_4_4,MOHLER_4_4_009,5.0,BND,3.0,3.7,3.7,3.7,4.3
fold_04,4,MOHLER_4_4,MOHLER_4_4_011,4.5,BND,2.0,2.3,2.3,2.3,2.9
fold_04,4,MOHLER_4_4,MOHLER_4_4_012,4.5,BND,2.0,2.2,2.2,2.2,2.8
fold_04,4,MOHLER_4_4,MOHLER_4_4_013,3.0,BND,1.0,0.7,0.7,0.7,1.3
fold_04,4,MOHLER_4_4,MOHLER_4_4_014,4.0,BND,0.0,0.0,0.0,0.0,0.0
fold_04,4,MOHLER_4_4,MOHLER_4_4_016,5.0,POS,5.0,5.0,5.0,5.0,5.0
fold_04,4,MOHLER_4_4,MOHLER_4_4_015,3.0,BND,0.0,0.5,0.5,0.5,1.1
fold_04,4,MOHLER_4_4,MOHLER_4_4_018,5.0,POS,5.0,5.0,5.0,5.0,5.0
fold_04,4,MOHLER_4_4,MOHLER_4_4_017,3.0,BND,1.0,1.0,1.0,1.0,1.6
fold_04,4,MOHLER_4_4,MOHLER_4_4_019,5.0,POS,5.0,5.0,5.0,5.0,5.0
fold_04,4,MOHLER_4_4,MOHLER_4_4_020,5.0,BND,5.0,4.7,4.7,5.0,5.0
fold_04,4,MOHLER_4_4,MOHLER_4_4_021,5.0,BND,4.0,4.3,4.3,4.3,4.9
fold_04,4,MOHLER_4_4,MOHLER_4_4_022,4.5,BND,3.0,3.5,3.5,3.5,4.1
fold_04,4,MOHLER_4_4,MOHLER_4_4_023,3.5,BND,2.0,1.7,1.7,1.7,2.3
fold_04,4,MOHLER_4_4,MOHLER_4_4_024,5.0,BND,4.0,3.8,3.8,3.8,4.4
fold_04,4,MOHLER_4_4,MOHLER_4_4_025,0.0,BND,0.0,0.0,0.0,0.0,0.0
fold_04,4,MOHLER_4_4,MOHLER_4_4_026,5.0,BND,3.0,3.8,3.8,4.8,5.0
fold_04,4,MOHLER_4_4,MOHLER_4_4_027,3.0,BND,0.0,0.3,0.3,0.3,0.3
fold_04,4,MOHLER_4_4,MOHLER_4_4_028,5.0,POS,3.0,3.0,3.0,3.0,3.0
fold_04,4,MOHLER_4_4,MOHLER_4_4_029,5.0,POS,4.0,4.0,4.0,4.0,4.0
fold_04,4,MOHLER_4_4,MOHLER_4_4_030,3.0,POS,1.0,1.0,1.0,1.0,1.0
fold_04,4,MOHLER_4_5,MOHLER_4_5_002,3.5,BND,0.0,0.3,0.3,0.3,0.3
fold_04,4,MOHLER_4_5,MOHLER_4_5_001,2.5,BND,0.0,0.7,0.7,0.7,0.7
fold_04,4,MOHLER_4_5,MOHLER_4_5_003,5.0,POS,5.0,5.0,5.0,5.0,5.0
fold_04,4,MOHLER_4_5,MOHLER_4_5_005,5.0,POS,5.0,5.0,5.0,5.0,5.0
fold_04,4,MOHLER_4_5,MOHLER_4_5_004,3.5,BND,1.0,0.5,0.5,0.5,1.1
fold_04,4,MOHLER_4_5,MOHLER_4_5_006,5.0,POS,5.0,5.0,5.0,5.0,5.0
fold_04,4,MOHLER_4_5,MOHLER_4_5_007,3.5,BND,2.0,1.3,1.3,1.3,1.9
fold_04,4,MOHLER_4_5,MOHLER_4_5_008,2.0,POS,0.0,0.0,0.0,0.0,0.0
fold_04,4,MOHLER_4_5,MOHLER_4_5_010,4.5,POS,5.0,5.0,5.0,5.0,5.0
fold_04,4,MOHLER_4_5,MOHLER_4_5_009,4.0,BND,3.0,2.7,2.7,2.7,3.3
fold_04,4,MOHLER_4_5,MOHLER_4_5_011,4.5,POS,5.0,5.0,5.0,5.0,5.0
fold_04,4,MOHLER_4_5,MOHLER_4_5_012,5.0,POS,5.0,5.0,5.0,5.0,5.0
fold_04,4,MOHLER_4_5,MOHLER_4_5_014,5.0,POS,5.0,5.0,5.0,5.0,5.0
fold_04,4,MOHLER_4_5,MOHLER_4_5_013,2.5,BND,0.0,0.0,0.0,0.0,0.0
fold_04,4,MOHLER_4_5,MOHLER_4_5_016,5.0,POS,5.0,5.0,5.0,5.0,5.0
fold_04,4,MOHLER_4_5,MOHLER_4_5_015,2.0,POS,0.0,0.0,0.0,0.0,0.0
fold_04,4,MOHLER_4_5,MOHLER_4_5_017,3.5,BND,2.0,1.3,1.3,1.3,1.9
fold_04,4,MOHLER_4_5,MOHLER_4_5_018,3.0,BND,0.0,0.7,0.7,0.7,1.3
fold_04,4,MOHLER_4_5,MOHLER_4_5_019,2.0,POS,0.0,0.0,0.0,0.0,0.0
fold_04,4,MOHLER_4_5,MOHLER_4_5_020,5.0,POS,5.0,5.0,5.0,5.0,5.0
fold_04,4,MOHLER_4_5,MOHLER_4_5_021,5.0,POS,5.0,5.0,5.0,5.0,5.0
fold_04,4,MOHLER_4_5,MOHLER_4_5_022,5.0,POS,5.0,5.0,5.0,5.0,5.0
fold_04,4,MOHLER_4_5,MOHLER_4_5_023,3.0,POS,0.0,0.0,0.0,0.0,0.0
fold_04,4,MOHLER_4_5,MOHLER_4_5_024,4.5,POS,5.0,5.0,5.0,5.0,5.0
fold_04,4,MOHLER_4_5,MOHLER_4_5_025,0.0,BND,0.0,0.0,0.0,0.0,0.0
fold_04,4,MOHLER_4_5,MOHLER_4_5_027,5.0,POS,5.0,5.0,5.0,5.0,5.0
fold_04,4,MOHLER_4_5,MOHLER_4_5_026,2.0,BND,0.0,0.2,0.2,0.2,0.2
fold_04,4,MOHLER_4_5,MOHLER_4_5_029,4.5,POS,5.0,5.0,5.0,5.0,5.0
fold_04,4,MOHLER_4_5,MOHLER_4_5_028,2.5,BND,0.0,0.3,0.3,0.3,0.3
fold_04,4,MOHLER_4_5,MOHLER_4_5_030,3.5,BND,2.0,1.3,1.3,1.3,1.9
fold_05,5,MOHLER_5_1,MOHLER_5_1_002,5.0,POS,5.0,5.0,5.0,5.0,5.0
fold_05,5,MOHLER_5_1,MOHLER_5_1_001,3.0,BND,0.0,0.7,0.7,0.7,0.7
fold_05,5,MOHLER_5_1,MOHLER_5_1_003,3.5,BND,3.0,2.8,2.8,2.8,3.4
fold_05,5,MOHLER_5_1,MOHLER_5_1_004,5.0,BND,5.0,4.8,4.8,4.8,5.0
fold_05,5,MOHLER_5_1,MOHLER_5_1_006,5.0,POS,5.0,5.0,5.0,5.0,5.0
fold_05,5,MOHLER_5_1,MOHLER_5_1_005,2.0,BND,1.5,0.8,0.8,0.8,1.4
fold_05,5,MOHLER_5_1,MOHLER_5_1_007,4.5,POS,5.0,5.0,5.0,5.0,5.0
fold_05,5,MOHLER_5_1,MOHLER_5_1_009,5.0,POS,5.0,5.0,5.0,5.0,5.0
fold_05,5,MOHLER_5_1,MOHLER_5_1_008,4.5,BND,4.0,3.8,3.8,3.8,4.4
fold_05,5,MOHLER_5_1,MOHLER_5_1_011,5.0,BND,4.5,4.7,4.7,4.7,5.0
fold_05,5,MOHLER_5_1,MOHLER_5_1_010,5.0,BND,5.0,4.3,4.3,4.3,4.9
fold_05,5,MOHLER_5_1,MOHLER_5_1_013,3.0,POS,5.0,5.0,5.0,5.0,5.0
fold_05,5,MOHLER_5_1,MOHLER_5_1_012,3.0,BND,2.0,1.8,1.8,1.8,2.4
fold_05,5,MOHLER_5_1,MOHLER_5_1_014,4.5,BND,3.0,2.7,2.7,2.7,3.3
fold_05,5,MOHLER_5_1,MOHLER_5_1_015,4.5,BND,5.0,4.5,4.5,4.5,5.0
fold_05,5,MOHLER_5_1,MOHLER_5_1_016,4.0,POS,4.0,4.0,4.0,4.0,4.0
fold_05,5,MOHLER_5_1,MOHLER_5_1_017,3.5,POS,4.0,4.0,4.0,4.0,4.0
fold_05,5,MOHLER_5_1,MOHLER_5_1_018,3.0,BND,4.0,4.2,4.2,4.2,4.8
fold_05,5,MOHLER_5_1,MOHLER_5_1_019,4.0,BND,4.0,4.3,4.3,4.3,4.9
fold_05,5,MOHLER_5_1,MOHLER_5_1_020,4.5,BND,3.0,3.7,3.7,3.7,4.3
fold_05,5,MOHLER_5_1,MOHLER_5_1_021,5.0,BND,4.0,4.2,4.2,4.2,4.8
fold_05,5,MOHLER_5_1,MOHLER_5_1_022,4.0,BND,3.0,2.7,2.7,2.7,3.3
fold_05,5,MOHLER_5_1,MOHLER_5_1_023,5.0,BND,5.0,4.7,4.7,4.7,5.0
fold_05,5,MOHLER_5_1,MOHLER_5_1_024,5.0,POS,5.0,5.0,5.0,5.0,5.0
fold_05,5,MOHLER_5_1,MOHLER_5_1_025,4.0,BND,2.5,2.2,2.2,2.2,2.8
fold_05,5,MOHLER_5_1,MOHLER_5_1_026,4.5,POS,5.0,5.0,5.0,5.0,5.0
fold_05,5,MOHLER_5_1,MOHLER_5_1_027,5.0,BND,5.0,4.8,4.8,4.8,5.0
fold_05,5,MOHLER_5_1,MOHLER_5_1_028,4.0,BND,5.0,3.5,3.5,3.5,4.1
fold_05,5,MOHLER_5_2,MOHLER_5_2_002,4.5,POS,5.0,5.0,5.0,5.0,5.0
fold_05,5,MOHLER_5_2,MOHLER_5_2_001,5.0,BND,5.0,4.0,4.0,4.0,4.6
fold_05,5,MOHLER_5_2,MOHLER_5_2_003,5.0,POS,4.0,4.0,4.0,4.0,4.0
fold_05,5,MOHLER_5_2,MOHLER_5_2_004,5.0,POS,5.0,5.0,5.0,5.0,5.0
fold_05,5,MOHLER_5_2,MOHLER_5_2_005,4.5,POS,5.0,5.0,5.0,5.0,5.0
fold_05,5,MOHLER_5_2,MOHLER_5_2_006,4.5,BND,5.0,4.8,4.8,4.8,5.0
fold_05,5,MOHLER_5_2,MOHLER_5_2_007,5.0,POS,4.0,4.0,4.0,4.0,4.0
fold_05,5,MOHLER_5_2,MOHLER_5_2_009,5.0,POS,5.0,5.0,5.0,5.0,5.0
fold_05,5,MOHLER_5_2,MOHLER_5_2_008,5.0,BND,4.5,4.7,4.7,4.7,5.0
fold_05,5,MOHLER_5_2,MOHLER_5_2_010,3.5,POS,2.0,2.0,2.0,2.0,2.0
fold_05,5,MOHLER_5_2,MOHLER_5_2_011,4.5,POS,5.0,5.0,5.0,5.0,5.0
fold_05,5,MOHLER_5_2,MOHLER_5_2_012,5.0,BND,5.0,4.7,4.7,5.0,5.0
fold_05,5,MOHLER_5_2,MOHLER_5_2_013,5.0,POS,5.0,5.0,5.0,5.0,5.0
fold_05,5,MOHLER_5_2,MOHLER_5_2_014,4.5,POS,3.0,3.0,3.0,3.0,3.0
fold_05,5,MOHLER_5_2,MOHLER_5_2_015,5.0,POS,5.0,5.0,5.0,5.0,5.0
fold_05,5,MOHLER_5_2,MOHLER_5_2_016,4.5,BND,3.5,4.0,4.0,4.0,4.6
fold_05,5,MOHLER_5_2,MOHLER_5_2_017,5.0,BND,4.5,4.3,4.3,4.3,4.9
fold_05,5,MOHLER_5_2,MOHLER_5_2_019,5.0,POS,5.0,5.0,5.0,5.0,5.0
fold_05,5,MOHLER_5_2,MOHLER_5_2_018,4.5,BND,5.0,4.7,4.7,4.7,5.0
fold_05,5,MOHLER_5_2,MOHLER_5_2_020,4.5,BND,4.0,4.7,4.7,4.7,5.0
fold_05,5,MOHLER_5_2,MOHLER_5_2_021,5.0,BND,5.0,4.8,4.8,4.8,5.0
fold_05,5,MOHLER_5_2,MOHLER_5_2_022,4.5,POS,3.0,3.0,3.0,3.0,3.0
fold_05,5,MOHLER_5_2,MOHLER_5_2_023,4.5,BND,5.0,4.7,4.7,4.7,5.0
fold_05,5,MOHLER_5_2,MOHLER_5_2_024,5.0,BND,5.0,4.8,4.8,4.8,5.0
fold_05,5,MOHLER_5_2,MOHLER_5_2_025,3.5,BND,5.0,3.0,3.0,3.0,3.6
fold_05,5,MOHLER_5_2,MOHLER_5_2_026,4.5,BND,5.0,4.8,4.8,4.8,5.0
fold_05,5,MOHLER_5_2,MOHLER_5_2_027,5.0,POS,5.0,5.0,5.0,5.0,5.0
fold_05,5,MOHLER_5_2,MOHLER_5_2_028,5.0,POS,5.0,5.0,5.0,5.0,5.0
fold_05,5,MOHLER_5_3,MOHLER_5_3_002,4.5,BND,5.0,4.7,4.7,4.7,5.0
fold_05,5,MOHLER_5_3,MOHLER_5_3_001,3.5,BND,0.0,1.2,1.2,1.2,1.8
fold_05,5,MOHLER_5_3,MOHLER_5_3_003,3.0,POS,3.0,3.0,3.0,3.0,3.0
fold_05,5,MOHLER_5_3,MOHLER_5_3_004,4.0,BND,4.0,4.3,4.3,4.3,4.9
fold_05,5,MOHLER_5_3,MOHLER_5_3_006,5.0,POS,5.0,5.0,5.0,5.0,5.0
fold_05,5,MOHLER_5_3,MOHLER_5_3_005,2.0,BND,4.0,2.8,2.8,2.8,3.4
fold_05,5,MOHLER_5_3,MOHLER_5_3_007,3.5,POS,5.0,5.0,5.0,5.0,5.0
fold_05,5,MOHLER_5_3,MOHLER_5_3_008,4.0,BND,4.0,4.0,4.0,4.0,4.6
fold_05,5,MOHLER_5_3,MOHLER_5_3_009,5.0,POS,5.0,5.0,5.0,5.0,5.0
fold_05,5,MOHLER_5_3,MOHLER_5_3_010,3.0,BND,1.0,1.2,1.2,1.2,1.8
fold_05,5,MOHLER_5_3,MOHLER_5_3_011,4.0,BND,5.0,4.7,4.7,4.7,5.0
fold_05,5,MOHLER_5_3,MOHLER_5_3_013,4.5,POS,5.0,5.0,5.0,5.0,5.0
fold_05,5,MOHLER_5_3,MOHLER_5_3_012,3.5,BND,5.0,4.0,4.0,4.0,4.6
fold_05,5,MOHLER_5_3,MOHLER_5_3_015,5.0,POS,5.0,5.0,5.0,5.0,5.0
fold_05,5,MOHLER_5_3,MOHLER_5_3_014,4.0,BND,0.0,0.3,0.3,0.3,0.3
fold_05,5,MOHLER_5_3,MOHLER_5_3_016,2.5,POS,0.0,0.0,0.0,0.0,0.0
fold_05,5,MOHLER_5_3,MOHLER_5_3_017,3.0,BND,3.0,3.3,3.3,3.3,3.9
fold_05,5,MOHLER_5_3,MOHLER_5_3_018,4.5,BND,5.0,4.3,4.3,4.3,4.9
fold_05,5,MOHLER_5_3,MOHLER_5_3_019,3.0,POS,0.0,0.0,0.0,0.0,0.0
fold_05,5,MOHLER_5_3,MOHLER_5_3_020,3.5,BND,4.0,3.8,3.8,3.8,4.4
fold_05,5,MOHLER_5_3,MOHLER_5_3_021,5.0,POS,5.0,5.0,5.0,5.0,5.0
fold_05,5,MOHLER_5_3,MOHLER_5_3_022,5.0,POS,5.0,5.0,5.0,5.0,5.0
fold_05,5,MOHLER_5_3,MOHLER_5_3_024,4.5,POS,5.0,5.0,5.0,5.0,5.0
fold_05,5,MOHLER_5_3,MOHLER_5_3_023,3.5,BND,5.0,4.7,4.7,4.7,5.0
fold_05,5,MOHLER_5_3,MOHLER_5_3_026,2.5,BND,1.0,1.3,1.3,1.3,1.9
fold_05,5,MOHLER_5_3,MOHLER_5_3_025,5.0,BND,4.0,4.3,4.3,4.3,4.9
fold_05,5,MOHLER_5_3,MOHLER_5_3_027,4.0,BND,1.0,1.7,1.7,1.7,2.3
fold_05,5,MOHLER_5_3,MOHLER_5_3_028,2.5,BND,1.0,1.7,1.7,1.7,2.3
fold_05,5,MOHLER_5_4,MOHLER_5_4_002,5.0,POS,5.0,5.0,5.0,5.0,5.0
fold_05,5,MOHLER_5_4,MOHLER_5_4_001,5.0,POS,5.0,5.0,5.0,5.0,5.0
fold_05,5,MOHLER_5_4,MOHLER_5_4_003,5.0,POS,5.0,5.0,5.0,5.0,5.0
fold_05,5,MOHLER_5_4,MOHLER_5_4_004,2.0,POS,0.0,0.0,0.0,0.0,0.0
fold_05,5,MOHLER_5_4,MOHLER_5_4_005,5.0,POS,4.0,4.0,4.0,4.0,4.0
fold_05,5,MOHLER_5_4,MOHLER_5_4_007,2.5,POS,0.0,0.0,0.0,0.0,0.0
fold_05,5,MOHLER_5_4,MOHLER_5_4_006,5.0,BND,5.0,4.8,4.8,4.8,5.0
fold_05,5,MOHLER_5_4,MOHLER_5_4_008,5.0,BND,4.0,4.3,4.3,4.3,4.9
fold_05,5,MOHLER_5_4,MOHLER_5_4_009,4.5,BND,2.0,3.3,3.3,4.3,4.9
fold_05,5,MOHLER_5_4,MOHLER_5_4_010,4.0,POS,5.0,5.0,5.0,5.0,5.0
fold_05,5,MOHLER_5_4,MOHLER_5_4_011,5.0,BND,4.5,4.7,4.7,4.7,5.0
fold_05,5,MOHLER_5_4,MOHLER_5_4_012,5.0,POS,5.0,5.0,5.0,5.0,5.0
fold_05,5,MOHLER_5_4,MOHLER_5_4_013,2.0,POS,0.0,0.0,0.0,0.0,0.0
fold_05,5,MOHLER_5_4,MOHLER_5_4_014,2.0,POS,0.0,0.0,0.0,0.0,0.0
fold_05,5,MOHLER_5_4,MOHLER_5_4_015,5.0,POS,4.0,4.0,4.0,4.0,4.0
fold_05,5,MOHLER_5_4,MOHLER_5_4_016,3.5,BND,0.0,0.0,0.0,0.0,0.0
fold_05,5,MOHLER_5_4,MOHLER_5_4_018,5.0,POS,4.0,4.0,4.0,4.0,4.0
fold_05,5,MOHLER_5_4,MOHLER_5_4_017,5.0,BND,4.0,4.3,4.3,4.3,4.9
fold_05,5,MOHLER_5_4,MOHLER_5_4_019,4.5,BND,3.0,4.0,4.0,4.0,4.6
fold_05,5,MOHLER_5_4,MOHLER_5_4_020,2.0,BND,3.0,1.3,1.3,1.3,1.9
fold_05,5,MOHLER_5_4,MOHLER_5_4_021,5.0,POS,4.0,4.0,4.0,4.0,4.0
fold_05,5,MOHLER_5_4,MOHLER_5_4_023,5.0,POS,4.5,4.5,4.5,4.5,4.5
fold_05,5,MOHLER_5_4,MOHLER_5_4_022,5.0,BND,3.0,4.0,4.0,4.0,4.6
fold_05,5,MOHLER_5_4,MOHLER_5_4_024,5.0,POS,4.0,4.0,4.0,4.0,4.0
fold_05,5,MOHLER_5_4,MOHLER_5_4_025,4.5,BND,5.0,4.8,4.8,4.8,5.0
fold_05,5,MOHLER_5_4,MOHLER_5_4_026,2.5,BND,2.0,2.2,2.2,2.2,2.8
fold_05,5,MOHLER_5_4,MOHLER_5_4_027,4.5,BND,4.0,4.3,4.3,4.3,4.9
fold_05,5,MOHLER_5_4,MOHLER_5_4_028,2.0,POS,0.0,0.0,0.0,0.0,0.0
fold_06,6,MOHLER_6_1,MOHLER_6_1_002,5.0,POS,5.0,5.0,5.0,5.0,5.0
fold_06,6,MOHLER_6_1,MOHLER_6_1_001,5.0,BND,4.5,4.8,4.8,4.8,5.0
fold_06,6,MOHLER_6_1,MOHLER_6_1_003,5.0,POS,5.0,5.0,5.0,5.0,5.0
fold_06,6,MOHLER_6_1,MOHLER_6_1_004,5.0,POS,5.0,5.0,5.0,5.0,5.0
fold_06,6,MOHLER_6_1,MOHLER_6_1_005,4.5,POS,5.0,5.0,5.0,5.0,5.0
fold_06,6,MOHLER_6_1,MOHLER_6_1_006,4.5,POS,3.0,3.0,3.0,3.0,3.0
fold_06,6,MOHLER_6_1,MOHLER_6_1_007,4.5,POS,2.0,2.0,2.0,2.0,2.0
fold_06,6,MOHLER_6_1,MOHLER_6_1_008,5.0,POS,5.0,5.0,5.0,5.0,5.0
fold_06,6,MOHLER_6_1,MOHLER_6_1_009,5.0,POS,5.0,5.0,5.0,5.0,5.0
fold_06,6,MOHLER_6_1,MOHLER_6_1_010,5.0,POS,5.0,5.0,5.0,5.0,5.0
fold_06,6,MOHLER_6_1,MOHLER_6_1_011,4.5,POS,5.0,5.0,5.0,5.0,5.0
fold_06,6,MOHLER_6_1,MOHLER_6_1_012,5.0,BND,4.0,3.7,3.7,3.7,4.3
fold_06,6,MOHLER_6_1,MOHLER_6_1_014,5.0,POS,5.0,5.0,5.0,5.0,5.0
fold_06,6,MOHLER_6_1,MOHLER_6_1_013,4.5,BND,4.0,4.7,4.7,4.7,5.0
fold_06,6,MOHLER_6_1,MOHLER_6_1_015,3.5,POS,2.0,2.0,2.0,2.0,2.0
fold_06,6,MOHLER_6_1,MOHLER_6_1_016,5.0,BND,5.0,4.7,4.7,4.7,5.0
fold_06,6,MOHLER_6_1,MOHLER_6_1_017,5.0,POS,5.0,5.0,5.0,5.0,5.0
fold_06,6,MOHLER_6_1,MOHLER_6_1_018,5.0,BND,2.0,1.3,1.3,1.3,1.9
fold_06,6,MOHLER_6_1,MOHLER_6_1_019,4.0,POS,3.0,3.0,3.0,3.0,3.0
fold_06,6,MOHLER_6_1,MOHLER_6_1_020,5.0,POS,5.0,5.0,5.0,5.0,5.0
fold_06,6,MOHLER_6_1,MOHLER_6_1_021,5.0,POS,5.0,5.0,5.0,5.0,5.0
fold_06,6,MOHLER_6_1,MOHLER_6_1_022,5.0,POS,5.0,5.0,5.0,5.0,5.0
fold_06,6,MOHLER_6_1,MOHLER_6_1_023,5.0,POS,5.0,5.0,5.0,5.0,5.0
fold_06,6,MOHLER_6_1,MOHLER_6_1_024,4.5,BND,4.0,3.7,3.7,3.7,4.3
fold_06,6,MOHLER_6_1,MOHLER_6_1_025,4.5,BND,4.0,4.5,4.5,4.5,5.0
fold_06,6,MOHLER_6_1,MOHLER_6_1_026,4.5,BND,5.0,4.8,4.8,4.8,5.0
fold_06,6,MOHLER_6_2,MOHLER_6_2_001,5.0,POS,5.0,5.0,5.0,5.0,5.0
fold_06,6,MOHLER_6_2,MOHLER_6_2_002,5.0,POS,5.0,5.0,5.0,5.0,5.0
fold_06,6,MOHLER_6_2,MOHLER_6_2_003,5.0,POS,5.0,5.0,5.0,5.0,5.0
fold_06,6,MOHLER_6_2,MOHLER_6_2_004,5.0,POS,5.0,5.0,5.0,5.0,5.0
fold_06,6,MOHLER_6_2,MOHLER_6_2_005,5.0,POS,5.0,5.0,5.0,5.0,5.0
fold_06,6,MOHLER_6_2,MOHLER_6_2_006,4.0,POS,5.0,5.0,5.0,5.0,5.0
fold_06,6,MOHLER_6_2,MOHLER_6_2_008,5.0,POS,5.0,5.0,5.0,5.0,5.0
fold_06,6,MOHLER_6_2,MOHLER_6_2_007,4.5,POS,5.0,5.0,5.0,5.0,5.0
fold_06,6,MOHLER_6_2,MOHLER_6_2_010,5.0,POS,5.0,5.0,5.0,5.0,5.0
fold_06,6,MOHLER_6_2,MOHLER_6_2_011,5.0,POS,5.0,5.0,5.0,5.0,5.0
fold_06,6,MOHLER_6_2,MOHLER_6_2_009,3.0,BND,1.0,1.5,1.5,1.5,2.1
fold_06,6,MOHLER_6_2,MOHLER_6_2_012,4.5,POS,5.0,5.0,5.0,5.0,5.0
fold_06,6,MOHLER_6_2,MOHLER_6_2_013,5.0,POS,5.0,5.0,5.0,5.0,5.0
fold_06,6,MOHLER_6_2,MOHLER_6_2_014,5.0,POS,5.0,5.0,5.0,5.0,5.0
fold_06,6,MOHLER_6_2,MOHLER_6_2_015,4.5,BND,5.0,4.7,4.7,4.7,5.0
fold_06,6,MOHLER_6_2,MOHLER_6_2_016,4.5,POS,5.0,5.0,5.0,5.0,5.0
fold_06,6,MOHLER_6_2,MOHLER_6_2_018,5.0,POS,5.0,5.0,5.0,5.0,5.0
fold_06,6,MOHLER_6_2,MOHLER_6_2_019,5.0,POS,5.0,5.0,5.0,5.0,5.0
fold_06,6,MOHLER_6_2,MOHLER_6_2_017,4.5,BND,2.5,2.2,2.2,2.2,2.8
fold_06,6,MOHLER_6_2,MOHLER_6_2_021,4.5,POS,5.0,5.0,5.0,5.0,5.0
fold_06,6,MOHLER_6_2,MOHLER_6_2_020,4.5,POS,5.0,5.0,5.0,5.0,5.0
fold_06,6,MOHLER_6_2,MOHLER_6_2_022,5.0,POS,5.0,5.0,5.0,5.0,5.0
fold_06,6,MOHLER_6_2,MOHLER_6_2_023,4.0,POS,5.0,5.0,5.0,5.0,5.0
fold_06,6,MOHLER_6_2,MOHLER_6_2_024,5.0,POS,5.0,5.0,5.0,5.0,5.0
fold_06,6,MOHLER_6_2,MOHLER_6_2_025,4.5,POS,5.0,5.0,5.0,5.0,5.0
fold_06,6,MOHLER_6_2,MOHLER_6_2_026,3.5,BND,1.0,1.8,1.8,1.8,2.4
fold_06,6,MOHLER_6_3,MOHLER_6_3_002,5.0,BND,4.5,4.8,4.8,4.8,5.0
fold_06,6,MOHLER_6_3,MOHLER_6_3_001,5.0,BND,4.0,4.5,4.5,4.5,5.0
fold_06,6,MOHLER_6_3,MOHLER_6_3_004,5.0,POS,5.0,5.0,5.0,5.0,5.0
fold_06,6,MOHLER_6_3,MOHLER_6_3_003,5.0,POS,4.0,4.0,4.0,4.0,4.0
fold_06,6,MOHLER_6_3,MOHLER_6_3_005,5.0,BND,5.0,4.3,4.3,4.3,4.9
fold_06,6,MOHLER_6_3,MOHLER_6_3_006,4.0,BND,4.5,4.5,4.5,4.5,5.0
fold_06,6,MOHLER_6_3,MOHLER_6_3_007,4.0,POS,1.0,1.0,1.0,1.0,1.0
fold_06,6,MOHLER_6_3,MOHLER_6_3_008,5.0,POS,5.0,5.0,5.0,5.0,5.0
fold_06,6,MOHLER_6_3,MOHLER_6_3_010,5.0,BND,4.0,4.2,4.2,4.2,4.8
fold_06,6,MOHLER_6_3,MOHLER_6_3_009,4.5,BND,3.0,2.3,2.3,2.3,2.9
fold_06,6,MOHLER_6_3,MOHLER_6_3_011,4.0,BND,5.0,4.7,4.7,4.7,5.0
fold_06,6,MOHLER_6_3,MOHLER_6_3_012,4.5,BND,5.0,4.3,4.3,4.3,4.9
fold_06,6,MOHLER_6_3,MOHLER_6_3_013,4.0,BND,5.0,4.3,4.3,4.3,4.9
fold_06,6,MOHLER_6_3,MOHLER_6_3_014,3.5,BND,4.0,3.8,3.8,3.8,4.4
fold_06,6,MOHLER_6_3,MOHLER_6_3_016,4.0,POS,3.0,3.0,3.0,3.0,3.0
fold_06,6,MOHLER_6_3,MOHLER_6_3_015,4.5,BND,3.0,3.2,3.2,3.2,3.8
fold_06,6,MOHLER_6_3,MOHLER_6_3_018,5.0,POS,4.0,4.0,4.0,4.0,4.0
fold_06,6,MOHLER_6_3,MOHLER_6_3_017,4.0,BND,4.0,3.7,3.7,3.7,4.3
fold_06,6,MOHLER_6_3,MOHLER_6_3_019,5.0,POS,4.0,4.0,4.0,4.0,4.0
fold_06,6,MOHLER_6_3,MOHLER_6_3_020,5.0,POS,4.0,4.0,4.0,4.0,4.0
fold_06,6,MOHLER_6_3,MOHLER_6_3_021,4.5,POS,5.0,5.0,5.0,5.0,5.0
fold_06,6,MOHLER_6_3,MOHLER_6_3_022,4.0,BND,5.0,4.3,4.3,4.3,4.9
fold_06,6,MOHLER_6_3,MOHLER_6_3_023,2.0,BND,1.0,1.3,1.3,1.3,1.9
fold_06,6,MOHLER_6_3,MOHLER_6_3_024,5.0,POS,4.0,4.0,4.0,4.0,4.0
fold_06,6,MOHLER_6_3,MOHLER_6_3_025,3.5,POS,4.0,4.0,4.0,4.0,4.0
fold_06,6,MOHLER_6_3,MOHLER_6_3_026,2.0,POS,0.0,0.0,0.0,0.0,0.0
fold_06,6,MOHLER_6_4,MOHLER_6_4_002,4.5,POS,5.0,5.0,5.0,5.0,5.0
fold_06,6,MOHLER_6_4,MOHLER_6_4_001,3.0,POS,2.0,2.0,2.0,2.0,2.0
fold_06,6,MOHLER_6_4,MOHLER_6_4_004,3.0,POS,2.0,2.0,2.0,2.0,2.0
fold_06,6,MOHLER_6_4,MOHLER_6_4_003,4.0,BND,3.0,4.0,4.0,4.0,4.6
fold_06,6,MOHLER_6_4,MOHLER_6_4_006,5.0,POS,5.0,5.0,5.0,5.0,5.0
fold_06,6,MOHLER_6_4,MOHLER_6_4_005,4.0,BND,5.0,4.7,4.7,4.7,5.0
fold_06,6,MOHLER_6_4,MOHLER_6_4_007,4.0,POS,3.0,3.0,3.0,3.0,3.0
fold_06,6,MOHLER_6_4,MOHLER_6_4_008,3.5,BND,1.5,1.2,1.2,1.2,1.8
fold_06,6,MOHLER_6_4,MOHLER_6_4_009,4.5,POS,4.0,4.0,4.0,4.0,4.0
fold_06,6,MOHLER_6_4,MOHLER_6_4_010,4.0,POS,3.0,3.0,3.0,3.0,3.0
fold_06,6,MOHLER_6_4,MOHLER_6_4_011,2.5,POS,0.0,0.0,0.0,0.0,0.0
fold_06,6,MOHLER_6_4,MOHLER_6_4_012,5.0,POS,5.0,5.0,5.0,5.0,5.0
fold_06,6,MOHLER_6_4,MOHLER_6_4_013,3.5,POS,5.0,5.0,5.0,5.0,5.0
fold_06,6,MOHLER_6_4,MOHLER_6_4_015,2.0,POS,2.0,2.0,2.0,2.0,2.0
fold_06,6,MOHLER_6_4,MOHLER_6_4_014,4.0,BND,5.0,4.7,4.7,4.7,5.0
fold_06,6,MOHLER_6_4,MOHLER_6_4_016,4.0,BND,3.0,4.0,4.0,4.0,4.6
fold_06,6,MOHLER_6_4,MOHLER_6_4_017,4.0,BND,5.0,4.7,4.7,4.7,5.0
fold_06,6,MOHLER_6_4,MOHLER_6_4_018,4.5,POS,5.0,5.0,5.0,5.0,5.0
fold_06,6,MOHLER_6_4,MOHLER_6_4_019,4.0,POS,5.0,5.0,5.0,5.0,5.0
fold_06,6,MOHLER_6_4,MOHLER_6_4_020,3.0,POS,5.0,5.0,5.0,5.0,5.0
fold_06,6,MOHLER_6_4,MOHLER_6_4_021,5.0,POS,5.0,5.0,5.0,5.0,5.0
fold_06,6,MOHLER_6_4,MOHLER_6_4_022,3.5,BND,2.0,2.5,2.5,2.5,3.1
fold_06,6,MOHLER_6_4,MOHLER_6_4_023,4.0,POS,3.0,3.0,3.0,3.0,3.0
fold_06,6,MOHLER_6_4,MOHLER_6_4_024,4.0,BND,1.0,1.3,1.3,1.3,1.9
fold_06,6,MOHLER_6_4,MOHLER_6_4_025,4.0,BND,5.0,4.5,4.5,4.5,5.0
fold_06,6,MOHLER_6_4,MOHLER_6_4_026,1.0,POS,0.0,0.0,0.0,0.0,0.0
fold_06,6,MOHLER_6_5,MOHLER_6_5_001,4.5,POS,3.0,3.0,3.0,3.0,3.0
fold_06,6,MOHLER_6_5,MOHLER_6_5_002,4.0,BND,4.5,4.3,4.3,4.3,4.9
fold_06,6,MOHLER_6_5,MOHLER_6_5_003,5.0,POS,5.0,5.0,5.0,5.0,5.0
fold_06,6,MOHLER_6_5,MOHLER_6_5_004,4.5,BND,4.0,3.8,3.8,3.8,4.4
fold_06,6,MOHLER_6_5,MOHLER_6_5_005,4.5,BND,4.0,3.8,3.8,3.8,4.4
fold_06,6,MOHLER_6_5,MOHLER_6_5_006,4.0,BND,5.0,4.3,4.3,5.0,5.0
fold_06,6,MOHLER_6_5,MOHLER_6_5_007,4.5,BND,3.0,4.0,4.0,4.0,4.6
fold_06,6,MOHLER_6_5,MOHLER_6_5_008,5.0,POS,5.0,5.0,5.0,5.0,5.0
fold_06,6,MOHLER_6_5,MOHLER_6_5_010,5.0,POS,5.0,5.0,5.0,5.0,5.0
fold_06,6,MOHLER_6_5,MOHLER_6_5_009,3.5,BND,4.0,4.3,4.3,4.3,4.9
fold_06,6,MOHLER_6_5,MOHLER_6_5_011,2.5,BND,0.0,1.0,1.0,1.0,1.6
fold_06,6,MOHLER_6_5,MOHLER_6_5_012,3.0,BND,3.0,2.7,2.7,2.7,3.3
fold_06,6,MOHLER_6_5,MOHLER_6_5_013,4.5,POS,5.0,5.0,5.0,5.0,5.0
fold_06,6,MOHLER_6_5,MOHLER_6_5_014,5.0,POS,5.0,5.0,5.0,5.0,5.0
fold_06,6,MOHLER_6_5,MOHLER_6_5_015,5.0,POS,5.0,5.0,5.0,5.0,5.0
fold_06,6,MOHLER_6_5,MOHLER_6_5_016,4.5,POS,5.0,5.0,5.0,5.0,5.0
fold_06,6,MOHLER_6_5,MOHLER_6_5_017,3.0,BND,3.0,2.7,2.7,2.7,3.3
fold_06,6,MOHLER_6_5,MOHLER_6_5_018,4.0,BND,3.0,2.8,2.8,2.8,3.4
fold_06,6,MOHLER_6_5,MOHLER_6_5_019,5.0,POS,5.0,5.0,5.0,5.0,5.0
fold_06,6,MOHLER_6_5,MOHLER_6_5_020,4.5,POS,5.0,5.0,5.0,5.0,5.0
fold_06,6,MOHLER_6_5,MOHLER_6_5_021,4.0,BND,5.0,4.7,4.7,4.7,5.0
fold_06,6,MOHLER_6_5,MOHLER_6_5_022,5.0,POS,5.0,5.0,5.0,5.0,5.0
fold_06,6,MOHLER_6_5,MOHLER_6_5_023,4.5,POS,5.0,5.0,5.0,5.0,5.0
fold_06,6,MOHLER_6_5,MOHLER_6_5_024,4.5,BND,5.0,4.0,4.0,4.0,4.6
fold_06,6,MOHLER_6_5,MOHLER_6_5_025,4.5,POS,5.0,5.0,5.0,5.0,5.0
fold_06,6,MOHLER_6_5,MOHLER_6_5_026,4.0,POS,5.0,5.0,5.0,5.0,5.0
fold_06,6,MOHLER_6_6,MOHLER_6_6_001,2.5,POS,1.0,1.0,1.0,1.0,1.0
fold_06,6,MOHLER_6_6,MOHLER_6_6_002,5.0,BND,5.0,5.0,5.0,5.0,5.0
fold_06,6,MOHLER_6_6,MOHLER_6_6_004,5.0,POS,5.0,5.0,5.0,5.0,5.0
fold_06,6,MOHLER_6_6,MOHLER_6_6_003,5.0,BND,5.0,5.0,5.0,5.0,5.0
fold_06,6,MOHLER_6_6,MOHLER_6_6_005,2.5,POS,0.0,0.0,0.0,0.0,0.0
fold_06,6,MOHLER_6_6,MOHLER_6_6_007,2.5,POS,0.0,0.0,0.0,0.0,0.0
fold_06,6,MOHLER_6_6,MOHLER_6_6_006,2.5,BND,1.0,0.3,0.3,0.3,0.3
fold_06,6,MOHLER_6_6,MOHLER_6_6_008,5.0,POS,5.0,5.0,5.0,5.0,5.0
fold_06,6,MOHLER_6_6,MOHLER_6_6_009,2.0,BND,0.0,0.0,0.0,0.0,0.0
fold_06,6,MOHLER_6_6,MOHLER_6_6_010,5.0,BND,5.0,4.5,4.5,5.0,5.0
fold_06,6,MOHLER_6_6,MOHLER_6_6_011,2.5,BND,0.0,0.3,0.3,0.3,0.3
fold_06,6,MOHLER_6_6,MOHLER_6_6_012,2.5,BND,0.0,0.7,0.7,0.7,1.3
fold_06,6,MOHLER_6_6,MOHLER_6_6_013,5.0,BND,5.0,5.0,5.0,5.0,5.0
fold_06,6,MOHLER_6_6,MOHLER_6_6_014,5.0,BND,5.0,5.0,5.0,5.0,5.0
fold_06,6,MOHLER_6_6,MOHLER_6_6_015,5.0,BND,5.0,5.0,5.0,5.0,5.0
fold_06,6,MOHLER_6_6,MOHLER_6_6_016,2.5,POS,0.0,0.0,0.0,0.0,0.0
fold_06,6,MOHLER_6_6,MOHLER_6_6_017,2.0,BND,0.0,0.5,0.5,0.5,1.1
fold_06,6,MOHLER_6_6,MOHLER_6_6_018,5.0,POS,5.0,5.0,5.0,5.0,5.0
fold_06,6,MOHLER_6_6,MOHLER_6_6_020,5.0,POS,5.0,5.0,5.0,5.0,5.0
fold_06,6,MOHLER_6_6,MOHLER_6_6_019,5.0,BND,4.5,4.8,4.8,5.0,5.0
fold_06,6,MOHLER_6_6,MOHLER_6_6_022,5.0,POS,5.0,5.0,5.0,5.0,5.0
fold_06,6,MOHLER_6_6,MOHLER_6_6_021,2.5,BND,0.0,1.0,1.0,1.0,1.6
fold_06,6,MOHLER_6_6,MOHLER_6_6_023,5.0,POS,5.0,5.0,5.0,5.0,5.0
fold_06,6,MOHLER_6_6,MOHLER_6_6_024,2.5,BND,1.0,1.2,1.2,1.2,1.8
fold_06,6,MOHLER_6_6,MOHLER_6_6_025,4.0,BND,4.5,4.8,4.8,4.8,5.0
fold_06,6,MOHLER_6_6,MOHLER_6_6_026,2.5,BND,1.0,0.8,0.8,0.8,1.4
fold_06,6,MOHLER_6_7,MOHLER_6_7_001,5.0,POS,5.0,5.0,5.0,5.0,5.0
fold_06,6,MOHLER_6_7,MOHLER_6_7_002,5.0,POS,5.0,5.0,5.0,5.0,5.0
fold_06,6,MOHLER_6_7,MOHLER_6_7_004,5.0,POS,5.0,5.0,5.0,5.0,5.0
fold_06,6,MOHLER_6_7,MOHLER_6_7_003,5.0,BND,5.0,4.7,4.7,4.7,5.0
fold_06,6,MOHLER_6_7,MOHLER_6_7_005,5.0,POS,5.0,5.0,5.0,5.0,5.0
fold_06,6,MOHLER_6_7,MOHLER_6_7_006,3.5,BND,0.0,0.7,0.7,0.7,1.3
fold_06,6,MOHLER_6_7,MOHLER_6_7_007,3.5,BND,3.0,2.3,2.3,2.3,2.9
fold_06,6,MOHLER_6_7,MOHLER_6_7_008,5.0,POS,5.0,5.0,5.0,5.0,5.0
fold_06,6,MOHLER_6_7,MOHLER_6_7_009,5.0,POS,5.0,5.0,5.0,5.0,5.0
fold_06,6,MOHLER_6_7,MOHLER_6_7_011,5.0,POS,5.0,5.0,5.0,5.0,5.0
fold_06,6,MOHLER_6_7,MOHLER_6_7_010,5.0,BND,3.0,3.5,3.5,3.5,4.1
fold_06,6,MOHLER_6_7,MOHLER_6_7_012,5.0,BND,2.0,2.7,2.7,2.7,3.3
fold_06,6,MOHLER_6_7,MOHLER_6_7_013,5.0,BND,3.0,3.7,3.7,4.7,5.0
fold_06,6,MOHLER_6_7,MOHLER_6_7_014,5.0,POS,5.0,5.0,5.0,5.0,5.0
fold_06,6,MOHLER_6_7,MOHLER_6_7_015,5.0,POS,4.0,4.0,4.0,4.0,4.0
fold_06,6,MOHLER_6_7,MOHLER_6_7_016,5.0,POS,5.0,5.0,5.0,5.0,5.0
fold_06,6,MOHLER_6_7,MOHLER_6_7_017,4.0,BND,4.0,4.3,4.3,4.3,4.9
fold_06,6,MOHLER_6_7,MOHLER_6_7_018,5.0,BND,5.0,4.0,4.0,5.0,5.0
fold_06,6,MOHLER_6_7,MOHLER_6_7_019,5.0,POS,5.0,5.0,5.0,5.0,5.0
fold_06,6,MOHLER_6_7,MOHLER_6_7_020,4.5,POS,5.0,5.0,5.0,5.0,5.0
fold_06,6,MOHLER_6_7,MOHLER_6_7_021,5.0,POS,5.0,5.0,5.0,5.0,5.0
fold_06,6,MOHLER_6_7,MOHLER_6_7_022,5.0,POS,5.0,5.0,5.0,5.0,5.0
fold_06,6,MOHLER_6_7,MOHLER_6_7_023,5.0,POS,5.0,5.0,5.0,5.0,5.0
fold_06,6,MOHLER_6_7,MOHLER_6_7_024,5.0,POS,5.0,5.0,5.0,5.0,5.0
fold_06,6,MOHLER_6_7,MOHLER_6_7_025,5.0,POS,5.0,5.0,5.0,5.0,5.0
fold_06,6,MOHLER_6_7,MOHLER_6_7_026,4.0,BND,2.0,1.3,1.3,1.3,1.9
fold_07,7,MOHLER_7_1,MOHLER_7_1_002,4.5,POS,3.0,3.0,3.0,3.0,3.0
fold_07,7,MOHLER_7_1,MOHLER_7_1_001,4.5,POS,3.0,3.0,3.0,3.0,3.0
fold_07,7,MOHLER_7_1,MOHLER_7_1_003,4.5,POS,3.0,3.0,3.0,3.0,3.0
fold_07,7,MOHLER_7_1,MOHLER_7_1_004,4.5,BND,3.0,3.7,3.7,3.7,4.3
fold_07,7,MOHLER_7_1,MOHLER_7_1_005,4.5,BND,3.5,3.8,3.8,3.8,4.4
fold_07,7,MOHLER_7_1,MOHLER_7_1_006,4.5,BND,3.0,3.2,3.2,3.2,3.8
fold_07,7,MOHLER_7_1,MOHLER_7_1_007,4.5,BND,3.0,3.3,3.3,3.3,3.9
fold_07,7,MOHLER_7_1,MOHLER_7_1_009,4.5,POS,3.0,3.0,3.0,3.0,3.0
fold_07,7,MOHLER_7_1,MOHLER_7_1_008,4.5,BND,4.0,3.5,3.5,3.5,4.1
fold_07,7,MOHLER_7_1,MOHLER_7_1_011,3.5,BND,3.0,2.5,2.5,2.5,3.1
fold_07,7,MOHLER_7_1,MOHLER_7_1_010,4.5,BND,3.0,3.7,3.7,3.7,4.3
fold_07,7,MOHLER_7_1,MOHLER_7_1_012,5.0,POS,4.0,4.0,4.0,4.0,4.0
fold_07,7,MOHLER_7_1,MOHLER_7_1_013,4.5,BND,3.0,2.8,2.8,2.8,3.4
fold_07,7,MOHLER_7_1,MOHLER_7_1_015,4.5,POS,3.0,3.0,3.0,3.0,3.0
fold_07,7,MOHLER_7_1,MOHLER_7_1_014,4.5,BND,3.0,3.7,3.7,3.7,4.3
fold_07,7,MOHLER_7_1,MOHLER_7_1_017,4.5,POS,4.0,4.0,4.0,4.0,4.0
fold_07,7,MOHLER_7_1,MOHLER_7_1_016,4.5,BND,2.0,2.5,2.5,2.5,3.1
fold_07,7,MOHLER_7_1,MOHLER_7_1_018,2.5,BND,2.0,1.3,1.3,1.3,1.9
fold_07,7,MOHLER_7_1,MOHLER_7_1_019,4.5,BND,3.5,3.2,3.2,3.2,3.8
fold_07,7,MOHLER_7_1,MOHLER_7_1_020,4.5,BND,3.0,3.3,3.3,3.3,3.9
fold_07,7,MOHLER_7_1,MOHLER_7_1_021,4.0,BND,3.5,3.7,3.7,3.7,4.3
fold_07,7,MOHLER_7_1,MOHLER_7_1_022,4.5,BND,3.0,3.2,3.2,3.2,3.8
fold_07,7,MOHLER_7_1,MOHLER_7_1_023,4.0,BND,2.5,3.8,3.8,4.3,4.9
fold_07,7,MOHLER_7_1,MOHLER_7_1_024,4.5,BND,1.5,2.3,2.3,2.3,2.9
fold_07,7,MOHLER_7_1,MOHLER_7_1_025,4.5,BND,5.0,4.0,4.0,4.0,4.6
fold_07,7,MOHLER_7_1,MOHLER_7_1_026,4.5,BND,3.0,3.3,3.3,3.3,3.9
fold_07,7,MOHLER_7_2,MOHLER_7_2_001,5.0,POS,5.0,5.0,5.0,5.0,5.0
fold_07,7,MOHLER_7_2,MOHLER_7_2_002,5.0,POS,5.0,5.0,5.0,5.0,5.0
fold_07,7,MOHLER_7_2,MOHLER_7_2_003,5.0,POS,5.0,5.0,5.0,5.0,5.0
fold_07,7,MOHLER_7_2,MOHLER_7_2_005,5.0,POS,5.0,5.0,5.0,5.0,5.0
fold_07,7,MOHLER_7_2,MOHLER_7_2_004,4.5,BND,1.0,1.3,1.3,1.3,1.9
fold_07,7,MOHLER_7_2,MOHLER_7_2_007,5.0,POS,5.0,5.0,5.0,5.0,5.0
fold_07,7,MOHLER_7_2,MOHLER_7_2_006,4.0,BND,0.0,0.0,0.0,0.0,0.0
fold_07,7,MOHLER_7_2,MOHLER_7_2_008,5.0,POS,5.0,5.0,5.0,5.0,5.0
fold_07,7,MOHLER_7_2,MOHLER_7_2_009,5.0,POS,5.0,5.0,5.0,5.0,5.0
fold_07,7,MOHLER_7_2,MOHLER_7_2_010,5.0,POS,5.0,5.0,5.0,5.0,5.0
fold_07,7,MOHLER_7_2,MOHLER_7_2_011,3.0,BND,4.0,4.3,4.3,4.3,4.9
fold_07,7,MOHLER_7_2,MOHLER_7_2_012,3.5,BND,0.0,0.0,0.0,0.0,0.0
fold_07,7,MOHLER_7_2,MOHLER_7_2_014,5.0,POS,5.0,5.0,5.0,5.0,5.0
fold_07,7,MOHLER_7_2,MOHLER_7_2_013,5.0,POS,5.0,5.0,5.0,5.0,5.0
fold_07,7,MOHLER_7_2,MOHLER_7_2_016,5.0,POS,5.0,5.0,5.0,5.0,5.0
fold_07,7,MOHLER_7_2,MOHLER_7_2_015,5.0,POS,5.0,5.0,5.0,5.0,5.0
fold_07,7,MOHLER_7_2,MOHLER_7_2_017,5.0,POS,5.0,5.0,5.0,5.0,5.0
fold_07,7,MOHLER_7_2,MOHLER_7_2_018,5.0,POS,5.0,5.0,5.0,5.0,5.0
fold_07,7,MOHLER_7_2,MOHLER_7_2_019,4.5,POS,5.0,5.0,5.0,5.0,5.0
fold_07,7,MOHLER_7_2,MOHLER_7_2_020,5.0,POS,5.0,5.0,5.0,5.0,5.0
fold_07,7,MOHLER_7_2,MOHLER_7_2_021,5.0,POS,5.0,5.0,5.0,5.0,5.0
fold_07,7,MOHLER_7_2,MOHLER_7_2_023,5.0,POS,5.0,5.0,5.0,5.0,5.0
fold_07,7,MOHLER_7_2,MOHLER_7_2_022,5.0,BND,5.0,4.0,4.0,4.0,4.6
fold_07,7,MOHLER_7_2,MOHLER_7_2_025,5.0,POS,5.0,5.0,5.0,5.0,5.0
fold_07,7,MOHLER_7_2,MOHLER_7_2_024,5.0,BND,5.0,5.0,5.0,5.0,5.0
fold_07,7,MOHLER_7_2,MOHLER_7_2_026,5.0,BND,2.0,3.0,3.0,3.0,3.6
fold_07,7,MOHLER_7_3,MOHLER_7_3_001,5.0,POS,5.0,5.0,5.0,5.0,5.0
fold_07,7,MOHLER_7_3,MOHLER_7_3_003,5.0,POS,5.0,5.0,5.0,5.0,5.0
fold_07,7,MOHLER_7_3,MOHLER_7_3_002,4.5,BND,4.0,4.3,4.3,5.0,5.0
fold_07,7,MOHLER_7_3,MOHLER_7_3_005,5.0,POS,5.0,5.0,5.0,5.0,5.0
fold_07,7,MOHLER_7_3,MOHLER_7_3_004,5.0,BND,5.0,4.7,4.7,4.7,5.0
fold_07,7,MOHLER_7_3,MOHLER_7_3_006,5.0,POS,5.0,5.0,5.0,5.0,5.0
fold_07,7,MOHLER_7_3,MOHLER_7_3_007,2.0,POS,0.0,0.0,0.0,0.0,0.0
fold_07,7,MOHLER_7_3,MOHLER_7_3_008,3.5,BND,1.0,0.7,0.7,0.7,1.3
fold_07,7,MOHLER_7_3,MOHLER_7_3_009,2.5,BND,0.0,0.0,0.0,0.0,0.0
fold_07,7,MOHLER_7_3,MOHLER_7_3_010,4.5,BND,4.0,4.5,4.5,4.5,5.0
fold_07,7,MOHLER_7_3,MOHLER_7_3_011,3.0,POS,5.0,5.0,5.0,5.0,5.0
fold_07,7,MOHLER_7_3,MOHLER_7_3_013,2.0,BND,0.5,0.2,0.2,0.2,0.2
fold_07,7,MOHLER_7_3,MOHLER_7_3_012,4.0,BND,1.5,1.7,1.7,1.7,2.3
fold_07,7,MOHLER_7_3,MOHLER_7_3_014,5.0,POS,5.0,5.0,5.0,5.0,5.0
fold_07,7,MOHLER_7_3,MOHLER_7_3_015,4.5,BND,5.0,4.3,4.3,4.3,4.9
fold_07,7,MOHLER_7_3,MOHLER_7_3_016,5.0,POS,4.0,4.0,4.0,4.0,4.0
fold_07,7,MOHLER_7_3,MOHLER_7_3_018,5.0,POS,5.0,5.0,5.0,5.0,5.0
fold_07,7,MOHLER_7_3,MOHLER_7_3_017,3.5,BND,0.0,0.3,0.3,0.3,0.3
fold_07,7,MOHLER_7_3,MOHLER_7_3_019,4.5,POS,5.0,5.0,5.0,5.0,5.0
fold_07,7,MOHLER_7_3,MOHLER_7_3_020,5.0,POS,5.0,5.0,5.0,5.0,5.0
fold_07,7,MOHLER_7_3,MOHLER_7_3_021,3.5,BND,0.0,0.3,0.3,0.3,0.3
fold_07,7,MOHLER_7_3,MOHLER_7_3_022,3.5,BND,0.0,0.0,0.0,0.0,0.0
fold_07,7,MOHLER_7_3,MOHLER_7_3_024,5.0,POS,5.0,5.0,5.0,5.0,5.0
fold_07,7,MOHLER_7_3,MOHLER_7_3_023,3.0,BND,3.5,3.3,3.3,3.3,3.9
fold_07,7,MOHLER_7_3,MOHLER_7_3_025,5.0,POS,5.0,5.0,5.0,5.0,5.0
fold_07,7,MOHLER_7_3,MOHLER_7_3_026,5.0,BND,5.0,4.8,4.8,4.8,5.0
fold_07,7,MOHLER_7_4,MOHLER_7_4_002,5.0,POS,5.0,5.0,5.0,5.0,5.0
fold_07,7,MOHLER_7_4,MOHLER_7_4_001,4.5,POS,5.0,5.0,5.0,5.0,5.0
fold_07,7,MOHLER_7_4,MOHLER_7_4_003,5.0,POS,5.0,5.0,5.0,5.0,5.0
fold_07,7,MOHLER_7_4,MOHLER_7_4_004,2.5,POS,0.0,0.0,0.0,0.0,0.0
fold_07,7,MOHLER_7_4,MOHLER_7_4_005,5.0,POS,5.0,5.0,5.0,5.0,5.0
fold_07,7,MOHLER_7_4,MOHLER_7_4_006,2.5,POS,5.0,5.0,5.0,5.0,5.0
fold_07,7,MOHLER_7_4,MOHLER_7_4_007,4.0,POS,5.0,5.0,5.0,5.0,5.0
fold_07,7,MOHLER_7_4,MOHLER_7_4_008,4.5,BND,5.0,3.3,3.3,3.3,3.9
fold_07,7,MOHLER_7_4,MOHLER_7_4_009,4.0,BND,5.0,3.5,3.5,4.5,5.0
fold_07,7,MOHLER_7_4,MOHLER_7_4_010,5.0,POS,5.0,5.0,5.0,5.0,5.0
fold_07,7,MOHLER_7_4,MOHLER_7_4_012,2.5,POS,5.0,5.0,5.0,5.0,5.0
fold_07,7,MOHLER_7_4,MOHLER_7_4_011,0.0,BND,0.0,0.0,0.0,0.0,0.0
fold_07,7,MOHLER_7_4,MOHLER_7_4_013,3.5,BND,2.0,2.3,2.3,2.3,2.9
fold_07,7,MOHLER_7_4,MOHLER_7_4_014,4.0,BND,5.0,3.7,3.7,4.0,4.6
fold_07,7,MOHLER_7_4,MOHLER_7_4_015,3.0,BND,3.0,2.2,2.2,2.2,2.8
fold_07,7,MOHLER_7_4,MOHLER_7_4_016,4.0,BND,3.0,3.7,3.7,3.7,4.3
fold_07,7,MOHLER_7_4,MOHLER_7_4_017,5.0,POS,5.0,5.0,5.0,5.0,5.0
fold_07,7,MOHLER_7_4,MOHLER_7_4_018,5.0,POS,5.0,5.0,5.0,5.0,5.0
fold_07,7,MOHLER_7_4,MOHLER_7_4_019,4.0,POS,5.0,5.0,5.0,5.0,5.0
fold_07,7,MOHLER_7_4,MOHLER_7_4_020,5.0,POS,5.0,5.0,5.0,5.0,5.0
fold_07,7,MOHLER_7_4,MOHLER_7_4_021,5.0,POS,5.0,5.0,5.0,5.0,5.0
fold_07,7,MOHLER_7_4,MOHLER_7_4_022,5.0,POS,5.0,5.0,5.0,5.0,5.0
fold_07,7,MOHLER_7_4,MOHLER_7_4_024,3.0,POS,5.0,5.0,5.0,5.0,5.0
fold_07,7,MOHLER_7_4,MOHLER_7_4_023,4.0,BND,3.0,4.0,4.0,4.0,4.6
fold_07,7,MOHLER_7_4,MOHLER_7_4_025,3.5,POS,1.0,1.0,1.0,1.0,1.0
fold_07,7,MOHLER_7_4,MOHLER_7_4_026,1.5,POS,0.0,0.0,0.0,0.0,0.0
fold_07,7,MOHLER_7_5,MOHLER_7_5_002,5.0,POS,5.0,5.0,5.0,5.0,5.0
fold_07,7,MOHLER_7_5,MOHLER_7_5_001,0.5,BND,0.0,0.0,0.0,0.0,0.0
fold_07,7,MOHLER_7_5,MOHLER_7_5_003,4.5,BND,0.0,0.0,0.0,0.0,0.0
fold_07,7,MOHLER_7_5,MOHLER_7_5_004,5.0,POS,5.0,5.0,5.0,5.0,5.0
fold_07,7,MOHLER_7_5,MOHLER_7_5_005,5.0,POS,5.0,5.0,5.0,5.0,5.0
fold_07,7,MOHLER_7_5,MOHLER_7_5_006,5.0,POS,5.0,5.0,5.0,5.0,5.0
fold_07,7,MOHLER_7_5,MOHLER_7_5_007,5.0,POS,5.0,5.0,5.0,5.0,5.0
fold_07,7,MOHLER_7_5,MOHLER_7_5_008,5.0,POS,5.0,5.0,5.0,5.0,5.0
fold_07,7,MOHLER_7_5,MOHLER_7_5_010,5.0,POS,5.0,5.0,5.0,5.0,5.0
fold_07,7,MOHLER_7_5,MOHLER_7_5_009,2.5,BND,2.0,2.3,2.3,2.3,2.9
fold_07,7,MOHLER_7_5,MOHLER_7_5_011,5.0,POS,5.0,5.0,5.0,5.0,5.0
fold_07,7,MOHLER_7_5,MOHLER_7_5_012,5.0,POS,5.0,5.0,5.0,5.0,5.0
fold_07,7,MOHLER_7_5,MOHLER_7_5_013,5.0,POS,5.0,5.0,5.0,5.0,5.0
fold_07,7,MOHLER_7_5,MOHLER_7_5_014,5.0,POS,5.0,5.0,5.0,5.0,5.0
fold_07,7,MOHLER_7_5,MOHLER_7_5_015,5.0,POS,5.0,5.0,5.0,5.0,5.0
fold_07,7,MOHLER_7_5,MOHLER_7_5_017,5.0,POS,5.0,5.0,5.0,5.0,5.0
fold_07,7,MOHLER_7_5,MOHLER_7_5_016,5.0,BND,4.0,4.3,4.3,4.3,4.9
fold_07,7,MOHLER_7_5,MOHLER_7_5_019,5.0,POS,5.0,5.0,5.0,5.0,5.0
fold_07,7,MOHLER_7_5,MOHLER_7_5_018,3.5,BND,3.0,2.7,2.7,2.7,3.3
fold_07,7,MOHLER_7_5,MOHLER_7_5_020,5.0,POS,5.0,5.0,5.0,5.0,5.0
fold_07,7,MOHLER_7_5,MOHLER_7_5_021,3.0,POS,5.0,5.0,5.0,5.0,5.0
fold_07,7,MOHLER_7_5,MOHLER_7_5_022,5.0,POS,5.0,5.0,5.0,5.0,5.0
fold_07,7,MOHLER_7_5,MOHLER_7_5_023,5.0,POS,5.0,5.0,5.0,5.0,5.0
fold_07,7,MOHLER_7_5,MOHLER_7_5_024,5.0,POS,5.0,5.0,5.0,5.0,5.0
fold_07,7,MOHLER_7_5,MOHLER_7_5_025,5.0,POS,5.0,5.0,5.0,5.0,5.0
fold_07,7,MOHLER_7_5,MOHLER_7_5_026,3.5,BND,5.0,4.0,4.0,4.0,4.6
fold_07,7,MOHLER_7_6,MOHLER_7_6_001,3.5,BND,0.0,0.0,0.0,0.0,0.0
fold_07,7,MOHLER_7_6,MOHLER_7_6_002,4.5,BND,3.0,2.5,2.5,2.5,3.1
fold_07,7,MOHLER_7_6,MOHLER_7_6_004,3.5,BND,0.0,0.0,0.0,0.0,0.0
fold_07,7,MOHLER_7_6,MOHLER_7_6_003,4.5,BND,3.0,3.3,3.3,3.3,3.9
fold_07,7,MOHLER_7_6,MOHLER_7_6_005,3.5,BND,1.0,1.3,1.3,1.3,1.9
fold_07,7,MOHLER_7_6,MOHLER_7_6_006,3.5,BND,2.0,1.3,1.3,1.3,1.9
fold_07,7,MOHLER_7_6,MOHLER_7_6_008,3.5,BND,0.0,0.0,0.0,0.0,0.0
fold_07,7,MOHLER_7_6,MOHLER_7_6_007,3.5,BND,1.0,1.3,1.3,1.3,1.9
fold_07,7,MOHLER_7_6,MOHLER_7_6_009,3.5,BND,2.0,2.2,2.2,2.2,2.8
fold_07,7,MOHLER_7_6,MOHLER_7_6_010,3.5,BND,1.0,1.3,1.3,1.3,1.9
fold_07,7,MOHLER_7_6,MOHLER_7_6_011,3.5,BND,0.0,0.0,0.0,0.0,0.0
fold_07,7,MOHLER_7_6,MOHLER_7_6_012,4.0,BND,2.0,2.2,2.2,2.2,2.8
fold_07,7,MOHLER_7_6,MOHLER_7_6_013,3.5,BND,2.0,1.5,1.5,1.5,2.1
fold_07,7,MOHLER_7_6,MOHLER_7_6_014,3.5,BND,2.0,2.0,2.0,2.0,2.6
fold_07,7,MOHLER_7_6,MOHLER_7_6_015,3.0,BND,1.0,1.3,1.3,1.3,1.9
fold_07,7,MOHLER_7_6,MOHLER_7_6_016,3.5,BND,1.0,1.3,1.3,1.3,1.9
fold_07,7,MOHLER_7_6,MOHLER_7_6_017,4.5,BND,5.0,4.3,4.3,4.3,4.9
fold_07,7,MOHLER_7_6,MOHLER_7_6_018,3.5,BND,0.0,0.0,0.0,0.0,0.0
fold_07,7,MOHLER_7_6,MOHLER_7_6_019,4.0,BND,2.5,2.5,2.5,2.5,3.1
fold_07,7,MOHLER_7_6,MOHLER_7_6_020,3.5,BND,0.0,0.0,0.0,0.0,0.0
fold_07,7,MOHLER_7_6,MOHLER_7_6_021,4.0,POS,2.0,2.0,2.0,2.0,2.0
fold_07,7,MOHLER_7_6,MOHLER_7_6_022,4.0,BND,0.0,0.0,0.0,0.0,0.0
fold_07,7,MOHLER_7_6,MOHLER_7_6_023,3.5,BND,0.5,0.8,0.8,0.8,1.4
fold_07,7,MOHLER_7_6,MOHLER_7_6_024,4.0,BND,1.5,2.2,2.2,2.2,2.8
fold_07,7,MOHLER_7_6,MOHLER_7_6_025,5.0,POS,3.0,3.0,3.0,3.0,3.0
fold_07,7,MOHLER_7_6,MOHLER_7_6_026,2.0,POS,0.0,0.0,0.0,0.0,0.0
fold_07,7,MOHLER_7_7,MOHLER_7_7_002,3.5,POS,2.5,2.5,2.5,2.5,2.5
fold_07,7,MOHLER_7_7,MOHLER_7_7_001,5.0,BND,4.5,3.8,3.8,3.8,4.4
fold_07,7,MOHLER_7_7,MOHLER_7_7_003,4.0,BND,0.0,0.0,0.0,0.0,0.0
fold_07,7,MOHLER_7_7,MOHLER_7_7_005,5.0,POS,5.0,5.0,5.0,5.0,5.0
fold_07,7,MOHLER_7_7,MOHLER_7_7_004,3.0,BND,1.0,0.7,0.7,0.7,1.3
fold_07,7,MOHLER_7_7,MOHLER_7_7_007,3.0,BND,0.0,0.0,0.0,0.0,0.0
fold_07,7,MOHLER_7_7,MOHLER_7_7_006,5.0,BND,4.0,4.3,4.3,4.3,4.9
fold_07,7,MOHLER_7_7,MOHLER_7_7_008,5.0,BND,3.0,2.5,2.5,2.5,3.1
fold_07,7,MOHLER_7_7,MOHLER_7_7_009,5.0,BND,3.0,3.7,3.7,4.7,5.0
fold_07,7,MOHLER_7_7,MOHLER_7_7_010,3.0,POS,0.0,0.0,0.0,0.0,0.0
fold_07,7,MOHLER_7_7,MOHLER_7_7_011,5.0,BND,5.0,4.7,4.7,4.7,5.0
fold_07,7,MOHLER_7_7,MOHLER_7_7_012,5.0,BND,2.0,2.3,2.3,2.3,2.9
fold_07,7,MOHLER_7_7,MOHLER_7_7_013,5.0,POS,5.0,5.0,5.0,5.0,5.0
fold_07,7,MOHLER_7_7,MOHLER_7_7_014,3.0,BND,2.0,1.0,1.0,1.0,1.6
fold_07,7,MOHLER_7_7,MOHLER_7_7_015,3.0,BND,1.0,1.5,1.5,1.5,2.1
fold_07,7,MOHLER_7_7,MOHLER_7_7_016,3.0,BND,0.0,1.0,1.0,1.0,1.6
fold_07,7,MOHLER_7_7,MOHLER_7_7_017,2.0,BND,0.0,0.3,0.3,0.3,0.3
fold_07,7,MOHLER_7_7,MOHLER_7_7_018,5.0,BND,5.0,4.7,4.7,4.7,5.0
fold_07,7,MOHLER_7_7,MOHLER_7_7_019,5.0,BND,4.0,4.7,4.7,4.7,5.0
fold_07,7,MOHLER_7_7,MOHLER_7_7_020,3.5,BND,1.0,1.2,1.2,1.2,1.8
fold_07,7,MOHLER_7_7,MOHLER_7_7_021,5.0,BND,4.0,4.3,4.3,4.3,4.9
fold_07,7,MOHLER_7_7,MOHLER_7_7_022,5.0,POS,5.0,5.0,5.0,5.0,5.0
fold_07,7,MOHLER_7_7,MOHLER_7_7_023,5.0,BND,2.0,2.3,2.3,2.3,2.9
fold_07,7,MOHLER_7_7,MOHLER_7_7_024,5.0,BND,5.0,4.7,4.7,4.7,5.0
fold_07,7,MOHLER_7_7,MOHLER_7_7_026,0.0,BND,0.0,0.0,0.0,0.0,0.0
fold_07,7,MOHLER_7_7,MOHLER_7_7_025,5.0,BND,5.0,4.0,4.0,4.0,4.6
fold_08,8,MOHLER_8_1,MOHLER_8_1_002,5.0,POS,5.0,5.0,5.0,5.0,5.0
fold_08,8,MOHLER_8_1,MOHLER_8_1_001,5.0,POS,5.0,5.0,5.0,5.0,5.0
fold_08,8,MOHLER_8_1,MOHLER_8_1_004,5.0,POS,5.0,5.0,5.0,5.0,5.0
fold_08,8,MOHLER_8_1,MOHLER_8_1_003,2.0,BND,1.0,1.2,1.2,1.2,1.8
fold_08,8,MOHLER_8_1,MOHLER_8_1_005,4.5,BND,2.0,2.3,2.3,2.3,2.9
fold_08,8,MOHLER_8_1,MOHLER_8_1_006,5.0,POS,5.0,5.0,5.0,5.0,5.0
fold_08,8,MOHLER_8_1,MOHLER_8_1_007,5.0,BND,5.0,4.8,4.8,4.8,5.0
fold_08,8,MOHLER_8_1,MOHLER_8_1_008,5.0,BND,5.0,5.0,5.0,5.0,5.0
fold_08,8,MOHLER_8_1,MOHLER_8_1_009,5.0,POS,5.0,5.0,5.0,5.0,5.0
fold_08,8,MOHLER_8_1,MOHLER_8_1_010,2.5,POS,2.0,2.0,2.0,2.0,2.0
fold_08,8,MOHLER_8_1,MOHLER_8_1_011,5.0,POS,5.0,5.0,5.0,5.0,5.0
fold_08,8,MOHLER_8_1,MOHLER_8_1_012,5.0,POS,5.0,5.0,5.0,5.0,5.0
fold_08,8,MOHLER_8_1,MOHLER_8_1_013,5.0,POS,5.0,5.0,5.0,5.0,5.0
fold_08,8,MOHLER_8_1,MOHLER_8_1_014,5.0,BND,4.0,4.5,4.5,4.5,5.0
fold_08,8,MOHLER_8_1,MOHLER_8_1_015,5.0,BND,5.0,4.8,4.8,4.8,5.0
fold_08,8,MOHLER_8_1,MOHLER_8_1_016,5.0,POS,5.0,5.0,5.0,5.0,5.0
fold_08,8,MOHLER_8_1,MOHLER_8_1_017,5.0,POS,5.0,5.0,5.0,5.0,5.0
fold_08,8,MOHLER_8_1,MOHLER_8_1_018,5.0,POS,5.0,5.0,5.0,5.0,5.0
fold_08,8,MOHLER_8_1,MOHLER_8_1_019,2.5,BND,1.5,1.7,1.7,1.7,2.3
fold_08,8,MOHLER_8_1,MOHLER_8_1_020,5.0,BND,5.0,4.8,4.8,4.8,5.0
fold_08,8,MOHLER_8_1,MOHLER_8_1_021,5.0,POS,5.0,5.0,5.0,5.0,5.0
fold_08,8,MOHLER_8_1,MOHLER_8_1_022,2.0,BND,2.0,1.3,1.3,1.3,1.9
fold_08,8,MOHLER_8_1,MOHLER_8_1_023,5.0,BND,4.5,4.8,4.8,4.8,5.0
fold_08,8,MOHLER_8_1,MOHLER_8_1_024,4.5,POS,3.0,3.0,3.0,3.0,3.0
fold_08,8,MOHLER_8_1,MOHLER_8_1_025,2.0,BND,1.0,1.3,1.3,1.3,1.9
fold_08,8,MOHLER_8_1,MOHLER_8_1_026,5.0,POS,5.0,5.0,5.0,5.0,5.0
fold_08,8,MOHLER_8_1,MOHLER_8_1_027,5.0,POS,5.0,5.0,5.0,5.0,5.0
fold_08,8,MOHLER_8_2,MOHLER_8_2_002,5.0,POS,5.0,5.0,5.0,5.0,5.0
fold_08,8,MOHLER_8_2,MOHLER_8_2_001,5.0,POS,5.0,5.0,5.0,5.0,5.0
fold_08,8,MOHLER_8_2,MOHLER_8_2_003,5.0,POS,5.0,5.0,5.0,5.0,5.0
fold_08,8,MOHLER_8_2,MOHLER_8_2_004,5.0,POS,5.0,5.0,5.0,5.0,5.0
fold_08,8,MOHLER_8_2,MOHLER_8_2_005,5.0,POS,5.0,5.0,5.0,5.0,5.0
fold_08,8,MOHLER_8_2,MOHLER_8_2_006,5.0,POS,5.0,5.0,5.0,5.0,5.0
fold_08,8,MOHLER_8_2,MOHLER_8_2_008,5.0,POS,5.0,5.0,5.0,5.0,5.0
fold_08,8,MOHLER_8_2,MOHLER_8_2_007,5.0,POS,5.0,5.0,5.0,5.0,5.0
fold_08,8,MOHLER_8_2,MOHLER_8_2_009,5.0,POS,5.0,5.0,5.0,5.0,5.0
fold_08,8,MOHLER_8_2,MOHLER_8_2_010,5.0,POS,5.0,5.0,5.0,5.0,5.0
fold_08,8,MOHLER_8_2,MOHLER_8_2_011,5.0,POS,5.0,5.0,5.0,5.0,5.0
fold_08,8,MOHLER_8_2,MOHLER_8_2_012,5.0,POS,5.0,5.0,5.0,5.0,5.0
fold_08,8,MOHLER_8_2,MOHLER_8_2_013,5.0,POS,5.0,5.0,5.0,5.0,5.0
fold_08,8,MOHLER_8_2,MOHLER_8_2_014,5.0,POS,5.0,5.0,5.0,5.0,5.0
fold_08,8,MOHLER_8_2,MOHLER_8_2_016,5.0,POS,5.0,5.0,5.0,5.0,5.0
fold_08,8,MOHLER_8_2,MOHLER_8_2_015,5.0,BND,5.0,5.0,5.0,5.0,5.0
fold_08,8,MOHLER_8_2,MOHLER_8_2_017,5.0,POS,5.0,5.0,5.0,5.0,5.0
fold_08,8,MOHLER_8_2,MOHLER_8_2_018,5.0,POS,5.0,5.0,5.0,5.0,5.0
fold_08,8,MOHLER_8_2,MOHLER_8_2_019,5.0,POS,5.0,5.0,5.0,5.0,5.0
fold_08,8,MOHLER_8_2,MOHLER_8_2_020,5.0,POS,5.0,5.0,5.0,5.0,5.0
fold_08,8,MOHLER_8_2,MOHLER_8_2_021,5.0,POS,5.0,5.0,5.0,5.0,5.0
fold_08,8,MOHLER_8_2,MOHLER_8_2_022,5.0,POS,5.0,5.0,5.0,5.0,5.0
fold_08,8,MOHLER_8_2,MOHLER_8_2_023,5.0,BND,5.0,4.7,4.7,4.7,5.0
fold_08,8,MOHLER_8_2,MOHLER_8_2_024,5.0,POS,5.0,5.0,5.0,5.0,5.0
fold_08,8,MOHLER_8_2,MOHLER_8_2_026,5.0,POS,5.0,5.0,5.0,5.0,5.0
fold_08,8,MOHLER_8_2,MOHLER_8_2_025,5.0,BND,5.0,5.0,5.0,5.0,5.0
fold_08,8,MOHLER_8_2,MOHLER_8_2_027,5.0,POS,5.0,5.0,5.0,5.0,5.0
fold_08,8,MOHLER_8_3,MOHLER_8_3_001,5.0,POS,5.0,5.0,5.0,5.0,5.0
fold_08,8,MOHLER_8_3,MOHLER_8_3_002,5.0,POS,5.0,5.0,5.0,5.0,5.0
fold_08,8,MOHLER_8_3,MOHLER_8_3_003,3.0,POS,0.0,0.0,0.0,0.0,0.0
fold_08,8,MOHLER_8_3,MOHLER_8_3_004,5.0,POS,2.0,2.0,2.0,2.0,2.0
fold_08,8,MOHLER_8_3,MOHLER_8_3_005,4.5,POS,5.0,5.0,5.0,5.0,5.0
fold_08,8,MOHLER_8_3,MOHLER_8_3_006,4.5,POS,5.0,5.0,5.0,5.0,5.0
fold_08,8,MOHLER_8_3,MOHLER_8_3_008,5.0,POS,5.0,5.0,5.0,5.0,5.0
fold_08,8,MOHLER_8_3,MOHLER_8_3_007,2.5,BND,0.0,0.7,0.7,0.7,1.3
fold_08,8,MOHLER_8_3,MOHLER_8_3_009,4.5,POS,5.0,5.0,5.0,5.0,5.0
fold_08,8,MOHLER_8_3,MOHLER_8_3_011,4.5,BND,5.0,4.7,4.7,4.7,5.0
fold_08,8,MOHLER_8_3,MOHLER_8_3_010,4.0,BND,3.5,3.7,3.7,3.7,4.3
fold_08,8,MOHLER_8_3,MOHLER_8_3_013,4.5,POS,3.0,3.0,3.0,3.0,3.0
fold_08,8,MOHLER_8_3,MOHLER_8_3_012,4.0,BND,3.0,2.2,2.2,2.2,2.8
fold_08,8,MOHLER_8_3,MOHLER_8_3_014,2.0,BND,1.0,1.8,1.8,1.8,2.4
fold_08,8,MOHLER_8_3,MOHLER_8_3_015,3.5,POS,5.0,5.0,5.0,5.0,5.0
fold_08,8,MOHLER_8_3,MOHLER_8_3_016,4.5,POS,5.0,5.0,5.0,5.0,5.0
fold_08,8,MOHLER_8_3,MOHLER_8_3_017,4.0,POS,5.0,5.0,5.0,5.0,5.0
fold_08,8,MOHLER_8_3,MOHLER_8_3_018,4.5,BND,4.0,4.3,4.3,4.3,4.9
fold_08,8,MOHLER_8_3,MOHLER_8_3_019,4.0,BND,1.0,1.5,1.5,1.5,2.1
fold_08,8,MOHLER_8_3,MOHLER_8_3_020,4.0,BND,3.5,3.2,3.2,3.2,3.8
fold_08,8,MOHLER_8_3,MOHLER_8_3_021,4.5,BND,5.0,4.3,4.3,4.3,4.9
fold_08,8,MOHLER_8_3,MOHLER_8_3_022,4.0,BND,3.0,3.3,3.3,3.3,3.9
fold_08,8,MOHLER_8_3,MOHLER_8_3_023,3.0,BND,1.0,1.3,1.3,1.3,1.9
fold_08,8,MOHLER_8_3,MOHLER_8_3_025,4.0,POS,2.0,2.0,2.0,2.0,2.0
fold_08,8,MOHLER_8_3,MOHLER_8_3_024,4.0,BND,3.0,2.5,2.5,2.5,3.1
fold_08,8,MOHLER_8_3,MOHLER_8_3_026,4.0,BND,2.0,4.0,4.0,5.0,5.0
fold_08,8,MOHLER_8_3,MOHLER_8_3_027,3.0,BND,1.5,1.5,1.5,1.5,2.1
fold_08,8,MOHLER_8_4,MOHLER_8_4_002,5.0,BND,4.5,4.8,4.8,4.8,5.0
fold_08,8,MOHLER_8_4,MOHLER_8_4_001,3.0,BND,2.0,2.2,2.2,2.2,2.8
fold_08,8,MOHLER_8_4,MOHLER_8_4_004,4.0,POS,3.0,3.0,3.0,3.0,3.0
fold_08,8,MOHLER_8_4,MOHLER_8_4_003,4.0,BND,2.0,2.2,2.2,2.2,2.8
fold_08,8,MOHLER_8_4,MOHLER_8_4_005,4.5,POS,5.0,5.0,5.0,5.0,5.0
fold_08,8,MOHLER_8_4,MOHLER_8_4_006,4.5,POS,5.0,5.0,5.0,5.0,5.0
fold_08,8,MOHLER_8_4,MOHLER_8_4_007,2.5,BND,2.0,2.0,2.0,2.0,2.6
fold_08,8,MOHLER_8_4,MOHLER_8_4_008,5.0,POS,5.0,5.0,5.0,5.0,5.0
fold_08,8,MOHLER_8_4,MOHLER_8_4_009,4.0,BND,3.0,3.3,3.3,3.3,3.9
fold_08,8,MOHLER_8_4,MOHLER_8_4_010,3.5,BND,3.0,2.8,2.8,3.3,3.9
fold_08,8,MOHLER_8_4,MOHLER_8_4_011,3.5,BND,0.0,1.3,1.3,2.3,2.9
fold_08,8,MOHLER_8_4,MOHLER_8_4_012,4.5,BND,3.0,3.5,3.5,3.5,4.1
fold_08,8,MOHLER_8_4,MOHLER_8_4_013,4.5,POS,5.0,5.0,5.0,5.0,5.0
fold_08,8,MOHLER_8_4,MOHLER_8_4_014,1.5,POS,2.0,2.0,2.0,2.0,2.0
fold_08,8,MOHLER_8_4,MOHLER_8_4_015,4.5,BND,4.5,4.5,4.5,4.5,5.0
fold_08,8,MOHLER_8_4,MOHLER_8_4_016,4.5,BND,3.5,3.2,3.2,3.2,3.8
fold_08,8,MOHLER_8_4,MOHLER_8_4_018,2.5,POS,2.0,2.0,2.0,2.0,2.0
fold_08,8,MOHLER_8_4,MOHLER_8_4_017,3.5,BND,2.0,2.3,2.3,3.3,3.9
fold_08,8,MOHLER_8_4,MOHLER_8_4_019,4.5,POS,5.0,5.0,5.0,5.0,5.0
fold_08,8,MOHLER_8_4,MOHLER_8_4_020,4.0,BND,3.0,3.5,3.5,3.5,4.1
fold_08,8,MOHLER_8_4,MOHLER_8_4_021,4.5,BND,3.0,2.8,2.8,2.8,3.4
fold_08,8,MOHLER_8_4,MOHLER_8_4_022,1.5,BND,1.0,1.0,1.0,1.0,1.6
fold_08,8,MOHLER_8_4,MOHLER_8_4_023,3.0,BND,3.0,2.7,2.7,2.7,3.3
fold_08,8,MOHLER_8_4,MOHLER_8_4_024,2.5,BND,2.0,2.5,2.5,2.5,3.1
fold_08,8,MOHLER_8_4,MOHLER_8_4_025,2.5,POS,2.0,2.0,2.0,2.0,2.0
fold_08,8,MOHLER_8_4,MOHLER_8_4_026,5.0,POS,5.0,5.0,5.0,5.0,5.0
fold_08,8,MOHLER_8_4,MOHLER_8_4_027,2.0,BND,1.5,1.8,1.8,1.8,2.4
fold_08,8,MOHLER_8_6,MOHLER_8_6_002,5.0,POS,5.0,5.0,5.0,5.0,5.0
fold_08,8,MOHLER_8_6,MOHLER_8_6_001,5.0,POS,3.0,3.0,3.0,3.0,3.0
fold_08,8,MOHLER_8_6,MOHLER_8_6_003,5.0,POS,5.0,5.0,5.0,5.0,5.0
fold_08,8,MOHLER_8_6,MOHLER_8_6_004,2.5,BND,0.0,0.3,0.3,0.3,0.3
fold_08,8,MOHLER_8_6,MOHLER_8_6_005,4.0,BND,2.5,2.7,2.7,2.7,3.3
fold_08,8,MOHLER_8_6,MOHLER_8_6_006,5.0,POS,5.0,5.0,5.0,5.0,5.0
fold_08,8,MOHLER_8_6,MOHLER_8_6_007,5.0,BND,3.0,2.8,2.8,2.8,3.4
fold_08,8,MOHLER_8_6,MOHLER_8_6_008,5.0,BND,2.5,2.5,2.5,2.5,3.1
fold_08,8,MOHLER_8_6,MOHLER_8_6_009,5.0,BND,3.0,2.8,2.8,2.8,3.4
fold_08,8,MOHLER_8_6,MOHLER_8_6_010,5.0,POS,5.0,5.0,5.0,5.0,5.0
fold_08,8,MOHLER_8_6,MOHLER_8_6_012,3.0,POS,2.0,2.0,2.0,2.0,2.0
fold_08,8,MOHLER_8_6,MOHLER_8_6_011,4.0,BND,2.0,2.3,2.3,2.3,2.9
fold_08,8,MOHLER_8_6,MOHLER_8_6_014,1.5,POS,0.0,0.0,0.0,0.0,0.0
fold_08,8,MOHLER_8_6,MOHLER_8_6_013,4.5,BND,2.5,2.8,2.8,2.8,3.4
fold_08,8,MOHLER_8_6,MOHLER_8_6_016,5.0,BND,2.5,2.7,2.7,2.7,3.3
fold_08,8,MOHLER_8_6,MOHLER_8_6_015,2.5,BND,3.0,2.8,2.8,2.8,3.4
fold_08,8,MOHLER_8_6,MOHLER_8_6_017,5.0,POS,3.0,3.0,3.0,3.0,3.0
fold_08,8,MOHLER_8_6,MOHLER_8_6_018,5.0,POS,5.0,5.0,5.0,5.0,5.0
fold_08,8,MOHLER_8_6,MOHLER_8_6_020,1.5,POS,0.0,0.0,0.0,0.0,0.0
fold_08,8,MOHLER_8_6,MOHLER_8_6_019,5.0,BND,5.0,4.7,4.7,4.7,5.0
fold_08,8,MOHLER_8_6,MOHLER_8_6_021,5.0,POS,5.0,5.0,5.0,5.0,5.0
fold_08,8,MOHLER_8_6,MOHLER_8_6_022,5.0,POS,5.0,5.0,5.0,5.0,5.0
fold_08,8,MOHLER_8_6,MOHLER_8_6_023,4.0,POS,3.0,3.0,3.0,3.0,3.0
fold_08,8,MOHLER_8_6,MOHLER_8_6_024,5.0,BND,5.0,4.8,4.8,4.8,5.0
fold_08,8,MOHLER_8_6,MOHLER_8_6_025,5.0,POS,3.0,3.0,3.0,3.0,3.0
fold_08,8,MOHLER_8_6,MOHLER_8_6_026,5.0,POS,5.0,5.0,5.0,5.0,5.0
fold_08,8,MOHLER_8_6,MOHLER_8_6_027,5.0,BND,3.0,2.5,2.5,2.5,3.1
fold_08,8,MOHLER_8_7,MOHLER_8_7_001,3.0,POS,2.0,2.0,2.0,2.0,2.0
fold_08,8,MOHLER_8_7,MOHLER_8_7_002,3.0,BND,2.0,2.3,2.3,2.3,2.9
fold_08,8,MOHLER_8_7,MOHLER_8_7_003,3.0,BND,1.0,0.3,0.3,0.3,0.3
fold_08,8,MOHLER_8_7,MOHLER_8_7_004,5.0,POS,5.0,5.0,5.0,5.0,5.0
fold_08,8,MOHLER_8_7,MOHLER_8_7_005,5.0,BND,5.0,4.5,4.5,4.5,5.0
fold_08,8,MOHLER_8_7,MOHLER_8_7_006,4.5,BND,4.0,4.2,4.2,4.2,4.8
fold_08,8,MOHLER_8_7,MOHLER_8_7_007,3.5,POS,3.0,3.0,3.0,3.0,3.0
fold_08,8,MOHLER_8_7,MOHLER_8_7_008,5.0,POS,5.0,5.0,5.0,5.0,5.0
fold_08,8,MOHLER_8_7,MOHLER_8_7_009,3.5,BND,3.0,2.7,2.7,2.7,3.3
fold_08,8,MOHLER_8_7,MOHLER_8_7_010,1.5,POS,2.0,2.0,2.0,2.0,2.0
fold_08,8,MOHLER_8_7,MOHLER_8_7_011,3.0,POS,1.0,1.0,1.0,1.0,1.0
fold_08,8,MOHLER_8_7,MOHLER_8_7_012,5.0,BND,4.5,4.8,4.8,4.8,5.0
fold_08,8,MOHLER_8_7,MOHLER_8_7_013,5.0,POS,5.0,5.0,5.0,5.0,5.0
fold_08,8,MOHLER_8_7,MOHLER_8_7_015,5.0,POS,4.0,4.0,4.0,4.0,4.0
fold_08,8,MOHLER_8_7,MOHLER_8_7_014,3.0,BND,1.0,1.3,1.3,1.3,1.9
fold_08,8,MOHLER_8_7,MOHLER_8_7_016,3.5,POS,3.0,3.0,3.0,3.0,3.0
fold_08,8,MOHLER_8_7,MOHLER_8_7_017,2.0,BND,2.0,1.7,1.7,1.7,2.3
fold_08,8,MOHLER_8_7,MOHLER_8_7_018,3.5,BND,2.0,1.8,1.8,1.8,2.4
fold_08,8,MOHLER_8_7,MOHLER_8_7_020,3.5,POS,3.0,3.0,3.0,3.0,3.0
fold_08,8,MOHLER_8_7,MOHLER_8_7_019,3.0,BND,1.0,0.7,0.7,0.7,1.3
fold_08,8,MOHLER_8_7,MOHLER_8_7_021,4.0,POS,4.0,4.0,4.0,4.0,4.0
fold_08,8,MOHLER_8_7,MOHLER_8_7_022,2.5,POS,1.0,1.0,1.0,1.0,1.0
fold_08,8,MOHLER_8_7,MOHLER_8_7_023,4.5,BND,3.0,3.5,3.5,3.5,4.1
fold_08,8,MOHLER_8_7,MOHLER_8_7_024,4.5,BND,2.0,2.5,2.5,2.5,3.1
fold_08,8,MOHLER_8_7,MOHLER_8_7_026,1.5,BND,1.0,0.8,0.8,0.8,1.4
fold_08,8,MOHLER_8_7,MOHLER_8_7_025,4.5,BND,5.0,4.0,4.0,4.0,4.6
fold_08,8,MOHLER_8_7,MOHLER_8_7_027,3.0,POS,1.0,1.0,1.0,1.0,1.0
fold_09,9,MOHLER_9_1,MOHLER_9_1_001,5.0,POS,5.0,5.0,5.0,5.0,5.0
fold_09,9,MOHLER_9_1,MOHLER_9_1_002,4.0,BND,2.0,3.3,3.3,3.8,4.4
fold_09,9,MOHLER_9_1,MOHLER_9_1_003,5.0,POS,5.0,5.0,5.0,5.0,5.0
fold_09,9,MOHLER_9_1,MOHLER_9_1_004,5.0,POS,5.0,5.0,5.0,5.0,5.0
fold_09,9,MOHLER_9_1,MOHLER_9_1_005,5.0,POS,5.0,5.0,5.0,5.0,5.0
fold_09,9,MOHLER_9_1,MOHLER_9_1_007,5.0,POS,5.0,5.0,5.0,5.0,5.0
fold_09,9,MOHLER_9_1,MOHLER_9_1_006,5.0,BND,4.5,4.2,4.2,4.2,4.8
fold_09,9,MOHLER_9_1,MOHLER_9_1_008,5.0,BND,5.0,4.5,4.5,5.0,5.0
fold_09,9,MOHLER_9_1,MOHLER_9_1_009,5.0,POS,5.0,5.0,5.0,5.0,5.0
fold_09,9,MOHLER_9_1,MOHLER_9_1_010,5.0,POS,5.0,5.0,5.0,5.0,5.0
fold_09,9,MOHLER_9_1,MOHLER_9_1_011,4.5,BND,3.0,3.5,3.5,4.0,4.6
fold_09,9,MOHLER_9_1,MOHLER_9_1_012,5.0,POS,5.0,5.0,5.0,5.0,5.0
fold_09,9,MOHLER_9_1,MOHLER_9_1_014,5.0,BND,5.0,4.3,4.3,4.3,4.9
fold_09,9,MOHLER_9_1,MOHLER_9_1_013,5.0,BND,4.0,4.7,4.7,5.0,5.0
fold_09,9,MOHLER_9_1,MOHLER_9_1_016,5.0,POS,5.0,5.0,5.0,5.0,5.0
fold_09,9,MOHLER_9_1,MOHLER_9_1_015,5.0,POS,5.0,5.0,5.0,5.0,5.0
fold_09,9,MOHLER_9_1,MOHLER_9_1_017,5.0,POS,5.0,5.0,5.0,5.0,5.0
fold_09,9,MOHLER_9_1,MOHLER_9_1_018,5.0,BND,3.0,4.0,4.0,4.5,5.0
fold_09,9,MOHLER_9_1,MOHLER_9_1_019,5.0,POS,5.0,5.0,5.0,5.0,5.0
fold_09,9,MOHLER_9_1,MOHLER_9_1_020,5.0,POS,5.0,5.0,5.0,5.0,5.0
fold_09,9,MOHLER_9_1,MOHLER_9_1_021,5.0,POS,5.0,5.0,5.0,5.0,5.0
fold_09,9,MOHLER_9_1,MOHLER_9_1_022,3.5,POS,2.0,2.0,2.0,2.0,2.0
fold_09,9,MOHLER_9_1,MOHLER_9_1_023,5.0,POS,5.0,5.0,5.0,5.0,5.0
fold_09,9,MOHLER_9_1,MOHLER_9_1_025,5.0,POS,5.0,5.0,5.0,5.0,5.0
fold_09,9,MOHLER_9_1,MOHLER_9_1_024,5.0,BND,5.0,4.8,4.8,4.8,5.0
fold_09,9,MOHLER_9_1,MOHLER_9_1_026,5.0,BND,5.0,4.8,4.8,4.8,5.0
fold_09,9,MOHLER_9_1,MOHLER_9_1_027,5.0,BND,4.0,4.3,4.3,4.3,4.9
fold_09,9,MOHLER_9_2,MOHLER_9_2_001,5.0,POS,5.0,5.0,5.0,5.0,5.0
fold_09,9,MOHLER_9_2,MOHLER_9_2_002,5.0,BND,5.0,4.7,4.7,4.7,5.0
fold_09,9,MOHLER_9_2,MOHLER_9_2_003,5.0,POS,5.0,5.0,5.0,5.0,5.0
fold_09,9,MOHLER_9_2,MOHLER_9_2_004,5.0,POS,5.0,5.0,5.0,5.0,5.0
fold_09,9,MOHLER_9_2,MOHLER_9_2_005,5.0,POS,5.0,5.0,5.0,5.0,5.0
fold_09,9,MOHLER_9_2,MOHLER_9_2_006,5.0,POS,5.0,5.0,5.0,5.0,5.0
fold_09,9,MOHLER_9_2,MOHLER_9_2_007,5.0,POS,5.0,5.0,5.0,5.0,5.0
fold_09,9,MOHLER_9_2,MOHLER_9_2_008,5.0,POS,5.0,5.0,5.0,5.0,5.0
fold_09,9,MOHLER_9_2,MOHLER_9_2_009,5.0,POS,5.0,5.0,5.0,5.0,5.0
fold_09,9,MOHLER_9_2,MOHLER_9_2_010,5.0,POS,5.0,5.0,5.0,5.0,5.0
fold_09,9,MOHLER_9_2,MOHLER_9_2_011,5.0,POS,5.0,5.0,5.0,5.0,5.0
fold_09,9,MOHLER_9_2,MOHLER_9_2_012,5.0,POS,5.0,5.0,5.0,5.0,5.0
fold_09,9,MOHLER_9_2,MOHLER_9_2_013,5.0,POS,5.0,5.0,5.0,5.0,5.0
fold_09,9,MOHLER_9_2,MOHLER_9_2_014,5.0,POS,5.0,5.0,5.0,5.0,5.0
fold_09,9,MOHLER_9_2,MOHLER_9_2_015,5.0,BND,5.0,4.7,4.7,4.7,5.0
fold_09,9,MOHLER_9_2,MOHLER_9_2_016,5.0,POS,5.0,5.0,5.0,5.0,5.0
fold_09,9,MOHLER_9_2,MOHLER_9_2_017,5.0,POS,5.0,5.0,5.0,5.0,5.0
fold_09,9,MOHLER_9_2,MOHLER_9_2_018,5.0,POS,5.0,5.0,5.0,5.0,5.0
fold_09,9,MOHLER_9_2,MOHLER_9_2_020,5.0,POS,5.0,5.0,5.0,5.0,5.0
fold_09,9,MOHLER_9_2,MOHLER_9_2_019,5.0,BND,5.0,5.0,5.0,5.0,5.0
fold_09,9,MOHLER_9_2,MOHLER_9_2_021,5.0,POS,5.0,5.0,5.0,5.0,5.0
fold_09,9,MOHLER_9_2,MOHLER_9_2_022,5.0,POS,5.0,5.0,5.0,5.0,5.0
fold_09,9,MOHLER_9_2,MOHLER_9_2_023,5.0,POS,5.0,5.0,5.0,5.0,5.0
fold_09,9,MOHLER_9_2,MOHLER_9_2_024,5.0,POS,5.0,5.0,5.0,5.0,5.0
fold_09,9,MOHLER_9_2,MOHLER_9_2_025,5.0,POS,5.0,5.0,5.0,5.0,5.0
fold_09,9,MOHLER_9_2,MOHLER_9_2_026,5.0,POS,5.0,5.0,5.0,5.0,5.0
fold_09,9,MOHLER_9_2,MOHLER_9_2_027,2.5,BND,1.0,1.7,1.7,1.7,2.3
fold_09,9,MOHLER_9_3,MOHLER_9_3_002,3.0,POS,2.0,2.0,2.0,2.0,2.0
fold_09,9,MOHLER_9_3,MOHLER_9_3_001,4.5,POS,5.0,5.0,5.0,5.0,5.0
fold_09,9,MOHLER_9_3,MOHLER_9_3_003,3.0,POS,2.0,2.0,2.0,2.0,2.0
fold_09,9,MOHLER_9_3,MOHLER_9_3_004,2.5,BND,2.0,1.5,1.5,1.5,2.1
fold_09,9,MOHLER_9_3,MOHLER_9_3_005,4.0,BND,1.5,1.7,1.7,1.7,2.3
fold_09,9,MOHLER_9_3,MOHLER_9_3_006,4.5,POS,5.0,5.0,5.0,5.0,5.0
fold_09,9,MOHLER_9_3,MOHLER_9_3_008,4.0,POS,2.0,2.0,2.0,2.0,2.0
fold_09,9,MOHLER_9_3,MOHLER_9_3_007,4.0,BND,3.0,3.8,3.8,4.3,4.9
fold_09,9,MOHLER_9_3,MOHLER_9_3_009,4.5,BND,2.0,2.2,2.2,2.2,2.8
fold_09,9,MOHLER_9_3,MOHLER_9_3_010,2.5,BND,2.0,1.5,1.5,1.5,2.1
fold_09,9,MOHLER_9_3,MOHLER_9_3_011,4.0,BND,2.0,2.5,2.5,2.5,3.1
fold_09,9,MOHLER_9_3,MOHLER_9_3_012,3.5,POS,2.0,2.0,2.0,2.0,2.0
fold_09,9,MOHLER_9_3,MOHLER_9_3_013,3.0,POS,1.0,1.0,1.0,1.0,1.0
fold_09,9,MOHLER_9_3,MOHLER_9_3_014,3.5,BND,1.0,1.3,1.3,1.3,1.9
fold_09,9,MOHLER_9_3,MOHLER_9_3_016,4.0,BND,4.0,4.2,4.2,4.2,4.8
fold_09,9,MOHLER_9_3,MOHLER_9_3_015,4.0,BND,3.0,2.3,2.3,2.3,2.9
fold_09,9,MOHLER_9_3,MOHLER_9_3_017,3.5,POS,2.0,2.0,2.0,2.0,2.0
fold_09,9,MOHLER_9_3,MOHLER_9_3_018,3.0,BND,1.5,1.3,1.3,1.3,1.9
fold_09,9,MOHLER_9_3,MOHLER_9_3_019,4.0,BND,2.5,2.3,2.3,2.3,2.9
fold_09,9,MOHLER_9_3,MOHLER_9_3_020,5.0,BND,4.5,4.3,4.3,4.3,4.9
fold_09,9,MOHLER_9_3,MOHLER_9_3_021,5.0,BND,4.0,3.7,3.7,3.7,4.3
fold_09,9,MOHLER_9_3,MOHLER_9_3_022,2.0,BND,1.0,1.7,1.7,1.7,2.3
fold_09,9,MOHLER_9_3,MOHLER_9_3_023,3.0,BND,0.0,1.0,1.0,1.0,1.6
fold_09,9,MOHLER_9_3,MOHLER_9_3_024,5.0,BND,2.5,2.3,2.3,2.3,2.9
fold_09,9,MOHLER_9_3,MOHLER_9_3_025,1.5,BND,0.0,0.3,0.3,0.3,0.3
fold_09,9,MOHLER_9_3,MOHLER_9_3_026,5.0,BND,5.0,4.7,4.7,4.7,5.0
fold_09,9,MOHLER_9_3,MOHLER_9_3_027,5.0,BND,0.0,0.3,0.3,0.3,0.3
fold_09,9,MOHLER_9_4,MOHLER_9_4_001,5.0,BND,3.0,3.3,3.3,3.3,3.9
fold_09,9,MOHLER_9_4,MOHLER_9_4_002,2.0,BND,2.0,1.5,1.5,1.5,2.1
fold_09,9,MOHLER_9_4,MOHLER_9_4_003,5.0,POS,5.0,5.0,5.0,5.0,5.0
fold_09,9,MOHLER_9_4,MOHLER_9_4_004,1.5,BND,0.5,0.8,0.8,0.8,1.4
fold_09,9,MOHLER_9_4,MOHLER_9_4_005,3.5,POS,3.0,3.0,3.0,3.0,3.0
fold_09,9,MOHLER_9_4,MOHLER_9_4_006,5.0,BND,5.0,4.7,4.7,4.7,5.0
fold_09,9,MOHLER_9_4,MOHLER_9_4_007,5.0,BND,5.0,4.7,4.7,4.7,5.0
fold_09,9,MOHLER_9_4,MOHLER_9_4_009,4.5,BND,4.5,4.8,4.8,4.8,5.0
fold_09,9,MOHLER_9_4,MOHLER_9_4_008,4.5,BND,2.5,2.8,2.8,2.8,3.4
fold_09,9,MOHLER_9_4,MOHLER_9_4_010,2.5,POS,1.0,1.0,1.0,1.0,1.0
fold_09,9,MOHLER_9_4,MOHLER_9_4_011,4.5,BND,2.0,2.2,2.2,2.2,2.8
fold_09,9,MOHLER_9_4,MOHLER_9_4_012,4.5,BND,4.0,4.2,4.2,4.5,5.0
fold_09,9,MOHLER_9_4,MOHLER_9_4_013,4.5,BND,0.0,0.7,0.7,0.7,0.7
fold_09,9,MOHLER_9_4,MOHLER_9_4_015,4.5,POS,5.0,5.0,5.0,5.0,5.0
fold_09,9,MOHLER_9_4,MOHLER_9_4_014,3.0,BND,1.5,1.7,1.7,1.7,2.3
fold_09,9,MOHLER_9_4,MOHLER_9_4_016,4.5,POS,2.0,2.0,2.0,2.0,2.0
fold_09,9,MOHLER_9_4,MOHLER_9_4_017,4.0,BND,2.5,2.7,2.7,2.7,3.3
fold_09,9,MOHLER_9_4,MOHLER_9_4_018,3.0,BND,1.5,1.5,1.5,1.5,2.1
fold_09,9,MOHLER_9_4,MOHLER_9_4_019,3.5,BND,0.5,0.5,0.5,0.5,1.1
fold_09,9,MOHLER_9_4,MOHLER_9_4_020,4.5,POS,2.0,2.0,2.0,2.0,2.0
fold_09,9,MOHLER_9_4,MOHLER_9_4_021,5.0,BND,2.0,1.8,1.8,1.8,2.4
fold_09,9,MOHLER_9_4,MOHLER_9_4_022,4.0,BND,2.5,2.3,2.3,2.3,2.9
fold_09,9,MOHLER_9_4,MOHLER_9_4_023,3.5,BND,2.0,2.2,2.2,2.2,2.8
fold_09,9,MOHLER_9_4,MOHLER_9_4_024,5.0,POS,5.0,5.0,5.0,5.0,5.0
fold_09,9,MOHLER_9_4,MOHLER_9_4_026,4.5,POS,5.0,5.0,5.0,5.0,5.0
fold_09,9,MOHLER_9_4,MOHLER_9_4_025,4.0,BND,1.0,1.2,1.2,1.2,1.8
fold_09,9,MOHLER_9_4,MOHLER_9_4_027,3.5,BND,3.0,4.3,4.3,5.0,5.0
fold_09,9,MOHLER_9_6,MOHLER_9_6_002,5.0,POS,5.0,5.0,5.0,5.0,5.0
fold_09,9,MOHLER_9_6,MOHLER_9_6_001,5.0,BND,5.0,5.0,5.0,5.0,5.0
fold_09,9,MOHLER_9_6,MOHLER_9_6_003,5.0,POS,5.0,5.0,5.0,5.0,5.0
fold_09,9,MOHLER_9_6,MOHLER_9_6_004,5.0,POS,5.0,5.0,5.0,5.0,5.0
fold_09,9,MOHLER_9_6,MOHLER_9_6_005,2.5,BND,2.5,1.5,1.5,1.5,2.1
fold_09,9,MOHLER_9_6,MOHLER_9_6_007,5.0,POS,5.0,5.0,5.0,5.0,5.0
fold_09,9,MOHLER_9_6,MOHLER_9_6_006,4.5,BND,2.0,3.0,3.0,3.0,3.6
fold_09,9,MOHLER_9_6,MOHLER_9_6_009,5.0,POS,5.0,5.0,5.0,5.0,5.0
fold_09,9,MOHLER_9_6,MOHLER_9_6_008,5.0,BND,2.0,2.3,2.3,3.3,3.9
fold_09,9,MOHLER_9_6,MOHLER_9_6_010,5.0,POS,5.0,5.0,5.0,5.0,5.0
fold_09,9,MOHLER_9_6,MOHLER_9_6_011,5.0,POS,5.0,5.0,5.0,5.0,5.0
fold_09,9,MOHLER_9_6,MOHLER_9_6_012,5.0,POS,5.0,5.0,5.0,5.0,5.0
fold_09,9,MOHLER_9_6,MOHLER_9_6_013,5.0,POS,5.0,5.0,5.0,5.0,5.0
fold_09,9,MOHLER_9_6,MOHLER_9_6_014,5.0,POS,5.0,5.0,5.0,5.0,5.0
fold_09,9,MOHLER_9_6,MOHLER_9_6_016,5.0,POS,5.0,5.0,5.0,5.0,5.0
fold_09,9,MOHLER_9_6,MOHLER_9_6_015,5.0,POS,5.0,5.0,5.0,5.0,5.0
fold_09,9,MOHLER_9_6,MOHLER_9_6_017,5.0,POS,5.0,5.0,5.0,5.0,5.0
fold_09,9,MOHLER_9_6,MOHLER_9_6_018,5.0,POS,5.0,5.0,5.0,5.0,5.0
fold_09,9,MOHLER_9_6,MOHLER_9_6_019,5.0,POS,5.0,5.0,5.0,5.0,5.0
fold_09,9,MOHLER_9_6,MOHLER_9_6_020,4.5,POS,5.0,5.0,5.0,5.0,5.0
fold_09,9,MOHLER_9_6,MOHLER_9_6_021,5.0,POS,5.0,5.0,5.0,5.0,5.0
fold_09,9,MOHLER_9_6,MOHLER_9_6_023,5.0,POS,5.0,5.0,5.0,5.0,5.0
fold_09,9,MOHLER_9_6,MOHLER_9_6_022,1.5,BND,0.0,0.7,0.7,0.7,0.7
fold_09,9,MOHLER_9_6,MOHLER_9_6_025,5.0,POS,5.0,5.0,5.0,5.0,5.0
fold_09,9,MOHLER_9_6,MOHLER_9_6_024,5.0,BND,5.0,5.0,5.0,5.0,5.0
fold_09,9,MOHLER_9_6,MOHLER_9_6_026,5.0,POS,5.0,5.0,5.0,5.0,5.0
fold_09,9,MOHLER_9_6,MOHLER_9_6_027,5.0,POS,5.0,5.0,5.0,5.0,5.0
fold_10,10,MOHLER_10_1,MOHLER_10_1_002,5.0,POS,5.0,5.0,5.0,5.0,5.0
fold_10,10,MOHLER_10_1,MOHLER_10_1_001,4.0,BND,3.0,3.5,3.5,3.5,4.1
fold_10,10,MOHLER_10_1,MOHLER_10_1_003,4.5,BND,2.5,2.7,2.7,2.7,3.3
fold_10,10,MOHLER_10_1,MOHLER_10_1_004,4.5,BND,4.0,4.3,4.3,4.3,4.9
fold_10,10,MOHLER_10_1,MOHLER_10_1_005,5.0,BND,2.0,2.7,2.7,2.7,3.3
fold_10,10,MOHLER_10_1,MOHLER_10_1_006,3.0,BND,1.5,1.7,1.7,1.7,2.3
fold_10,10,MOHLER_10_1,MOHLER_10_1_007,3.5,BND,2.0,2.2,2.2,2.2,2.8
fold_10,10,MOHLER_10_1,MOHLER_10_1_008,4.0,BND,3.0,2.8,2.8,2.8,3.4
fold_10,10,MOHLER_10_1,MOHLER_10_1_010,5.0,POS,4.0,4.0,4.0,4.0,4.0
fold_10,10,MOHLER_10_1,MOHLER_10_1_009,3.5,BND,3.0,2.8,2.8,2.8,3.4
fold_10,10,MOHLER_10_1,MOHLER_10_1_012,3.0,POS,2.0,2.0,2.0,2.0,2.0
fold_10,10,MOHLER_10_1,MOHLER_10_1_011,3.5,BND,3.0,2.5,2.5,2.5,3.1
fold_10,10,MOHLER_10_1,MOHLER_10_1_014,4.5,POS,2.0,2.0,2.0,2.0,2.0
fold_10,10,MOHLER_10_1,MOHLER_10_1_013,3.0,BND,2.0,2.3,2.3,2.3,2.9
fold_10,10,MOHLER_10_1,MOHLER_10_1_016,5.0,POS,5.0,5.0,5.0,5.0,5.0
fold_10,10,MOHLER_10_1,MOHLER_10_1_015,5.0,BND,4.5,4.2,4.2,4.2,4.8
fold_10,10,MOHLER_10_1,MOHLER_10_1_018,2.5,POS,2.0,2.0,2.0,2.0,2.0
fold_10,10,MOHLER_10_1,MOHLER_10_1_017,4.0,BND,3.0,2.8,2.8,2.8,3.4
fold_10,10,MOHLER_10_1,MOHLER_10_1_020,4.5,POS,4.0,4.0,4.0,4.0,4.0
fold_10,10,MOHLER_10_1,MOHLER_10_1_019,4.5,BND,2.5,2.7,2.7,2.7,3.3
fold_10,10,MOHLER_10_1,MOHLER_10_1_021,2.0,POS,1.0,1.0,1.0,1.0,1.0
fold_10,10,MOHLER_10_1,MOHLER_10_1_022,4.0,BND,4.0,4.0,4.0,4.0,4.6
fold_10,10,MOHLER_10_1,MOHLER_10_1_023,5.0,BND,4.5,4.3,4.3,4.3,4.9
fold_10,10,MOHLER_10_1,MOHLER_10_1_024,4.0,BND,3.0,2.8,2.8,2.8,3.4
fold_10,10,MOHLER_10_2,MOHLER_10_2_001,4.0,POS,2.0,2.0,2.0,2.0,2.0
fold_10,10,MOHLER_10_2,MOHLER_10_2_002,4.5,BND,5.0,4.7,4.7,4.7,5.0
fold_10,10,MOHLER_10_2,MOHLER_10_2_003,5.0,BND,4.0,4.3,4.3,4.3,4.9
fold_10,10,MOHLER_10_2,MOHLER_10_2_004,5.0,BND,5.0,4.8,4.8,4.8,5.0
fold_10,10,MOHLER_10_2,MOHLER_10_2_005,5.0,POS,5.0,5.0,5.0,5.0,5.0
fold_10,10,MOHLER_10_2,MOHLER_10_2_006,5.0,POS,5.0,5.0,5.0,5.0,5.0
fold_10,10,MOHLER_10_2,MOHLER_10_2_008,5.0,POS,5.0,5.0,5.0,5.0,5.0
fold_10,10,MOHLER_10_2,MOHLER_10_2_009,4.5,POS,5.0,5.0,5.0,5.0,5.0
fold_10,10,MOHLER_10_2,MOHLER_10_2_010,3.5,POS,3.0,3.0,3.0,3.0,3.0
fold_10,10,MOHLER_10_2,MOHLER_10_2_011,5.0,POS,5.0,5.0,5.0,5.0,5.0
fold_10,10,MOHLER_10_2,MOHLER_10_2_012,4.5,BND,3.0,3.3,3.3,3.3,3.9
fold_10,10,MOHLER_10_2,MOHLER_10_2_013,3.0,BND,2.0,1.7,1.7,1.7,2.3
fold_10,10,MOHLER_10_2,MOHLER_10_2_014,3.5,BND,1.0,1.5,1.5,1.5,2.1
fold_10,10,MOHLER_10_2,MOHLER_10_2_015,5.0,BND,5.0,4.8,4.8,4.8,5.0
fold_10,10,MOHLER_10_2,MOHLER_10_2_016,5.0,BND,5.0,4.7,4.7,4.7,5.0
fold_10,10,MOHLER_10_2,MOHLER_10_2_007,4.5,BND,3.0,3.3,3.3,3.3,3.9
fold_10,10,MOHLER_10_2,MOHLER_10_2_017,4.5,BND,3.5,3.3,3.3,3.3,3.9
fold_10,10,MOHLER_10_2,MOHLER_10_2_018,4.5,POS,5.0,5.0,5.0,5.0,5.0
fold_10,10,MOHLER_10_2,MOHLER_10_2_020,4.5,BND,3.0,3.7,3.7,4.7,5.0
fold_10,10,MOHLER_10_2,MOHLER_10_2_019,4.5,BND,2.5,3.0,3.0,4.0,4.6
fold_10,10,MOHLER_10_2,MOHLER_10_2_021,5.0,POS,5.0,5.0,5.0,5.0,5.0
fold_10,10,MOHLER_10_2,MOHLER_10_2_022,4.0,BND,1.0,1.2,1.2,1.2,1.8
fold_10,10,MOHLER_10_2,MOHLER_10_2_024,1.5,POS,0.0,0.0,0.0,0.0,0.0
fold_10,10,MOHLER_10_2,MOHLER_10_2_023,4.5,BND,3.0,4.3,4.3,5.0,5.0
fold_10,10,MOHLER_10_3,MOHLER_10_3_002,5.0,POS,5.0,5.0,5.0,5.0,5.0
fold_10,10,MOHLER_10_3,MOHLER_10_3_001,5.0,POS,5.0,5.0,5.0,5.0,5.0
fold_10,10,MOHLER_10_3,MOHLER_10_3_003,5.0,POS,5.0,5.0,5.0,5.0,5.0
fold_10,10,MOHLER_10_3,MOHLER_10_3_004,5.0,POS,5.0,5.0,5.0,5.0,5.0
fold_10,10,MOHLER_10_3,MOHLER_10_3_005,5.0,POS,5.0,5.0,5.0,5.0,5.0
fold_10,10,MOHLER_10_3,MOHLER_10_3_006,5.0,POS,5.0,5.0,5.0,5.0,5.0
fold_10,10,MOHLER_10_3,MOHLER_10_3_007,3.0,POS,0.0,0.0,0.0,0.0,0.0
fold_10,10,MOHLER_10_3,MOHLER_10_3_008,2.0,BND,2.0,1.7,1.7,1.7,2.3
fold_10,10,MOHLER_10_3,MOHLER_10_3_009,4.0,POS,5.0,5.0,5.0,5.0,5.0
fold_10,10,MOHLER_10_3,MOHLER_10_3_011,5.0,POS,5.0,5.0,5.0,5.0,5.0
fold_10,10,MOHLER_10_3,MOHLER_10_3_010,4.0,POS,5.0,5.0,5.0,5.0,5.0
fold_10,10,MOHLER_10_3,MOHLER_10_3_012,4.5,BND,1.0,2.3,2.3,2.3,2.9
fold_10,10,MOHLER_10_3,MOHLER_10_3_013,5.0,BND,4.0,3.7,3.7,3.7,4.3
fold_10,10,MOHLER_10_3,MOHLER_10_3_014,5.0,POS,5.0,5.0,5.0,5.0,5.0
fold_10,10,MOHLER_10_3,MOHLER_10_3_015,5.0,POS,5.0,5.0,5.0,5.0,5.0
fold_10,10,MOHLER_10_3,MOHLER_10_3_016,5.0,POS,5.0,5.0,5.0,5.0,5.0
fold_10,10,MOHLER_10_3,MOHLER_10_3_018,4.5,POS,5.0,5.0,5.0,5.0,5.0
fold_10,10,MOHLER_10_3,MOHLER_10_3_017,4.0,BND,4.0,4.3,4.3,4.3,4.9
fold_10,10,MOHLER_10_3,MOHLER_10_3_019,5.0,POS,5.0,5.0,5.0,5.0,5.0
fold_10,10,MOHLER_10_3,MOHLER_10_3_020,5.0,POS,5.0,5.0,5.0,5.0,5.0
fold_10,10,MOHLER_10_3,MOHLER_10_3_021,5.0,POS,5.0,5.0,5.0,5.0,5.0
fold_10,10,MOHLER_10_3,MOHLER_10_3_022,5.0,POS,5.0,5.0,5.0,5.0,5.0
fold_10,10,MOHLER_10_3,MOHLER_10_3_023,5.0,POS,5.0,5.0,5.0,5.0,5.0
fold_10,10,MOHLER_10_3,MOHLER_10_3_024,5.0,POS,5.0,5.0,5.0,5.0,5.0
fold_10,10,MOHLER_10_4,MOHLER_10_4_002,5.0,POS,5.0,5.0,5.0,5.0,5.0
fold_10,10,MOHLER_10_4,MOHLER_10_4_001,4.5,POS,4.0,4.0,4.0,4.0,4.0
fold_10,10,MOHLER_10_4,MOHLER_10_4_003,5.0,POS,5.0,5.0,5.0,5.0,5.0
fold_10,10,MOHLER_10_4,MOHLER_10_4_004,5.0,POS,5.0,5.0,5.0,5.0,5.0
fold_10,10,MOHLER_10_4,MOHLER_10_4_005,5.0,POS,5.0,5.0,5.0,5.0,5.0
fold_10,10,MOHLER_10_4,MOHLER_10_4_006,5.0,POS,5.0,5.0,5.0,5.0,5.0
fold_10,10,MOHLER_10_4,MOHLER_10_4_008,5.0,POS,5.0,5.0,5.0,5.0,5.0
fold_10,10,MOHLER_10_4,MOHLER_10_4_007,5.0,BND,5.0,4.8,4.8,4.8,5.0
fold_10,10,MOHLER_10_4,MOHLER_10_4_009,5.0,POS,5.0,5.0,5.0,5.0,5.0
fold_10,10,MOHLER_10_4,MOHLER_10_4_011,4.5,POS,5.0,5.0,5.0,5.0,5.0
fold_10,10,MOHLER_10_4,MOHLER_10_4_010,4.5,BND,4.0,3.8,3.8,3.8,4.4
fold_10,10,MOHLER_10_4,MOHLER_10_4_012,5.0,POS,5.0,5.0,5.0,5.0,5.0
fold_10,10,MOHLER_10_4,MOHLER_10_4_014,5.0,POS,5.0,5.0,5.0,5.0,5.0
fold_10,10,MOHLER_10_4,MOHLER_10_4_013,2.0,BND,1.0,0.7,0.7,0.7,1.3
fold_10,10,MOHLER_10_4,MOHLER_10_4_015,5.0,POS,5.0,5.0,5.0,5.0,5.0
fold_10,10,MOHLER_10_4,MOHLER_10_4_016,5.0,POS,5.0,5.0,5.0,5.0,5.0
fold_10,10,MOHLER_10_4,MOHLER_10_4_017,5.0,POS,5.0,5.0,5.0,5.0,5.0
fold_10,10,MOHLER_10_4,MOHLER_10_4_018,5.0,POS,5.0,5.0,5.0,5.0,5.0
fold_10,10,MOHLER_10_4,MOHLER_10_4_019,5.0,BND,5.0,5.0,5.0,5.0,5.0
fold_10,10,MOHLER_10_4,MOHLER_10_4_020,4.5,POS,5.0,5.0,5.0,5.0,5.0
fold_10,10,MOHLER_10_4,MOHLER_10_4_021,5.0,POS,5.0,5.0,5.0,5.0,5.0
fold_10,10,MOHLER_10_4,MOHLER_10_4_023,5.0,POS,5.0,5.0,5.0,5.0,5.0
fold_10,10,MOHLER_10_4,MOHLER_10_4_022,4.5,BND,3.0,3.3,3.3,3.3,3.9
fold_10,10,MOHLER_10_4,MOHLER_10_4_024,4.5,BND,4.0,3.8,3.8,3.8,4.4
fold_10,10,MOHLER_10_5,MOHLER_10_5_002,5.0,POS,5.0,5.0,5.0,5.0,5.0
fold_10,10,MOHLER_10_5,MOHLER_10_5_001,5.0,BND,5.0,4.8,4.8,4.8,5.0
fold_10,10,MOHLER_10_5,MOHLER_10_5_003,5.0,POS,5.0,5.0,5.0,5.0,5.0
fold_10,10,MOHLER_10_5,MOHLER_10_5_004,5.0,POS,5.0,5.0,5.0,5.0,5.0
fold_10,10,MOHLER_10_5,MOHLER_10_5_005,5.0,POS,4.0,4.0,4.0,4.0,4.0
fold_10,10,MOHLER_10_5,MOHLER_10_5_006,4.5,POS,5.0,5.0,5.0,5.0,5.0
fold_10,10,MOHLER_10_5,MOHLER_10_5_008,3.5,BND,1.0,1.3,1.3,1.3,1.9
fold_10,10,MOHLER_10_5,MOHLER_10_5_007,4.0,BND,0.0,2.3,2.3,3.3,3.9
fold_10,10,MOHLER_10_5,MOHLER_10_5_010,2.5,POS,1.0,1.0,1.0,1.0,1.0
fold_10,10,MOHLER_10_5,MOHLER_10_5_009,5.0,POS,5.0,5.0,5.0,5.0,5.0
fold_10,10,MOHLER_10_5,MOHLER_10_5_011,4.5,POS,4.0,4.0,4.0,4.0,4.0
fold_10,10,MOHLER_10_5,MOHLER_10_5_012,4.0,BND,3.0,3.2,3.2,3.2,3.8
fold_10,10,MOHLER_10_5,MOHLER_10_5_013,3.5,BND,2.0,2.2,2.2,2.2,2.8
fold_10,10,MOHLER_10_5,MOHLER_10_5_014,5.0,POS,5.0,5.0,5.0,5.0,5.0
fold_10,10,MOHLER_10_5,MOHLER_10_5_015,5.0,POS,5.0,5.0,5.0,5.0,5.0
fold_10,10,MOHLER_10_5,MOHLER_10_5_017,5.0,POS,5.0,5.0,5.0,5.0,5.0
fold_10,10,MOHLER_10_5,MOHLER_10_5_016,2.5,BND,2.0,1.8,1.8,1.8,2.4
fold_10,10,MOHLER_10_5,MOHLER_10_5_019,5.0,POS,5.0,5.0,5.0,5.0,5.0
fold_10,10,MOHLER_10_5,MOHLER_10_5_018,4.5,BND,5.0,4.8,4.8,4.8,5.0
fold_10,10,MOHLER_10_5,MOHLER_10_5_020,5.0,POS,5.0,5.0,5.0,5.0,5.0
fold_10,10,MOHLER_10_5,MOHLER_10_5_021,5.0,BND,4.5,4.8,4.8,4.8,5.0
fold_10,10,MOHLER_10_5,MOHLER_10_5_022,2.5,BND,1.5,1.2,1.2,1.2,1.8
fold_10,10,MOHLER_10_5,MOHLER_10_5_023,5.0,POS,5.0,5.0,5.0,5.0,5.0
fold_10,10,MOHLER_10_5,MOHLER_10_5_024,2.5,POS,1.0,1.0,1.0,1.0,1.0
fold_10,10,MOHLER_10_6,MOHLER_10_6_001,5.0,POS,5.0,5.0,5.0,5.0,5.0
fold_10,10,MOHLER_10_6,MOHLER_10_6_002,2.5,POS,1.0,1.0,1.0,1.0,1.0
fold_10,10,MOHLER_10_6,MOHLER_10_6_003,3.0,BND,3.0,2.7,2.7,2.7,3.3
fold_10,10,MOHLER_10_6,MOHLER_10_6_004,3.5,BND,3.0,2.7,2.7,2.7,3.3
fold_10,10,MOHLER_10_6,MOHLER_10_6_005,5.0,POS,5.0,5.0,5.0,5.0,5.0
fold_10,10,MOHLER_10_6,MOHLER_10_6_007,5.0,POS,5.0,5.0,5.0,5.0,5.0
fold_10,10,MOHLER_10_6,MOHLER_10_6_006,5.0,BND,4.0,4.3,4.3,4.3,4.9
fold_10,10,MOHLER_10_6,MOHLER_10_6_009,5.0,POS,5.0,5.0,5.0,5.0,5.0
fold_10,10,MOHLER_10_6,MOHLER_10_6_010,1.5,POS,0.0,0.0,0.0,0.0,0.0
fold_10,10,MOHLER_10_6,MOHLER_10_6_008,4.5,BND,4.5,3.7,3.7,3.7,4.3
fold_10,10,MOHLER_10_6,MOHLER_10_6_011,1.5,POS,0.0,0.0,0.0,0.0,0.0
fold_10,10,MOHLER_10_6,MOHLER_10_6_012,5.0,POS,5.0,5.0,5.0,5.0,5.0
fold_10,10,MOHLER_10_6,MOHLER_10_6_014,4.0,POS,0.0,0.0,0.0,0.0,0.0
fold_10,10,MOHLER_10_6,MOHLER_10_6_013,2.0,BND,3.0,2.3,2.3,3.3,3.9
fold_10,10,MOHLER_10_6,MOHLER_10_6_016,5.0,POS,5.0,5.0,5.0,5.0,5.0
fold_10,10,MOHLER_10_6,MOHLER_10_6_015,3.5,BND,1.5,1.5,1.5,1.5,2.1
fold_10,10,MOHLER_10_6,MOHLER_10_6_017,5.0,POS,5.0,5.0,5.0,5.0,5.0
fold_10,10,MOHLER_10_6,MOHLER_10_6_018,5.0,POS,5.0,5.0,5.0,5.0,5.0
fold_10,10,MOHLER_10_6,MOHLER_10_6_019,5.0,POS,5.0,5.0,5.0,5.0,5.0
fold_10,10,MOHLER_10_6,MOHLER_10_6_020,5.0,POS,5.0,5.0,5.0,5.0,5.0
fold_10,10,MOHLER_10_6,MOHLER_10_6_021,5.0,POS,5.0,5.0,5.0,5.0,5.0
fold_10,10,MOHLER_10_6,MOHLER_10_6_023,4.0,POS,5.0,5.0,5.0,5.0,5.0
fold_10,10,MOHLER_10_6,MOHLER_10_6_022,5.0,BND,5.0,4.7,4.7,4.7,5.0
fold_10,10,MOHLER_10_6,MOHLER_10_6_024,2.0,POS,0.0,0.0,0.0,0.0,0.0
fold_10,10,MOHLER_10_7,MOHLER_10_7_002,5.0,POS,5.0,5.0,5.0,5.0,5.0
fold_10,10,MOHLER_10_7,MOHLER_10_7_001,5.0,BND,5.0,4.7,4.7,4.7,5.0
fold_10,10,MOHLER_10_7,MOHLER_10_7_003,2.0,POS,0.0,0.0,0.0,0.0,0.0
fold_10,10,MOHLER_10_7,MOHLER_10_7_004,5.0,POS,5.0,5.0,5.0,5.0,5.0
fold_10,10,MOHLER_10_7,MOHLER_10_7_005,5.0,POS,5.0,5.0,5.0,5.0,5.0
fold_10,10,MOHLER_10_7,MOHLER_10_7_006,5.0,BND,4.0,4.7,4.7,4.7,5.0
fold_10,10,MOHLER_10_7,MOHLER_10_7_007,3.5,POS,1.0,1.0,1.0,1.0,1.0
fold_10,10,MOHLER_10_7,MOHLER_10_7_009,2.5,BND,0.0,0.5,0.5,0.5,0.5
fold_10,10,MOHLER_10_7,MOHLER_10_7_008,5.0,BND,5.0,4.7,4.7,4.7,5.0
fold_10,10,MOHLER_10_7,MOHLER_10_7_010,5.0,POS,5.0,5.0,5.0,5.0,5.0
fold_10,10,MOHLER_10_7,MOHLER_10_7_011,2.5,POS,0.0,0.0,0.0,0.0,0.0
fold_10,10,MOHLER_10_7,MOHLER_10_7_013,5.0,POS,5.0,5.0,5.0,5.0,5.0
fold_10,10,MOHLER_10_7,MOHLER_10_7_012,2.0,BND,1.0,0.3,0.3,0.3,0.3
fold_10,10,MOHLER_10_7,MOHLER_10_7_014,4.5,BND,5.0,3.7,3.7,4.7,5.0
fold_10,10,MOHLER_10_7,MOHLER_10_7_015,3.0,BND,0.0,0.3,0.3,0.3,0.3
fold_10,10,MOHLER_10_7,MOHLER_10_7_016,1.5,BND,0.0,0.3,0.3,0.3,0.3
fold_10,10,MOHLER_10_7,MOHLER_10_7_017,5.0,POS,5.0,5.0,5.0,5.0,5.0
fold_10,10,MOHLER_10_7,MOHLER_10_7_018,5.0,POS,5.0,5.0,5.0,5.0,5.0
fold_10,10,MOHLER_10_7,MOHLER_10_7_019,5.0,BND,4.0,4.3,4.3,4.3,4.9
fold_10,10,MOHLER_10_7,MOHLER_10_7_020,5.0,BND,5.0,4.7,4.7,4.7,5.0
fold_10,10,MOHLER_10_7,MOHLER_10_7_021,5.0,BND,4.0,4.7,4.7,4.7,5.0
fold_10,10,MOHLER_10_7,MOHLER_10_7_023,5.0,POS,5.0,5.0,5.0,5.0,5.0
fold_10,10,MOHLER_10_7,MOHLER_10_7_022,1.5,BND,0.0,0.3,0.3,0.3,0.3
fold_10,10,MOHLER_10_7,MOHLER_10_7_024,1.0,POS,0.0,0.0,0.0,0.0,0.0
fold_11,11,MOHLER_11_1,MOHLER_11_1_001,3.0,BND,0.0,0.7,0.7,0.7,1.3
fold_11,11,MOHLER_11_1,MOHLER_11_1_002,3.0,BND,2.0,2.2,2.2,2.2,2.8
fold_11,11,MOHLER_11_1,MOHLER_11_1_003,5.0,POS,5.0,5.0,5.0,5.0,5.0
fold_11,11,MOHLER_11_1,MOHLER_11_1_004,4.0,BND,5.0,4.7,4.7,4.7,5.0
fold_11,11,MOHLER_11_1,MOHLER_11_1_005,5.0,POS,5.0,5.0,5.0,5.0,5.0
fold_11,11,MOHLER_11_1,MOHLER_11_1_006,4.0,BND,4.0,4.2,4.2,5.0,5.0
fold_11,11,MOHLER_11_1,MOHLER_11_1_007,5.0,BND,4.0,3.7,3.7,3.7,4.3
fold_11,11,MOHLER_11_1,MOHLER_11_1_008,2.5,BND,0.0,0.7,0.7,0.7,1.3
fold_11,11,MOHLER_11_1,MOHLER_11_1_009,4.5,BND,3.5,4.0,4.0,4.0,4.6
fold_11,11,MOHLER_11_1,MOHLER_11_1_010,5.0,BND,4.0,4.7,4.7,4.7,5.0
fold_11,11,MOHLER_11_1,MOHLER_11_1_011,4.0,BND,3.0,3.3,3.3,3.3,3.9
fold_11,11,MOHLER_11_1,MOHLER_11_1_012,4.0,POS,5.0,5.0,5.0,5.0,5.0
fold_11,11,MOHLER_11_1,MOHLER_11_1_014,1.5,POS,0.0,0.0,0.0,0.0,0.0
fold_11,11,MOHLER_11_1,MOHLER_11_1_013,4.0,BND,3.0,3.3,3.3,3.3,3.9
fold_11,11,MOHLER_11_1,MOHLER_11_1_015,4.0,BND,5.0,4.3,4.3,5.0,5.0
fold_11,11,MOHLER_11_1,MOHLER_11_1_016,3.0,BND,0.0,0.7,0.7,0.7,1.3
fold_11,11,MOHLER_11_1,MOHLER_11_1_017,5.0,BND,3.5,4.5,4.5,4.5,5.0
fold_11,11,MOHLER_11_1,MOHLER_11_1_018,4.0,BND,4.0,4.3,4.3,4.3,4.9
fold_11,11,MOHLER_11_1,MOHLER_11_1_019,5.0,POS,5.0,5.0,5.0,5.0,5.0
fold_11,11,MOHLER_11_1,MOHLER_11_1_020,5.0,POS,5.0,5.0,5.0,5.0,5.0
fold_11,11,MOHLER_11_1,MOHLER_11_1_021,5.0,POS,5.0,5.0,5.0,5.0,5.0
fold_11,11,MOHLER_11_1,MOHLER_11_1_023,4.5,POS,3.0,3.0,3.0,3.0,3.0
fold_11,11,MOHLER_11_1,MOHLER_11_1_022,3.5,BND,2.0,2.2,2.2,2.2,2.8
fold_11,11,MOHLER_11_1,MOHLER_11_1_025,3.0,POS,1.0,1.0,1.0,1.0,1.0
fold_11,11,MOHLER_11_1,MOHLER_11_1_024,3.0,BND,2.5,2.7,2.7,2.7,3.3
fold_11,11,MOHLER_11_1,MOHLER_11_1_027,5.0,POS,5.0,5.0,5.0,5.0,5.0
fold_11,11,MOHLER_11_1,MOHLER_11_1_026,4.0,BND,5.0,4.0,4.0,5.0,5.0
fold_11,11,MOHLER_11_1,MOHLER_11_1_028,3.0,BND,1.0,0.5,0.5,0.5,1.1
fold_11,11,MOHLER_11_1,MOHLER_11_1_029,4.5,BND,5.0,4.8,4.8,4.8,5.0
fold_11,11,MOHLER_11_1,MOHLER_11_1_030,2.5,BND,1.0,0.7,0.7,0.7,1.3
fold_11,11,MOHLER_11_10,MOHLER_11_10_002,3.5,POS,2.5,2.5,2.5,2.5,2.5
fold_11,11,MOHLER_11_10,MOHLER_11_10_001,5.0,BND,3.0,3.3,3.3,3.3,3.9
fold_11,11,MOHLER_11_10,MOHLER_11_10_003,5.0,POS,5.0,5.0,5.0,5.0,5.0
fold_11,11,MOHLER_11_10,MOHLER_11_10_004,5.0,POS,5.0,5.0,5.0,5.0,5.0
fold_11,11,MOHLER_11_10,MOHLER_11_10_005,5.0,BND,4.0,4.5,4.5,4.5,5.0
fold_11,11,MOHLER_11_10,MOHLER_11_10_006,5.0,POS,5.0,5.0,5.0,5.0,5.0
fold_11,11,MOHLER_11_10,MOHLER_11_10_007,5.0,POS,5.0,5.0,5.0,5.0,5.0
fold_11,11,MOHLER_11_10,MOHLER_11_10_008,5.0,BND,4.0,4.3,4.3,4.3,4.9
fold_11,11,MOHLER_11_10,MOHLER_11_10_009,3.5,BND,2.0,1.7,1.7,1.7,2.3
fold_11,11,MOHLER_11_10,MOHLER_11_10_010,5.0,POS,5.0,5.0,5.0,5.0,5.0
fold_11,11,MOHLER_11_10,MOHLER_11_10_012,5.0,POS,5.0,5.0,5.0,5.0,5.0
fold_11,11,MOHLER_11_10,MOHLER_11_10_011,5.0,BND,4.0,4.5,4.5,4.5,5.0
fold_11,11,MOHLER_11_10,MOHLER_11_10_014,5.0,POS,5.0,5.0,5.0,5.0,5.0
fold_11,11,MOHLER_11_10,MOHLER_11_10_013,5.0,BND,4.0,4.7,4.7,4.7,5.0
fold_11,11,MOHLER_11_10,MOHLER_11_10_015,5.0,POS,5.0,5.0,5.0,5.0,5.0
fold_11,11,MOHLER_11_10,MOHLER_11_10_016,5.0,POS,5.0,5.0,5.0,5.0,5.0
fold_11,11,MOHLER_11_10,MOHLER_11_10_017,5.0,POS,5.0,5.0,5.0,5.0,5.0
fold_11,11,MOHLER_11_10,MOHLER_11_10_019,5.0,POS,5.0,5.0,5.0,5.0,5.0
fold_11,11,MOHLER_11_10,MOHLER_11_10_018,5.0,POS,5.0,5.0,5.0,5.0,5.0
fold_11,11,MOHLER_11_10,MOHLER_11_10_020,5.0,POS,5.0,5.0,5.0,5.0,5.0
fold_11,11,MOHLER_11_10,MOHLER_11_10_021,5.0,POS,5.0,5.0,5.0,5.0,5.0
fold_11,11,MOHLER_11_10,MOHLER_11_10_022,5.0,POS,5.0,5.0,5.0,5.0,5.0
fold_11,11,MOHLER_11_10,MOHLER_11_10_024,5.0,POS,5.0,5.0,5.0,5.0,5.0
fold_11,11,MOHLER_11_10,MOHLER_11_10_023,5.0,BND,5.0,4.8,4.8,4.8,5.0
fold_11,11,MOHLER_11_10,MOHLER_11_10_025,5.0,POS,5.0,5.0,5.0,5.0,5.0
fold_11,11,MOHLER_11_10,MOHLER_11_10_027,5.0,POS,5.0,5.0,5.0,5.0,5.0
fold_11,11,MOHLER_11_10,MOHLER_11_10_026,5.0,BND,4.5,4.8,4.8,4.8,5.0
fold_11,11,MOHLER_11_10,MOHLER_11_10_028,5.0,POS,5.0,5.0,5.0,5.0,5.0
fold_11,11,MOHLER_11_10,MOHLER_11_10_029,5.0,POS,5.0,5.0,5.0,5.0,5.0
fold_11,11,MOHLER_11_10,MOHLER_11_10_030,4.0,BND,2.0,2.3,2.3,2.3,2.9
fold_11,11,MOHLER_11_2,MOHLER_11_2_001,5.0,POS,5.0,5.0,5.0,5.0,5.0
fold_11,11,MOHLER_11_2,MOHLER_11_2_002,5.0,BND,3.5,3.5,3.5,3.5,4.1
fold_11,11,MOHLER_11_2,MOHLER_11_2_003,5.0,POS,5.0,5.0,5.0,5.0,5.0
fold_11,11,MOHLER_11_2,MOHLER_11_2_005,5.0,POS,5.0,5.0,5.0,5.0,5.0
fold_11,11,MOHLER_11_2,MOHLER_11_2_004,5.0,BND,3.0,3.3,3.3,4.3,4.9
fold_11,11,MOHLER_11_2,MOHLER_11_2_006,5.0,POS,5.0,5.0,5.0,5.0,5.0
fold_11,11,MOHLER_11_2,MOHLER_11_2_007,5.0,POS,5.0,5.0,5.0,5.0,5.0
fold_11,11,MOHLER_11_2,MOHLER_11_2_009,5.0,POS,5.0,5.0,5.0,5.0,5.0
fold_11,11,MOHLER_11_2,MOHLER_11_2_008,5.0,BND,3.0,3.7,3.7,3.7,4.3
fold_11,11,MOHLER_11_2,MOHLER_11_2_011,5.0,POS,5.0,5.0,5.0,5.0,5.0
fold_11,11,MOHLER_11_2,MOHLER_11_2_010,5.0,BND,3.0,3.3,3.3,3.3,3.9
fold_11,11,MOHLER_11_2,MOHLER_11_2_012,5.0,POS,5.0,5.0,5.0,5.0,5.0
fold_11,11,MOHLER_11_2,MOHLER_11_2_013,0.5,POS,0.0,0.0,0.0,0.0,0.0
fold_11,11,MOHLER_11_2,MOHLER_11_2_014,5.0,BND,2.0,2.7,2.7,2.7,3.3
fold_11,11,MOHLER_11_2,MOHLER_11_2_015,4.5,BND,3.0,3.0,3.0,3.0,3.6
fold_11,11,MOHLER_11_2,MOHLER_11_2_016,2.5,POS,0.0,0.0,0.0,0.0,0.0
fold_11,11,MOHLER_11_2,MOHLER_11_2_017,5.0,POS,5.0,5.0,5.0,5.0,5.0
fold_11,11,MOHLER_11_2,MOHLER_11_2_019,5.0,POS,5.0,5.0,5.0,5.0,5.0
fold_11,11,MOHLER_11_2,MOHLER_11_2_018,5.0,POS,3.0,3.0,3.0,3.0,3.0
fold_11,11,MOHLER_11_2,MOHLER_11_2_020,5.0,POS,5.0,5.0,5.0,5.0,5.0
fold_11,11,MOHLER_11_2,MOHLER_11_2_022,5.0,POS,5.0,5.0,5.0,5.0,5.0
fold_11,11,MOHLER_11_2,MOHLER_11_2_021,5.0,BND,3.5,4.2,4.2,4.2,4.8
fold_11,11,MOHLER_11_2,MOHLER_11_2_024,5.0,POS,3.0,3.0,3.0,3.0,3.0
fold_11,11,MOHLER_11_2,MOHLER_11_2_023,5.0,BND,4.0,3.7,3.7,3.7,4.3
fold_11,11,MOHLER_11_2,MOHLER_11_2_025,0.5,BND,1.0,0.7,0.7,0.7,1.3
fold_11,11,MOHLER_11_2,MOHLER_11_2_027,5.0,POS,5.0,5.0,5.0,5.0,5.0
fold_11,11,MOHLER_11_2,MOHLER_11_2_026,5.0,BND,5.0,4.3,4.3,4.3,4.9
fold_11,11,MOHLER_11_2,MOHLER_11_2_028,5.0,POS,5.0,5.0,5.0,5.0,5.0
fold_11,11,MOHLER_11_2,MOHLER_11_2_029,5.0,POS,5.0,5.0,5.0,5.0,5.0
fold_11,11,MOHLER_11_2,MOHLER_11_2_030,5.0,BND,3.0,3.3,3.3,4.3,4.9
fold_11,11,MOHLER_11_3,MOHLER_11_3_002,3.5,BND,1.0,1.2,1.2,1.2,1.8
fold_11,11,MOHLER_11_3,MOHLER_11_3_001,1.5,BND,2.0,2.5,2.5,2.5,3.1
fold_11,11,MOHLER_11_3,MOHLER_11_3_003,0.0,BND,0.0,0.0,0.0,0.0,0.0
fold_11,11,MOHLER_11_3,MOHLER_11_3_004,2.5,BND,1.0,0.8,0.8,0.8,1.4
fold_11,11,MOHLER_11_3,MOHLER_11_3_005,2.5,BND,3.0,2.7,2.7,2.7,3.3
fold_11,11,MOHLER_11_3,MOHLER_11_3_006,1.5,BND,2.0,1.7,1.7,1.7,2.3
fold_11,11,MOHLER_11_3,MOHLER_11_3_007,5.0,POS,4.0,4.0,4.0,4.0,4.0
fold_11,11,MOHLER_11_3,MOHLER_11_3_008,3.0,BND,5.0,4.3,4.3,4.3,4.9
fold_11,11,MOHLER_11_3,MOHLER_11_3_009,3.5,BND,4.0,3.7,3.7,3.7,4.3
fold_11,11,MOHLER_11_3,MOHLER_11_3_010,5.0,POS,5.0,5.0,5.0,5.0,5.0
fold_11,11,MOHLER_11_3,MOHLER_11_3_012,2.5,BND,0.0,0.2,0.2,0.2,0.2
fold_11,11,MOHLER_11_3,MOHLER_11_3_011,2.5,BND,0.0,0.5,0.5,0.5,1.1
fold_11,11,MOHLER_11_3,MOHLER_11_3_014,5.0,POS,5.0,5.0,5.0,5.0,5.0
fold_11,11,MOHLER_11_3,MOHLER_11_3_013,1.0,POS,0.0,0.0,0.0,0.0,0.0
fold_11,11,MOHLER_11_3,MOHLER_11_3_016,5.0,POS,5.0,5.0,5.0,5.0,5.0
fold_11,11,MOHLER_11_3,MOHLER_11_3_015,2.5,BND,1.0,1.2,1.2,1.2,1.8
fold_11,11,MOHLER_11_3,MOHLER_11_3_017,3.5,BND,1.0,1.3,1.3,1.3,1.9
fold_11,11,MOHLER_11_3,MOHLER_11_3_018,5.0,POS,5.0,5.0,5.0,5.0,5.0
fold_11,11,MOHLER_11_3,MOHLER_11_3_019,2.5,BND,0.5,0.5,0.5,0.5,0.5
fold_11,11,MOHLER_11_3,MOHLER_11_3_020,4.5,BND,2.0,2.7,2.7,2.7,3.3
fold_11,11,MOHLER_11_3,MOHLER_11_3_022,1.0,POS,0.0,0.0,0.0,0.0,0.0
fold_11,11,MOHLER_11_3,MOHLER_11_3_021,2.5,BND,4.0,3.5,3.5,3.5,4.1
fold_11,11,MOHLER_11_3,MOHLER_11_3_023,2.0,BND,1.0,0.7,0.7,0.7,1.3
fold_11,11,MOHLER_11_3,MOHLER_11_3_025,5.0,POS,5.0,5.0,5.0,5.0,5.0
fold_11,11,MOHLER_11_3,MOHLER_11_3_024,1.0,BND,0.0,0.3,0.3,0.3,0.3
fold_11,11,MOHLER_11_3,MOHLER_11_3_027,5.0,POS,3.0,3.0,3.0,3.0,3.0
fold_11,11,MOHLER_11_3,MOHLER_11_3_026,1.5,BND,1.0,0.8,0.8,0.8,1.4
fold_11,11,MOHLER_11_3,MOHLER_11_3_028,2.5,BND,1.0,1.2,1.2,1.2,1.8
fold_11,11,MOHLER_11_3,MOHLER_11_3_029,1.0,BND,1.0,0.3,0.3,0.3,0.3
fold_11,11,MOHLER_11_3,MOHLER_11_3_030,2.5,POS,1.0,1.0,1.0,1.0,1.0
fold_11,11,MOHLER_11_4,MOHLER_11_4_002,4.0,POS,1.0,1.0,1.0,1.0,1.0
fold_11,11,MOHLER_11_4,MOHLER_11_4_001,5.0,BND,4.0,3.7,3.7,3.7,4.3
fold_11,11,MOHLER_11_4,MOHLER_11_4_004,3.0,POS,0.0,0.0,0.0,0.0,0.0
fold_11,11,MOHLER_11_4,MOHLER_11_4_003,5.0,BND,4.0,4.3,4.3,4.3,4.9
fold_11,11,MOHLER_11_4,MOHLER_11_4_005,5.0,BND,3.0,3.3,3.3,3.3,3.9
fold_11,11,MOHLER_11_4,MOHLER_11_4_006,2.5,BND,0.0,0.7,0.7,0.7,1.3
fold_11,11,MOHLER_11_4,MOHLER_11_4_007,5.0,BND,4.0,3.7,3.7,3.7,4.3
fold_11,11,MOHLER_11_4,MOHLER_11_4_008,5.0,BND,2.0,2.2,2.2,2.2,2.8
fold_11,11,MOHLER_11_4,MOHLER_11_4_009,5.0,POS,3.0,3.0,3.0,3.0,3.0
fold_11,11,MOHLER_11_4,MOHLER_11_4_011,4.0,POS,1.0,1.0,1.0,1.0,1.0
fold_11,11,MOHLER_11_4,MOHLER_11_4_010,5.0,BND,5.0,4.7,4.7,4.7,5.0
fold_11,11,MOHLER_11_4,MOHLER_11_4_013,2.0,POS,0.0,0.0,0.0,0.0,0.0
fold_11,11,MOHLER_11_4,MOHLER_11_4_012,5.0,BND,3.0,2.7,2.7,2.7,3.3
fold_11,11,MOHLER_11_4,MOHLER_11_4_014,3.5,POS,2.0,2.0,2.0,2.0,2.0
fold_11,11,MOHLER_11_4,MOHLER_11_4_015,5.0,BND,4.0,3.5,3.5,3.5,4.1
fold_11,11,MOHLER_11_4,MOHLER_11_4_016,5.0,POS,5.0,5.0,5.0,5.0,5.0
fold_11,11,MOHLER_11_4,MOHLER_11_4_017,5.0,POS,3.0,3.0,3.0,3.0,3.0
fold_11,11,MOHLER_11_4,MOHLER_11_4_019,5.0,POS,3.0,3.0,3.0,3.0,3.0
fold_11,11,MOHLER_11_4,MOHLER_11_4_018,4.5,BND,3.0,3.3,3.3,3.3,3.9
fold_11,11,MOHLER_11_4,MOHLER_11_4_020,5.0,POS,2.0,2.0,2.0,2.0,2.0
fold_11,11,MOHLER_11_4,MOHLER_11_4_021,5.0,BND,3.0,3.3,3.3,3.3,3.9
fold_11,11,MOHLER_11_4,MOHLER_11_4_022,4.0,BND,3.0,2.8,2.8,2.8,3.4
fold_11,11,MOHLER_11_4,MOHLER_11_4_023,5.0,BND,3.0,3.7,3.7,3.7,4.3
fold_11,11,MOHLER_11_4,MOHLER_11_4_024,5.0,BND,3.0,2.8,2.8,2.8,3.4
fold_11,11,MOHLER_11_4,MOHLER_11_4_025,5.0,POS,4.0,4.0,4.0,4.0,4.0
fold_11,11,MOHLER_11_4,MOHLER_11_4_026,5.0,BND,4.0,3.7,3.7,3.7,4.3
fold_11,11,MOHLER_11_4,MOHLER_11_4_027,5.0,BND,3.0,3.3,3.3,3.3,3.9
fold_11,11,MOHLER_11_4,MOHLER_11_4_028,5.0,POS,5.0,5.0,5.0,5.0,5.0
fold_11,11,MOHLER_11_4,MOHLER_11_4_030,2.0,POS,1.0,1.0,1.0,1.0,1.0
fold_11,11,MOHLER_11_4,MOHLER_11_4_029,5.0,BND,2.0,2.3,2.3,3.0,3.6
fold_11,11,MOHLER_11_5,MOHLER_11_5_002,5.0,POS,5.0,5.0,5.0,5.0,5.0
fold_11,11,MOHLER_11_5,MOHLER_11_5_001,5.0,POS,5.0,5.0,5.0,5.0,5.0
fold_11,11,MOHLER_11_5,MOHLER_11_5_003,0.0,BND,0.0,0.0,0.0,0.0,0.0
fold_11,11,MOHLER_11_5,MOHLER_11_5_004,4.0,BND,3.0,2.3,2.3,2.3,2.9
fold_11,11,MOHLER_11_5,MOHLER_11_5_005,5.0,POS,5.0,5.0,5.0,5.0,5.0
fold_11,11,MOHLER_11_5,MOHLER_11_5_007,5.0,POS,5.0,5.0,5.0,5.0,5.0
fold_11,11,MOHLER_11_5,MOHLER_11_5_006,5.0,POS,5.0,5.0,5.0,5.0,5.0
fold_11,11,MOHLER_11_5,MOHLER_11_5_009,5.0,POS,5.0,5.0,5.0,5.0,5.0
fold_11,11,MOHLER_11_5,MOHLER_11_5_008,5.0,POS,5.0,5.0,5.0,5.0,5.0
fold_11,11,MOHLER_11_5,MOHLER_11_5_010,5.0,POS,5.0,5.0,5.0,5.0,5.0
fold_11,11,MOHLER_11_5,MOHLER_11_5_011,5.0,BND,5.0,4.8,4.8,4.8,5.0
fold_11,11,MOHLER_11_5,MOHLER_11_5_012,5.0,POS,5.0,5.0,5.0,5.0,5.0
fold_11,11,MOHLER_11_5,MOHLER_11_5_013,5.0,POS,5.0,5.0,5.0,5.0,5.0
fold_11,11,MOHLER_11_5,MOHLER_11_5_014,5.0,POS,5.0,5.0,5.0,5.0,5.0
fold_11,11,MOHLER_11_5,MOHLER_11_5_015,5.0,POS,5.0,5.0,5.0,5.0,5.0
fold_11,11,MOHLER_11_5,MOHLER_11_5_016,4.5,POS,5.0,5.0,5.0,5.0,5.0
fold_11,11,MOHLER_11_5,MOHLER_11_5_018,5.0,POS,5.0,5.0,5.0,5.0,5.0
fold_11,11,MOHLER_11_5,MOHLER_11_5_017,4.0,POS,5.0,5.0,5.0,5.0,5.0
fold_11,11,MOHLER_11_5,MOHLER_11_5_020,5.0,POS,5.0,5.0,5.0,5.0,5.0
fold_11,11,MOHLER_11_5,MOHLER_11_5_019,5.0,BND,4.5,4.8,4.8,4.8,5.0
fold_11,11,MOHLER_11_5,MOHLER_11_5_021,5.0,POS,5.0,5.0,5.0,5.0,5.0
fold_11,11,MOHLER_11_5,MOHLER_11_5_022,5.0,POS,5.0,5.0,5.0,5.0,5.0
fold_11,11,MOHLER_11_5,MOHLER_11_5_023,5.0,POS,5.0,5.0,5.0,5.0,5.0
fold_11,11,MOHLER_11_5,MOHLER_11_5_024,5.0,POS,5.0,5.0,5.0,5.0,5.0
fold_11,11,MOHLER_11_5,MOHLER_11_5_025,4.5,BND,5.0,4.7,4.7,4.7,5.0
fold_11,11,MOHLER_11_5,MOHLER_11_5_026,5.0,POS,5.0,5.0,5.0,5.0,5.0
fold_11,11,MOHLER_11_5,MOHLER_11_5_027,5.0,POS,5.0,5.0,5.0,5.0,5.0
fold_11,11,MOHLER_11_5,MOHLER_11_5_028,5.0,POS,5.0,5.0,5.0,5.0,5.0
fold_11,11,MOHLER_11_5,MOHLER_11_5_029,5.0,POS,5.0,5.0,5.0,5.0,5.0
fold_11,11,MOHLER_11_5,MOHLER_11_5_030,5.0,POS,5.0,5.0,5.0,5.0,5.0
fold_11,11,MOHLER_11_6,MOHLER_11_6_002,4.0,POS,5.0,5.0,5.0,5.0,5.0
fold_11,11,MOHLER_11_6,MOHLER_11_6_001,5.0,BND,4.0,4.5,4.5,4.5,5.0
fold_11,11,MOHLER_11_6,MOHLER_11_6_003,5.0,POS,5.0,5.0,5.0,5.0,5.0
fold_11,11,MOHLER_11_6,MOHLER_11_6_004,5.0,POS,5.0,5.0,5.0,5.0,5.0
fold_11,11,MOHLER_11_6,MOHLER_11_6_005,5.0,POS,5.0,5.0,5.0,5.0,5.0
fold_11,11,MOHLER_11_6,MOHLER_11_6_006,5.0,POS,5.0,5.0,5.0,5.0,5.0
fold_11,11,MOHLER_11_6,MOHLER_11_6_007,5.0,POS,5.0,5.0,5.0,5.0,5.0
fold_11,11,MOHLER_11_6,MOHLER_11_6_009,5.0,POS,5.0,5.0,5.0,5.0,5.0
fold_11,11,MOHLER_11_6,MOHLER_11_6_008,5.0,BND,4.0,4.7,4.7,5.0,5.0
fold_11,11,MOHLER_11_6,MOHLER_11_6_011,5.0,POS,5.0,5.0,5.0,5.0,5.0
fold_11,11,MOHLER_11_6,MOHLER_11_6_010,5.0,POS,5.0,5.0,5.0,5.0,5.0
fold_11,11,MOHLER_11_6,MOHLER_11_6_012,5.0,POS,5.0,5.0,5.0,5.0,5.0
fold_11,11,MOHLER_11_6,MOHLER_11_6_013,5.0,POS,5.0,5.0,5.0,5.0,5.0
fold_11,11,MOHLER_11_6,MOHLER_11_6_014,5.0,POS,5.0,5.0,5.0,5.0,5.0
fold_11,11,MOHLER_11_6,MOHLER_11_6_015,4.0,POS,5.0,5.0,5.0,5.0,5.0
fold_11,11,MOHLER_11_6,MOHLER_11_6_016,5.0,POS,5.0,5.0,5.0,5.0,5.0
fold_11,11,MOHLER_11_6,MOHLER_11_6_017,5.0,POS,5.0,5.0,5.0,5.0,5.0
fold_11,11,MOHLER_11_6,MOHLER_11_6_018,5.0,POS,5.0,5.0,5.0,5.0,5.0
fold_11,11,MOHLER_11_6,MOHLER_11_6_019,5.0,POS,5.0,5.0,5.0,5.0,5.0
fold_11,11,MOHLER_11_6,MOHLER_11_6_020,5.0,POS,5.0,5.0,5.0,5.0,5.0
fold_11,11,MOHLER_11_6,MOHLER_11_6_021,5.0,POS,5.0,5.0,5.0,5.0,5.0
fold_11,11,MOHLER_11_6,MOHLER_11_6_022,5.0,POS,5.0,5.0,5.0,5.0,5.0
fold_11,11,MOHLER_11_6,MOHLER_11_6_023,5.0,POS,5.0,5.0,5.0,5.0,5.0
fold_11,11,MOHLER_11_6,MOHLER_11_6_025,5.0,POS,5.0,5.0,5.0,5.0,5.0
fold_11,11,MOHLER_11_6,MOHLER_11_6_024,5.0,POS,5.0,5.0,5.0,5.0,5.0
fold_11,11,MOHLER_11_6,MOHLER_11_6_027,5.0,POS,5.0,5.0,5.0,5.0,5.0
fold_11,11,MOHLER_11_6,MOHLER_11_6_026,5.0,BND,5.0,5.0,5.0,5.0,5.0
fold_11,11,MOHLER_11_6,MOHLER_11_6_028,5.0,POS,5.0,5.0,5.0,5.0,5.0
fold_11,11,MOHLER_11_6,MOHLER_11_6_029,5.0,POS,5.0,5.0,5.0,5.0,5.0
fold_11,11,MOHLER_11_6,MOHLER_11_6_030,3.0,POS,0.0,0.0,0.0,0.0,0.0
fold_11,11,MOHLER_11_7,MOHLER_11_7_002,3.0,BND,0.0,0.0,0.0,0.0,0.0
fold_11,11,MOHLER_11_7,MOHLER_11_7_001,5.0,BND,4.0,3.7,3.7,4.7,5.0
fold_11,11,MOHLER_11_7,MOHLER_11_7_003,5.0,BND,0.0,0.3,0.3,0.3,0.3
fold_11,11,MOHLER_11_7,MOHLER_11_7_004,2.5,POS,1.0,1.0,1.0,1.0,1.0
fold_11,11,MOHLER_11_7,MOHLER_11_7_006,4.5,BND,4.0,4.5,4.5,4.5,5.0
fold_11,11,MOHLER_11_7,MOHLER_11_7_005,2.5,BND,3.0,2.3,2.3,2.3,2.9
fold_11,11,MOHLER_11_7,MOHLER_11_7_008,3.0,BND,2.0,1.3,1.3,1.3,1.9
fold_11,11,MOHLER_11_7,MOHLER_11_7_007,4.0,BND,1.0,1.3,1.3,1.3,1.9
fold_11,11,MOHLER_11_7,MOHLER_11_7_010,4.5,POS,5.0,5.0,5.0,5.0,5.0
fold_11,11,MOHLER_11_7,MOHLER_11_7_009,2.5,BND,0.0,0.3,0.3,0.3,0.3
fold_11,11,MOHLER_11_7,MOHLER_11_7_012,3.0,POS,0.0,0.0,0.0,0.0,0.0
fold_11,11,MOHLER_11_7,MOHLER_11_7_011,2.5,BND,2.0,2.3,2.3,2.3,2.9
fold_11,11,MOHLER_11_7,MOHLER_11_7_014,3.0,BND,0.0,0.0,0.0,0.0,0.0
fold_11,11,MOHLER_11_7,MOHLER_11_7_013,2.5,BND,0.0,0.7,0.7,0.7,1.3
fold_11,11,MOHLER_11_7,MOHLER_11_7_015,4.0,BND,2.5,2.3,2.3,2.3,2.9
fold_11,11,MOHLER_11_7,MOHLER_11_7_016,5.0,BND,4.0,4.0,4.0,4.0,4.6
fold_11,11,MOHLER_11_7,MOHLER_11_7_018,5.0,POS,5.0,5.0,5.0,5.0,5.0
fold_11,11,MOHLER_11_7,MOHLER_11_7_017,3.0,POS,1.0,1.0,1.0,1.0,1.0
fold_11,11,MOHLER_11_7,MOHLER_11_7_020,4.5,POS,5.0,5.0,5.0,5.0,5.0
fold_11,11,MOHLER_11_7,MOHLER_11_7_019,4.5,BND,2.0,3.7,3.7,3.7,4.3
fold_11,11,MOHLER_11_7,MOHLER_11_7_021,2.5,BND,1.0,1.0,1.0,1.0,1.6
fold_11,11,MOHLER_11_7,MOHLER_11_7_022,2.5,BND,0.0,0.2,0.2,0.2,0.2
fold_11,11,MOHLER_11_7,MOHLER_11_7_023,2.5,BND,0.0,0.7,0.7,0.7,1.3
fold_11,11,MOHLER_11_7,MOHLER_11_7_024,4.0,BND,3.0,3.0,3.0,3.0,3.6
fold_11,11,MOHLER_11_7,MOHLER_11_7_025,4.5,BND,2.0,1.8,1.8,1.8,2.4
fold_11,11,MOHLER_11_7,MOHLER_11_7_026,2.0,BND,0.0,0.3,0.3,0.3,0.3
fold_11,11,MOHLER_11_7,MOHLER_11_7_027,2.5,BND,0.0,0.0,0.0,0.0,0.0
fold_11,11,MOHLER_11_7,MOHLER_11_7_028,3.5,POS,1.0,1.0,1.0,1.0,1.0
fold_11,11,MOHLER_11_7,MOHLER_11_7_029,4.5,BND,4.0,4.2,4.2,4.2,4.8
fold_11,11,MOHLER_11_7,MOHLER_11_7_030,3.0,BND,1.0,0.7,0.7,0.7,1.3
fold_11,11,MOHLER_11_8,MOHLER_11_8_002,2.0,POS,1.0,1.0,1.0,1.0,1.0
fold_11,11,MOHLER_11_8,MOHLER_11_8_001,5.0,POS,3.0,3.0,3.0,3.0,3.0
fold_11,11,MOHLER_11_8,MOHLER_11_8_004,5.0,BND,2.0,2.3,2.3,2.3,2.9
fold_11,11,MOHLER_11_8,MOHLER_11_8_003,5.0,BND,1.0,1.1,1.1,1.1,1.7
fold_11,11,MOHLER_11_8,MOHLER_11_8_005,2.0,POS,0.0,0.0,0.0,0.0,0.0
fold_11,11,MOHLER_11_8,MOHLER_11_8_007,4.0,BND,3.0,3.8,3.8,4.3,4.9
fold_11,11,MOHLER_11_8,MOHLER_11_8_008,5.0,POS,5.0,5.0,5.0,5.0,5.0
fold_11,11,MOHLER_11_8,MOHLER_11_8_009,3.0,POS,0.0,0.0,0.0,0.0,0.0
fold_11,11,MOHLER_11_8,MOHLER_11_8_010,3.5,BND,1.0,0.3,0.3,0.3,0.3
fold_11,11,MOHLER_11_8,MOHLER_11_8_006,2.0,BND,2.0,1.3,1.3,1.3,1.9
fold_11,11,MOHLER_11_8,MOHLER_11_8_012,2.0,BND,1.5,1.0,1.0,1.0,1.6
fold_11,11,MOHLER_11_8,MOHLER_11_8_013,2.0,BND,0.0,0.3,0.3,0.3,0.3
fold_11,11,MOHLER_11_8,MOHLER_11_8_014,5.0,BND,2.5,2.2,2.2,2.2,2.8
fold_11,11,MOHLER_11_8,MOHLER_11_8_011,2.0,POS,1.0,1.0,1.0,1.0,1.0
fold_11,11,MOHLER_11_8,MOHLER_11_8_015,5.0,BND,3.0,2.8,2.8,2.8,3.4
fold_11,11,MOHLER_11_8,MOHLER_11_8_016,4.0,BND,4.0,4.7,4.7,4.7,5.0
fold_11,11,MOHLER_11_8,MOHLER_11_8_018,3.5,BND,0.0,0.0,0.0,0.0,0.0
fold_11,11,MOHLER_11_8,MOHLER_11_8_017,4.0,BND,5.0,4.3,4.3,4.3,4.9
fold_11,11,MOHLER_11_8,MOHLER_11_8_019,5.0,BND,4.5,4.8,4.8,4.8,5.0
fold_11,11,MOHLER_11_8,MOHLER_11_8_021,2.0,BND,0.0,0.0,0.0,0.0,0.0
fold_11,11,MOHLER_11_8,MOHLER_11_8_020,5.0,BND,1.5,1.8,1.8,1.8,2.4
fold_11,11,MOHLER_11_8,MOHLER_11_8_022,2.0,BND,1.5,1.5,1.5,1.5,2.1
fold_11,11,MOHLER_11_8,MOHLER_11_8_023,2.0,BND,0.0,0.5,0.5,0.5,0.5
fold_11,11,MOHLER_11_8,MOHLER_11_8_024,3.0,POS,1.0,1.0,1.0,1.0,1.0
fold_11,11,MOHLER_11_8,MOHLER_11_8_025,2.0,BND,1.0,1.3,1.3,1.3,1.9
fold_11,11,MOHLER_11_8,MOHLER_11_8_026,5.0,BND,4.0,4.7,4.7,4.7,5.0
fold_11,11,MOHLER_11_8,MOHLER_11_8_028,5.0,POS,5.0,5.0,5.0,5.0,5.0
fold_11,11,MOHLER_11_8,MOHLER_11_8_027,5.0,BND,3.0,3.8,3.8,3.8,4.4
fold_11,11,MOHLER_11_8,MOHLER_11_8_029,5.0,POS,5.0,5.0,5.0,5.0,5.0
fold_11,11,MOHLER_11_8,MOHLER_11_8_030,1.5,POS,1.0,1.0,1.0,1.0,1.0
fold_11,11,MOHLER_11_9,MOHLER_11_9_001,4.0,BND,2.0,2.7,2.7,3.7,4.3
fold_11,11,MOHLER_11_9,MOHLER_11_9_002,5.0,BND,4.0,4.3,4.3,4.3,4.9
fold_11,11,MOHLER_11_9,MOHLER_11_9_003,4.5,BND,2.0,2.2,2.2,2.2,2.8
fold_11,11,MOHLER_11_9,MOHLER_11_9_004,4.0,BND,4.5,4.3,4.3,4.3,4.9
fold_11,11,MOHLER_11_9,MOHLER_11_9_005,4.5,POS,2.0,2.0,2.0,2.0,2.0
fold_11,11,MOHLER_11_9,MOHLER_11_9_006,3.5,BND,2.0,1.8,1.8,1.8,2.4
fold_11,11,MOHLER_11_9,MOHLER_11_9_007,4.5,BND,3.0,3.2,3.2,3.2,3.8
fold_11,11,MOHLER_11_9,MOHLER_11_9_008,4.5,BND,2.0,2.3,2.3,2.3,2.9
fold_11,11,MOHLER_11_9,MOHLER_11_9_009,4.5,BND,3.0,2.7,2.7,2.7,3.3
fold_11,11,MOHLER_11_9,MOHLER_11_9_010,4.5,POS,2.0,2.0,2.0,2.0,2.0
fold_11,11,MOHLER_11_9,MOHLER_11_9_011,4.0,POS,2.5,2.5,2.5,2.5,2.5
fold_11,11,MOHLER_11_9,MOHLER_11_9_012,4.5,BND,2.5,2.2,2.2,2.2,2.8
fold_11,11,MOHLER_11_9,MOHLER_11_9_013,5.0,BND,3.0,2.7,2.7,2.7,3.3
fold_11,11,MOHLER_11_9,MOHLER_11_9_014,4.5,POS,3.0,3.0,3.0,3.0,3.0
fold_11,11,MOHLER_11_9,MOHLER_11_9_015,5.0,BND,4.5,4.7,4.7,4.7,5.0
fold_11,11,MOHLER_11_9,MOHLER_11_9_016,4.5,BND,2.0,2.2,2.2,2.2,2.8
fold_11,11,MOHLER_11_9,MOHLER_11_9_017,4.5,BND,2.0,2.3,2.3,2.3,2.9
fold_11,11,MOHLER_11_9,MOHLER_11_9_018,4.5,POS,2.0,2.0,2.0,2.0,2.0
fold_11,11,MOHLER_11_9,MOHLER_11_9_019,4.5,BND,2.0,2.7,2.7,2.7,3.3
fold_11,11,MOHLER_11_9,MOHLER_11_9_020,5.0,BND,4.5,4.8,4.8,4.8,5.0
fold_11,11,MOHLER_11_9,MOHLER_11_9_022,4.5,POS,2.0,2.0,2.0,2.0,2.0
fold_11,11,MOHLER_11_9,MOHLER_11_9_021,4.5,BND,2.5,2.8,2.8,2.8,3.4
fold_11,11,MOHLER_11_9,MOHLER_11_9_023,4.5,POS,3.0,3.0,3.0,3.0,3.0
fold_11,11,MOHLER_11_9,MOHLER_11_9_024,5.0,BND,4.5,4.3,4.3,4.3,4.9
fold_11,11,MOHLER_11_9,MOHLER_11_9_025,5.0,POS,4.0,4.0,4.0,4.0,4.0
fold_11,11,MOHLER_11_9,MOHLER_11_9_026,3.0,POS,3.0,3.0,3.0,3.0,3.0
fold_11,11,MOHLER_11_9,MOHLER_11_9_027,3.0,POS,2.0,2.0,2.0,2.0,2.0
fold_11,11,MOHLER_11_9,MOHLER_11_9_029,5.0,POS,5.0,5.0,5.0,5.0,5.0
fold_11,11,MOHLER_11_9,MOHLER_11_9_028,3.0,BND,1.5,1.2,1.2,1.2,1.8
fold_11,11,MOHLER_11_9,MOHLER_11_9_030,3.5,BND,2.0,1.8,1.8,1.8,2.4
fold_12,12,MOHLER_12_1,MOHLER_12_1_002,5.0,POS,5.0,5.0,5.0,5.0,5.0
fold_12,12,MOHLER_12_1,MOHLER_12_1_001,5.0,POS,5.0,5.0,5.0,5.0,5.0
fold_12,12,MOHLER_12_1,MOHLER_12_1_004,5.0,POS,5.0,5.0,5.0,5.0,5.0
fold_12,12,MOHLER_12_1,MOHLER_12_1_003,5.0,POS,5.0,5.0,5.0,5.0,5.0
fold_12,12,MOHLER_12_1,MOHLER_12_1_005,5.0,BND,3.0,4.3,4.3,4.3,4.9
fold_12,12,MOHLER_12_1,MOHLER_12_1_006,5.0,BND,5.0,4.8,4.8,4.8,5.0
fold_12,12,MOHLER_12_1,MOHLER_12_1_008,5.0,POS,5.0,5.0,5.0,5.0,5.0
fold_12,12,MOHLER_12_1,MOHLER_12_1_007,5.0,BND,5.0,4.7,4.7,4.7,5.0
fold_12,12,MOHLER_12_1,MOHLER_12_1_009,5.0,POS,5.0,5.0,5.0,5.0,5.0
fold_12,12,MOHLER_12_1,MOHLER_12_1_010,5.0,POS,3.0,3.0,3.0,3.0,3.0
fold_12,12,MOHLER_12_1,MOHLER_12_1_012,5.0,POS,5.0,5.0,5.0,5.0,5.0
fold_12,12,MOHLER_12_1,MOHLER_12_1_011,5.0,POS,5.0,5.0,5.0,5.0,5.0
fold_12,12,MOHLER_12_1,MOHLER_12_1_014,5.0,POS,5.0,5.0,5.0,5.0,5.0
fold_12,12,MOHLER_12_1,MOHLER_12_1_013,4.0,POS,2.0,2.0,2.0,2.0,2.0
fold_12,12,MOHLER_12_1,MOHLER_12_1_015,3.5,BND,2.0,2.7,2.7,2.7,3.3
fold_12,12,MOHLER_12_1,MOHLER_12_1_016,5.0,BND,4.5,4.2,4.2,4.2,4.8
fold_12,12,MOHLER_12_1,MOHLER_12_1_017,5.0,POS,5.0,5.0,5.0,5.0,5.0
fold_12,12,MOHLER_12_1,MOHLER_12_1_019,5.0,POS,5.0,5.0,5.0,5.0,5.0
fold_12,12,MOHLER_12_1,MOHLER_12_1_018,5.0,BND,3.0,3.7,3.7,3.7,4.3
fold_12,12,MOHLER_12_1,MOHLER_12_1_020,5.0,BND,2.0,2.8,2.8,2.8,3.4
fold_12,12,MOHLER_12_1,MOHLER_12_1_021,5.0,POS,5.0,5.0,5.0,5.0,5.0
fold_12,12,MOHLER_12_1,MOHLER_12_1_023,5.0,POS,5.0,5.0,5.0,5.0,5.0
fold_12,12,MOHLER_12_1,MOHLER_12_1_022,5.0,BND,4.0,4.2,4.2,4.2,4.8
fold_12,12,MOHLER_12_1,MOHLER_12_1_025,5.0,POS,5.0,5.0,5.0,5.0,5.0
fold_12,12,MOHLER_12_1,MOHLER_12_1_024,5.0,BND,4.0,4.7,4.7,4.7,5.0
fold_12,12,MOHLER_12_1,MOHLER_12_1_026,5.0,POS,5.0,5.0,5.0,5.0,5.0
fold_12,12,MOHLER_12_1,MOHLER_12_1_027,5.0,POS,5.0,5.0,5.0,5.0,5.0
fold_12,12,MOHLER_12_1,MOHLER_12_1_028,3.0,BND,4.0,4.3,4.3,5.0,5.0
fold_12,12,MOHLER_12_10,MOHLER_12_10_002,5.0,BND,5.0,4.5,4.5,4.5,5.0
fold_12,12,MOHLER_12_10,MOHLER_12_10_001,5.0,BND,5.0,4.3,4.3,4.3,4.9
fold_12,12,MOHLER_12_10,MOHLER_12_10_004,5.0,POS,5.0,5.0,5.0,5.0,5.0
fold_12,12,MOHLER_12_10,MOHLER_12_10_003,5.0,BND,5.0,4.7,4.7,4.7,5.0
fold_12,12,MOHLER_12_10,MOHLER_12_10_005,1.5,POS,0.0,0.0,0.0,0.0,0.0
fold_12,12,MOHLER_12_10,MOHLER_12_10_007,2.0,BND,2.0,2.0,2.0,2.0,2.6
fold_12,12,MOHLER_12_10,MOHLER_12_10_006,5.0,BND,5.0,4.3,4.3,4.3,4.9
fold_12,12,MOHLER_12_10,MOHLER_12_10_008,2.0,BND,0.0,3.0,3.0,3.0,3.0
fold_12,12,MOHLER_12_10,MOHLER_12_10_009,3.5,BND,0.0,1.0,1.0,1.0,1.6
fold_12,12,MOHLER_12_10,MOHLER_12_10_010,1.5,POS,0.0,0.0,0.0,0.0,0.0
fold_12,12,MOHLER_12_10,MOHLER_12_10_012,5.0,BND,5.0,4.0,4.0,4.0,4.6
fold_12,12,MOHLER_12_10,MOHLER_12_10_011,5.0,BND,5.0,3.8,3.8,3.8,4.4
fold_12,12,MOHLER_12_10,MOHLER_12_10_013,5.0,BND,5.0,4.8,4.8,4.8,5.0
fold_12,12,MOHLER_12_10,MOHLER_12_10_014,5.0,BND,3.0,3.7,3.7,3.7,4.3
fold_12,12,MOHLER_12_10,MOHLER_12_10_015,4.0,BND,0.0,0.3,0.3,0.3,0.3
fold_12,12,MOHLER_12_10,MOHLER_12_10_016,5.0,BND,4.0,3.7,3.7,4.7,5.0
fold_12,12,MOHLER_12_10,MOHLER_12_10_018,5.0,POS,5.0,5.0,5.0,5.0,5.0
fold_12,12,MOHLER_12_10,MOHLER_12_10_019,1.5,POS,0.0,0.0,0.0,0.0,0.0
fold_12,12,MOHLER_12_10,MOHLER_12_10_017,5.0,BND,5.0,3.7,3.7,3.7,4.3
fold_12,12,MOHLER_12_10,MOHLER_12_10_021,5.0,POS,5.0,5.0,5.0,5.0,5.0
fold_12,12,MOHLER_12_10,MOHLER_12_10_020,5.0,POS,5.0,5.0,5.0,5.0,5.0
fold_12,12,MOHLER_12_10,MOHLER_12_10_022,5.0,POS,5.0,5.0,5.0,5.0,5.0
fold_12,12,MOHLER_12_10,MOHLER_12_10_023,2.5,POS,0.0,0.0,0.0,0.0,0.0
fold_12,12,MOHLER_12_10,MOHLER_12_10_025,1.5,POS,0.0,0.0,0.0,0.0,0.0
fold_12,12,MOHLER_12_10,MOHLER_12_10_026,2.5,POS,0.0,0.0,0.0,0.0,0.0
fold_12,12,MOHLER_12_10,MOHLER_12_10_024,5.0,BND,5.0,3.8,3.8,3.8,4.4
fold_12,12,MOHLER_12_10,MOHLER_12_10_027,5.0,POS,5.0,5.0,5.0,5.0,5.0
fold_12,12,MOHLER_12_10,MOHLER_12_10_028,1.5,BND,1.0,0.8,0.8,0.8,1.4
fold_12,12,MOHLER_12_2,MOHLER_12_2_002,0.0,BND,0.0,0.0,0.0,0.0,0.0
fold_12,12,MOHLER_12_2,MOHLER_12_2_001,4.5,POS,3.0,3.0,3.0,3.0,3.0
fold_12,12,MOHLER_12_2,MOHLER_12_2_003,2.5,BND,0.0,0.0,0.0,0.0,0.0
fold_12,12,MOHLER_12_2,MOHLER_12_2_004,4.5,BND,3.0,1.7,1.7,1.7,2.3
fold_12,12,MOHLER_12_2,MOHLER_12_2_005,5.0,POS,5.0,5.0,5.0,5.0,5.0
fold_12,12,MOHLER_12_2,MOHLER_12_2_006,4.5,POS,3.0,3.0,3.0,3.0,3.0
fold_12,12,MOHLER_12_2,MOHLER_12_2_007,4.5,POS,5.0,5.0,5.0,5.0,5.0
fold_12,12,MOHLER_12_2,MOHLER_12_2_009,3.0,POS,0.0,0.0,0.0,0.0,0.0
fold_12,12,MOHLER_12_2,MOHLER_12_2_008,0.0,BND,0.0,0.0,0.0,0.0,0.0
fold_12,12,MOHLER_12_2,MOHLER_12_2_010,5.0,POS,5.0,5.0,5.0,5.0,5.0
fold_12,12,MOHLER_12_2,MOHLER_12_2_011,3.5,BND,2.0,2.3,2.3,2.3,2.9
fold_12,12,MOHLER_12_2,MOHLER_12_2_012,2.5,BND,0.0,0.3,0.3,0.3,0.3
fold_12,12,MOHLER_12_2,MOHLER_12_2_013,5.0,POS,5.0,5.0,5.0,5.0,5.0
fold_12,12,MOHLER_12_2,MOHLER_12_2_014,4.0,BND,4.0,4.3,4.3,4.3,4.9
fold_12,12,MOHLER_12_2,MOHLER_12_2_015,4.5,POS,3.0,3.0,3.0,3.0,3.0
fold_12,12,MOHLER_12_2,MOHLER_12_2_016,3.0,BND,2.0,1.3,1.3,1.3,1.9
fold_12,12,MOHLER_12_2,MOHLER_12_2_017,2.5,BND,0.0,0.3,0.3,0.3,0.3
fold_12,12,MOHLER_12_2,MOHLER_12_2_018,3.5,BND,5.0,4.8,4.8,4.8,5.0
fold_12,12,MOHLER_12_2,MOHLER_12_2_019,2.5,BND,0.0,0.3,0.3,0.3,0.3
fold_12,12,MOHLER_12_2,MOHLER_12_2_020,5.0,BND,3.0,3.2,3.2,3.2,3.8
fold_12,12,MOHLER_12_2,MOHLER_12_2_021,4.0,BND,2.0,2.2,2.2,2.2,2.8
fold_12,12,MOHLER_12_2,MOHLER_12_2_022,3.5,BND,2.0,1.7,1.7,1.7,2.3
fold_12,12,MOHLER_12_2,MOHLER_12_2_023,4.0,POS,3.0,3.0,3.0,3.0,3.0
fold_12,12,MOHLER_12_2,MOHLER_12_2_024,5.0,BND,5.0,4.5,4.5,4.5,5.0
fold_12,12,MOHLER_12_2,MOHLER_12_2_025,2.5,BND,0.0,0.3,0.3,0.3,0.3
fold_12,12,MOHLER_12_2,MOHLER_12_2_026,5.0,BND,5.0,4.7,4.7,4.7,5.0
fold_12,12,MOHLER_12_2,MOHLER_12_2_027,5.0,POS,5.0,5.0,5.0,5.0,5.0
fold_12,12,MOHLER_12_2,MOHLER_12_2_028,4.5,BND,5.0,4.5,4.5,4.5,5.0
fold_12,12,MOHLER_12_4,MOHLER_12_4_002,5.0,POS,5.0,5.0,5.0,5.0,5.0
fold_12,12,MOHLER_12_4,MOHLER_12_4_001,5.0,POS,5.0,5.0,5.0,5.0,5.0
fold_12,12,MOHLER_12_4,MOHLER_12_4_003,4.0,BND,1.5,1.5,1.5,1.5,2.1
fold_12,12,MOHLER_12_4,MOHLER_12_4_004,2.0,BND,0.0,0.7,0.7,0.7,0.7
fold_12,12,MOHLER_12_4,MOHLER_12_4_005,5.0,POS,5.0,5.0,5.0,5.0,5.0
fold_12,12,MOHLER_12_4,MOHLER_12_4_007,5.0,POS,5.0,5.0,5.0,5.0,5.0
fold_12,12,MOHLER_12_4,MOHLER_12_4_006,5.0,BND,5.0,4.8,4.8,4.8,5.0
fold_12,12,MOHLER_12_4,MOHLER_12_4_009,2.0,POS,2.0,2.0,2.0,2.0,2.0
fold_12,12,MOHLER_12_4,MOHLER_12_4_008,5.0,BND,5.0,4.7,4.7,4.7,5.0
fold_12,12,MOHLER_12_4,MOHLER_12_4_011,2.0,BND,0.5,0.2,0.2,0.2,0.2
fold_12,12,MOHLER_12_4,MOHLER_12_4_010,2.5,BND,0.0,0.3,0.3,0.3,0.3
fold_12,12,MOHLER_12_4,MOHLER_12_4_012,4.5,BND,3.0,2.7,2.7,2.7,3.3
fold_12,12,MOHLER_12_4,MOHLER_12_4_013,4.5,POS,4.0,4.0,4.0,4.0,4.0
fold_12,12,MOHLER_12_4,MOHLER_12_4_014,5.0,POS,5.0,5.0,5.0,5.0,5.0
fold_12,12,MOHLER_12_4,MOHLER_12_4_015,4.5,BND,3.5,3.8,3.8,3.8,4.4
fold_12,12,MOHLER_12_4,MOHLER_12_4_016,3.0,BND,0.0,0.7,0.7,0.7,1.3
fold_12,12,MOHLER_12_4,MOHLER_12_4_017,4.5,BND,5.0,4.7,4.7,4.7,5.0
fold_12,12,MOHLER_12_4,MOHLER_12_4_018,2.5,BND,0.0,0.5,0.5,0.5,0.5
fold_12,12,MOHLER_12_4,MOHLER_12_4_019,4.5,BND,3.0,3.3,3.3,4.3,4.9
fold_12,12,MOHLER_12_4,MOHLER_12_4_020,2.5,BND,0.0,0.5,0.5,0.5,0.5
fold_12,12,MOHLER_12_4,MOHLER_12_4_022,5.0,POS,5.0,5.0,5.0,5.0,5.0
fold_12,12,MOHLER_12_4,MOHLER_12_4_021,4.5,BND,1.0,2.0,2.0,2.0,2.6
fold_12,12,MOHLER_12_4,MOHLER_12_4_023,3.0,POS,1.0,1.0,1.0,1.0,1.0
fold_12,12,MOHLER_12_4,MOHLER_12_4_025,4.5,POS,5.0,5.0,5.0,5.0,5.0
fold_12,12,MOHLER_12_4,MOHLER_12_4_024,4.5,BND,5.0,4.8,4.8,4.8,5.0
fold_12,12,MOHLER_12_4,MOHLER_12_4_027,4.0,POS,5.0,5.0,5.0,5.0,5.0
fold_12,12,MOHLER_12_4,MOHLER_12_4_026,3.0,BND,1.0,0.8,0.8,0.8,0.8
fold_12,12,MOHLER_12_4,MOHLER_12_4_028,4.0,BND,3.0,2.7,2.7,2.7,3.3
fold_12,12,MOHLER_12_5,MOHLER_12_5_002,5.0,POS,5.0,5.0,5.0,5.0,5.0
fold_12,12,MOHLER_12_5,MOHLER_12_5_001,5.0,BND,4.0,4.2,4.2,4.2,4.8
fold_12,12,MOHLER_12_5,MOHLER_12_5_004,5.0,POS,5.0,5.0,5.0,5.0,5.0
fold_12,12,MOHLER_12_5,MOHLER_12_5_003,5.0,BND,5.0,4.7,4.7,4.7,5.0
fold_12,12,MOHLER_12_5,MOHLER_12_5_005,5.0,POS,5.0,5.0,5.0,5.0,5.0
fold_12,12,MOHLER_12_5,MOHLER_12_5_006,5.0,BND,5.0,4.8,4.8,4.8,5.0
fold_12,12,MOHLER_12_5,MOHLER_12_5_007,5.0,POS,5.0,5.0,5.0,5.0,5.0
fold_12,12,MOHLER_12_5,MOHLER_12_5_008,5.0,POS,5.0,5.0,5.0,5.0,5.0
fold_12,12,MOHLER_12_5,MOHLER_12_5_009,5.0,BND,4.0,4.7,4.7,5.0,5.0
fold_12,12,MOHLER_12_5,MOHLER_12_5_010,5.0,BND,3.0,3.8,3.8,3.8,4.4
fold_12,12,MOHLER_12_5,MOHLER_12_5_012,4.5,BND,2.0,1.8,1.8,1.8,2.4
fold_12,12,MOHLER_12_5,MOHLER_12_5_013,5.0,POS,5.0,5.0,5.0,5.0,5.0
fold_12,12,MOHLER_12_5,MOHLER_12_5_011,5.0,BND,2.0,2.7,2.7,2.7,3.3
fold_12,12,MOHLER_12_5,MOHLER_12_5_014,5.0,BND,5.0,4.8,4.8,4.8,5.0
fold_12,12,MOHLER_12_5,MOHLER_12_5_015,5.0,BND,5.0,4.7,4.7,4.7,5.0
fold_12,12,MOHLER_12_5,MOHLER_12_5_016,5.0,POS,5.0,5.0,5.0,5.0,5.0
fold_12,12,MOHLER_12_5,MOHLER_12_5_017,5.0,POS,5.0,5.0,5.0,5.0,5.0
fold_12,12,MOHLER_12_5,MOHLER_12_5_018,5.0,POS,5.0,5.0,5.0,5.0,5.0
fold_12,12,MOHLER_12_5,MOHLER_12_5_019,5.0,BND,5.0,4.7,4.7,4.7,5.0
fold_12,12,MOHLER_12_5,MOHLER_12_5_020,5.0,POS,5.0,5.0,5.0,5.0,5.0
fold_12,12,MOHLER_12_5,MOHLER_12_5_022,5.0,POS,5.0,5.0,5.0,5.0,5.0
fold_12,12,MOHLER_12_5,MOHLER_12_5_021,5.0,BND,3.0,3.3,3.3,3.3,3.9
fold_12,12,MOHLER_12_5,MOHLER_12_5_023,5.0,BND,4.0,4.7,4.7,4.7,5.0
fold_12,12,MOHLER_12_5,MOHLER_12_5_024,5.0,BND,3.0,3.7,3.7,3.7,4.3
fold_12,12,MOHLER_12_5,MOHLER_12_5_025,5.0,POS,5.0,5.0,5.0,5.0,5.0
fold_12,12,MOHLER_12_5,MOHLER_12_5_026,5.0,BND,5.0,4.7,4.7,4.7,5.0
fold_12,12,MOHLER_12_5,MOHLER_12_5_027,5.0,BND,5.0,4.7,4.7,4.7,5.0
fold_12,12,MOHLER_12_5,MOHLER_12_5_028,5.0,POS,5.0,5.0,5.0,5.0,5.0
fold_12,12,MOHLER_12_6,MOHLER_12_6_001,5.0,BND,4.0,3.8,3.8,3.8,4.4
fold_12,12,MOHLER_12_6,MOHLER_12_6_002,5.0,BND,4.0,3.8,3.8,3.8,4.4
fold_12,12,MOHLER_12_6,MOHLER_12_6_003,4.5,BND,2.5,2.8,2.8,2.8,3.4
fold_12,12,MOHLER_12_6,MOHLER_12_6_004,5.0,BND,4.0,3.7,3.7,3.7,4.3
fold_12,12,MOHLER_12_6,MOHLER_12_6_005,5.0,POS,4.0,4.0,4.0,4.0,4.0
fold_12,12,MOHLER_12_6,MOHLER_12_6_006,5.0,BND,4.0,4.2,4.2,4.2,4.8
fold_12,12,MOHLER_12_6,MOHLER_12_6_007,5.0,POS,4.0,4.0,4.0,4.0,4.0
fold_12,12,MOHLER_12_6,MOHLER_12_6_008,5.0,POS,4.0,4.0,4.0,4.0,4.0
fold_12,12,MOHLER_12_6,MOHLER_12_6_009,3.5,BND,3.0,2.5,2.5,2.5,3.1
fold_12,12,MOHLER_12_6,MOHLER_12_6_010,4.0,POS,3.0,3.0,3.0,3.0,3.0
fold_12,12,MOHLER_12_6,MOHLER_12_6_011,2.5,POS,0.0,0.0,0.0,0.0,0.0
fold_12,12,MOHLER_12_6,MOHLER_12_6_013,5.0,BND,3.5,3.3,3.3,3.3,3.9
fold_12,12,MOHLER_12_6,MOHLER_12_6_012,5.0,BND,3.0,3.2,3.2,3.2,3.8
fold_12,12,MOHLER_12_6,MOHLER_12_6_015,5.0,POS,4.0,4.0,4.0,4.0,4.0
fold_12,12,MOHLER_12_6,MOHLER_12_6_014,5.0,BND,3.5,3.8,3.8,3.8,4.4
fold_12,12,MOHLER_12_6,MOHLER_12_6_016,5.0,POS,4.0,4.0,4.0,4.0,4.0
fold_12,12,MOHLER_12_6,MOHLER_12_6_017,5.0,BND,4.5,4.8,4.8,4.8,5.0
fold_12,12,MOHLER_12_6,MOHLER_12_6_018,5.0,POS,4.0,4.0,4.0,4.0,4.0
fold_12,12,MOHLER_12_6,MOHLER_12_6_019,5.0,POS,4.0,4.0,4.0,4.0,4.0
fold_12,12,MOHLER_12_6,MOHLER_12_6_020,5.0,POS,4.0,4.0,4.0,4.0,4.0
fold_12,12,MOHLER_12_6,MOHLER_12_6_022,5.0,POS,5.0,5.0,5.0,5.0,5.0
fold_12,12,MOHLER_12_6,MOHLER_12_6_021,5.0,BND,5.0,4.7,4.7,4.7,5.0
fold_12,12,MOHLER_12_6,MOHLER_12_6_023,5.0,BND,4.0,3.8,3.8,3.8,4.4
fold_12,12,MOHLER_12_6,MOHLER_12_6_024,5.0,BND,4.0,3.7,3.7,4.0,4.6
fold_12,12,MOHLER_12_6,MOHLER_12_6_025,5.0,BND,3.5,3.7,3.7,3.7,4.3
fold_12,12,MOHLER_12_6,MOHLER_12_6_027,5.0,BND,4.0,3.8,3.8,3.8,4.4
fold_12,12,MOHLER_12_6,MOHLER_12_6_026,5.0,BND,3.0,3.3,3.3,3.3,3.9
fold_12,12,MOHLER_12_6,MOHLER_12_6_028,1.5,POS,0.0,0.0,0.0,0.0,0.0
fold_12,12,MOHLER_12_7,MOHLER_12_7_001,5.0,POS,5.0,5.0,5.0,5.0,5.0
fold_12,12,MOHLER_12_7,MOHLER_12_7_002,5.0,POS,5.0,5.0,5.0,5.0,5.0
fold_12,12,MOHLER_12_7,MOHLER_12_7_004,5.0,POS,5.0,5.0,5.0,5.0,5.0
fold_12,12,MOHLER_12_7,MOHLER_12_7_003,5.0,POS,5.0,5.0,5.0,5.0,5.0
fold_12,12,MOHLER_12_7,MOHLER_12_7_005,5.0,POS,5.0,5.0,5.0,5.0,5.0
fold_12,12,MOHLER_12_7,MOHLER_12_7_006,5.0,POS,5.0,5.0,5.0,5.0,5.0
fold_12,12,MOHLER_12_7,MOHLER_12_7_007,5.0,POS,5.0,5.0,5.0,5.0,5.0
fold_12,12,MOHLER_12_7,MOHLER_12_7_008,5.0,POS,5.0,5.0,5.0,5.0,5.0
fold_12,12,MOHLER_12_7,MOHLER_12_7_009,5.0,POS,5.0,5.0,5.0,5.0,5.0
fold_12,12,MOHLER_12_7,MOHLER_12_7_010,5.0,POS,5.0,5.0,5.0,5.0,5.0
fold_12,12,MOHLER_12_7,MOHLER_12_7_011,5.0,POS,5.0,5.0,5.0,5.0,5.0
fold_12,12,MOHLER_12_7,MOHLER_12_7_013,5.0,POS,5.0,5.0,5.0,5.0,5.0
fold_12,12,MOHLER_12_7,MOHLER_12_7_012,4.5,BND,4.0,4.3,4.3,4.3,4.9
fold_12,12,MOHLER_12_7,MOHLER_12_7_014,5.0,POS,5.0,5.0,5.0,5.0,5.0
fold_12,12,MOHLER_12_7,MOHLER_12_7_015,5.0,POS,5.0,5.0,5.0,5.0,5.0
fold_12,12,MOHLER_12_7,MOHLER_12_7_017,5.0,POS,5.0,5.0,5.0,5.0,5.0
fold_12,12,MOHLER_12_7,MOHLER_12_7_016,5.0,BND,4.0,4.7,4.7,4.7,5.0
fold_12,12,MOHLER_12_7,MOHLER_12_7_019,5.0,POS,5.0,5.0,5.0,5.0,5.0
fold_12,12,MOHLER_12_7,MOHLER_12_7_018,5.0,POS,5.0,5.0,5.0,5.0,5.0
fold_12,12,MOHLER_12_7,MOHLER_12_7_020,5.0,POS,5.0,5.0,5.0,5.0,5.0
fold_12,12,MOHLER_12_7,MOHLER_12_7_021,5.0,BND,5.0,5.0,5.0,5.0,5.0
fold_12,12,MOHLER_12_7,MOHLER_12_7_022,5.0,POS,5.0,5.0,5.0,5.0,5.0
fold_12,12,MOHLER_12_7,MOHLER_12_7_024,5.0,POS,5.0,5.0,5.0,5.0,5.0
fold_12,12,MOHLER_12_7,MOHLER_12_7_025,5.0,POS,5.0,5.0,5.0,5.0,5.0
fold_12,12,MOHLER_12_7,MOHLER_12_7_023,5.0,BND,4.0,4.3,4.3,4.3,4.9
fold_12,12,MOHLER_12_7,MOHLER_12_7_026,5.0,POS,5.0,5.0,5.0,5.0,5.0
fold_12,12,MOHLER_12_7,MOHLER_12_7_027,5.0,POS,5.0,5.0,5.0,5.0,5.0
fold_12,12,MOHLER_12_7,MOHLER_12_7_028,5.0,POS,5.0,5.0,5.0,5.0,5.0
fold_12,12,MOHLER_12_8,MOHLER_12_8_002,5.0,POS,5.0,5.0,5.0,5.0,5.0
fold_12,12,MOHLER_12_8,MOHLER_12_8_001,4.0,BND,3.0,3.2,3.2,3.2,3.8
fold_12,12,MOHLER_12_8,MOHLER_12_8_003,3.0,BND,1.0,0.7,0.7,0.7,1.3
fold_12,12,MOHLER_12_8,MOHLER_12_8_004,2.0,POS,1.0,1.0,1.0,1.0,1.0
fold_12,12,MOHLER_12_8,MOHLER_12_8_005,4.5,BND,2.0,2.7,2.7,2.7,3.3
fold_12,12,MOHLER_12_8,MOHLER_12_8_006,1.5,BND,2.0,1.8,1.8,1.8,2.4
fold_12,12,MOHLER_12_8,MOHLER_12_8_007,4.0,BND,2.0,2.7,2.7,2.7,3.3
fold_12,12,MOHLER_12_8,MOHLER_12_8_009,3.0,BND,0.5,0.7,0.7,0.7,1.3
fold_12,12,MOHLER_12_8,MOHLER_12_8_008,4.0,BND,2.0,2.7,2.7,3.2,3.8
fold_12,12,MOHLER_12_8,MOHLER_12_8_010,4.0,BND,4.0,3.3,3.3,3.3,3.9
fold_12,12,MOHLER_12_8,MOHLER_12_8_011,2.0,BND,0.5,0.5,0.5,0.5,1.1
fold_12,12,MOHLER_12_8,MOHLER_12_8_013,3.5,BND,1.5,1.2,1.2,1.2,1.8
fold_12,12,MOHLER_12_8,MOHLER_12_8_012,3.0,BND,1.0,1.7,1.7,1.7,2.3
fold_12,12,MOHLER_12_8,MOHLER_12_8_014,4.5,POS,4.0,4.0,4.0,4.0,4.0
fold_12,12,MOHLER_12_8,MOHLER_12_8_015,3.0,BND,1.5,1.3,1.3,1.3,1.9
fold_12,12,MOHLER_12_8,MOHLER_12_8_016,3.5,POS,2.0,2.0,2.0,2.0,2.0
fold_12,12,MOHLER_12_8,MOHLER_12_8_017,4.5,BND,3.0,2.5,2.5,2.5,3.1
fold_12,12,MOHLER_12_8,MOHLER_12_8_018,3.5,BND,2.0,2.3,2.3,2.3,2.9
fold_12,12,MOHLER_12_8,MOHLER_12_8_019,4.0,BND,1.0,1.0,1.0,1.0,1.6
fold_12,12,MOHLER_12_8,MOHLER_12_8_020,5.0,POS,5.0,5.0,5.0,5.0,5.0
fold_12,12,MOHLER_12_8,MOHLER_12_8_022,4.5,BND,3.0,3.3,3.3,3.3,3.9
fold_12,12,MOHLER_12_8,MOHLER_12_8_021,4.0,BND,1.0,1.3,1.3,1.3,1.9
fold_12,12,MOHLER_12_8,MOHLER_12_8_023,0.0,BND,0.0,0.0,0.0,0.0,0.0
fold_12,12,MOHLER_12_8,MOHLER_12_8_024,5.0,POS,3.0,3.0,3.0,3.0,3.0
fold_12,12,MOHLER_12_8,MOHLER_12_8_026,5.0,BND,4.5,4.5,4.5,4.5,5.0
fold_12,12,MOHLER_12_8,MOHLER_12_8_025,5.0,BND,3.0,3.3,3.3,3.3,3.9
fold_12,12,MOHLER_12_8,MOHLER_12_8_027,1.5,POS,0.0,0.0,0.0,0.0,0.0
fold_12,12,MOHLER_12_8,MOHLER_12_8_028,3.5,BND,3.0,2.7,2.7,2.7,3.3
fold_12,12,MOHLER_12_9,MOHLER_12_9_001,4.5,POS,3.0,3.0,3.0,3.0,3.0
fold_12,12,MOHLER_12_9,MOHLER_12_9_002,3.5,BND,1.0,1.7,1.7,2.7,3.3
fold_12,12,MOHLER_12_9,MOHLER_12_9_003,3.5,POS,1.0,1.0,1.0,1.0,1.0
fold_12,12,MOHLER_12_9,MOHLER_12_9_004,3.5,POS,1.0,1.0,1.0,1.0,1.0
fold_12,12,MOHLER_12_9,MOHLER_12_9_005,2.0,BND,1.5,1.5,1.5,1.5,2.1
fold_12,12,MOHLER_12_9,MOHLER_12_9_006,5.0,POS,5.0,5.0,5.0,5.0,5.0
fold_12,12,MOHLER_12_9,MOHLER_12_9_008,4.5,BND,0.0,0.3,0.3,0.3,0.3
fold_12,12,MOHLER_12_9,MOHLER_12_9_007,4.0,BND,2.0,2.7,2.7,2.7,3.3
fold_12,12,MOHLER_12_9,MOHLER_12_9_009,2.0,BND,0.0,0.2,0.2,0.2,0.2
fold_12,12,MOHLER_12_9,MOHLER_12_9_010,4.5,BND,5.0,4.8,4.8,4.8,5.0
fold_12,12,MOHLER_12_9,MOHLER_12_9_012,5.0,POS,5.0,5.0,5.0,5.0,5.0
fold_12,12,MOHLER_12_9,MOHLER_12_9_011,1.5,BND,0.5,0.3,0.3,0.3,0.9
fold_12,12,MOHLER_12_9,MOHLER_12_9_013,5.0,POS,5.0,5.0,5.0,5.0,5.0
fold_12,12,MOHLER_12_9,MOHLER_12_9_015,3.5,BND,2.0,2.2,2.2,2.2,2.8
fold_12,12,MOHLER_12_9,MOHLER_12_9_014,4.0,BND,2.0,2.3,2.3,2.3,2.9
fold_12,12,MOHLER_12_9,MOHLER_12_9_016,5.0,POS,5.0,5.0,5.0,5.0,5.0
fold_12,12,MOHLER_12_9,MOHLER_12_9_018,4.5,POS,5.0,5.0,5.0,5.0,5.0
fold_12,12,MOHLER_12_9,MOHLER_12_9_017,2.0,BND,0.0,0.3,0.3,0.3,0.3
fold_12,12,MOHLER_12_9,MOHLER_12_9_019,1.5,POS,0.0,0.0,0.0,0.0,0.0
fold_12,12,MOHLER_12_9,MOHLER_12_9_020,3.0,POS,2.0,2.0,2.0,2.0,2.0
fold_12,12,MOHLER_12_9,MOHLER_12_9_021,5.0,BND,5.0,4.8,4.8,4.8,5.0
fold_12,12,MOHLER_12_9,MOHLER_12_9_023,0.0,BND,0.0,0.0,0.0,0.0,0.0
fold_12,12,MOHLER_12_9,MOHLER_12_9_022,4.5,BND,4.5,3.5,3.5,3.5,4.1
fold_12,12,MOHLER_12_9,MOHLER_12_9_024,1.5,POS,0.0,0.0,0.0,0.0,0.0
fold_12,12,MOHLER_12_9,MOHLER_12_9_025,4.0,BND,2.5,2.2,2.2,2.2,2.8
fold_12,12,MOHLER_12_9,MOHLER_12_9_026,4.0,POS,2.0,2.0,2.0,2.0,2.0
fold_12,12,MOHLER_12_9,MOHLER_12_9_027,4.0,POS,3.0,3.0,3.0,3.0,3.0
fold_12,12,MOHLER_12_9,MOHLER_12_9_028,3.0,BND,2.0,1.7,1.7,1.7,2.3
