2026-07-27 05:39:36 | INFO     | ==================================================
2026-07-27 05:39:36 | INFO     | 📂 正在加载试卷数据库...
2026-07-27 05:39:36 | INFO     |    运行模式: FULL
2026-07-27 05:39:36 | INFO     |    题目范围: ['CPL_1', 'CPL_2', 'CPL_3', 'CPL_4', 'CPL_5', 'CPL_6', 'CPL_7', 'CPL_8']
2026-07-27 05:39:36 | INFO     |    文本模型: glm5 -> glm-5.2 (thinking=disabled)
2026-07-27 05:39:36 | INFO     |    提取后端: csbench_hybrid
2026-07-27 05:39:36 | INFO     |    题库文件: D:\users\王鑫020420\Desktop\refgrader-main\data\csbench\exam_database.json
2026-07-27 05:39:36 | INFO     |    教师分文件: D:\users\王鑫020420\Desktop\refgrader-main\data\csbench\teacher_scores.json
2026-07-27 05:39:36 | INFO     |    Sample quality policy: raw (mode=raw, excluded=0, corrected=0)
2026-07-27 05:39:36 | INFO     |    答案元数据: D:\users\王鑫020420\Desktop\refgrader-main\data\csbench\answer_metadata.jsonl
2026-07-27 05:39:36 | INFO     |    并发数:   2
2026-07-27 05:39:36 | INFO     |    结果目录: D:\users\王鑫020420\Desktop\refgrader-main\results_runs\csbench_cpl1_cpl2_cpl3_cpl4_cpl5_cpl6_cpl7_cpl8_all\runs\teacher_audit_cpl_1_8_20260725_192008
2026-07-27 05:39:36 | INFO     |    Rubric目录: D:\users\王鑫020420\Desktop\refgrader-main\data\csbench\rubrics\optimized
2026-07-27 05:39:36 | INFO     |    初始Rubric目录: D:\users\王鑫020420\Desktop\refgrader-main\data\csbench\rubrics\initial
2026-07-27 05:39:36 | INFO     |    允许回退初始Rubric: False
2026-07-27 05:39:36 | INFO     |    进度文件: D:\users\王鑫020420\Desktop\refgrader-main\results_runs\csbench_cpl1_cpl2_cpl3_cpl4_cpl5_cpl6_cpl7_cpl8_all\runs\teacher_audit_cpl_1_8_20260725_192008\progress.json
2026-07-27 05:39:36 | INFO     |    日志文件: logs\experiment_teacher_audit_cpl_1_8_20260725_192008.log
2026-07-27 05:39:36 | INFO     | 🚀 当前处于【精准批改模式】
2026-07-27 05:39:36 | INFO     | 
🚀 [标准模式] 开始处理: CPL_1
2026-07-27 05:39:36 | INFO     | ⚡ 已加载本地标准: D:\users\王鑫020420\Desktop\refgrader-main\data\csbench\rubrics\optimized\CPL\CPL_1_rubric_standard.json
2026-07-27 05:39:36 | INFO     | [metadata] loaded 3326 answer records from D:\users\王鑫020420\Desktop\refgrader-main\data\csbench\answer_metadata.jsonl
2026-07-27 05:39:39 | INFO     | ⚡ 脱敏清单已预生成，60 名学生共享复用。
2026-07-27 05:39:39 | INFO     | 🏃 开始批改 60 张试卷 (⚡ 开启多线程模式)...
2026-07-27 05:39:39 | INFO     | ⏳ [主线程] 已提交 60 个任务，等待结果回收...
2026-07-27 05:39:39 | INFO     | 📦 成功加载教师真实成绩单数据库！共包含 3326 名考生的数据。
2026-07-27 05:39:39 | INFO     | 
🔍 [正在处理] ANS_CPL_01 | 启动 3WD 流水线...
2026-07-27 05:39:39 | INFO     | 📦 成功加载教师真实成绩单数据库！共包含 3326 名考生的数据。
2026-07-27 05:39:39 | INFO     | 
🔍 [正在处理] ANS_CPL_02 | 启动 3WD 流水线...
2026-07-27 05:40:01 | INFO     | ✅ [批改完成] ANS_CPL_01 | 路由: BND | 最终分: 1.1 | 风险: P0.40/U0.12/F0.00/H0/L0 | 提取质量: 🟡low | 留白率: 50% | 低质量率: 0%
2026-07-27 05:40:01 | INFO     | 
🔍 [正在处理] ANS_CPL_03 | 启动 3WD 流水线...
2026-07-27 05:40:01 | INFO     | 📢 [总进度] 1/60 份试卷已归档。
2026-07-27 05:40:02 | INFO     | ✅ [批改完成] ANS_CPL_02 | 路由: BND | 最终分: 2.7 | 风险: P0.40/U0.12/F0.00/H0/L0 | 提取质量: 🟡low | 留白率: 50% | 低质量率: 0%
2026-07-27 05:40:02 | INFO     | 
🔍 [正在处理] ANS_CPL_04 | 启动 3WD 流水线...
2026-07-27 05:40:02 | INFO     | 📢 [总进度] 2/60 份试卷已归档。
2026-07-27 05:40:17 | INFO     | ✅ [批改完成] ANS_CPL_04 | 路由: POS | 最终分: 5.0 | 风险: P0.00/U0.00/F0.00/H0/L0 | 提取质量: 🟢high | 留白率: 0% | 低质量率: 0%
2026-07-27 05:40:17 | INFO     | 
🔍 [正在处理] ANS_CPL_05 | 启动 3WD 流水线...
2026-07-27 05:40:17 | INFO     | 📢 [总进度] 3/60 份试卷已归档。
2026-07-27 05:40:20 | INFO     | ✅ [批改完成] ANS_CPL_03 | 路由: BND | 最终分: 5.0 | 风险: P0.15/U0.00/F0.00/H0/L0 | 提取质量: 🟢high | 留白率: 0% | 低质量率: 0%
2026-07-27 05:40:20 | INFO     | 
🔍 [正在处理] ANS_CPL_06 | 启动 3WD 流水线...
2026-07-27 05:40:20 | INFO     | 📢 [总进度] 4/60 份试卷已归档。
2026-07-27 05:40:31 | INFO     | ✅ [批改完成] ANS_CPL_05 | 路由: POS | 最终分: 5.0 | 风险: P0.00/U0.00/F0.00/H0/L0 | 提取质量: 🟢high | 留白率: 0% | 低质量率: 0%
2026-07-27 05:40:31 | INFO     | 
🔍 [正在处理] ANS_CPL_07 | 启动 3WD 流水线...
2026-07-27 05:40:31 | INFO     | 📢 [总进度] 5/60 份试卷已归档。
2026-07-27 05:40:32 | INFO     | ✅ [批改完成] ANS_CPL_06 | 路由: POS | 最终分: 2.5 | 风险: P0.00/U0.00/F0.50/H0/L1 | 提取质量: 🟢high | 留白率: 0% | 低质量率: 0%
2026-07-27 05:40:32 | INFO     | 
🔍 [正在处理] ANS_CPL_08 | 启动 3WD 流水线...
2026-07-27 05:40:32 | INFO     | 📢 [总进度] 6/60 份试卷已归档。
2026-07-27 05:40:48 | INFO     | ✅ [批改完成] ANS_CPL_07 | 路由: POS | 最终分: 5.0 | 风险: P0.00/U0.00/F0.00/H0/L0 | 提取质量: 🟢high | 留白率: 0% | 低质量率: 0%
2026-07-27 05:40:48 | INFO     | 
🔍 [正在处理] ANS_CPL_09 | 启动 3WD 流水线...
2026-07-27 05:40:48 | INFO     | 📢 [总进度] 7/60 份试卷已归档。
2026-07-27 05:40:48 | INFO     | ✅ [批改完成] ANS_CPL_08 | 路由: POS | 最终分: 5.0 | 风险: P0.00/U0.00/F0.00/H0/L0 | 提取质量: 🟢high | 留白率: 0% | 低质量率: 0%
2026-07-27 05:40:48 | INFO     | 
🔍 [正在处理] ANS_CPL_10 | 启动 3WD 流水线...
2026-07-27 05:40:48 | INFO     | 📢 [总进度] 8/60 份试卷已归档。
2026-07-27 05:41:05 | INFO     | ✅ [批改完成] ANS_CPL_09 | 路由: POS | 最终分: 5.0 | 风险: P0.00/U0.00/F0.00/H0/L0 | 提取质量: 🟢high | 留白率: 0% | 低质量率: 0%
2026-07-27 05:41:05 | INFO     | 
🔍 [正在处理] ANS_CPL_11 | 启动 3WD 流水线...
2026-07-27 05:41:05 | INFO     | 📢 [总进度] 9/60 份试卷已归档。
2026-07-27 05:41:10 | INFO     | ✅ [批改完成] ANS_CPL_10 | 路由: BND | 最终分: 2.5 | 风险: P0.40/U0.00/F0.00/H0/L0 | 提取质量: 🟡low | 留白率: 50% | 低质量率: 0%
2026-07-27 05:41:10 | INFO     | 
🔍 [正在处理] ANS_CPL_12 | 启动 3WD 流水线...
2026-07-27 05:41:10 | INFO     | 📢 [总进度] 10/60 份试卷已归档。
2026-07-27 05:41:21 | INFO     | ✅ [批改完成] ANS_CPL_11 | 路由: POS | 最终分: 5.0 | 风险: P0.00/U0.00/F0.00/H0/L0 | 提取质量: 🟢high | 留白率: 0% | 低质量率: 0%
2026-07-27 05:41:21 | INFO     | 
🔍 [正在处理] ANS_CPL_13 | 启动 3WD 流水线...
2026-07-27 05:41:21 | INFO     | 📢 [总进度] 11/60 份试卷已归档。
2026-07-27 05:41:25 | INFO     | ✅ [批改完成] ANS_CPL_12 | 路由: POS | 最终分: 5.0 | 风险: P0.00/U0.00/F0.00/H0/L0 | 提取质量: 🟢high | 留白率: 0% | 低质量率: 0%
2026-07-27 05:41:25 | INFO     | 
🔍 [正在处理] ANS_CPL_14 | 启动 3WD 流水线...
2026-07-27 05:41:25 | INFO     | 📢 [总进度] 12/60 份试卷已归档。
2026-07-27 05:41:35 | INFO     | ✅ [批改完成] ANS_CPL_13 | 路由: POS | 最终分: 5.0 | 风险: P0.00/U0.00/F0.00/H0/L0 | 提取质量: 🟢high | 留白率: 0% | 低质量率: 0%
2026-07-27 05:41:35 | INFO     | 
🔍 [正在处理] ANS_CPL_15 | 启动 3WD 流水线...
2026-07-27 05:41:35 | INFO     | 📢 [总进度] 13/60 份试卷已归档。
2026-07-27 05:41:41 | INFO     | ✅ [批改完成] ANS_CPL_14 | 路由: POS | 最终分: 5.0 | 风险: P0.00/U0.00/F0.00/H0/L0 | 提取质量: 🟢high | 留白率: 0% | 低质量率: 0%
2026-07-27 05:41:41 | INFO     | 
🔍 [正在处理] ANS_CPL_16 | 启动 3WD 流水线...
2026-07-27 05:41:41 | INFO     | 📢 [总进度] 14/60 份试卷已归档。
2026-07-27 05:41:50 | INFO     | ✅ [批改完成] ANS_CPL_15 | 路由: POS | 最终分: 5.0 | 风险: P0.00/U0.00/F0.00/H0/L0 | 提取质量: 🟢high | 留白率: 0% | 低质量率: 0%
2026-07-27 05:41:50 | INFO     | 
🔍 [正在处理] ANS_CPL_17 | 启动 3WD 流水线...
2026-07-27 05:41:50 | INFO     | 📢 [总进度] 15/60 份试卷已归档。
2026-07-27 05:41:56 | INFO     | ✅ [批改完成] ANS_CPL_16 | 路由: POS | 最终分: 5.0 | 风险: P0.00/U0.00/F0.00/H0/L0 | 提取质量: 🟢high | 留白率: 0% | 低质量率: 0%
2026-07-27 05:41:56 | INFO     | 
🔍 [正在处理] ANS_CPL_18 | 启动 3WD 流水线...
2026-07-27 05:41:56 | INFO     | 📢 [总进度] 16/60 份试卷已归档。
2026-07-27 05:42:17 | INFO     | ✅ [批改完成] ANS_CPL_17 | 路由: BND | 最终分: 5.0 | 风险: P0.15/U0.00/F0.00/H0/L0 | 提取质量: 🟢high | 留白率: 0% | 低质量率: 0%
2026-07-27 05:42:17 | INFO     | 
🔍 [正在处理] ANS_CPL_19 | 启动 3WD 流水线...
2026-07-27 05:42:17 | INFO     | 📢 [总进度] 17/60 份试卷已归档。
2026-07-27 05:42:21 | INFO     | ✅ [批改完成] ANS_CPL_18 | 路由: BND | 最终分: 5.0 | 风险: P0.15/U0.00/F0.00/H0/L0 | 提取质量: 🟢high | 留白率: 0% | 低质量率: 0%
2026-07-27 05:42:21 | INFO     | 
🔍 [正在处理] ANS_CPL_20 | 启动 3WD 流水线...
2026-07-27 05:42:21 | INFO     | 📢 [总进度] 18/60 份试卷已归档。
2026-07-27 05:42:35 | INFO     | ✅ [批改完成] ANS_CPL_19 | 路由: POS | 最终分: 3.8 | 风险: P0.00/U0.00/F0.00/H0/L0 | 提取质量: 🟢high | 留白率: 0% | 低质量率: 0%
2026-07-27 05:42:35 | INFO     | 
🔍 [正在处理] ANS_CPL_21 | 启动 3WD 流水线...
2026-07-27 05:42:35 | INFO     | 📢 [总进度] 19/60 份试卷已归档。
2026-07-27 05:42:43 | INFO     | ✅ [批改完成] ANS_CPL_20 | 路由: NEG | 最终分: 0.4 | 风险: P0.55/U0.12/F0.50/H0/L0 | 提取质量: 🟡low | 留白率: 50% | 低质量率: 0%
2026-07-27 05:42:43 | INFO     | 
🔍 [正在处理] ANS_CPL_22 | 启动 3WD 流水线...
2026-07-27 05:42:43 | INFO     | 📢 [总进度] 20/60 份试卷已归档 [NEG-拒绝]。
2026-07-27 05:43:01 | INFO     | ✅ [批改完成] ANS_CPL_21 | 路由: BND | 最终分: 5.0 | 风险: P0.15/U0.00/F0.00/H0/L0 | 提取质量: 🟢high | 留白率: 0% | 低质量率: 0%
2026-07-27 05:43:01 | INFO     | 
🔍 [正在处理] ANS_CPL_23 | 启动 3WD 流水线...
2026-07-27 05:43:01 | INFO     | 📢 [总进度] 21/60 份试卷已归档。
2026-07-27 05:43:07 | INFO     | ✅ [批改完成] ANS_CPL_22 | 路由: BND | 最终分: 5.0 | 风险: P0.15/U0.00/F0.00/H0/L0 | 提取质量: 🟢high | 留白率: 0% | 低质量率: 0%
2026-07-27 05:43:07 | INFO     | 
🔍 [正在处理] ANS_CPL_24 | 启动 3WD 流水线...
2026-07-27 05:43:07 | INFO     | 📢 [总进度] 22/60 份试卷已归档。
2026-07-27 05:43:19 | INFO     | ✅ [批改完成] ANS_CPL_23 | 路由: POS | 最终分: 5.0 | 风险: P0.00/U0.00/F0.00/H0/L0 | 提取质量: 🟢high | 留白率: 0% | 低质量率: 0%
2026-07-27 05:43:19 | INFO     | 
🔍 [正在处理] ANS_CPL_25 | 启动 3WD 流水线...
2026-07-27 05:43:19 | INFO     | 📢 [总进度] 23/60 份试卷已归档。
2026-07-27 05:43:26 | INFO     | ✅ [批改完成] ANS_CPL_24 | 路由: POS | 最终分: 5.0 | 风险: P0.00/U0.00/F0.00/H0/L0 | 提取质量: 🟢high | 留白率: 0% | 低质量率: 0%
2026-07-27 05:43:26 | INFO     | 
🔍 [正在处理] ANS_CPL_26 | 启动 3WD 流水线...
2026-07-27 05:43:26 | INFO     | 📢 [总进度] 24/60 份试卷已归档。
2026-07-27 05:43:40 | INFO     | ✅ [批改完成] ANS_CPL_25 | 路由: POS | 最终分: 5.0 | 风险: P0.00/U0.00/F0.00/H0/L0 | 提取质量: 🟢high | 留白率: 0% | 低质量率: 0%
2026-07-27 05:43:40 | INFO     | 
🔍 [正在处理] ANS_CPL_27 | 启动 3WD 流水线...
2026-07-27 05:43:40 | INFO     | 📢 [总进度] 25/60 份试卷已归档。
2026-07-27 05:43:45 | INFO     | ✅ [批改完成] ANS_CPL_26 | 路由: POS | 最终分: 5.0 | 风险: P0.00/U0.00/F0.00/H0/L0 | 提取质量: 🟢high | 留白率: 0% | 低质量率: 0%
2026-07-27 05:43:45 | INFO     | 
🔍 [正在处理] ANS_CPL_28 | 启动 3WD 流水线...
2026-07-27 05:43:45 | INFO     | 📢 [总进度] 26/60 份试卷已归档。
2026-07-27 05:43:54 | INFO     | ✅ [批改完成] ANS_CPL_27 | 路由: POS | 最终分: 5.0 | 风险: P0.00/U0.00/F0.00/H0/L0 | 提取质量: 🟢high | 留白率: 0% | 低质量率: 0%
2026-07-27 05:43:54 | INFO     | 
🔍 [正在处理] ANS_CPL_29 | 启动 3WD 流水线...
2026-07-27 05:43:54 | INFO     | 📢 [总进度] 27/60 份试卷已归档。
2026-07-27 05:44:04 | INFO     | ✅ [批改完成] ANS_CPL_28 | 路由: BND | 最终分: 5.0 | 风险: P0.15/U0.00/F0.00/H0/L0 | 提取质量: 🟢high | 留白率: 0% | 低质量率: 0%
2026-07-27 05:44:04 | INFO     | 
🔍 [正在处理] ANS_CPL_30 | 启动 3WD 流水线...
2026-07-27 05:44:04 | INFO     | 📢 [总进度] 28/60 份试卷已归档。
2026-07-27 05:44:15 | INFO     | ✅ [批改完成] ANS_CPL_29 | 路由: BND | 最终分: 5.0 | 风险: P0.15/U0.00/F0.00/H0/L0 | 提取质量: 🟢high | 留白率: 0% | 低质量率: 0%
2026-07-27 05:44:15 | INFO     | 
🔍 [正在处理] ANS_CPL_31 | 启动 3WD 流水线...
2026-07-27 05:44:15 | INFO     | 📢 [总进度] 29/60 份试卷已归档。
2026-07-27 05:44:21 | INFO     | ✅ [批改完成] ANS_CPL_30 | 路由: POS | 最终分: 5.0 | 风险: P0.00/U0.00/F0.00/H0/L0 | 提取质量: 🟢high | 留白率: 0% | 低质量率: 0%
2026-07-27 05:44:21 | INFO     | 
🔍 [正在处理] ANS_CPL_32 | 启动 3WD 流水线...
2026-07-27 05:44:21 | INFO     | 📢 [总进度] 30/60 份试卷已归档。
2026-07-27 05:44:30 | INFO     | ✅ [批改完成] ANS_CPL_31 | 路由: POS | 最终分: 3.9 | 风险: P0.00/U0.04/F0.00/H0/L0 | 提取质量: 🟢high | 留白率: 0% | 低质量率: 0%
2026-07-27 05:44:30 | INFO     | 
🔍 [正在处理] ANS_CPL_33 | 启动 3WD 流水线...
2026-07-27 05:44:30 | INFO     | 📢 [总进度] 31/60 份试卷已归档。
2026-07-27 05:44:38 | INFO     | ✅ [批改完成] ANS_CPL_32 | 路由: BND | 最终分: 5.0 | 风险: P0.15/U0.00/F0.00/H0/L0 | 提取质量: 🟢high | 留白率: 0% | 低质量率: 0%
2026-07-27 05:44:38 | INFO     | 
🔍 [正在处理] ANS_CPL_34 | 启动 3WD 流水线...
2026-07-27 05:44:38 | INFO     | 📢 [总进度] 32/60 份试卷已归档。
2026-07-27 05:44:44 | INFO     | ✅ [批改完成] ANS_CPL_33 | 路由: POS | 最终分: 5.0 | 风险: P0.00/U0.00/F0.00/H0/L0 | 提取质量: 🟢high | 留白率: 0% | 低质量率: 0%
2026-07-27 05:44:44 | INFO     | 
🔍 [正在处理] ANS_CPL_35 | 启动 3WD 流水线...
2026-07-27 05:44:44 | INFO     | 📢 [总进度] 33/60 份试卷已归档。
2026-07-27 05:44:50 | INFO     | ✅ [批改完成] ANS_CPL_34 | 路由: POS | 最终分: 5.0 | 风险: P0.00/U0.00/F0.00/H0/L0 | 提取质量: 🟢high | 留白率: 0% | 低质量率: 0%
2026-07-27 05:44:50 | INFO     | 
🔍 [正在处理] ANS_CPL_36 | 启动 3WD 流水线...
2026-07-27 05:44:50 | INFO     | 📢 [总进度] 34/60 份试卷已归档。
2026-07-27 05:44:56 | INFO     | ✅ [批改完成] ANS_CPL_35 | 路由: POS | 最终分: 5.0 | 风险: P0.00/U0.00/F0.00/H0/L0 | 提取质量: 🟢high | 留白率: 0% | 低质量率: 0%
2026-07-27 05:44:56 | INFO     | 
🔍 [正在处理] ANS_CPL_37 | 启动 3WD 流水线...
2026-07-27 05:44:56 | INFO     | 📢 [总进度] 35/60 份试卷已归档。
2026-07-27 05:45:05 | INFO     | ✅ [批改完成] ANS_CPL_36 | 路由: POS | 最终分: 5.0 | 风险: P0.00/U0.00/F0.00/H0/L0 | 提取质量: 🟢high | 留白率: 0% | 低质量率: 0%
2026-07-27 05:45:05 | INFO     | 
🔍 [正在处理] ANS_CPL_38 | 启动 3WD 流水线...
2026-07-27 05:45:05 | INFO     | 📢 [总进度] 36/60 份试卷已归档。
2026-07-27 05:45:18 | INFO     | ✅ [批改完成] ANS_CPL_37 | 路由: BND | 最终分: 5.0 | 风险: P0.15/U0.00/F0.00/H0/L0 | 提取质量: 🟢high | 留白率: 0% | 低质量率: 0%
2026-07-27 05:45:18 | INFO     | 
🔍 [正在处理] ANS_CPL_39 | 启动 3WD 流水线...
2026-07-27 05:45:18 | INFO     | 📢 [总进度] 37/60 份试卷已归档。
2026-07-27 05:45:26 | INFO     | ✅ [批改完成] ANS_CPL_38 | 路由: BND | 最终分: 5.0 | 风险: P0.15/U0.00/F0.00/H0/L0 | 提取质量: 🟢high | 留白率: 0% | 低质量率: 0%
2026-07-27 05:45:26 | INFO     | 
🔍 [正在处理] ANS_CPL_40 | 启动 3WD 流水线...
2026-07-27 05:45:26 | INFO     | 📢 [总进度] 38/60 份试卷已归档。
2026-07-27 05:45:37 | INFO     | ✅ [批改完成] ANS_CPL_39 | 路由: POS | 最终分: 5.0 | 风险: P0.00/U0.00/F0.00/H0/L0 | 提取质量: 🟢high | 留白率: 0% | 低质量率: 0%
2026-07-27 05:45:37 | INFO     | 
🔍 [正在处理] ANS_CPL_41 | 启动 3WD 流水线...
2026-07-27 05:45:37 | INFO     | 📢 [总进度] 39/60 份试卷已归档。
2026-07-27 05:45:45 | INFO     | ✅ [批改完成] ANS_CPL_40 | 路由: POS | 最终分: 5.0 | 风险: P0.00/U0.00/F0.00/H0/L0 | 提取质量: 🟢high | 留白率: 0% | 低质量率: 0%
2026-07-27 05:45:45 | INFO     | 
🔍 [正在处理] ANS_CPL_42 | 启动 3WD 流水线...
2026-07-27 05:45:45 | INFO     | 📢 [总进度] 40/60 份试卷已归档。
2026-07-27 05:45:56 | INFO     | ✅ [批改完成] ANS_CPL_41 | 路由: BND | 最终分: 5.0 | 风险: P0.15/U0.00/F0.00/H0/L0 | 提取质量: 🟢high | 留白率: 0% | 低质量率: 0%
2026-07-27 05:45:56 | INFO     | 
🔍 [正在处理] ANS_CPL_43 | 启动 3WD 流水线...
2026-07-27 05:45:56 | INFO     | 📢 [总进度] 41/60 份试卷已归档。
2026-07-27 05:46:03 | INFO     | ✅ [批改完成] ANS_CPL_42 | 路由: NEG | 最终分: 0.8 | 风险: P0.55/U0.12/F0.00/H0/L0 | 提取质量: 🟡low | 留白率: 50% | 低质量率: 0%
2026-07-27 05:46:03 | INFO     | 
🔍 [正在处理] ANS_CPL_44 | 启动 3WD 流水线...
2026-07-27 05:46:03 | INFO     | 📢 [总进度] 42/60 份试卷已归档 [NEG-拒绝]。
2026-07-27 05:46:13 | INFO     | ✅ [批改完成] ANS_CPL_43 | 路由: POS | 最终分: 5.0 | 风险: P0.00/U0.00/F0.00/H0/L0 | 提取质量: 🟢high | 留白率: 0% | 低质量率: 0%
2026-07-27 05:46:13 | INFO     | 
🔍 [正在处理] ANS_CPL_45 | 启动 3WD 流水线...
2026-07-27 05:46:13 | INFO     | 📢 [总进度] 43/60 份试卷已归档。
2026-07-27 05:46:20 | INFO     | ✅ [批改完成] ANS_CPL_44 | 路由: POS | 最终分: 5.0 | 风险: P0.00/U0.00/F0.00/H0/L0 | 提取质量: 🟢high | 留白率: 0% | 低质量率: 0%
2026-07-27 05:46:20 | INFO     | 
🔍 [正在处理] ANS_CPL_46 | 启动 3WD 流水线...
2026-07-27 05:46:20 | INFO     | 📢 [总进度] 44/60 份试卷已归档。
2026-07-27 05:46:28 | INFO     | ✅ [批改完成] ANS_CPL_45 | 路由: POS | 最终分: 5.0 | 风险: P0.00/U0.00/F0.00/H0/L0 | 提取质量: 🟢high | 留白率: 0% | 低质量率: 0%
2026-07-27 05:46:28 | INFO     | 
🔍 [正在处理] ANS_CPL_47 | 启动 3WD 流水线...
2026-07-27 05:46:28 | INFO     | 📢 [总进度] 45/60 份试卷已归档。
2026-07-27 05:46:48 | INFO     | ✅ [批改完成] ANS_CPL_47 | 路由: POS | 最终分: 5.0 | 风险: P0.00/U0.00/F0.00/H0/L0 | 提取质量: 🟢high | 留白率: 0% | 低质量率: 0%
2026-07-27 05:46:48 | INFO     | 
🔍 [正在处理] ANS_CPL_48 | 启动 3WD 流水线...
2026-07-27 05:46:48 | INFO     | 📢 [总进度] 46/60 份试卷已归档。
2026-07-27 05:46:51 | INFO     | ✅ [批改完成] ANS_CPL_46 | 路由: BND | 最终分: 2.7 | 风险: P0.40/U0.12/F0.00/H0/L0 | 提取质量: 🟡low | 留白率: 50% | 低质量率: 0%
2026-07-27 05:46:51 | INFO     | 
🔍 [正在处理] ANS_CPL_49 | 启动 3WD 流水线...
2026-07-27 05:46:51 | INFO     | 📢 [总进度] 47/60 份试卷已归档。
2026-07-27 05:47:13 | INFO     | ✅ [批改完成] ANS_CPL_49 | 路由: POS | 最终分: 5.0 | 风险: P0.00/U0.00/F0.00/H0/L0 | 提取质量: 🟢high | 留白率: 0% | 低质量率: 0%
2026-07-27 05:47:13 | INFO     | 
🔍 [正在处理] ANS_CPL_50 | 启动 3WD 流水线...
2026-07-27 05:47:13 | INFO     | 📢 [总进度] 48/60 份试卷已归档。
2026-07-27 05:47:15 | INFO     | ✅ [批改完成] ANS_CPL_48 | 路由: BND | 最终分: 5.0 | 风险: P0.15/U0.00/F0.00/H0/L0 | 提取质量: 🟢high | 留白率: 0% | 低质量率: 0%
2026-07-27 05:47:15 | INFO     | 
🔍 [正在处理] ANS_CPL_51 | 启动 3WD 流水线...
2026-07-27 05:47:15 | INFO     | 📢 [总进度] 49/60 份试卷已归档。
2026-07-27 05:47:30 | INFO     | ✅ [批改完成] ANS_CPL_50 | 路由: POS | 最终分: 5.0 | 风险: P0.00/U0.00/F0.00/H0/L0 | 提取质量: 🟢high | 留白率: 0% | 低质量率: 0%
2026-07-27 05:47:30 | INFO     | 
🔍 [正在处理] ANS_CPL_52 | 启动 3WD 流水线...
2026-07-27 05:47:30 | INFO     | 📢 [总进度] 50/60 份试卷已归档。
2026-07-27 05:47:31 | INFO     | ✅ [批改完成] ANS_CPL_51 | 路由: POS | 最终分: 5.0 | 风险: P0.00/U0.00/F0.00/H0/L0 | 提取质量: 🟢high | 留白率: 0% | 低质量率: 0%
2026-07-27 05:47:31 | INFO     | 
🔍 [正在处理] ANS_CPL_53 | 启动 3WD 流水线...
2026-07-27 05:47:31 | INFO     | 📢 [总进度] 51/60 份试卷已归档。
2026-07-27 05:47:52 | INFO     | ✅ [批改完成] ANS_CPL_53 | 路由: POS | 最终分: 5.0 | 风险: P0.00/U0.00/F0.00/H0/L0 | 提取质量: 🟢high | 留白率: 0% | 低质量率: 0%
2026-07-27 05:47:52 | INFO     | 
🔍 [正在处理] ANS_CPL_54 | 启动 3WD 流水线...
2026-07-27 05:47:52 | INFO     | 📢 [总进度] 52/60 份试卷已归档。
2026-07-27 05:47:53 | INFO     | ✅ [批改完成] ANS_CPL_52 | 路由: POS | 最终分: 5.0 | 风险: P0.00/U0.00/F0.00/H0/L0 | 提取质量: 🟢high | 留白率: 0% | 低质量率: 0%
2026-07-27 05:47:53 | INFO     | 
🔍 [正在处理] ANS_CPL_55 | 启动 3WD 流水线...
2026-07-27 05:47:53 | INFO     | 📢 [总进度] 53/60 份试卷已归档。
2026-07-27 05:48:12 | INFO     | ✅ [批改完成] ANS_CPL_55 | 路由: POS | 最终分: 5.0 | 风险: P0.00/U0.00/F0.00/H0/L0 | 提取质量: 🟢high | 留白率: 0% | 低质量率: 0%
2026-07-27 05:48:12 | INFO     | 
🔍 [正在处理] ANS_CPL_56 | 启动 3WD 流水线...
2026-07-27 05:48:12 | INFO     | 📢 [总进度] 54/60 份试卷已归档。
2026-07-27 05:48:13 | INFO     | ✅ [批改完成] ANS_CPL_54 | 路由: POS | 最终分: 5.0 | 风险: P0.00/U0.00/F0.00/H0/L0 | 提取质量: 🟢high | 留白率: 0% | 低质量率: 0%
2026-07-27 05:48:13 | INFO     | 
🔍 [正在处理] ANS_CPL_57 | 启动 3WD 流水线...
2026-07-27 05:48:13 | INFO     | 📢 [总进度] 55/60 份试卷已归档。
2026-07-27 05:48:30 | INFO     | ✅ [批改完成] ANS_CPL_56 | 路由: POS | 最终分: 5.0 | 风险: P0.00/U0.00/F0.00/H0/L0 | 提取质量: 🟢high | 留白率: 0% | 低质量率: 0%
2026-07-27 05:48:30 | INFO     | 
🔍 [正在处理] ANS_CPL_58 | 启动 3WD 流水线...
2026-07-27 05:48:30 | INFO     | 📢 [总进度] 56/60 份试卷已归档。
2026-07-27 05:48:31 | INFO     | ✅ [批改完成] ANS_CPL_57 | 路由: POS | 最终分: 5.0 | 风险: P0.00/U0.00/F0.00/H0/L0 | 提取质量: 🟢high | 留白率: 0% | 低质量率: 0%
2026-07-27 05:48:31 | INFO     | 
🔍 [正在处理] ANS_CPL_59 | 启动 3WD 流水线...
2026-07-27 05:48:31 | INFO     | 📢 [总进度] 57/60 份试卷已归档。
2026-07-27 05:48:47 | INFO     | ✅ [批改完成] ANS_CPL_58 | 路由: POS | 最终分: 5.0 | 风险: P0.00/U0.00/F0.00/H0/L0 | 提取质量: 🟢high | 留白率: 0% | 低质量率: 0%
2026-07-27 05:48:47 | INFO     | 
🔍 [正在处理] ANS_CPL_60 | 启动 3WD 流水线...
2026-07-27 05:48:47 | INFO     | 📢 [总进度] 58/60 份试卷已归档。
2026-07-27 05:48:49 | INFO     | ✅ [批改完成] ANS_CPL_59 | 路由: POS | 最终分: 5.0 | 风险: P0.00/U0.00/F0.00/H0/L0 | 提取质量: 🟢high | 留白率: 0% | 低质量率: 0%
2026-07-27 05:48:49 | INFO     | 📢 [总进度] 59/60 份试卷已归档。
2026-07-27 05:49:06 | INFO     | ✅ [批改完成] ANS_CPL_60 | 路由: POS | 最终分: 5.0 | 风险: P0.00/U0.00/F0.00/H0/L0 | 提取质量: 🟢high | 留白率: 0% | 低质量率: 0%
2026-07-27 05:49:06 | INFO     | 📢 [总进度] 60/60 份试卷已归档。
2026-07-27 05:49:06 | INFO     | 🗂️ 所有线程交卷完毕，正在整理数据... (共收集 60/60 份结果)
2026-07-27 05:49:06 | INFO     | 💾 正常批改结果已保存: D:\users\王鑫020420\Desktop\refgrader-main\results_runs\csbench_cpl1_cpl2_cpl3_cpl4_cpl5_cpl6_cpl7_cpl8_all\runs\teacher_audit_cpl_1_8_20260725_192008\CPL_1_graded_results.json (58 人)
2026-07-27 05:49:06 | INFO     | 🛑 拒绝域结果已单独保存: D:\users\王鑫020420\Desktop\refgrader-main\results_runs\csbench_cpl1_cpl2_cpl3_cpl4_cpl5_cpl6_cpl7_cpl8_all\runs\teacher_audit_cpl_1_8_20260725_192008\CPL_1_rejected.json (2 人)
2026-07-27 05:49:06 | INFO     | [result consistency] CPL_1: checkpoint=60, graded=58, rejected=2, failed=0, expected=60
2026-07-27 05:49:06 | INFO     | 
🚀 [标准模式] 开始处理: CPL_2
2026-07-27 05:49:06 | INFO     | ⚡ 已加载本地标准: D:\users\王鑫020420\Desktop\refgrader-main\data\csbench\rubrics\optimized\CPL\CPL_2_rubric_standard.json
2026-07-27 05:49:11 | INFO     | ⚡ 脱敏清单已预生成，59 名学生共享复用。
2026-07-27 05:49:11 | INFO     | 🏃 开始批改 59 张试卷 (⚡ 开启多线程模式)...
2026-07-27 05:49:11 | INFO     | 
🔍 [正在处理] ANS_CPL_100 | 启动 3WD 流水线...
2026-07-27 05:49:11 | INFO     | 
🔍 [正在处理] ANS_CPL_101 | 启动 3WD 流水线...
2026-07-27 05:49:11 | INFO     | ⏳ [主线程] 已提交 59 个任务，等待结果回收...
2026-07-27 05:49:28 | INFO     | ✅ [批改完成] ANS_CPL_100 | 路由: POS | 最终分: 0 | 风险: P0.00/U0.00/F1.00/H0/L1 | 提取质量: 🟢high | 留白率: 0% | 低质量率: 0%
2026-07-27 05:49:28 | INFO     | 
🔍 [正在处理] ANS_CPL_102 | 启动 3WD 流水线...
2026-07-27 05:49:28 | INFO     | 📢 [总进度] 1/59 份试卷已归档。
2026-07-27 05:49:29 | INFO     | ✅ [批改完成] ANS_CPL_101 | 路由: POS | 最终分: 0 | 风险: P0.00/U0.00/F1.00/H0/L1 | 提取质量: 🟢high | 留白率: 0% | 低质量率: 0%
2026-07-27 05:49:29 | INFO     | 
🔍 [正在处理] ANS_CPL_103 | 启动 3WD 流水线...
2026-07-27 05:49:29 | INFO     | 📢 [总进度] 2/59 份试卷已归档。
2026-07-27 05:49:45 | INFO     | ✅ [批改完成] ANS_CPL_102 | 路由: POS | 最终分: 0 | 风险: P0.00/U0.00/F1.00/H0/L1 | 提取质量: 🟢high | 留白率: 0% | 低质量率: 0%
2026-07-27 05:49:45 | INFO     | 
🔍 [正在处理] ANS_CPL_104 | 启动 3WD 流水线...
2026-07-27 05:49:45 | INFO     | 📢 [总进度] 3/59 份试卷已归档。
2026-07-27 05:49:47 | INFO     | ✅ [批改完成] ANS_CPL_103 | 路由: POS | 最终分: 5.0 | 风险: P0.00/U0.00/F0.00/H0/L0 | 提取质量: 🟢high | 留白率: 0% | 低质量率: 0%
2026-07-27 05:49:47 | INFO     | 
🔍 [正在处理] ANS_CPL_105 | 启动 3WD 流水线...
2026-07-27 05:49:47 | INFO     | 📢 [总进度] 4/59 份试卷已归档。
2026-07-27 05:50:07 | INFO     | ✅ [批改完成] ANS_CPL_104 | 路由: POS | 最终分: 5.0 | 风险: P0.00/U0.00/F0.00/H0/L0 | 提取质量: 🟢high | 留白率: 0% | 低质量率: 0%
2026-07-27 05:50:07 | INFO     | 
🔍 [正在处理] ANS_CPL_106 | 启动 3WD 流水线...
2026-07-27 05:50:07 | INFO     | 📢 [总进度] 5/59 份试卷已归档。
2026-07-27 05:50:11 | INFO     | ✅ [批改完成] ANS_CPL_105 | 路由: POS | 最终分: 0 | 风险: P0.00/U0.00/F1.00/H0/L1 | 提取质量: 🟢high | 留白率: 0% | 低质量率: 0%
2026-07-27 05:50:11 | INFO     | 
🔍 [正在处理] ANS_CPL_107 | 启动 3WD 流水线...
2026-07-27 05:50:11 | INFO     | 📢 [总进度] 6/59 份试卷已归档。
2026-07-27 05:50:28 | INFO     | ✅ [批改完成] ANS_CPL_106 | 路由: POS | 最终分: 5.0 | 风险: P0.00/U0.00/F0.00/H0/L0 | 提取质量: 🟢high | 留白率: 0% | 低质量率: 0%
2026-07-27 05:50:28 | INFO     | 
🔍 [正在处理] ANS_CPL_108 | 启动 3WD 流水线...
2026-07-27 05:50:28 | INFO     | 📢 [总进度] 7/59 份试卷已归档。
2026-07-27 05:50:36 | INFO     | ✅ [批改完成] ANS_CPL_107 | 路由: POS | 最终分: 5.0 | 风险: P0.00/U0.00/F0.00/H0/L0 | 提取质量: 🟢high | 留白率: 0% | 低质量率: 0%
2026-07-27 05:50:36 | INFO     | 
🔍 [正在处理] ANS_CPL_109 | 启动 3WD 流水线...
2026-07-27 05:50:36 | INFO     | 📢 [总进度] 8/59 份试卷已归档。
2026-07-27 05:50:48 | INFO     | ✅ [批改完成] ANS_CPL_108 | 路由: POS | 最终分: 5.0 | 风险: P0.00/U0.00/F0.00/H0/L0 | 提取质量: 🟢high | 留白率: 0% | 低质量率: 0%
2026-07-27 05:50:48 | INFO     | 
🔍 [正在处理] ANS_CPL_110 | 启动 3WD 流水线...
2026-07-27 05:50:48 | INFO     | 📢 [总进度] 9/59 份试卷已归档。
2026-07-27 05:50:58 | INFO     | ✅ [批改完成] ANS_CPL_109 | 路由: POS | 最终分: 5.0 | 风险: P0.00/U0.00/F0.00/H0/L0 | 提取质量: 🟢high | 留白率: 0% | 低质量率: 0%
2026-07-27 05:50:58 | INFO     | 
🔍 [正在处理] ANS_CPL_111 | 启动 3WD 流水线...
2026-07-27 05:50:58 | INFO     | 📢 [总进度] 10/59 份试卷已归档。
2026-07-27 05:51:06 | INFO     | ✅ [批改完成] ANS_CPL_110 | 路由: POS | 最终分: 5.0 | 风险: P0.00/U0.00/F0.00/H0/L0 | 提取质量: 🟢high | 留白率: 0% | 低质量率: 0%
2026-07-27 05:51:06 | INFO     | 
🔍 [正在处理] ANS_CPL_112 | 启动 3WD 流水线...
2026-07-27 05:51:06 | INFO     | 📢 [总进度] 11/59 份试卷已归档。
2026-07-27 05:51:09 | INFO     | ✅ [批改完成] ANS_CPL_111 | 路由: POS | 最终分: 5.0 | 风险: P0.00/U0.00/F0.00/H0/L0 | 提取质量: 🟢high | 留白率: 0% | 低质量率: 0%
2026-07-27 05:51:09 | INFO     | 
🔍 [正在处理] ANS_CPL_113 | 启动 3WD 流水线...
2026-07-27 05:51:09 | INFO     | 📢 [总进度] 12/59 份试卷已归档。
2026-07-27 05:51:21 | INFO     | ✅ [批改完成] ANS_CPL_112 | 路由: POS | 最终分: 5.0 | 风险: P0.00/U0.00/F0.00/H0/L0 | 提取质量: 🟢high | 留白率: 0% | 低质量率: 0%
2026-07-27 05:51:21 | INFO     | 
🔍 [正在处理] ANS_CPL_114 | 启动 3WD 流水线...
2026-07-27 05:51:21 | INFO     | 📢 [总进度] 13/59 份试卷已归档。
2026-07-27 05:51:22 | INFO     | ✅ [批改完成] ANS_CPL_113 | 路由: POS | 最终分: 5.0 | 风险: P0.00/U0.00/F0.00/H0/L0 | 提取质量: 🟢high | 留白率: 0% | 低质量率: 0%
2026-07-27 05:51:22 | INFO     | 
🔍 [正在处理] ANS_CPL_115 | 启动 3WD 流水线...
2026-07-27 05:51:22 | INFO     | 📢 [总进度] 14/59 份试卷已归档。
2026-07-27 05:51:39 | INFO     | ✅ [批改完成] ANS_CPL_114 | 路由: POS | 最终分: 0 | 风险: P0.00/U0.00/F1.00/H0/L1 | 提取质量: 🟢high | 留白率: 0% | 低质量率: 0%
2026-07-27 05:51:39 | INFO     | 
🔍 [正在处理] ANS_CPL_116 | 启动 3WD 流水线...
2026-07-27 05:51:39 | INFO     | 📢 [总进度] 15/59 份试卷已归档。
2026-07-27 05:51:39 | INFO     | ✅ [批改完成] ANS_CPL_115 | 路由: POS | 最终分: 5.0 | 风险: P0.00/U0.00/F0.00/H0/L0 | 提取质量: 🟢high | 留白率: 0% | 低质量率: 0%
2026-07-27 05:51:39 | INFO     | 
🔍 [正在处理] ANS_CPL_117 | 启动 3WD 流水线...
2026-07-27 05:51:39 | INFO     | 📢 [总进度] 16/59 份试卷已归档。
2026-07-27 05:51:50 | INFO     | ✅ [批改完成] ANS_CPL_116 | 路由: POS | 最终分: 5.0 | 风险: P0.00/U0.00/F0.00/H0/L0 | 提取质量: 🟢high | 留白率: 0% | 低质量率: 0%
2026-07-27 05:51:50 | INFO     | 
🔍 [正在处理] ANS_CPL_118 | 启动 3WD 流水线...
2026-07-27 05:51:50 | INFO     | 📢 [总进度] 17/59 份试卷已归档。
2026-07-27 05:51:51 | INFO     | ✅ [批改完成] ANS_CPL_117 | 路由: POS | 最终分: 0 | 风险: P0.00/U0.00/F1.00/H0/L1 | 提取质量: 🟢high | 留白率: 0% | 低质量率: 0%
2026-07-27 05:51:51 | INFO     | 
🔍 [正在处理] ANS_CPL_119 | 启动 3WD 流水线...
2026-07-27 05:51:51 | INFO     | 📢 [总进度] 18/59 份试卷已归档。
2026-07-27 05:52:01 | INFO     | ✅ [批改完成] ANS_CPL_118 | 路由: POS | 最终分: 5.0 | 风险: P0.00/U0.00/F0.00/H0/L0 | 提取质量: 🟢high | 留白率: 0% | 低质量率: 0%
2026-07-27 05:52:01 | INFO     | 
🔍 [正在处理] ANS_CPL_120 | 启动 3WD 流水线...
2026-07-27 05:52:01 | INFO     | 📢 [总进度] 19/59 份试卷已归档。
2026-07-27 05:52:03 | INFO     | ✅ [批改完成] ANS_CPL_119 | 路由: POS | 最终分: 5.0 | 风险: P0.00/U0.00/F0.00/H0/L0 | 提取质量: 🟢high | 留白率: 0% | 低质量率: 0%
2026-07-27 05:52:03 | INFO     | 
🔍 [正在处理] ANS_CPL_61 | 启动 3WD 流水线...
2026-07-27 05:52:03 | INFO     | 📢 [总进度] 20/59 份试卷已归档。
2026-07-27 05:52:13 | INFO     | ✅ [批改完成] ANS_CPL_120 | 路由: POS | 最终分: 0 | 风险: P0.00/U0.00/F1.00/H0/L1 | 提取质量: 🟢high | 留白率: 0% | 低质量率: 0%
2026-07-27 05:52:13 | INFO     | 
🔍 [正在处理] ANS_CPL_62 | 启动 3WD 流水线...
2026-07-27 05:52:13 | INFO     | 📢 [总进度] 21/59 份试卷已归档。
2026-07-27 05:52:15 | INFO     | ✅ [批改完成] ANS_CPL_61 | 路由: POS | 最终分: 0 | 风险: P0.00/U0.00/F1.00/H0/L1 | 提取质量: 🟢high | 留白率: 0% | 低质量率: 0%
2026-07-27 05:52:15 | INFO     | 
🔍 [正在处理] ANS_CPL_63 | 启动 3WD 流水线...
2026-07-27 05:52:15 | INFO     | 📢 [总进度] 22/59 份试卷已归档。
2026-07-27 05:52:27 | INFO     | ✅ [批改完成] ANS_CPL_62 | 路由: POS | 最终分: 5.0 | 风险: P0.00/U0.00/F0.00/H0/L0 | 提取质量: 🟢high | 留白率: 0% | 低质量率: 0%
2026-07-27 05:52:27 | INFO     | 
🔍 [正在处理] ANS_CPL_64 | 启动 3WD 流水线...
2026-07-27 05:52:27 | INFO     | 📢 [总进度] 23/59 份试卷已归档。
2026-07-27 05:52:30 | INFO     | ✅ [批改完成] ANS_CPL_63 | 路由: POS | 最终分: 5.0 | 风险: P0.00/U0.00/F0.00/H0/L0 | 提取质量: 🟢high | 留白率: 0% | 低质量率: 0%
2026-07-27 05:52:30 | INFO     | 
🔍 [正在处理] ANS_CPL_65 | 启动 3WD 流水线...
2026-07-27 05:52:30 | INFO     | 📢 [总进度] 24/59 份试卷已归档。
2026-07-27 05:52:44 | INFO     | ✅ [批改完成] ANS_CPL_64 | 路由: POS | 最终分: 0 | 风险: P0.00/U0.00/F1.00/H0/L1 | 提取质量: 🟢high | 留白率: 0% | 低质量率: 0%
2026-07-27 05:52:44 | INFO     | 
🔍 [正在处理] ANS_CPL_66 | 启动 3WD 流水线...
2026-07-27 05:52:44 | INFO     | 📢 [总进度] 25/59 份试卷已归档。
2026-07-27 05:52:50 | INFO     | ✅ [批改完成] ANS_CPL_65 | 路由: POS | 最终分: 5.0 | 风险: P0.00/U0.00/F0.00/H0/L0 | 提取质量: 🟢high | 留白率: 0% | 低质量率: 0%
2026-07-27 05:52:50 | INFO     | 
🔍 [正在处理] ANS_CPL_67 | 启动 3WD 流水线...
2026-07-27 05:52:50 | INFO     | 📢 [总进度] 26/59 份试卷已归档。
2026-07-27 05:53:04 | INFO     | ✅ [批改完成] ANS_CPL_67 | 路由: POS | 最终分: 5.0 | 风险: P0.00/U0.00/F0.00/H0/L0 | 提取质量: 🟢high | 留白率: 0% | 低质量率: 0%
2026-07-27 05:53:04 | INFO     | 
🔍 [正在处理] ANS_CPL_68 | 启动 3WD 流水线...
2026-07-27 05:53:04 | INFO     | 📢 [总进度] 27/59 份试卷已归档。
2026-07-27 05:53:04 | INFO     | ✅ [批改完成] ANS_CPL_66 | 路由: POS | 最终分: 5.0 | 风险: P0.00/U0.00/F0.00/H0/L0 | 提取质量: 🟢high | 留白率: 0% | 低质量率: 0%
2026-07-27 05:53:04 | INFO     | 
🔍 [正在处理] ANS_CPL_69 | 启动 3WD 流水线...
2026-07-27 05:53:04 | INFO     | 📢 [总进度] 28/59 份试卷已归档。
2026-07-27 05:53:17 | INFO     | ✅ [批改完成] ANS_CPL_68 | 路由: POS | 最终分: 5.0 | 风险: P0.00/U0.00/F0.00/H0/L0 | 提取质量: 🟢high | 留白率: 0% | 低质量率: 0%
2026-07-27 05:53:17 | INFO     | 
🔍 [正在处理] ANS_CPL_70 | 启动 3WD 流水线...
2026-07-27 05:53:17 | INFO     | 📢 [总进度] 29/59 份试卷已归档。
2026-07-27 05:53:18 | INFO     | ✅ [批改完成] ANS_CPL_69 | 路由: POS | 最终分: 5.0 | 风险: P0.00/U0.00/F0.00/H0/L0 | 提取质量: 🟢high | 留白率: 0% | 低质量率: 0%
2026-07-27 05:53:18 | INFO     | 
🔍 [正在处理] ANS_CPL_71 | 启动 3WD 流水线...
2026-07-27 05:53:18 | INFO     | 📢 [总进度] 30/59 份试卷已归档。
2026-07-27 05:53:32 | INFO     | ✅ [批改完成] ANS_CPL_70 | 路由: POS | 最终分: 0 | 风险: P0.00/U0.00/F1.00/H0/L1 | 提取质量: 🟢high | 留白率: 0% | 低质量率: 0%
2026-07-27 05:53:32 | INFO     | 
🔍 [正在处理] ANS_CPL_72 | 启动 3WD 流水线...
2026-07-27 05:53:32 | INFO     | 📢 [总进度] 31/59 份试卷已归档。
2026-07-27 05:53:35 | INFO     | ✅ [批改完成] ANS_CPL_71 | 路由: POS | 最终分: 5.0 | 风险: P0.00/U0.00/F0.00/H0/L0 | 提取质量: 🟢high | 留白率: 0% | 低质量率: 0%
2026-07-27 05:53:35 | INFO     | 
🔍 [正在处理] ANS_CPL_73 | 启动 3WD 流水线...
2026-07-27 05:53:35 | INFO     | 📢 [总进度] 32/59 份试卷已归档。
2026-07-27 05:53:45 | INFO     | ✅ [批改完成] ANS_CPL_72 | 路由: POS | 最终分: 5.0 | 风险: P0.00/U0.00/F0.00/H0/L0 | 提取质量: 🟢high | 留白率: 0% | 低质量率: 0%
2026-07-27 05:53:45 | INFO     | 
🔍 [正在处理] ANS_CPL_74 | 启动 3WD 流水线...
2026-07-27 05:53:45 | INFO     | 📢 [总进度] 33/59 份试卷已归档。
2026-07-27 05:53:52 | INFO     | ✅ [批改完成] ANS_CPL_73 | 路由: POS | 最终分: 5.0 | 风险: P0.00/U0.00/F0.00/H0/L0 | 提取质量: 🟢high | 留白率: 0% | 低质量率: 0%
2026-07-27 05:53:52 | INFO     | 
🔍 [正在处理] ANS_CPL_75 | 启动 3WD 流水线...
2026-07-27 05:53:52 | INFO     | 📢 [总进度] 34/59 份试卷已归档。
2026-07-27 05:54:01 | INFO     | ✅ [批改完成] ANS_CPL_74 | 路由: POS | 最终分: 5.0 | 风险: P0.00/U0.00/F0.00/H0/L0 | 提取质量: 🟢high | 留白率: 0% | 低质量率: 0%
2026-07-27 05:54:01 | INFO     | 
🔍 [正在处理] ANS_CPL_76 | 启动 3WD 流水线...
2026-07-27 05:54:01 | INFO     | 📢 [总进度] 35/59 份试卷已归档。
2026-07-27 05:54:05 | INFO     | ✅ [批改完成] ANS_CPL_75 | 路由: POS | 最终分: 0 | 风险: P0.00/U0.00/F1.00/H0/L1 | 提取质量: 🟢high | 留白率: 0% | 低质量率: 0%
2026-07-27 05:54:05 | INFO     | 
🔍 [正在处理] ANS_CPL_77 | 启动 3WD 流水线...
2026-07-27 05:54:05 | INFO     | 📢 [总进度] 36/59 份试卷已归档。
2026-07-27 05:54:14 | INFO     | ✅ [批改完成] ANS_CPL_76 | 路由: POS | 最终分: 5.0 | 风险: P0.00/U0.00/F0.00/H0/L0 | 提取质量: 🟢high | 留白率: 0% | 低质量率: 0%
2026-07-27 05:54:14 | INFO     | 
🔍 [正在处理] ANS_CPL_78 | 启动 3WD 流水线...
2026-07-27 05:54:14 | INFO     | 📢 [总进度] 37/59 份试卷已归档。
2026-07-27 05:54:20 | INFO     | ✅ [批改完成] ANS_CPL_77 | 路由: POS | 最终分: 5.0 | 风险: P0.00/U0.00/F0.00/H0/L0 | 提取质量: 🟢high | 留白率: 0% | 低质量率: 0%
2026-07-27 05:54:20 | INFO     | 
🔍 [正在处理] ANS_CPL_79 | 启动 3WD 流水线...
2026-07-27 05:54:20 | INFO     | 📢 [总进度] 38/59 份试卷已归档。
2026-07-27 05:54:29 | INFO     | ✅ [批改完成] ANS_CPL_78 | 路由: POS | 最终分: 0 | 风险: P0.00/U0.00/F1.00/H0/L1 | 提取质量: 🟢high | 留白率: 0% | 低质量率: 0%
2026-07-27 05:54:29 | INFO     | 
🔍 [正在处理] ANS_CPL_80 | 启动 3WD 流水线...
2026-07-27 05:54:29 | INFO     | 📢 [总进度] 39/59 份试卷已归档。
2026-07-27 05:54:35 | INFO     | ✅ [批改完成] ANS_CPL_79 | 路由: POS | 最终分: 5.0 | 风险: P0.00/U0.00/F0.00/H0/L0 | 提取质量: 🟢high | 留白率: 0% | 低质量率: 0%
2026-07-27 05:54:35 | INFO     | 
🔍 [正在处理] ANS_CPL_81 | 启动 3WD 流水线...
2026-07-27 05:54:35 | INFO     | 📢 [总进度] 40/59 份试卷已归档。
2026-07-27 05:54:45 | INFO     | ✅ [批改完成] ANS_CPL_80 | 路由: POS | 最终分: 5.0 | 风险: P0.00/U0.00/F0.00/H0/L0 | 提取质量: 🟢high | 留白率: 0% | 低质量率: 0%
2026-07-27 05:54:45 | INFO     | 
🔍 [正在处理] ANS_CPL_82 | 启动 3WD 流水线...
2026-07-27 05:54:45 | INFO     | 📢 [总进度] 41/59 份试卷已归档。
2026-07-27 05:54:50 | INFO     | ✅ [批改完成] ANS_CPL_81 | 路由: POS | 最终分: 0 | 风险: P0.00/U0.00/F1.00/H0/L1 | 提取质量: 🟢high | 留白率: 0% | 低质量率: 0%
2026-07-27 05:54:50 | INFO     | 
🔍 [正在处理] ANS_CPL_83 | 启动 3WD 流水线...
2026-07-27 05:54:50 | INFO     | 📢 [总进度] 42/59 份试卷已归档。
2026-07-27 05:54:59 | INFO     | ✅ [批改完成] ANS_CPL_82 | 路由: POS | 最终分: 0 | 风险: P0.00/U0.00/F1.00/H0/L1 | 提取质量: 🟢high | 留白率: 0% | 低质量率: 0%
2026-07-27 05:54:59 | INFO     | 
🔍 [正在处理] ANS_CPL_84 | 启动 3WD 流水线...
2026-07-27 05:54:59 | INFO     | 📢 [总进度] 43/59 份试卷已归档。
2026-07-27 05:55:04 | INFO     | ✅ [批改完成] ANS_CPL_83 | 路由: POS | 最终分: 0 | 风险: P0.00/U0.00/F1.00/H0/L1 | 提取质量: 🟢high | 留白率: 0% | 低质量率: 0%
2026-07-27 05:55:04 | INFO     | 
🔍 [正在处理] ANS_CPL_85 | 启动 3WD 流水线...
2026-07-27 05:55:04 | INFO     | 📢 [总进度] 44/59 份试卷已归档。
2026-07-27 05:55:10 | INFO     | ✅ [批改完成] ANS_CPL_84 | 路由: POS | 最终分: 0 | 风险: P0.00/U0.00/F1.00/H0/L1 | 提取质量: 🟢high | 留白率: 0% | 低质量率: 0%
2026-07-27 05:55:10 | INFO     | 
🔍 [正在处理] ANS_CPL_86 | 启动 3WD 流水线...
2026-07-27 05:55:10 | INFO     | 📢 [总进度] 45/59 份试卷已归档。
2026-07-27 05:55:18 | INFO     | ✅ [批改完成] ANS_CPL_85 | 路由: POS | 最终分: 0 | 风险: P0.00/U0.00/F1.00/H0/L1 | 提取质量: 🟢high | 留白率: 0% | 低质量率: 0%
2026-07-27 05:55:18 | INFO     | 
🔍 [正在处理] ANS_CPL_87 | 启动 3WD 流水线...
2026-07-27 05:55:18 | INFO     | 📢 [总进度] 46/59 份试卷已归档。
2026-07-27 05:55:25 | INFO     | ✅ [批改完成] ANS_CPL_86 | 路由: POS | 最终分: 0 | 风险: P0.00/U0.00/F1.00/H0/L1 | 提取质量: 🟢high | 留白率: 0% | 低质量率: 0%
2026-07-27 05:55:25 | INFO     | 
🔍 [正在处理] ANS_CPL_88 | 启动 3WD 流水线...
2026-07-27 05:55:25 | INFO     | 📢 [总进度] 47/59 份试卷已归档。
2026-07-27 05:55:31 | INFO     | ✅ [批改完成] ANS_CPL_87 | 路由: POS | 最终分: 0 | 风险: P0.00/U0.00/F1.00/H0/L1 | 提取质量: 🟢high | 留白率: 0% | 低质量率: 0%
2026-07-27 05:55:31 | INFO     | 
🔍 [正在处理] ANS_CPL_89 | 启动 3WD 流水线...
2026-07-27 05:55:31 | INFO     | 📢 [总进度] 48/59 份试卷已归档。
2026-07-27 05:55:38 | INFO     | ✅ [批改完成] ANS_CPL_88 | 路由: POS | 最终分: 0 | 风险: P0.00/U0.00/F1.00/H0/L1 | 提取质量: 🟢high | 留白率: 0% | 低质量率: 0%
2026-07-27 05:55:38 | INFO     | 
🔍 [正在处理] ANS_CPL_91 | 启动 3WD 流水线...
2026-07-27 05:55:38 | INFO     | 📢 [总进度] 49/59 份试卷已归档。
2026-07-27 05:55:45 | INFO     | ✅ [批改完成] ANS_CPL_89 | 路由: POS | 最终分: 5.0 | 风险: P0.00/U0.00/F0.00/H0/L0 | 提取质量: 🟢high | 留白率: 0% | 低质量率: 0%
2026-07-27 05:55:45 | INFO     | 
🔍 [正在处理] ANS_CPL_92 | 启动 3WD 流水线...
2026-07-27 05:55:45 | INFO     | 📢 [总进度] 50/59 份试卷已归档。
2026-07-27 05:55:52 | INFO     | ✅ [批改完成] ANS_CPL_91 | 路由: POS | 最终分: 5.0 | 风险: P0.00/U0.00/F0.00/H0/L0 | 提取质量: 🟢high | 留白率: 0% | 低质量率: 0%
2026-07-27 05:55:52 | INFO     | 
🔍 [正在处理] ANS_CPL_93 | 启动 3WD 流水线...
2026-07-27 05:55:52 | INFO     | 📢 [总进度] 51/59 份试卷已归档。
2026-07-27 05:56:00 | INFO     | ✅ [批改完成] ANS_CPL_92 | 路由: POS | 最终分: 0 | 风险: P0.00/U0.00/F1.00/H0/L1 | 提取质量: 🟢high | 留白率: 0% | 低质量率: 0%
2026-07-27 05:56:00 | INFO     | 
🔍 [正在处理] ANS_CPL_94 | 启动 3WD 流水线...
2026-07-27 05:56:00 | INFO     | 📢 [总进度] 52/59 份试卷已归档。
2026-07-27 05:56:07 | INFO     | ✅ [批改完成] ANS_CPL_93 | 路由: POS | 最终分: 5.0 | 风险: P0.00/U0.00/F0.00/H0/L0 | 提取质量: 🟢high | 留白率: 0% | 低质量率: 0%
2026-07-27 05:56:07 | INFO     | 
🔍 [正在处理] ANS_CPL_95 | 启动 3WD 流水线...
2026-07-27 05:56:07 | INFO     | 📢 [总进度] 53/59 份试卷已归档。
2026-07-27 05:56:17 | INFO     | ✅ [批改完成] ANS_CPL_94 | 路由: POS | 最终分: 0 | 风险: P0.00/U0.00/F1.00/H0/L1 | 提取质量: 🟢high | 留白率: 0% | 低质量率: 0%
2026-07-27 05:56:17 | INFO     | 
🔍 [正在处理] ANS_CPL_96 | 启动 3WD 流水线...
2026-07-27 05:56:17 | INFO     | 📢 [总进度] 54/59 份试卷已归档。
2026-07-27 05:56:21 | INFO     | ✅ [批改完成] ANS_CPL_95 | 路由: POS | 最终分: 5.0 | 风险: P0.00/U0.00/F0.00/H0/L0 | 提取质量: 🟢high | 留白率: 0% | 低质量率: 0%
2026-07-27 05:56:21 | INFO     | 
🔍 [正在处理] ANS_CPL_97 | 启动 3WD 流水线...
2026-07-27 05:56:21 | INFO     | 📢 [总进度] 55/59 份试卷已归档。
2026-07-27 05:56:30 | INFO     | ✅ [批改完成] ANS_CPL_96 | 路由: POS | 最终分: 5.0 | 风险: P0.00/U0.00/F0.00/H0/L0 | 提取质量: 🟢high | 留白率: 0% | 低质量率: 0%
2026-07-27 05:56:30 | INFO     | 
🔍 [正在处理] ANS_CPL_98 | 启动 3WD 流水线...
2026-07-27 05:56:30 | INFO     | 📢 [总进度] 56/59 份试卷已归档。
2026-07-27 05:56:32 | INFO     | ✅ [批改完成] ANS_CPL_97 | 路由: POS | 最终分: 5.0 | 风险: P0.00/U0.00/F0.00/H0/L0 | 提取质量: 🟢high | 留白率: 0% | 低质量率: 0%
2026-07-27 05:56:32 | INFO     | 
🔍 [正在处理] ANS_CPL_99 | 启动 3WD 流水线...
2026-07-27 05:56:32 | INFO     | 📢 [总进度] 57/59 份试卷已归档。
2026-07-27 05:56:46 | INFO     | ✅ [批改完成] ANS_CPL_98 | 路由: POS | 最终分: 5.0 | 风险: P0.00/U0.00/F0.00/H0/L0 | 提取质量: 🟢high | 留白率: 0% | 低质量率: 0%
2026-07-27 05:56:46 | INFO     | 📢 [总进度] 58/59 份试卷已归档。
2026-07-27 05:56:50 | INFO     | ✅ [批改完成] ANS_CPL_99 | 路由: POS | 最终分: 5.0 | 风险: P0.00/U0.00/F0.00/H0/L0 | 提取质量: 🟢high | 留白率: 0% | 低质量率: 0%
2026-07-27 05:56:50 | INFO     | 📢 [总进度] 59/59 份试卷已归档。
2026-07-27 05:56:50 | INFO     | 🗂️ 所有线程交卷完毕，正在整理数据... (共收集 59/59 份结果)
2026-07-27 05:56:50 | INFO     | 💾 正常批改结果已保存: D:\users\王鑫020420\Desktop\refgrader-main\results_runs\csbench_cpl1_cpl2_cpl3_cpl4_cpl5_cpl6_cpl7_cpl8_all\runs\teacher_audit_cpl_1_8_20260725_192008\CPL_2_graded_results.json (59 人)
2026-07-27 05:56:50 | INFO     | ✅ 无拒绝域案例。
2026-07-27 05:56:50 | INFO     | [result consistency] CPL_2: checkpoint=59, graded=59, rejected=0, failed=0, expected=59
2026-07-27 05:56:50 | INFO     | 
🚀 [标准模式] 开始处理: CPL_3
2026-07-27 05:56:50 | INFO     | ⚡ 已加载本地标准: D:\users\王鑫020420\Desktop\refgrader-main\data\csbench\rubrics\optimized\CPL\CPL_3_rubric_standard.json
2026-07-27 05:56:58 | INFO     | ⚡ 脱敏清单已预生成，59 名学生共享复用。
2026-07-27 05:56:58 | INFO     | 🏃 开始批改 59 张试卷 (⚡ 开启多线程模式)...
2026-07-27 05:56:58 | INFO     | 
🔍 [正在处理] ANS_CPL_121 | 启动 3WD 流水线...
2026-07-27 05:56:58 | INFO     | 
🔍 [正在处理] ANS_CPL_122 | 启动 3WD 流水线...
2026-07-27 05:56:58 | INFO     | ⏳ [主线程] 已提交 59 个任务，等待结果回收...
2026-07-27 05:57:27 | INFO     | ✅ [批改完成] ANS_CPL_121 | 路由: POS | 最终分: 9.3 | 风险: P0.00/U0.05/F0.10/H0/L0 | 提取质量: 🟢high | 留白率: 0% | 低质量率: 0%
2026-07-27 05:57:27 | INFO     | 
🔍 [正在处理] ANS_CPL_123 | 启动 3WD 流水线...
2026-07-27 05:57:27 | INFO     | 📢 [总进度] 1/59 份试卷已归档。
2026-07-27 05:57:28 | INFO     | ✅ [批改完成] ANS_CPL_122 | 路由: POS | 最终分: 10.0 | 风险: P0.00/U0.00/F0.00/H0/L0 | 提取质量: 🟢high | 留白率: 0% | 低质量率: 0%
2026-07-27 05:57:28 | INFO     | 
🔍 [正在处理] ANS_CPL_124 | 启动 3WD 流水线...
2026-07-27 05:57:28 | INFO     | 📢 [总进度] 2/59 份试卷已归档。
2026-07-27 05:57:54 | INFO     | ✅ [批改完成] ANS_CPL_123 | 路由: POS | 最终分: 10.0 | 风险: P0.00/U0.00/F0.00/H0/L0 | 提取质量: 🟢high | 留白率: 0% | 低质量率: 0%
2026-07-27 05:57:54 | INFO     | 
🔍 [正在处理] ANS_CPL_125 | 启动 3WD 流水线...
2026-07-27 05:57:54 | INFO     | 📢 [总进度] 3/59 份试卷已归档。
2026-07-27 05:57:56 | INFO     | ✅ [批改完成] ANS_CPL_124 | 路由: POS | 最终分: 10.0 | 风险: P0.00/U0.00/F0.00/H0/L0 | 提取质量: 🟢high | 留白率: 0% | 低质量率: 0%
2026-07-27 05:57:56 | INFO     | 
🔍 [正在处理] ANS_CPL_126 | 启动 3WD 流水线...
2026-07-27 05:57:56 | INFO     | 📢 [总进度] 4/59 份试卷已归档。
2026-07-27 05:58:31 | INFO     | ✅ [批改完成] ANS_CPL_125 | 路由: POS | 最终分: 9.2 | 风险: P0.00/U0.02/F0.10/H0/L0 | 提取质量: 🟢high | 留白率: 0% | 低质量率: 0%
2026-07-27 05:58:31 | INFO     | 
🔍 [正在处理] ANS_CPL_127 | 启动 3WD 流水线...
2026-07-27 05:58:31 | INFO     | 📢 [总进度] 5/59 份试卷已归档。
2026-07-27 05:58:42 | INFO     | ✅ [批改完成] ANS_CPL_126 | 路由: BND | 最终分: 5.0 | 风险: P0.00/U0.14/F0.40/H0/L0 | 提取质量: 🟢high | 留白率: 0% | 低质量率: 0%
2026-07-27 05:58:42 | INFO     | 
🔍 [正在处理] ANS_CPL_128 | 启动 3WD 流水线...
2026-07-27 05:58:42 | INFO     | 📢 [总进度] 6/59 份试卷已归档。
2026-07-27 05:59:04 | INFO     | ✅ [批改完成] ANS_CPL_127 | 路由: POS | 最终分: 10.0 | 风险: P0.00/U0.00/F0.00/H0/L0 | 提取质量: 🟢high | 留白率: 0% | 低质量率: 0%
2026-07-27 05:59:04 | INFO     | 
🔍 [正在处理] ANS_CPL_129 | 启动 3WD 流水线...
2026-07-27 05:59:04 | INFO     | 📢 [总进度] 7/59 份试卷已归档。
2026-07-27 05:59:29 | INFO     | ✅ [批改完成] ANS_CPL_128 | 路由: BND | 最终分: 2.2 | 风险: P0.00/U0.21/F0.60/H0/L1 | 提取质量: 🟢high | 留白率: 0% | 低质量率: 0%
2026-07-27 05:59:29 | INFO     | 
🔍 [正在处理] ANS_CPL_130 | 启动 3WD 流水线...
2026-07-27 05:59:29 | INFO     | 📢 [总进度] 8/59 份试卷已归档。
2026-07-27 05:59:31 | INFO     | ✅ [批改完成] ANS_CPL_129 | 路由: POS | 最终分: 10.0 | 风险: P0.00/U0.00/F0.00/H0/L0 | 提取质量: 🟢high | 留白率: 0% | 低质量率: 0%
2026-07-27 05:59:31 | INFO     | 
🔍 [正在处理] ANS_CPL_131 | 启动 3WD 流水线...
2026-07-27 05:59:31 | INFO     | 📢 [总进度] 9/59 份试卷已归档。
2026-07-27 05:59:55 | INFO     | ✅ [批改完成] ANS_CPL_130 | 路由: NEG | 最终分: 0 | 风险: P0.80/U0.00/F0.00/H0/L0 | 提取质量: 🟡low | 留白率: 100% | 低质量率: 0%
2026-07-27 05:59:55 | INFO     | 
🔍 [正在处理] ANS_CPL_132 | 启动 3WD 流水线...
2026-07-27 05:59:55 | INFO     | 📢 [总进度] 10/59 份试卷已归档 [NEG-拒绝]。
2026-07-27 05:59:56 | INFO     | ✅ [批改完成] ANS_CPL_131 | 路由: POS | 最终分: 10.0 | 风险: P0.00/U0.00/F0.00/H0/L0 | 提取质量: 🟢high | 留白率: 0% | 低质量率: 0%
2026-07-27 05:59:56 | INFO     | 
🔍 [正在处理] ANS_CPL_133 | 启动 3WD 流水线...
2026-07-27 05:59:56 | INFO     | 📢 [总进度] 11/59 份试卷已归档。
2026-07-27 06:00:21 | INFO     | ✅ [批改完成] ANS_CPL_132 | 路由: POS | 最终分: 10.0 | 风险: P0.00/U0.00/F0.00/H0/L0 | 提取质量: 🟢high | 留白率: 0% | 低质量率: 0%
2026-07-27 06:00:21 | INFO     | 
🔍 [正在处理] ANS_CPL_134 | 启动 3WD 流水线...
2026-07-27 06:00:21 | INFO     | 📢 [总进度] 12/59 份试卷已归档。
2026-07-27 06:00:22 | INFO     | ✅ [批改完成] ANS_CPL_133 | 路由: NEG | 最终分: 0 | 风险: P0.80/U0.00/F0.00/H0/L0 | 提取质量: 🟡low | 留白率: 100% | 低质量率: 0%
2026-07-27 06:00:22 | INFO     | 
🔍 [正在处理] ANS_CPL_135 | 启动 3WD 流水线...
2026-07-27 06:00:22 | INFO     | 📢 [总进度] 13/59 份试卷已归档 [NEG-拒绝]。
2026-07-27 06:00:46 | INFO     | ✅ [批改完成] ANS_CPL_134 | 路由: POS | 最终分: 10.0 | 风险: P0.00/U0.00/F0.00/H0/L0 | 提取质量: 🟢high | 留白率: 0% | 低质量率: 0%
2026-07-27 06:00:46 | INFO     | 
🔍 [正在处理] ANS_CPL_136 | 启动 3WD 流水线...
2026-07-27 06:00:46 | INFO     | 📢 [总进度] 14/59 份试卷已归档。
2026-07-27 06:00:50 | INFO     | ✅ [批改完成] ANS_CPL_135 | 路由: POS | 最终分: 10.0 | 风险: P0.00/U0.00/F0.00/H0/L0 | 提取质量: 🟢high | 留白率: 0% | 低质量率: 0%
2026-07-27 06:00:50 | INFO     | 
🔍 [正在处理] ANS_CPL_137 | 启动 3WD 流水线...
2026-07-27 06:00:50 | INFO     | 📢 [总进度] 15/59 份试卷已归档。
2026-07-27 06:01:12 | INFO     | ✅ [批改完成] ANS_CPL_136 | 路由: POS | 最终分: 10.0 | 风险: P0.00/U0.00/F0.00/H0/L0 | 提取质量: 🟢high | 留白率: 0% | 低质量率: 0%
2026-07-27 06:01:12 | INFO     | 
🔍 [正在处理] ANS_CPL_138 | 启动 3WD 流水线...
2026-07-27 06:01:12 | INFO     | 📢 [总进度] 16/59 份试卷已归档。
2026-07-27 06:01:17 | INFO     | ✅ [批改完成] ANS_CPL_137 | 路由: POS | 最终分: 10.0 | 风险: P0.00/U0.00/F0.00/H0/L0 | 提取质量: 🟢high | 留白率: 0% | 低质量率: 0%
2026-07-27 06:01:17 | INFO     | 
🔍 [正在处理] ANS_CPL_139 | 启动 3WD 流水线...
2026-07-27 06:01:17 | INFO     | 📢 [总进度] 17/59 份试卷已归档。
2026-07-27 06:01:39 | INFO     | ✅ [批改完成] ANS_CPL_138 | 路由: POS | 最终分: 10.0 | 风险: P0.00/U0.00/F0.00/H0/L0 | 提取质量: 🟢high | 留白率: 0% | 低质量率: 0%
2026-07-27 06:01:39 | INFO     | 
🔍 [正在处理] ANS_CPL_140 | 启动 3WD 流水线...
2026-07-27 06:01:39 | INFO     | 📢 [总进度] 18/59 份试卷已归档。
2026-07-27 06:01:44 | INFO     | ✅ [批改完成] ANS_CPL_139 | 路由: POS | 最终分: 10.0 | 风险: P0.00/U0.00/F0.00/H0/L0 | 提取质量: 🟢high | 留白率: 0% | 低质量率: 0%
2026-07-27 06:01:44 | INFO     | 
🔍 [正在处理] ANS_CPL_141 | 启动 3WD 流水线...
2026-07-27 06:01:44 | INFO     | 📢 [总进度] 19/59 份试卷已归档。
2026-07-27 06:02:04 | INFO     | ✅ [批改完成] ANS_CPL_140 | 路由: POS | 最终分: 10.0 | 风险: P0.00/U0.00/F0.00/H0/L0 | 提取质量: 🟢high | 留白率: 0% | 低质量率: 0%
2026-07-27 06:02:04 | INFO     | 
🔍 [正在处理] ANS_CPL_142 | 启动 3WD 流水线...
2026-07-27 06:02:04 | INFO     | 📢 [总进度] 20/59 份试卷已归档。
2026-07-27 06:02:12 | INFO     | ✅ [批改完成] ANS_CPL_141 | 路由: POS | 最终分: 10.0 | 风险: P0.00/U0.00/F0.00/H0/L0 | 提取质量: 🟢high | 留白率: 0% | 低质量率: 0%
2026-07-27 06:02:12 | INFO     | 
🔍 [正在处理] ANS_CPL_143 | 启动 3WD 流水线...
2026-07-27 06:02:12 | INFO     | 📢 [总进度] 21/59 份试卷已归档。
2026-07-27 06:02:30 | INFO     | ✅ [批改完成] ANS_CPL_142 | 路由: POS | 最终分: 10.0 | 风险: P0.00/U0.00/F0.00/H0/L0 | 提取质量: 🟢high | 留白率: 0% | 低质量率: 0%
2026-07-27 06:02:30 | INFO     | 
🔍 [正在处理] ANS_CPL_145 | 启动 3WD 流水线...
2026-07-27 06:02:30 | INFO     | 📢 [总进度] 22/59 份试卷已归档。
2026-07-27 06:02:37 | INFO     | ✅ [批改完成] ANS_CPL_143 | 路由: POS | 最终分: 10.0 | 风险: P0.00/U0.00/F0.00/H0/L0 | 提取质量: 🟢high | 留白率: 0% | 低质量率: 0%
2026-07-27 06:02:37 | INFO     | 
🔍 [正在处理] ANS_CPL_146 | 启动 3WD 流水线...
2026-07-27 06:02:37 | INFO     | 📢 [总进度] 23/59 份试卷已归档。
2026-07-27 06:03:03 | INFO     | ✅ [批改完成] ANS_CPL_145 | 路由: BND | 最终分: 0 | 风险: P0.48/U0.00/F0.40/H0/L0 | 提取质量: 🟡low | 留白率: 60% | 低质量率: 0%
2026-07-27 06:03:03 | INFO     | 
🔍 [正在处理] ANS_CPL_147 | 启动 3WD 流水线...
2026-07-27 06:03:03 | INFO     | 📢 [总进度] 24/59 份试卷已归档。
2026-07-27 06:03:05 | INFO     | ✅ [批改完成] ANS_CPL_146 | 路由: POS | 最终分: 10.0 | 风险: P0.00/U0.00/F0.00/H0/L0 | 提取质量: 🟢high | 留白率: 0% | 低质量率: 0%
2026-07-27 06:03:05 | INFO     | 
🔍 [正在处理] ANS_CPL_148 | 启动 3WD 流水线...
2026-07-27 06:03:05 | INFO     | 📢 [总进度] 25/59 份试卷已归档。
2026-07-27 06:03:29 | INFO     | ✅ [批改完成] ANS_CPL_148 | 路由: POS | 最终分: 10.0 | 风险: P0.00/U0.00/F0.00/H0/L0 | 提取质量: 🟢high | 留白率: 0% | 低质量率: 0%
2026-07-27 06:03:29 | INFO     | 
🔍 [正在处理] ANS_CPL_149 | 启动 3WD 流水线...
2026-07-27 06:03:29 | INFO     | 📢 [总进度] 26/59 份试卷已归档。
2026-07-27 06:03:36 | INFO     | ✅ [批改完成] ANS_CPL_147 | 路由: BND | 最终分: 0 | 风险: P0.64/U0.00/F0.20/H0/L0 | 提取质量: 🟡low | 留白率: 80% | 低质量率: 0%
2026-07-27 06:03:36 | INFO     | 
🔍 [正在处理] ANS_CPL_150 | 启动 3WD 流水线...
2026-07-27 06:03:36 | INFO     | 📢 [总进度] 27/59 份试卷已归档。
2026-07-27 06:03:57 | INFO     | ✅ [批改完成] ANS_CPL_149 | 路由: POS | 最终分: 9.0 | 风险: P0.00/U0.00/F0.10/H0/L0 | 提取质量: 🟢high | 留白率: 0% | 低质量率: 0%
2026-07-27 06:03:57 | INFO     | 
🔍 [正在处理] ANS_CPL_151 | 启动 3WD 流水线...
2026-07-27 06:03:57 | INFO     | 📢 [总进度] 28/59 份试卷已归档。
2026-07-27 06:04:03 | INFO     | ✅ [批改完成] ANS_CPL_150 | 路由: POS | 最终分: 10.0 | 风险: P0.00/U0.00/F0.00/H0/L0 | 提取质量: 🟢high | 留白率: 0% | 低质量率: 0%
2026-07-27 06:04:03 | INFO     | 
🔍 [正在处理] ANS_CPL_152 | 启动 3WD 流水线...
2026-07-27 06:04:03 | INFO     | 📢 [总进度] 29/59 份试卷已归档。
2026-07-27 06:04:25 | INFO     | ✅ [批改完成] ANS_CPL_151 | 路由: POS | 最终分: 10.0 | 风险: P0.00/U0.00/F0.00/H0/L0 | 提取质量: 🟢high | 留白率: 0% | 低质量率: 0%
2026-07-27 06:04:25 | INFO     | 
🔍 [正在处理] ANS_CPL_153 | 启动 3WD 流水线...
2026-07-27 06:04:25 | INFO     | 📢 [总进度] 30/59 份试卷已归档。
2026-07-27 06:04:37 | INFO     | ✅ [批改完成] ANS_CPL_152 | 路由: BND | 最终分: 2.0 | 风险: P0.64/U0.00/F0.00/H0/L0 | 提取质量: 🟡low | 留白率: 80% | 低质量率: 0%
2026-07-27 06:04:37 | INFO     | 
🔍 [正在处理] ANS_CPL_154 | 启动 3WD 流水线...
2026-07-27 06:04:37 | INFO     | 📢 [总进度] 31/59 份试卷已归档。
2026-07-27 06:04:54 | INFO     | ✅ [批改完成] ANS_CPL_153 | 路由: POS | 最终分: 10.0 | 风险: P0.00/U0.00/F0.00/H0/L0 | 提取质量: 🟢high | 留白率: 0% | 低质量率: 0%
2026-07-27 06:04:54 | INFO     | 
🔍 [正在处理] ANS_CPL_155 | 启动 3WD 流水线...
2026-07-27 06:04:54 | INFO     | 📢 [总进度] 32/59 份试卷已归档。
2026-07-27 06:05:11 | INFO     | ✅ [批改完成] ANS_CPL_154 | 路由: BND | 最终分: 0 | 风险: P0.64/U0.00/F0.20/H0/L0 | 提取质量: 🟡low | 留白率: 80% | 低质量率: 0%
2026-07-27 06:05:11 | INFO     | 
🔍 [正在处理] ANS_CPL_156 | 启动 3WD 流水线...
2026-07-27 06:05:11 | INFO     | 📢 [总进度] 33/59 份试卷已归档。
2026-07-27 06:05:19 | INFO     | ✅ [批改完成] ANS_CPL_155 | 路由: POS | 最终分: 10.0 | 风险: P0.00/U0.00/F0.00/H0/L0 | 提取质量: 🟢high | 留白率: 0% | 低质量率: 0%
2026-07-27 06:05:19 | INFO     | 
🔍 [正在处理] ANS_CPL_157 | 启动 3WD 流水线...
2026-07-27 06:05:19 | INFO     | 📢 [总进度] 34/59 份试卷已归档。
2026-07-27 06:05:37 | INFO     | ✅ [批改完成] ANS_CPL_156 | 路由: POS | 最终分: 10.0 | 风险: P0.00/U0.00/F0.00/H0/L0 | 提取质量: 🟢high | 留白率: 0% | 低质量率: 0%
2026-07-27 06:05:37 | INFO     | 
🔍 [正在处理] ANS_CPL_158 | 启动 3WD 流水线...
2026-07-27 06:05:37 | INFO     | 📢 [总进度] 35/59 份试卷已归档。
2026-07-27 06:05:44 | INFO     | ✅ [批改完成] ANS_CPL_157 | 路由: POS | 最终分: 10.0 | 风险: P0.00/U0.00/F0.00/H0/L0 | 提取质量: 🟢high | 留白率: 0% | 低质量率: 0%
2026-07-27 06:05:44 | INFO     | 
🔍 [正在处理] ANS_CPL_159 | 启动 3WD 流水线...
2026-07-27 06:05:44 | INFO     | 📢 [总进度] 36/59 份试卷已归档。
2026-07-27 06:06:03 | INFO     | ✅ [批改完成] ANS_CPL_158 | 路由: POS | 最终分: 10.0 | 风险: P0.00/U0.00/F0.00/H0/L0 | 提取质量: 🟢high | 留白率: 0% | 低质量率: 0%
2026-07-27 06:06:03 | INFO     | 
🔍 [正在处理] ANS_CPL_160 | 启动 3WD 流水线...
2026-07-27 06:06:03 | INFO     | 📢 [总进度] 37/59 份试卷已归档。
2026-07-27 06:06:10 | INFO     | ✅ [批改完成] ANS_CPL_159 | 路由: POS | 最终分: 10.0 | 风险: P0.00/U0.00/F0.00/H0/L0 | 提取质量: 🟢high | 留白率: 0% | 低质量率: 0%
2026-07-27 06:06:10 | INFO     | 
🔍 [正在处理] ANS_CPL_161 | 启动 3WD 流水线...
2026-07-27 06:06:10 | INFO     | 📢 [总进度] 38/59 份试卷已归档。
2026-07-27 06:06:32 | INFO     | ✅ [批改完成] ANS_CPL_160 | 路由: POS | 最终分: 10.0 | 风险: P0.00/U0.00/F0.00/H0/L0 | 提取质量: 🟢high | 留白率: 0% | 低质量率: 0%
2026-07-27 06:06:32 | INFO     | 
🔍 [正在处理] ANS_CPL_162 | 启动 3WD 流水线...
2026-07-27 06:06:32 | INFO     | 📢 [总进度] 39/59 份试卷已归档。
2026-07-27 06:06:42 | INFO     | ✅ [批改完成] ANS_CPL_161 | 路由: BND | 最终分: 0 | 风险: P0.64/U0.00/F0.20/H0/L0 | 提取质量: 🟡low | 留白率: 80% | 低质量率: 0%
2026-07-27 06:06:42 | INFO     | 
🔍 [正在处理] ANS_CPL_163 | 启动 3WD 流水线...
2026-07-27 06:06:42 | INFO     | 📢 [总进度] 40/59 份试卷已归档。
2026-07-27 06:07:03 | INFO     | ✅ [批改完成] ANS_CPL_162 | 路由: BND | 最终分: 2.0 | 风险: P0.64/U0.00/F0.00/H0/L0 | 提取质量: 🟡low | 留白率: 80% | 低质量率: 0%
2026-07-27 06:07:03 | INFO     | 
🔍 [正在处理] ANS_CPL_164 | 启动 3WD 流水线...
2026-07-27 06:07:03 | INFO     | 📢 [总进度] 41/59 份试卷已归档。
2026-07-27 06:07:11 | INFO     | ✅ [批改完成] ANS_CPL_163 | 路由: POS | 最终分: 10.0 | 风险: P0.00/U0.00/F0.00/H0/L0 | 提取质量: 🟢high | 留白率: 0% | 低质量率: 0%
2026-07-27 06:07:11 | INFO     | 
🔍 [正在处理] ANS_CPL_165 | 启动 3WD 流水线...
2026-07-27 06:07:11 | INFO     | 📢 [总进度] 42/59 份试卷已归档。
2026-07-27 06:07:31 | INFO     | ✅ [批改完成] ANS_CPL_164 | 路由: POS | 最终分: 10.0 | 风险: P0.00/U0.00/F0.00/H0/L0 | 提取质量: 🟢high | 留白率: 0% | 低质量率: 0%
2026-07-27 06:07:31 | INFO     | 
🔍 [正在处理] ANS_CPL_166 | 启动 3WD 流水线...
2026-07-27 06:07:31 | INFO     | 📢 [总进度] 43/59 份试卷已归档。
2026-07-27 06:07:37 | INFO     | ✅ [批改完成] ANS_CPL_165 | 路由: POS | 最终分: 10.0 | 风险: P0.00/U0.00/F0.00/H0/L0 | 提取质量: 🟢high | 留白率: 0% | 低质量率: 0%
2026-07-27 06:07:37 | INFO     | 
🔍 [正在处理] ANS_CPL_167 | 启动 3WD 流水线...
2026-07-27 06:07:37 | INFO     | 📢 [总进度] 44/59 份试卷已归档。
2026-07-27 06:07:58 | INFO     | ✅ [批改完成] ANS_CPL_166 | 路由: POS | 最终分: 10.0 | 风险: P0.00/U0.00/F0.00/H0/L0 | 提取质量: 🟢high | 留白率: 0% | 低质量率: 0%
2026-07-27 06:07:58 | INFO     | 
🔍 [正在处理] ANS_CPL_168 | 启动 3WD 流水线...
2026-07-27 06:07:58 | INFO     | 📢 [总进度] 45/59 份试卷已归档。
2026-07-27 06:08:04 | INFO     | ✅ [批改完成] ANS_CPL_167 | 路由: POS | 最终分: 10.0 | 风险: P0.00/U0.00/F0.00/H0/L0 | 提取质量: 🟢high | 留白率: 0% | 低质量率: 0%
2026-07-27 06:08:04 | INFO     | 
🔍 [正在处理] ANS_CPL_169 | 启动 3WD 流水线...
2026-07-27 06:08:04 | INFO     | 📢 [总进度] 46/59 份试卷已归档。
2026-07-27 06:08:30 | INFO     | ✅ [批改完成] ANS_CPL_168 | 路由: BND | 最终分: 1.0 | 风险: P0.64/U0.00/F0.10/H0/L0 | 提取质量: 🟡low | 留白率: 80% | 低质量率: 0%
2026-07-27 06:08:30 | INFO     | 
🔍 [正在处理] ANS_CPL_170 | 启动 3WD 流水线...
2026-07-27 06:08:30 | INFO     | 📢 [总进度] 47/59 份试卷已归档。
2026-07-27 06:08:34 | INFO     | ✅ [批改完成] ANS_CPL_169 | 路由: NEG | 最终分: 1.3 | 风险: P0.64/U0.05/F0.10/H0/L0 | 提取质量: 🟡low | 留白率: 80% | 低质量率: 0%
2026-07-27 06:08:34 | INFO     | 
🔍 [正在处理] ANS_CPL_171 | 启动 3WD 流水线...
2026-07-27 06:08:34 | INFO     | 📢 [总进度] 48/59 份试卷已归档 [NEG-拒绝]。
2026-07-27 06:08:56 | INFO     | ✅ [批改完成] ANS_CPL_170 | 路由: POS | 最终分: 10.0 | 风险: P0.00/U0.00/F0.00/H0/L0 | 提取质量: 🟢high | 留白率: 0% | 低质量率: 0%
2026-07-27 06:08:56 | INFO     | 
🔍 [正在处理] ANS_CPL_172 | 启动 3WD 流水线...
2026-07-27 06:08:56 | INFO     | 📢 [总进度] 49/59 份试卷已归档。
2026-07-27 06:09:05 | INFO     | ✅ [批改完成] ANS_CPL_171 | 路由: BND | 最终分: 0 | 风险: P0.64/U0.00/F0.20/H0/L0 | 提取质量: 🟡low | 留白率: 80% | 低质量率: 0%
2026-07-27 06:09:05 | INFO     | 
🔍 [正在处理] ANS_CPL_173 | 启动 3WD 流水线...
2026-07-27 06:09:05 | INFO     | 📢 [总进度] 50/59 份试卷已归档。
2026-07-27 06:09:23 | INFO     | ✅ [批改完成] ANS_CPL_172 | 路由: POS | 最终分: 10.0 | 风险: P0.00/U0.00/F0.00/H0/L0 | 提取质量: 🟢high | 留白率: 0% | 低质量率: 0%
2026-07-27 06:09:23 | INFO     | 
🔍 [正在处理] ANS_CPL_174 | 启动 3WD 流水线...
2026-07-27 06:09:23 | INFO     | 📢 [总进度] 51/59 份试卷已归档。
2026-07-27 06:09:31 | INFO     | ✅ [批改完成] ANS_CPL_173 | 路由: POS | 最终分: 10.0 | 风险: P0.00/U0.00/F0.00/H0/L0 | 提取质量: 🟢high | 留白率: 0% | 低质量率: 0%
2026-07-27 06:09:31 | INFO     | 
🔍 [正在处理] ANS_CPL_175 | 启动 3WD 流水线...
2026-07-27 06:09:31 | INFO     | 📢 [总进度] 52/59 份试卷已归档。
2026-07-27 06:09:50 | INFO     | ✅ [批改完成] ANS_CPL_174 | 路由: POS | 最终分: 10.0 | 风险: P0.00/U0.00/F0.00/H0/L0 | 提取质量: 🟢high | 留白率: 0% | 低质量率: 0%
2026-07-27 06:09:50 | INFO     | 
🔍 [正在处理] ANS_CPL_176 | 启动 3WD 流水线...
2026-07-27 06:09:50 | INFO     | 📢 [总进度] 53/59 份试卷已归档。
2026-07-27 06:09:58 | INFO     | ✅ [批改完成] ANS_CPL_175 | 路由: POS | 最终分: 10.0 | 风险: P0.00/U0.00/F0.00/H0/L0 | 提取质量: 🟢high | 留白率: 0% | 低质量率: 0%
2026-07-27 06:09:58 | INFO     | 
🔍 [正在处理] ANS_CPL_177 | 启动 3WD 流水线...
2026-07-27 06:09:58 | INFO     | 📢 [总进度] 54/59 份试卷已归档。
2026-07-27 06:10:18 | INFO     | ✅ [批改完成] ANS_CPL_176 | 路由: POS | 最终分: 10.0 | 风险: P0.00/U0.00/F0.00/H0/L0 | 提取质量: 🟢high | 留白率: 0% | 低质量率: 0%
2026-07-27 06:10:18 | INFO     | 
🔍 [正在处理] ANS_CPL_178 | 启动 3WD 流水线...
2026-07-27 06:10:18 | INFO     | 📢 [总进度] 55/59 份试卷已归档。
2026-07-27 06:10:29 | INFO     | ✅ [批改完成] ANS_CPL_177 | 路由: POS | 最终分: 10.0 | 风险: P0.00/U0.00/F0.00/H0/L0 | 提取质量: 🟢high | 留白率: 0% | 低质量率: 0%
2026-07-27 06:10:29 | INFO     | 
🔍 [正在处理] ANS_CPL_179 | 启动 3WD 流水线...
2026-07-27 06:10:29 | INFO     | 📢 [总进度] 56/59 份试卷已归档。
2026-07-27 06:10:58 | INFO     | ✅ [批改完成] ANS_CPL_178 | 路由: POS | 最终分: 9.3 | 风险: P0.00/U0.05/F0.10/H0/L0 | 提取质量: 🟢high | 留白率: 0% | 低质量率: 0%
2026-07-27 06:10:58 | INFO     | 
🔍 [正在处理] ANS_CPL_180 | 启动 3WD 流水线...
2026-07-27 06:10:58 | INFO     | 📢 [总进度] 57/59 份试卷已归档。
2026-07-27 06:11:08 | INFO     | ✅ [批改完成] ANS_CPL_179 | 路由: POS | 最终分: 10.0 | 风险: P0.00/U0.00/F0.00/H0/L0 | 提取质量: 🟢high | 留白率: 0% | 低质量率: 0%
2026-07-27 06:11:08 | INFO     | 📢 [总进度] 58/59 份试卷已归档。
2026-07-27 06:11:36 | INFO     | ✅ [批改完成] ANS_CPL_180 | 路由: POS | 最终分: 10.0 | 风险: P0.00/U0.00/F0.00/H0/L0 | 提取质量: 🟢high | 留白率: 0% | 低质量率: 0%
2026-07-27 06:11:36 | INFO     | 📢 [总进度] 59/59 份试卷已归档。
2026-07-27 06:11:36 | INFO     | 🗂️ 所有线程交卷完毕，正在整理数据... (共收集 59/59 份结果)
2026-07-27 06:11:36 | INFO     | 💾 正常批改结果已保存: D:\users\王鑫020420\Desktop\refgrader-main\results_runs\csbench_cpl1_cpl2_cpl3_cpl4_cpl5_cpl6_cpl7_cpl8_all\runs\teacher_audit_cpl_1_8_20260725_192008\CPL_3_graded_results.json (56 人)
2026-07-27 06:11:36 | INFO     | 🛑 拒绝域结果已单独保存: D:\users\王鑫020420\Desktop\refgrader-main\results_runs\csbench_cpl1_cpl2_cpl3_cpl4_cpl5_cpl6_cpl7_cpl8_all\runs\teacher_audit_cpl_1_8_20260725_192008\CPL_3_rejected.json (3 人)
2026-07-27 06:11:36 | INFO     | [result consistency] CPL_3: checkpoint=59, graded=56, rejected=3, failed=0, expected=59
2026-07-27 06:11:36 | INFO     | 
🚀 [标准模式] 开始处理: CPL_4
2026-07-27 06:11:36 | INFO     | ⚡ 已加载本地标准: D:\users\王鑫020420\Desktop\refgrader-main\data\csbench\rubrics\optimized\CPL\CPL_4_rubric_standard.json
2026-07-27 06:11:42 | INFO     | ⚡ 脱敏清单已预生成，59 名学生共享复用。
2026-07-27 06:11:42 | INFO     | 🏃 开始批改 59 张试卷 (⚡ 开启多线程模式)...
2026-07-27 06:11:42 | INFO     | 
🔍 [正在处理] ANS_CPL_181 | 启动 3WD 流水线...
2026-07-27 06:11:42 | INFO     | 
🔍 [正在处理] ANS_CPL_182 | 启动 3WD 流水线...
2026-07-27 06:11:42 | INFO     | ⏳ [主线程] 已提交 59 个任务，等待结果回收...
2026-07-27 06:12:02 | INFO     | ✅ [批改完成] ANS_CPL_181 | 路由: POS | 最终分: 10.0 | 风险: P0.00/U0.00/F0.00/H0/L0 | 提取质量: 🟢high | 留白率: 0% | 低质量率: 0%
2026-07-27 06:12:02 | INFO     | 
🔍 [正在处理] ANS_CPL_183 | 启动 3WD 流水线...
2026-07-27 06:12:02 | INFO     | 📢 [总进度] 1/59 份试卷已归档。
2026-07-27 06:12:18 | INFO     | ✅ [批改完成] ANS_CPL_182 | 路由: BND | 最终分: 6.7 | 风险: P0.00/U0.34/F0.00/H0/L1 | 提取质量: 🟢high | 留白率: 0% | 低质量率: 0%
2026-07-27 06:12:18 | INFO     | 
🔍 [正在处理] ANS_CPL_184 | 启动 3WD 流水线...
2026-07-27 06:12:18 | INFO     | 📢 [总进度] 2/59 份试卷已归档。
2026-07-27 06:12:21 | INFO     | ✅ [批改完成] ANS_CPL_183 | 路由: POS | 最终分: 10.0 | 风险: P0.00/U0.00/F0.00/H0/L0 | 提取质量: 🟢high | 留白率: 0% | 低质量率: 0%
2026-07-27 06:12:21 | INFO     | 
🔍 [正在处理] ANS_CPL_185 | 启动 3WD 流水线...
2026-07-27 06:12:21 | INFO     | 📢 [总进度] 3/59 份试卷已归档。
2026-07-27 06:12:43 | INFO     | ✅ [批改完成] ANS_CPL_184 | 路由: BND | 最终分: 3.3 | 风险: P0.00/U0.47/F0.00/H0/L1 | 提取质量: 🟢high | 留白率: 0% | 低质量率: 0%
2026-07-27 06:12:43 | INFO     | 
🔍 [正在处理] ANS_CPL_186 | 启动 3WD 流水线...
2026-07-27 06:12:43 | INFO     | 📢 [总进度] 4/59 份试卷已归档。
2026-07-27 06:12:52 | INFO     | ✅ [批改完成] ANS_CPL_185 | 路由: BND | 最终分: 6.0 | 风险: P0.00/U0.21/F0.25/H0/L1 | 提取质量: 🟢high | 留白率: 0% | 低质量率: 0%
2026-07-27 06:12:52 | INFO     | 
🔍 [正在处理] ANS_CPL_187 | 启动 3WD 流水线...
2026-07-27 06:12:52 | INFO     | 📢 [总进度] 5/59 份试卷已归档。
2026-07-27 06:13:05 | INFO     | ✅ [批改完成] ANS_CPL_186 | 路由: NEG | 最终分: 1.8 | 风险: P0.60/U0.22/F0.00/H0/L0 | 提取质量: 🟡low | 留白率: 75% | 低质量率: 0%
2026-07-27 06:13:05 | INFO     | 
🔍 [正在处理] ANS_CPL_188 | 启动 3WD 流水线...
2026-07-27 06:13:05 | INFO     | 📢 [总进度] 6/59 份试卷已归档 [NEG-拒绝]。
2026-07-27 06:13:18 | INFO     | ✅ [批改完成] ANS_CPL_187 | 路由: NEG | 最终分: 1.8 | 风险: P0.60/U0.15/F0.25/H0/L0 | 提取质量: 🟡low | 留白率: 75% | 低质量率: 0%
2026-07-27 06:13:18 | INFO     | 
🔍 [正在处理] ANS_CPL_189 | 启动 3WD 流水线...
2026-07-27 06:13:18 | INFO     | 📢 [总进度] 7/59 份试卷已归档 [NEG-拒绝]。
2026-07-27 06:13:27 | INFO     | ✅ [批改完成] ANS_CPL_188 | 路由: NEG | 最终分: 6.5 | 风险: P0.60/U0.33/F0.00/H1/L0 | 提取质量: 🟡low | 留白率: 75% | 低质量率: 0%
2026-07-27 06:13:27 | INFO     | 
🔍 [正在处理] ANS_CPL_190 | 启动 3WD 流水线...
2026-07-27 06:13:27 | INFO     | 📢 [总进度] 8/59 份试卷已归档 [NEG-拒绝]。
2026-07-27 06:13:38 | INFO     | ✅ [批改完成] ANS_CPL_189 | 路由: NEG | 最终分: 0 | 风险: P0.80/U0.00/F0.00/H0/L0 | 提取质量: 🟡low | 留白率: 100% | 低质量率: 0%
2026-07-27 06:13:38 | INFO     | 
🔍 [正在处理] ANS_CPL_191 | 启动 3WD 流水线...
2026-07-27 06:13:38 | INFO     | 📢 [总进度] 9/59 份试卷已归档 [NEG-拒绝]。
2026-07-27 06:14:01 | INFO     | ✅ [批改完成] ANS_CPL_190 | 路由: BND | 最终分: 0 | 风险: P0.00/U0.12/F1.00/H0/L1 | 提取质量: 🟢high | 留白率: 0% | 低质量率: 0%
2026-07-27 06:14:01 | INFO     | 
🔍 [正在处理] ANS_CPL_192 | 启动 3WD 流水线...
2026-07-27 06:14:01 | INFO     | 📢 [总进度] 10/59 份试卷已归档。
2026-07-27 06:14:13 | INFO     | ✅ [批改完成] ANS_CPL_191 | 路由: BND | 最终分: 1.65 | 风险: P0.00/U0.06/F0.75/H0/L1 | 提取质量: 🟢high | 留白率: 0% | 低质量率: 0%
2026-07-27 06:14:13 | INFO     | 
🔍 [正在处理] ANS_CPL_193 | 启动 3WD 流水线...
2026-07-27 06:14:13 | INFO     | 📢 [总进度] 11/59 份试卷已归档。
2026-07-27 06:14:31 | INFO     | ✅ [批改完成] ANS_CPL_192 | 路由: BND | 最终分: 2.5 | 风险: P0.00/U0.28/F0.25/H0/L1 | 提取质量: 🟢high | 留白率: 0% | 低质量率: 0%
2026-07-27 06:14:31 | INFO     | 
🔍 [正在处理] ANS_CPL_194 | 启动 3WD 流水线...
2026-07-27 06:14:31 | INFO     | 📢 [总进度] 12/59 份试卷已归档。
2026-07-27 06:14:33 | INFO     | ✅ [批改完成] ANS_CPL_193 | 路由: NEG | 最终分: 7.2 | 风险: P0.60/U0.17/F0.00/H1/L0 | 提取质量: 🟡low | 留白率: 75% | 低质量率: 0%
2026-07-27 06:14:33 | INFO     | 
🔍 [正在处理] ANS_CPL_195 | 启动 3WD 流水线...
2026-07-27 06:14:33 | INFO     | 📢 [总进度] 13/59 份试卷已归档 [NEG-拒绝]。
2026-07-27 06:14:52 | INFO     | ✅ [批改完成] ANS_CPL_195 | 路由: POS | 最终分: 10.0 | 风险: P0.00/U0.00/F0.00/H0/L0 | 提取质量: 🟢high | 留白率: 0% | 低质量率: 0%
2026-07-27 06:14:52 | INFO     | 
🔍 [正在处理] ANS_CPL_196 | 启动 3WD 流水线...
2026-07-27 06:14:52 | INFO     | 📢 [总进度] 14/59 份试卷已归档。
2026-07-27 06:14:53 | INFO     | ✅ [批改完成] ANS_CPL_194 | 路由: POS | 最终分: 0 | 风险: P0.00/U0.00/F1.00/H0/L1 | 提取质量: 🟢high | 留白率: 0% | 低质量率: 0%
2026-07-27 06:14:53 | INFO     | 
🔍 [正在处理] ANS_CPL_197 | 启动 3WD 流水线...
2026-07-27 06:14:53 | INFO     | 📢 [总进度] 15/59 份试卷已归档。
2026-07-27 06:15:10 | INFO     | ✅ [批改完成] ANS_CPL_196 | 路由: NEG | 最终分: 0 | 风险: P0.80/U0.00/F0.00/H0/L0 | 提取质量: 🟡low | 留白率: 100% | 低质量率: 0%
2026-07-27 06:15:10 | INFO     | 
🔍 [正在处理] ANS_CPL_198 | 启动 3WD 流水线...
2026-07-27 06:15:10 | INFO     | 📢 [总进度] 16/59 份试卷已归档 [NEG-拒绝]。
2026-07-27 06:15:28 | INFO     | ✅ [批改完成] ANS_CPL_197 | 路由: BND | 最终分: 3.3 | 风险: P0.00/U0.41/F0.00/H0/L1 | 提取质量: 🟢high | 留白率: 0% | 低质量率: 0%
2026-07-27 06:15:28 | INFO     | 
🔍 [正在处理] ANS_CPL_199 | 启动 3WD 流水线...
2026-07-27 06:15:28 | INFO     | 📢 [总进度] 17/59 份试卷已归档。
2026-07-27 06:15:38 | INFO     | ✅ [批改完成] ANS_CPL_198 | 路由: BND | 最终分: 6.7 | 风险: P0.00/U0.12/F0.25/H0/L0 | 提取质量: 🟢high | 留白率: 0% | 低质量率: 0%
2026-07-27 06:15:38 | INFO     | 
🔍 [正在处理] ANS_CPL_200 | 启动 3WD 流水线...
2026-07-27 06:15:38 | INFO     | 📢 [总进度] 18/59 份试卷已归档。
2026-07-27 06:15:52 | INFO     | ✅ [批改完成] ANS_CPL_199 | 路由: POS | 最终分: 10.0 | 风险: P0.00/U0.00/F0.00/H0/L0 | 提取质量: 🟢high | 留白率: 0% | 低质量率: 0%
2026-07-27 06:15:52 | INFO     | 
🔍 [正在处理] ANS_CPL_201 | 启动 3WD 流水线...
2026-07-27 06:15:52 | INFO     | 📢 [总进度] 19/59 份试卷已归档。
2026-07-27 06:16:01 | INFO     | ✅ [批改完成] ANS_CPL_200 | 路由: POS | 最终分: 10.0 | 风险: P0.00/U0.00/F0.00/H0/L0 | 提取质量: 🟢high | 留白率: 0% | 低质量率: 0%
2026-07-27 06:16:01 | INFO     | 
🔍 [正在处理] ANS_CPL_203 | 启动 3WD 流水线...
2026-07-27 06:16:01 | INFO     | 📢 [总进度] 20/59 份试卷已归档。
2026-07-27 06:16:13 | INFO     | ✅ [批改完成] ANS_CPL_201 | 路由: POS | 最终分: 10.0 | 风险: P0.00/U0.00/F0.00/H0/L0 | 提取质量: 🟢high | 留白率: 0% | 低质量率: 0%
2026-07-27 06:16:13 | INFO     | 
🔍 [正在处理] ANS_CPL_204 | 启动 3WD 流水线...
2026-07-27 06:16:13 | INFO     | 📢 [总进度] 21/59 份试卷已归档。
2026-07-27 06:16:40 | INFO     | ✅ [批改完成] ANS_CPL_203 | 路由: BND | 最终分: 0 | 风险: P0.00/U0.12/F0.50/H0/L1 | 提取质量: 🟢high | 留白率: 0% | 低质量率: 0%
2026-07-27 06:16:40 | INFO     | 
🔍 [正在处理] ANS_CPL_205 | 启动 3WD 流水线...
2026-07-27 06:16:40 | INFO     | 📢 [总进度] 22/59 份试卷已归档。
2026-07-27 06:16:46 | INFO     | ✅ [批改完成] ANS_CPL_204 | 路由: BND | 最终分: 5.0 | 风险: P0.00/U0.35/F0.00/H0/L1 | 提取质量: 🟢high | 留白率: 0% | 低质量率: 0%
2026-07-27 06:16:46 | INFO     | 
🔍 [正在处理] ANS_CPL_206 | 启动 3WD 流水线...
2026-07-27 06:16:46 | INFO     | 📢 [总进度] 23/59 份试卷已归档。
2026-07-27 06:16:58 | INFO     | ✅ [批改完成] ANS_CPL_205 | 路由: NEG | 最终分: 0 | 风险: P0.80/U0.00/F0.00/H0/L0 | 提取质量: 🟡low | 留白率: 100% | 低质量率: 0%
2026-07-27 06:16:58 | INFO     | 
🔍 [正在处理] ANS_CPL_207 | 启动 3WD 流水线...
2026-07-27 06:16:58 | INFO     | 📢 [总进度] 24/59 份试卷已归档 [NEG-拒绝]。
2026-07-27 06:17:19 | INFO     | ✅ [批改完成] ANS_CPL_207 | 路由: NEG | 最终分: 0 | 风险: P0.80/U0.00/F0.00/H0/L0 | 提取质量: 🟡low | 留白率: 100% | 低质量率: 0%
2026-07-27 06:17:19 | INFO     | 
🔍 [正在处理] ANS_CPL_208 | 启动 3WD 流水线...
2026-07-27 06:17:19 | INFO     | 📢 [总进度] 25/59 份试卷已归档 [NEG-拒绝]。
2026-07-27 06:17:23 | INFO     | ✅ [批改完成] ANS_CPL_206 | 路由: BND | 最终分: 8.0 | 风险: P0.00/U0.16/F0.00/H0/L0 | 提取质量: 🟢high | 留白率: 0% | 低质量率: 0%
2026-07-27 06:17:23 | INFO     | 
🔍 [正在处理] ANS_CPL_209 | 启动 3WD 流水线...
2026-07-27 06:17:23 | INFO     | 📢 [总进度] 26/59 份试卷已归档。
2026-07-27 06:17:48 | INFO     | ✅ [批改完成] ANS_CPL_208 | 路由: BND | 最终分: 7.12 | 风险: P0.00/U0.08/F0.00/H0/L0 | 提取质量: 🟢high | 留白率: 0% | 低质量率: 0%
2026-07-27 06:17:48 | INFO     | 
🔍 [正在处理] ANS_CPL_210 | 启动 3WD 流水线...
2026-07-27 06:17:48 | INFO     | 📢 [总进度] 27/59 份试卷已归档。
2026-07-27 06:17:53 | INFO     | ✅ [批改完成] ANS_CPL_209 | 路由: BND | 最终分: 5.12 | 风险: P0.00/U0.22/F0.00/H0/L0 | 提取质量: 🟢high | 留白率: 0% | 低质量率: 0%
2026-07-27 06:17:53 | INFO     | 
🔍 [正在处理] ANS_CPL_211 | 启动 3WD 流水线...
2026-07-27 06:17:53 | INFO     | 📢 [总进度] 28/59 份试卷已归档。
2026-07-27 06:18:20 | INFO     | ✅ [批改完成] ANS_CPL_210 | 路由: BND | 最终分: 0 | 风险: P0.00/U0.12/F1.00/H0/L1 | 提取质量: 🟢high | 留白率: 0% | 低质量率: 0%
2026-07-27 06:18:20 | INFO     | 
🔍 [正在处理] ANS_CPL_212 | 启动 3WD 流水线...
2026-07-27 06:18:20 | INFO     | 📢 [总进度] 29/59 份试卷已归档。
2026-07-27 06:18:22 | INFO     | ✅ [批改完成] ANS_CPL_211 | 路由: BND | 最终分: 6.0 | 风险: P0.00/U0.16/F0.00/H0/L1 | 提取质量: 🟢high | 留白率: 0% | 低质量率: 0%
2026-07-27 06:18:22 | INFO     | 
🔍 [正在处理] ANS_CPL_213 | 启动 3WD 流水线...
2026-07-27 06:18:22 | INFO     | 📢 [总进度] 30/59 份试卷已归档。
2026-07-27 06:18:40 | INFO     | ✅ [批改完成] ANS_CPL_212 | 路由: POS | 最终分: 10.0 | 风险: P0.00/U0.00/F0.00/H0/L0 | 提取质量: 🟢high | 留白率: 0% | 低质量率: 0%
2026-07-27 06:18:40 | INFO     | 
🔍 [正在处理] ANS_CPL_214 | 启动 3WD 流水线...
2026-07-27 06:18:40 | INFO     | 📢 [总进度] 31/59 份试卷已归档。
2026-07-27 06:18:45 | INFO     | ✅ [批改完成] ANS_CPL_213 | 路由: POS | 最终分: 10.0 | 风险: P0.00/U0.00/F0.00/H0/L0 | 提取质量: 🟢high | 留白率: 0% | 低质量率: 0%
2026-07-27 06:18:45 | INFO     | 
🔍 [正在处理] ANS_CPL_215 | 启动 3WD 流水线...
2026-07-27 06:18:45 | INFO     | 📢 [总进度] 32/59 份试卷已归档。
2026-07-27 06:18:55 | INFO     | ✅ [批改完成] ANS_CPL_214 | 路由: NEG | 最终分: 0 | 风险: P0.80/U0.00/F0.00/H0/L0 | 提取质量: 🟡low | 留白率: 100% | 低质量率: 0%
2026-07-27 06:18:55 | INFO     | 
🔍 [正在处理] ANS_CPL_216 | 启动 3WD 流水线...
2026-07-27 06:18:55 | INFO     | 📢 [总进度] 33/59 份试卷已归档 [NEG-拒绝]。
2026-07-27 06:19:05 | INFO     | ✅ [批改完成] ANS_CPL_215 | 路由: POS | 最终分: 10.0 | 风险: P0.00/U0.00/F0.00/H0/L0 | 提取质量: 🟢high | 留白率: 0% | 低质量率: 0%
2026-07-27 06:19:05 | INFO     | 
🔍 [正在处理] ANS_CPL_217 | 启动 3WD 流水线...
2026-07-27 06:19:05 | INFO     | 📢 [总进度] 34/59 份试卷已归档。
2026-07-27 06:19:13 | INFO     | ✅ [批改完成] ANS_CPL_216 | 路由: POS | 最终分: 10.0 | 风险: P0.00/U0.00/F0.00/H0/L0 | 提取质量: 🟢high | 留白率: 0% | 低质量率: 0%
2026-07-27 06:19:13 | INFO     | 
🔍 [正在处理] ANS_CPL_218 | 启动 3WD 流水线...
2026-07-27 06:19:13 | INFO     | 📢 [总进度] 35/59 份试卷已归档。
2026-07-27 06:19:24 | INFO     | ✅ [批改完成] ANS_CPL_217 | 路由: POS | 最终分: 10.0 | 风险: P0.00/U0.00/F0.00/H0/L0 | 提取质量: 🟢high | 留白率: 0% | 低质量率: 0%
2026-07-27 06:19:24 | INFO     | 
🔍 [正在处理] ANS_CPL_219 | 启动 3WD 流水线...
2026-07-27 06:19:24 | INFO     | 📢 [总进度] 36/59 份试卷已归档。
2026-07-27 06:19:43 | INFO     | ✅ [批改完成] ANS_CPL_218 | 路由: BND | 最终分: 4.1 | 风险: P0.00/U0.16/F0.50/H0/L1 | 提取质量: 🟢high | 留白率: 0% | 低质量率: 0%
2026-07-27 06:19:43 | INFO     | 
🔍 [正在处理] ANS_CPL_220 | 启动 3WD 流水线...
2026-07-27 06:19:43 | INFO     | 📢 [总进度] 37/59 份试卷已归档。
2026-07-27 06:19:53 | INFO     | ✅ [批改完成] ANS_CPL_219 | 路由: BND | 最终分: 8.5 | 风险: P0.00/U0.07/F0.00/H0/L0 | 提取质量: 🟢high | 留白率: 0% | 低质量率: 0%
2026-07-27 06:19:53 | INFO     | 
🔍 [正在处理] ANS_CPL_221 | 启动 3WD 流水线...
2026-07-27 06:19:53 | INFO     | 📢 [总进度] 38/59 份试卷已归档。
2026-07-27 06:20:16 | INFO     | ✅ [批改完成] ANS_CPL_221 | 路由: POS | 最终分: 0 | 风险: P0.00/U0.00/F1.00/H0/L1 | 提取质量: 🟢high | 留白率: 0% | 低质量率: 0%
2026-07-27 06:20:16 | INFO     | 
🔍 [正在处理] ANS_CPL_222 | 启动 3WD 流水线...
2026-07-27 06:20:16 | INFO     | 📢 [总进度] 39/59 份试卷已归档。
2026-07-27 06:20:21 | INFO     | ✅ [批改完成] ANS_CPL_220 | 路由: BND | 最终分: 5.8 | 风险: P0.00/U0.10/F0.00/H0/L1 | 提取质量: 🟢high | 留白率: 0% | 低质量率: 0%
2026-07-27 06:20:21 | INFO     | 
🔍 [正在处理] ANS_CPL_223 | 启动 3WD 流水线...
2026-07-27 06:20:21 | INFO     | 📢 [总进度] 40/59 份试卷已归档。
2026-07-27 06:20:43 | INFO     | ✅ [批改完成] ANS_CPL_223 | 路由: POS | 最终分: 10.0 | 风险: P0.00/U0.00/F0.00/H0/L0 | 提取质量: 🟢high | 留白率: 0% | 低质量率: 0%
2026-07-27 06:20:43 | INFO     | 
🔍 [正在处理] ANS_CPL_224 | 启动 3WD 流水线...
2026-07-27 06:20:43 | INFO     | 📢 [总进度] 41/59 份试卷已归档。
2026-07-27 06:20:46 | INFO     | ✅ [批改完成] ANS_CPL_222 | 路由: BND | 最终分: 6.42 | 风险: P0.00/U0.12/F0.00/H0/L0 | 提取质量: 🟢high | 留白率: 0% | 低质量率: 0%
2026-07-27 06:20:46 | INFO     | 
🔍 [正在处理] ANS_CPL_225 | 启动 3WD 流水线...
2026-07-27 06:20:46 | INFO     | 📢 [总进度] 42/59 份试卷已归档。
2026-07-27 06:21:05 | INFO     | ✅ [批改完成] ANS_CPL_224 | 路由: POS | 最终分: 10.0 | 风险: P0.00/U0.00/F0.00/H0/L0 | 提取质量: 🟢high | 留白率: 0% | 低质量率: 0%
2026-07-27 06:21:05 | INFO     | 
🔍 [正在处理] ANS_CPL_226 | 启动 3WD 流水线...
2026-07-27 06:21:05 | INFO     | 📢 [总进度] 43/59 份试卷已归档。
2026-07-27 06:21:18 | INFO     | ✅ [批改完成] ANS_CPL_225 | 路由: BND | 最终分: 4.2 | 风险: P0.00/U0.33/F0.00/H0/L1 | 提取质量: 🟢high | 留白率: 0% | 低质量率: 0%
2026-07-27 06:21:18 | INFO     | 
🔍 [正在处理] ANS_CPL_227 | 启动 3WD 流水线...
2026-07-27 06:21:18 | INFO     | 📢 [总进度] 44/59 份试卷已归档。
2026-07-27 06:21:27 | INFO     | ✅ [批改完成] ANS_CPL_226 | 路由: POS | 最终分: 10.0 | 风险: P0.00/U0.00/F0.00/H0/L0 | 提取质量: 🟢high | 留白率: 0% | 低质量率: 0%
2026-07-27 06:21:27 | INFO     | 
🔍 [正在处理] ANS_CPL_228 | 启动 3WD 流水线...
2026-07-27 06:21:27 | INFO     | 📢 [总进度] 45/59 份试卷已归档。
2026-07-27 06:21:46 | INFO     | ✅ [批改完成] ANS_CPL_228 | 路由: POS | 最终分: 10.0 | 风险: P0.00/U0.00/F0.00/H0/L0 | 提取质量: 🟢high | 留白率: 0% | 低质量率: 0%
2026-07-27 06:21:46 | INFO     | 
🔍 [正在处理] ANS_CPL_229 | 启动 3WD 流水线...
2026-07-27 06:21:46 | INFO     | 📢 [总进度] 46/59 份试卷已归档。
2026-07-27 06:21:51 | INFO     | ✅ [批改完成] ANS_CPL_227 | 路由: BND | 最终分: 4.7 | 风险: P0.00/U0.38/F1.00/H0/L1 | 提取质量: 🟢high | 留白率: 0% | 低质量率: 0%
2026-07-27 06:21:51 | INFO     | 
🔍 [正在处理] ANS_CPL_230 | 启动 3WD 流水线...
2026-07-27 06:21:51 | INFO     | 📢 [总进度] 47/59 份试卷已归档。
2026-07-27 06:22:07 | INFO     | ✅ [批改完成] ANS_CPL_230 | 路由: NEG | 最终分: 0 | 风险: P0.80/U0.00/F0.00/H0/L0 | 提取质量: 🟡low | 留白率: 100% | 低质量率: 0%
2026-07-27 06:22:07 | INFO     | 
🔍 [正在处理] ANS_CPL_231 | 启动 3WD 流水线...
2026-07-27 06:22:07 | INFO     | 📢 [总进度] 48/59 份试卷已归档 [NEG-拒绝]。
2026-07-27 06:22:15 | INFO     | ✅ [批改完成] ANS_CPL_229 | 路由: BND | 最终分: 2.42 | 风险: P0.00/U0.09/F0.50/H0/L1 | 提取质量: 🟢high | 留白率: 0% | 低质量率: 0%
2026-07-27 06:22:15 | INFO     | 
🔍 [正在处理] ANS_CPL_232 | 启动 3WD 流水线...
2026-07-27 06:22:15 | INFO     | 📢 [总进度] 49/59 份试卷已归档。
2026-07-27 06:22:23 | INFO     | ✅ [批改完成] ANS_CPL_231 | 路由: NEG | 最终分: 0 | 风险: P0.80/U0.00/F0.00/H0/L0 | 提取质量: 🟡low | 留白率: 100% | 低质量率: 0%
2026-07-27 06:22:23 | INFO     | 
🔍 [正在处理] ANS_CPL_233 | 启动 3WD 流水线...
2026-07-27 06:22:23 | INFO     | 📢 [总进度] 50/59 份试卷已归档 [NEG-拒绝]。
2026-07-27 06:22:39 | INFO     | ✅ [批改完成] ANS_CPL_232 | 路由: POS | 最终分: 10.0 | 风险: P0.00/U0.00/F0.00/H0/L0 | 提取质量: 🟢high | 留白率: 0% | 低质量率: 0%
2026-07-27 06:22:39 | INFO     | 
🔍 [正在处理] ANS_CPL_234 | 启动 3WD 流水线...
2026-07-27 06:22:39 | INFO     | 📢 [总进度] 51/59 份试卷已归档。
2026-07-27 06:23:00 | INFO     | ✅ [批改完成] ANS_CPL_233 | 路由: BND | 最终分: 4.5 | 风险: P0.00/U0.18/F0.50/H0/L0 | 提取质量: 🟢high | 留白率: 0% | 低质量率: 0%
2026-07-27 06:23:00 | INFO     | 
🔍 [正在处理] ANS_CPL_235 | 启动 3WD 流水线...
2026-07-27 06:23:00 | INFO     | 📢 [总进度] 52/59 份试卷已归档。
2026-07-27 06:23:15 | INFO     | ✅ [批改完成] ANS_CPL_234 | 路由: BND | 最终分: 1.96 | 风险: P0.00/U0.06/F0.50/H0/L1 | 提取质量: 🟢high | 留白率: 0% | 低质量率: 0%
2026-07-27 06:23:15 | INFO     | 
🔍 [正在处理] ANS_CPL_236 | 启动 3WD 流水线...
2026-07-27 06:23:15 | INFO     | 📢 [总进度] 53/59 份试卷已归档。
2026-07-27 06:23:23 | INFO     | ✅ [批改完成] ANS_CPL_235 | 路由: POS | 最终分: 10.0 | 风险: P0.00/U0.00/F0.00/H0/L0 | 提取质量: 🟢high | 留白率: 0% | 低质量率: 0%
2026-07-27 06:23:23 | INFO     | 
🔍 [正在处理] ANS_CPL_237 | 启动 3WD 流水线...
2026-07-27 06:23:23 | INFO     | 📢 [总进度] 54/59 份试卷已归档。
2026-07-27 06:23:42 | INFO     | ✅ [批改完成] ANS_CPL_237 | 路由: POS | 最终分: 10.0 | 风险: P0.00/U0.00/F0.00/H0/L0 | 提取质量: 🟢high | 留白率: 0% | 低质量率: 0%
2026-07-27 06:23:42 | INFO     | 
🔍 [正在处理] ANS_CPL_238 | 启动 3WD 流水线...
2026-07-27 06:23:42 | INFO     | 📢 [总进度] 55/59 份试卷已归档。
2026-07-27 06:23:44 | INFO     | ✅ [批改完成] ANS_CPL_236 | 路由: BND | 最终分: 7.7 | 风险: P0.00/U0.12/F0.00/H0/L0 | 提取质量: 🟢high | 留白率: 0% | 低质量率: 0%
2026-07-27 06:23:44 | INFO     | 
🔍 [正在处理] ANS_CPL_239 | 启动 3WD 流水线...
2026-07-27 06:23:44 | INFO     | 📢 [总进度] 56/59 份试卷已归档。
2026-07-27 06:24:03 | INFO     | ✅ [批改完成] ANS_CPL_238 | 路由: NEG | 最终分: 0 | 风险: P0.80/U0.00/F0.00/H0/L0 | 提取质量: 🟡low | 留白率: 100% | 低质量率: 0%
2026-07-27 06:24:03 | INFO     | 
🔍 [正在处理] ANS_CPL_240 | 启动 3WD 流水线...
2026-07-27 06:24:03 | INFO     | 📢 [总进度] 57/59 份试卷已归档 [NEG-拒绝]。
2026-07-27 06:24:05 | INFO     | ✅ [批改完成] ANS_CPL_239 | 路由: POS | 最终分: 10.0 | 风险: P0.00/U0.00/F0.00/H0/L0 | 提取质量: 🟢high | 留白率: 0% | 低质量率: 0%
2026-07-27 06:24:05 | INFO     | 📢 [总进度] 58/59 份试卷已归档。
2026-07-27 06:24:40 | INFO     | ✅ [批改完成] ANS_CPL_240 | 路由: BND | 最终分: 4.8 | 风险: P0.00/U0.30/F0.75/H0/L1 | 提取质量: 🟢high | 留白率: 0% | 低质量率: 0%
2026-07-27 06:24:40 | INFO     | 📢 [总进度] 59/59 份试卷已归档。
2026-07-27 06:24:40 | INFO     | 🗂️ 所有线程交卷完毕，正在整理数据... (共收集 59/59 份结果)
2026-07-27 06:24:40 | INFO     | 💾 正常批改结果已保存: D:\users\王鑫020420\Desktop\refgrader-main\results_runs\csbench_cpl1_cpl2_cpl3_cpl4_cpl5_cpl6_cpl7_cpl8_all\runs\teacher_audit_cpl_1_8_20260725_192008\CPL_4_graded_results.json (47 人)
2026-07-27 06:24:40 | INFO     | 🛑 拒绝域结果已单独保存: D:\users\王鑫020420\Desktop\refgrader-main\results_runs\csbench_cpl1_cpl2_cpl3_cpl4_cpl5_cpl6_cpl7_cpl8_all\runs\teacher_audit_cpl_1_8_20260725_192008\CPL_4_rejected.json (12 人)
2026-07-27 06:24:41 | INFO     | [result consistency] CPL_4: checkpoint=59, graded=47, rejected=12, failed=0, expected=59
2026-07-27 06:24:41 | INFO     | 
🚀 [标准模式] 开始处理: CPL_5
2026-07-27 06:24:41 | INFO     | ⚡ 已加载本地标准: D:\users\王鑫020420\Desktop\refgrader-main\data\csbench\rubrics\optimized\CPL\CPL_5_rubric_standard.json
2026-07-27 06:24:46 | INFO     | ⚡ 脱敏清单已预生成，52 名学生共享复用。
2026-07-27 06:24:46 | INFO     | 🏃 开始批改 52 张试卷 (⚡ 开启多线程模式)...
2026-07-27 06:24:46 | INFO     | 
🔍 [正在处理] ANS_CPL_241 | 启动 3WD 流水线...
2026-07-27 06:24:46 | INFO     | 
🔍 [正在处理] ANS_CPL_242 | 启动 3WD 流水线...
2026-07-27 06:24:46 | INFO     | ⏳ [主线程] 已提交 52 个任务，等待结果回收...
2026-07-27 06:25:10 | INFO     | ✅ [批改完成] ANS_CPL_241 | 路由: BND | 最终分: 0 | 风险: P0.32/U0.00/F0.60/H0/L0 | 提取质量: 🟢high | 留白率: 40% | 低质量率: 0%
2026-07-27 06:25:10 | INFO     | 
🔍 [正在处理] ANS_CPL_243 | 启动 3WD 流水线...
2026-07-27 06:25:10 | INFO     | 📢 [总进度] 1/52 份试卷已归档。
2026-07-27 06:25:21 | INFO     | ✅ [批改完成] ANS_CPL_242 | 路由: BND | 最终分: 7.7 | 风险: P0.00/U0.05/F0.20/H0/L0 | 提取质量: 🟢high | 留白率: 0% | 低质量率: 0%
2026-07-27 06:25:21 | INFO     | 
🔍 [正在处理] ANS_CPL_244 | 启动 3WD 流水线...
2026-07-27 06:25:21 | INFO     | 📢 [总进度] 2/52 份试卷已归档。
2026-07-27 06:25:44 | INFO     | ✅ [批改完成] ANS_CPL_243 | 路由: BND | 最终分: 7.7 | 风险: P0.00/U0.05/F0.20/H0/L0 | 提取质量: 🟢high | 留白率: 0% | 低质量率: 0%
2026-07-27 06:25:44 | INFO     | 
🔍 [正在处理] ANS_CPL_245 | 启动 3WD 流水线...
2026-07-27 06:25:44 | INFO     | 📢 [总进度] 3/52 份试卷已归档。
2026-07-27 06:25:56 | INFO     | ✅ [批改完成] ANS_CPL_244 | 路由: BND | 最终分: 8.0 | 风险: P0.00/U0.28/F0.00/H0/L0 | 提取质量: 🟢high | 留白率: 0% | 低质量率: 0%
2026-07-27 06:25:56 | INFO     | 
🔍 [正在处理] ANS_CPL_246 | 启动 3WD 流水线...
2026-07-27 06:25:56 | INFO     | 📢 [总进度] 4/52 份试卷已归档。
2026-07-27 06:26:15 | INFO     | ✅ [批改完成] ANS_CPL_245 | 路由: BND | 最终分: 0.7 | 风险: P0.16/U0.12/F0.60/H0/L1 | 提取质量: 🟢high | 留白率: 20% | 低质量率: 0%
2026-07-27 06:26:15 | INFO     | 
🔍 [正在处理] ANS_CPL_247 | 启动 3WD 流水线...
2026-07-27 06:26:15 | INFO     | 📢 [总进度] 5/52 份试卷已归档。
2026-07-27 06:26:20 | INFO     | ✅ [批改完成] ANS_CPL_246 | 路由: POS | 最终分: 0.7 | 风险: P0.00/U0.05/F0.80/H0/L1 | 提取质量: 🟢high | 留白率: 0% | 低质量率: 0%
2026-07-27 06:26:20 | INFO     | 
🔍 [正在处理] ANS_CPL_248 | 启动 3WD 流水线...
2026-07-27 06:26:20 | INFO     | 📢 [总进度] 6/52 份试卷已归档。
2026-07-27 06:26:42 | INFO     | ✅ [批改完成] ANS_CPL_247 | 路由: POS | 最终分: 6.3 | 风险: P0.00/U0.05/F0.40/H0/L0 | 提取质量: 🟢high | 留白率: 0% | 低质量率: 0%
2026-07-27 06:26:42 | INFO     | 
🔍 [正在处理] ANS_CPL_249 | 启动 3WD 流水线...
2026-07-27 06:26:42 | INFO     | 📢 [总进度] 7/52 份试卷已归档。
2026-07-27 06:26:49 | INFO     | ✅ [批改完成] ANS_CPL_248 | 路由: BND | 最终分: 1.3 | 风险: P0.48/U0.05/F0.40/H0/L0 | 提取质量: 🟡low | 留白率: 60% | 低质量率: 0%
2026-07-27 06:26:49 | INFO     | 
🔍 [正在处理] ANS_CPL_250 | 启动 3WD 流水线...
2026-07-27 06:26:49 | INFO     | 📢 [总进度] 8/52 份试卷已归档。
2026-07-27 06:27:12 | INFO     | ✅ [批改完成] ANS_CPL_249 | 路由: BND | 最终分: 5.0 | 风险: P0.16/U0.08/F0.00/H0/L0 | 提取质量: 🟢high | 留白率: 20% | 低质量率: 0%
2026-07-27 06:27:12 | INFO     | 
🔍 [正在处理] ANS_CPL_251 | 启动 3WD 流水线...
2026-07-27 06:27:12 | INFO     | 📢 [总进度] 9/52 份试卷已归档。
2026-07-27 06:27:13 | INFO     | ✅ [批改完成] ANS_CPL_250 | 路由: BND | 最终分: 1.7 | 风险: P0.48/U0.05/F0.20/H0/L0 | 提取质量: 🟡low | 留白率: 60% | 低质量率: 0%
2026-07-27 06:27:13 | INFO     | 
🔍 [正在处理] ANS_CPL_252 | 启动 3WD 流水线...
2026-07-27 06:27:13 | INFO     | 📢 [总进度] 10/52 份试卷已归档。
2026-07-27 06:27:42 | INFO     | ✅ [批改完成] ANS_CPL_251 | 路由: BND | 最终分: 2.7 | 风险: P0.00/U0.05/F0.60/H0/L1 | 提取质量: 🟢high | 留白率: 0% | 低质量率: 0%
2026-07-27 06:27:42 | INFO     | 
🔍 [正在处理] ANS_CPL_253 | 启动 3WD 流水线...
2026-07-27 06:27:42 | INFO     | 📢 [总进度] 11/52 份试卷已归档。
2026-07-27 06:27:49 | INFO     | ✅ [批改完成] ANS_CPL_252 | 路由: BND | 最终分: 4.7 | 风险: P0.00/U0.25/F0.20/H0/L0 | 提取质量: 🟢high | 留白率: 0% | 低质量率: 0%
2026-07-27 06:27:49 | INFO     | 
🔍 [正在处理] ANS_CPL_254 | 启动 3WD 流水线...
2026-07-27 06:27:49 | INFO     | 📢 [总进度] 12/52 份试卷已归档。
2026-07-27 06:28:20 | INFO     | ✅ [批改完成] ANS_CPL_253 | 路由: BND | 最终分: 7.7 | 风险: P0.00/U0.21/F0.20/H0/L0 | 提取质量: 🟢high | 留白率: 0% | 低质量率: 0%
2026-07-27 06:28:20 | INFO     | 
🔍 [正在处理] ANS_CPL_256 | 启动 3WD 流水线...
2026-07-27 06:28:20 | INFO     | 📢 [总进度] 13/52 份试卷已归档。
2026-07-27 06:28:26 | INFO     | ✅ [批改完成] ANS_CPL_254 | 路由: BND | 最终分: 2.0 | 风险: P0.16/U0.24/F0.40/H0/L1 | 提取质量: 🟢high | 留白率: 20% | 低质量率: 0%
2026-07-27 06:28:26 | INFO     | 
🔍 [正在处理] ANS_CPL_257 | 启动 3WD 流水线...
2026-07-27 06:28:26 | INFO     | 📢 [总进度] 14/52 份试卷已归档。
2026-07-27 06:28:53 | INFO     | ✅ [批改完成] ANS_CPL_256 | 路由: BND | 最终分: 6.0 | 风险: P0.00/U0.08/F0.00/H0/L1 | 提取质量: 🟢high | 留白率: 0% | 低质量率: 0%
2026-07-27 06:28:53 | INFO     | 
🔍 [正在处理] ANS_CPL_258 | 启动 3WD 流水线...
2026-07-27 06:28:53 | INFO     | 📢 [总进度] 15/52 份试卷已归档。
2026-07-27 06:28:56 | INFO     | ✅ [批改完成] ANS_CPL_257 | 路由: POS | 最终分: 0.3 | 风险: P0.00/U0.05/F1.00/H0/L1 | 提取质量: 🟢high | 留白率: 0% | 低质量率: 0%
2026-07-27 06:28:56 | INFO     | 
🔍 [正在处理] ANS_CPL_259 | 启动 3WD 流水线...
2026-07-27 06:28:56 | INFO     | 📢 [总进度] 16/52 份试卷已归档。
2026-07-27 06:29:29 | INFO     | ✅ [批改完成] ANS_CPL_259 | 路由: BND | 最终分: 2.3 | 风险: P0.16/U0.12/F0.20/H0/L1 | 提取质量: 🟢high | 留白率: 20% | 低质量率: 0%
2026-07-27 06:29:29 | INFO     | 
🔍 [正在处理] ANS_CPL_260 | 启动 3WD 流水线...
2026-07-27 06:29:29 | INFO     | 📢 [总进度] 17/52 份试卷已归档。
2026-07-27 06:29:30 | INFO     | ✅ [批改完成] ANS_CPL_258 | 路由: BND | 最终分: 0 | 风险: P0.00/U0.08/F0.80/H0/L1 | 提取质量: 🟢high | 留白率: 0% | 低质量率: 0%
2026-07-27 06:29:30 | INFO     | 
🔍 [正在处理] ANS_CPL_261 | 启动 3WD 流水线...
2026-07-27 06:29:30 | INFO     | 📢 [总进度] 18/52 份试卷已归档。
2026-07-27 06:29:58 | INFO     | ✅ [批改完成] ANS_CPL_261 | 路由: POS | 最终分: 8.3 | 风险: P0.00/U0.05/F0.00/H0/L0 | 提取质量: 🟢high | 留白率: 0% | 低质量率: 0%
2026-07-27 06:29:58 | INFO     | 
🔍 [正在处理] ANS_CPL_263 | 启动 3WD 流水线...
2026-07-27 06:29:58 | INFO     | 📢 [总进度] 19/52 份试卷已归档。
2026-07-27 06:30:06 | INFO     | ✅ [批改完成] ANS_CPL_260 | 路由: BND | 最终分: 4.0 | 风险: P0.00/U0.08/F0.60/H0/L1 | 提取质量: 🟢high | 留白率: 0% | 低质量率: 0%
2026-07-27 06:30:06 | INFO     | 
🔍 [正在处理] ANS_CPL_264 | 启动 3WD 流水线...
2026-07-27 06:30:06 | INFO     | 📢 [总进度] 20/52 份试卷已归档。
2026-07-27 06:30:36 | INFO     | ✅ [批改完成] ANS_CPL_263 | 路由: BND | 最终分: 2.3 | 风险: P0.16/U0.17/F0.40/H0/L1 | 提取质量: 🟢high | 留白率: 20% | 低质量率: 0%
2026-07-27 06:30:36 | INFO     | 
🔍 [正在处理] ANS_CPL_265 | 启动 3WD 流水线...
2026-07-27 06:30:36 | INFO     | 📢 [总进度] 21/52 份试卷已归档。
2026-07-27 06:30:37 | INFO     | ✅ [批改完成] ANS_CPL_264 | 路由: BND | 最终分: 4.7 | 风险: P0.06/U0.05/F0.20/H0/L1 | 提取质量: 🟢high | 留白率: 0% | 低质量率: 0%
2026-07-27 06:30:37 | INFO     | 
🔍 [正在处理] ANS_CPL_266 | 启动 3WD 流水线...
2026-07-27 06:30:37 | INFO     | 📢 [总进度] 22/52 份试卷已归档。
2026-07-27 06:30:58 | INFO     | ✅ [批改完成] ANS_CPL_265 | 路由: BND | 最终分: 0 | 风险: P0.32/U0.00/F0.60/H0/L0 | 提取质量: 🟢high | 留白率: 40% | 低质量率: 0%
2026-07-27 06:30:58 | INFO     | 
🔍 [正在处理] ANS_CPL_267 | 启动 3WD 流水线...
2026-07-27 06:30:58 | INFO     | 📢 [总进度] 23/52 份试卷已归档。
2026-07-27 06:31:02 | INFO     | ✅ [批改完成] ANS_CPL_266 | 路由: POS | 最终分: 0 | 风险: P0.00/U0.00/F1.00/H0/L1 | 提取质量: 🟢high | 留白率: 0% | 低质量率: 0%
2026-07-27 06:31:02 | INFO     | 
🔍 [正在处理] ANS_CPL_268 | 启动 3WD 流水线...
2026-07-27 06:31:02 | INFO     | 📢 [总进度] 24/52 份试卷已归档。
2026-07-27 06:31:28 | INFO     | ✅ [批改完成] ANS_CPL_268 | 路由: POS | 最终分: 5.0 | 风险: P0.00/U0.00/F0.40/H0/L1 | 提取质量: 🟢high | 留白率: 0% | 低质量率: 0%
2026-07-27 06:31:28 | INFO     | 
🔍 [正在处理] ANS_CPL_269 | 启动 3WD 流水线...
2026-07-27 06:31:28 | INFO     | 📢 [总进度] 25/52 份试卷已归档。
2026-07-27 06:31:32 | INFO     | ✅ [批改完成] ANS_CPL_267 | 路由: BND | 最终分: 0 | 风险: P0.00/U0.05/F1.00/H0/L1 | 提取质量: 🟢high | 留白率: 0% | 低质量率: 0%
2026-07-27 06:31:32 | INFO     | 
🔍 [正在处理] ANS_CPL_270 | 启动 3WD 流水线...
2026-07-27 06:31:32 | INFO     | 📢 [总进度] 26/52 份试卷已归档。
2026-07-27 06:31:58 | INFO     | ✅ [批改完成] ANS_CPL_269 | 路由: BND | 最终分: 6.0 | 风险: P0.00/U0.08/F0.40/H0/L1 | 提取质量: 🟢high | 留白率: 0% | 低质量率: 0%
2026-07-27 06:31:58 | INFO     | 
🔍 [正在处理] ANS_CPL_272 | 启动 3WD 流水线...
2026-07-27 06:31:58 | INFO     | 📢 [总进度] 27/52 份试卷已归档。
2026-07-27 06:32:05 | INFO     | ✅ [批改完成] ANS_CPL_270 | 路由: BND | 最终分: 6.0 | 风险: P0.22/U0.16/F0.20/H0/L1 | 提取质量: 🟢high | 留白率: 20% | 低质量率: 0%
2026-07-27 06:32:05 | INFO     | 
🔍 [正在处理] ANS_CPL_274 | 启动 3WD 流水线...
2026-07-27 06:32:05 | INFO     | 📢 [总进度] 28/52 份试卷已归档。
2026-07-27 06:32:32 | INFO     | ✅ [批改完成] ANS_CPL_274 | 路由: POS | 最终分: 6.0 | 风险: P0.00/U0.00/F0.40/H0/L1 | 提取质量: 🟢high | 留白率: 0% | 低质量率: 0%
2026-07-27 06:32:32 | INFO     | 
🔍 [正在处理] ANS_CPL_275 | 启动 3WD 流水线...
2026-07-27 06:32:32 | INFO     | 📢 [总进度] 29/52 份试卷已归档。
2026-07-27 06:32:36 | INFO     | ✅ [批改完成] ANS_CPL_272 | 路由: BND | 最终分: 3.3 | 风险: P0.22/U0.19/F0.40/H0/L1 | 提取质量: 🟢high | 留白率: 20% | 低质量率: 0%
2026-07-27 06:32:36 | INFO     | 
🔍 [正在处理] ANS_CPL_276 | 启动 3WD 流水线...
2026-07-27 06:32:36 | INFO     | 📢 [总进度] 30/52 份试卷已归档。
2026-07-27 06:32:54 | INFO     | ✅ [批改完成] ANS_CPL_275 | 路由: POS | 最终分: 8.7 | 风险: P0.00/U0.05/F0.00/H0/L0 | 提取质量: 🟢high | 留白率: 0% | 低质量率: 0%
2026-07-27 06:32:54 | INFO     | 
🔍 [正在处理] ANS_CPL_279 | 启动 3WD 流水线...
2026-07-27 06:32:54 | INFO     | 📢 [总进度] 31/52 份试卷已归档。
2026-07-27 06:33:02 | INFO     | ✅ [批改完成] ANS_CPL_276 | 路由: POS | 最终分: 6.0 | 风险: P0.00/U0.00/F0.40/H0/L1 | 提取质量: 🟢high | 留白率: 0% | 低质量率: 0%
2026-07-27 06:33:02 | INFO     | 
🔍 [正在处理] ANS_CPL_281 | 启动 3WD 流水线...
2026-07-27 06:33:02 | INFO     | 📢 [总进度] 32/52 份试卷已归档。
2026-07-27 06:33:21 | INFO     | ✅ [批改完成] ANS_CPL_279 | 路由: BND | 最终分: 3.0 | 风险: P0.00/U0.08/F0.80/H0/L1 | 提取质量: 🟢high | 留白率: 0% | 低质量率: 0%
2026-07-27 06:33:21 | INFO     | 
🔍 [正在处理] ANS_CPL_282 | 启动 3WD 流水线...
2026-07-27 06:33:21 | INFO     | 📢 [总进度] 33/52 份试卷已归档。
2026-07-27 06:33:35 | INFO     | ✅ [批改完成] ANS_CPL_281 | 路由: BND | 最终分: 2.0 | 风险: P0.00/U0.08/F0.80/H0/L1 | 提取质量: 🟢high | 留白率: 0% | 低质量率: 0%
2026-07-27 06:33:35 | INFO     | 
🔍 [正在处理] ANS_CPL_283 | 启动 3WD 流水线...
2026-07-27 06:33:35 | INFO     | 📢 [总进度] 34/52 份试卷已归档。
2026-07-27 06:33:54 | INFO     | ✅ [批改完成] ANS_CPL_282 | 路由: BND | 最终分: 2.3 | 风险: P0.00/U0.05/F0.40/H0/L1 | 提取质量: 🟢high | 留白率: 0% | 低质量率: 0%
2026-07-27 06:33:54 | INFO     | 
🔍 [正在处理] ANS_CPL_284 | 启动 3WD 流水线...
2026-07-27 06:33:54 | INFO     | 📢 [总进度] 35/52 份试卷已归档。
2026-07-27 06:34:05 | INFO     | ✅ [批改完成] ANS_CPL_283 | 路由: BND | 最终分: 8.7 | 风险: P0.00/U0.09/F0.00/H0/L0 | 提取质量: 🟢high | 留白率: 0% | 低质量率: 0%
2026-07-27 06:34:05 | INFO     | 
🔍 [正在处理] ANS_CPL_285 | 启动 3WD 流水线...
2026-07-27 06:34:05 | INFO     | 📢 [总进度] 36/52 份试卷已归档。
2026-07-27 06:34:32 | INFO     | ✅ [批改完成] ANS_CPL_284 | 路由: BND | 最终分: 4.0 | 风险: P0.00/U0.28/F0.40/H0/L1 | 提取质量: 🟢high | 留白率: 0% | 低质量率: 0%
2026-07-27 06:34:32 | INFO     | 
🔍 [正在处理] ANS_CPL_286 | 启动 3WD 流水线...
2026-07-27 06:34:32 | INFO     | 📢 [总进度] 37/52 份试卷已归档。
2026-07-27 06:34:41 | INFO     | ✅ [批改完成] ANS_CPL_285 | 路由: BND | 最终分: 3.7 | 风险: P0.32/U0.09/F0.40/H0/L0 | 提取质量: 🟢high | 留白率: 40% | 低质量率: 0%
2026-07-27 06:34:41 | INFO     | 
🔍 [正在处理] ANS_CPL_288 | 启动 3WD 流水线...
2026-07-27 06:34:41 | INFO     | 📢 [总进度] 38/52 份试卷已归档。
2026-07-27 06:34:56 | INFO     | ✅ [批改完成] ANS_CPL_286 | 路由: BND | 最终分: 2.0 | 风险: P0.24/U0.00/F0.80/H0/L1 | 提取质量: 🟢high | 留白率: 0% | 低质量率: 0%
2026-07-27 06:34:56 | INFO     | 
🔍 [正在处理] ANS_CPL_289 | 启动 3WD 流水线...
2026-07-27 06:34:56 | INFO     | 📢 [总进度] 39/52 份试卷已归档。
2026-07-27 06:35:10 | INFO     | ✅ [批改完成] ANS_CPL_288 | 路由: BND | 最终分: 7.7 | 风险: P0.16/U0.05/F0.00/H0/L0 | 提取质量: 🟢high | 留白率: 20% | 低质量率: 0%
2026-07-27 06:35:10 | INFO     | 
🔍 [正在处理] ANS_CPL_290 | 启动 3WD 流水线...
2026-07-27 06:35:10 | INFO     | 📢 [总进度] 40/52 份试卷已归档。
2026-07-27 06:35:29 | INFO     | ✅ [批改完成] ANS_CPL_289 | 路由: BND | 最终分: 7.0 | 风险: P0.00/U0.08/F0.20/H0/L0 | 提取质量: 🟢high | 留白率: 0% | 低质量率: 0%
2026-07-27 06:35:29 | INFO     | 
🔍 [正在处理] ANS_CPL_291 | 启动 3WD 流水线...
2026-07-27 06:35:29 | INFO     | 📢 [总进度] 41/52 份试卷已归档。
2026-07-27 06:35:35 | INFO     | ✅ [批改完成] ANS_CPL_290 | 路由: POS | 最终分: 10.0 | 风险: P0.00/U0.00/F0.00/H0/L0 | 提取质量: 🟢high | 留白率: 0% | 低质量率: 0%
2026-07-27 06:35:35 | INFO     | 
🔍 [正在处理] ANS_CPL_292 | 启动 3WD 流水线...
2026-07-27 06:35:35 | INFO     | 📢 [总进度] 42/52 份试卷已归档。
2026-07-27 06:35:57 | INFO     | ✅ [批改完成] ANS_CPL_291 | 路由: POS | 最终分: 0 | 风险: P0.00/U0.00/F1.00/H0/L1 | 提取质量: 🟢high | 留白率: 0% | 低质量率: 0%
2026-07-27 06:35:57 | INFO     | 
🔍 [正在处理] ANS_CPL_293 | 启动 3WD 流水线...
2026-07-27 06:35:57 | INFO     | 📢 [总进度] 43/52 份试卷已归档。
2026-07-27 06:36:05 | INFO     | ✅ [批改完成] ANS_CPL_292 | 路由: BND | 最终分: 4.0 | 风险: P0.38/U0.00/F0.20/H0/L0 | 提取质量: 🟢high | 留白率: 40% | 低质量率: 0%
2026-07-27 06:36:05 | INFO     | 
🔍 [正在处理] ANS_CPL_294 | 启动 3WD 流水线...
2026-07-27 06:36:05 | INFO     | 📢 [总进度] 44/52 份试卷已归档。
2026-07-27 06:36:38 | INFO     | ✅ [批改完成] ANS_CPL_293 | 路由: BND | 最终分: 7.0 | 风险: P0.32/U0.08/F0.00/H0/L0 | 提取质量: 🟢high | 留白率: 40% | 低质量率: 0%
2026-07-27 06:36:38 | INFO     | 
🔍 [正在处理] ANS_CPL_295 | 启动 3WD 流水线...
2026-07-27 06:36:38 | INFO     | 📢 [总进度] 45/52 份试卷已归档。
2026-07-27 06:36:40 | INFO     | ✅ [批改完成] ANS_CPL_294 | 路由: BND | 最终分: 1.3 | 风险: P0.48/U0.05/F0.00/H0/L0 | 提取质量: 🟡low | 留白率: 60% | 低质量率: 0%
2026-07-27 06:36:40 | INFO     | 
🔍 [正在处理] ANS_CPL_296 | 启动 3WD 流水线...
2026-07-27 06:36:40 | INFO     | 📢 [总进度] 46/52 份试卷已归档。
2026-07-27 06:37:09 | INFO     | ✅ [批改完成] ANS_CPL_295 | 路由: POS | 最终分: 4.0 | 风险: P0.16/U0.00/F0.40/H0/L1 | 提取质量: 🟢high | 留白率: 20% | 低质量率: 0%
2026-07-27 06:37:09 | INFO     | 
🔍 [正在处理] ANS_CPL_297 | 启动 3WD 流水线...
2026-07-27 06:37:09 | INFO     | 📢 [总进度] 47/52 份试卷已归档。
2026-07-27 06:37:23 | INFO     | ✅ [批改完成] ANS_CPL_296 | 路由: BND | 最终分: 7.3 | 风险: P0.00/U0.12/F0.20/H0/L0 | 提取质量: 🟢high | 留白率: 0% | 低质量率: 0%
2026-07-27 06:37:23 | INFO     | 
🔍 [正在处理] ANS_CPL_298 | 启动 3WD 流水线...
2026-07-27 06:37:23 | INFO     | 📢 [总进度] 48/52 份试卷已归档。
2026-07-27 06:37:50 | INFO     | ✅ [批改完成] ANS_CPL_297 | 路由: BND | 最终分: 8.3 | 风险: P0.00/U0.05/F0.40/H0/L0 | 提取质量: 🟢high | 留白率: 0% | 低质量率: 0%
2026-07-27 06:37:50 | INFO     | 
🔍 [正在处理] ANS_CPL_299 | 启动 3WD 流水线...
2026-07-27 06:37:50 | INFO     | 📢 [总进度] 49/52 份试卷已归档。
2026-07-27 06:37:55 | INFO     | ✅ [批改完成] ANS_CPL_298 | 路由: BND | 最终分: 10.0 | 风险: P0.00/U0.28/F0.00/H0/L0 | 提取质量: 🟢high | 留白率: 0% | 低质量率: 0%
2026-07-27 06:37:55 | INFO     | 
🔍 [正在处理] ANS_CPL_300 | 启动 3WD 流水线...
2026-07-27 06:37:55 | INFO     | 📢 [总进度] 50/52 份试卷已归档。
2026-07-27 06:38:21 | INFO     | ✅ [批改完成] ANS_CPL_299 | 路由: BND | 最终分: 1.3 | 风险: P0.32/U0.19/F0.40/H0/L0 | 提取质量: 🟢high | 留白率: 40% | 低质量率: 0%
2026-07-27 06:38:21 | INFO     | 📢 [总进度] 51/52 份试卷已归档。
2026-07-27 06:38:26 | INFO     | ✅ [批改完成] ANS_CPL_300 | 路由: BND | 最终分: 6.3 | 风险: P0.16/U0.12/F0.00/H0/L0 | 提取质量: 🟢high | 留白率: 20% | 低质量率: 0%
2026-07-27 06:38:26 | INFO     | 📢 [总进度] 52/52 份试卷已归档。
2026-07-27 06:38:26 | INFO     | 🗂️ 所有线程交卷完毕，正在整理数据... (共收集 52/52 份结果)
2026-07-27 06:38:26 | INFO     | 💾 正常批改结果已保存: D:\users\王鑫020420\Desktop\refgrader-main\results_runs\csbench_cpl1_cpl2_cpl3_cpl4_cpl5_cpl6_cpl7_cpl8_all\runs\teacher_audit_cpl_1_8_20260725_192008\CPL_5_graded_results.json (52 人)
2026-07-27 06:38:26 | INFO     | ✅ 无拒绝域案例。
2026-07-27 06:38:26 | INFO     | [result consistency] CPL_5: checkpoint=52, graded=52, rejected=0, failed=0, expected=52
2026-07-27 06:38:26 | INFO     | 
🚀 [标准模式] 开始处理: CPL_6
2026-07-27 06:38:26 | INFO     | ⚡ 已加载本地标准: D:\users\王鑫020420\Desktop\refgrader-main\data\csbench\rubrics\optimized\CPL\CPL_6_rubric_standard.json
2026-07-27 06:38:31 | INFO     | ⚡ 脱敏清单已预生成，59 名学生共享复用。
2026-07-27 06:38:31 | INFO     | 🏃 开始批改 59 张试卷 (⚡ 开启多线程模式)...
2026-07-27 06:38:31 | INFO     | 
🔍 [正在处理] ANS_CPL_301 | 启动 3WD 流水线...
2026-07-27 06:38:31 | INFO     | 
🔍 [正在处理] ANS_CPL_302 | 启动 3WD 流水线...
2026-07-27 06:38:31 | INFO     | ⏳ [主线程] 已提交 59 个任务，等待结果回收...
2026-07-27 06:38:53 | INFO     | ✅ [批改完成] ANS_CPL_302 | 路由: POS | 最终分: 10.0 | 风险: P0.00/U0.00/F0.00/H0/L0 | 提取质量: 🟢high | 留白率: 0% | 低质量率: 0%
2026-07-27 06:38:53 | INFO     | 
🔍 [正在处理] ANS_CPL_303 | 启动 3WD 流水线...
2026-07-27 06:38:53 | INFO     | 📢 [总进度] 1/59 份试卷已归档。
2026-07-27 06:38:54 | INFO     | ✅ [批改完成] ANS_CPL_301 | 路由: POS | 最终分: 10.0 | 风险: P0.00/U0.00/F0.00/H0/L0 | 提取质量: 🟢high | 留白率: 0% | 低质量率: 0%
2026-07-27 06:38:54 | INFO     | 
🔍 [正在处理] ANS_CPL_304 | 启动 3WD 流水线...
2026-07-27 06:38:54 | INFO     | 📢 [总进度] 2/59 份试卷已归档。
2026-07-27 06:39:17 | INFO     | ✅ [批改完成] ANS_CPL_303 | 路由: POS | 最终分: 8.7 | 风险: P0.00/U0.05/F0.00/H0/L0 | 提取质量: 🟢high | 留白率: 0% | 低质量率: 0%
2026-07-27 06:39:17 | INFO     | 
🔍 [正在处理] ANS_CPL_305 | 启动 3WD 流水线...
2026-07-27 06:39:17 | INFO     | 📢 [总进度] 3/59 份试卷已归档。
2026-07-27 06:39:20 | INFO     | ✅ [批改完成] ANS_CPL_304 | 路由: POS | 最终分: 10.0 | 风险: P0.00/U0.00/F0.00/H0/L0 | 提取质量: 🟢high | 留白率: 0% | 低质量率: 0%
2026-07-27 06:39:20 | INFO     | 
🔍 [正在处理] ANS_CPL_306 | 启动 3WD 流水线...
2026-07-27 06:39:20 | INFO     | 📢 [总进度] 4/59 份试卷已归档。
2026-07-27 06:39:42 | INFO     | ✅ [批改完成] ANS_CPL_305 | 路由: POS | 最终分: 9.7 | 风险: P0.00/U0.02/F0.00/H0/L0 | 提取质量: 🟢high | 留白率: 0% | 低质量率: 0%
2026-07-27 06:39:42 | INFO     | 
🔍 [正在处理] ANS_CPL_307 | 启动 3WD 流水线...
2026-07-27 06:39:42 | INFO     | 📢 [总进度] 5/59 份试卷已归档。
2026-07-27 06:39:46 | INFO     | ✅ [批改完成] ANS_CPL_306 | 路由: POS | 最终分: 4.3 | 风险: P0.00/U0.05/F0.00/H0/L1 | 提取质量: 🟢high | 留白率: 0% | 低质量率: 0%
2026-07-27 06:39:46 | INFO     | 
🔍 [正在处理] ANS_CPL_308 | 启动 3WD 流水线...
2026-07-27 06:39:46 | INFO     | 📢 [总进度] 6/59 份试卷已归档。
2026-07-27 06:40:06 | INFO     | ✅ [批改完成] ANS_CPL_307 | 路由: POS | 最终分: 6.8 | 风险: P0.00/U0.02/F0.00/H0/L0 | 提取质量: 🟢high | 留白率: 0% | 低质量率: 0%
2026-07-27 06:40:06 | INFO     | 
🔍 [正在处理] ANS_CPL_309 | 启动 3WD 流水线...
2026-07-27 06:40:06 | INFO     | 📢 [总进度] 7/59 份试卷已归档。
2026-07-27 06:40:07 | INFO     | ✅ [批改完成] ANS_CPL_308 | 路由: POS | 最终分: 10.0 | 风险: P0.00/U0.00/F0.00/H0/L0 | 提取质量: 🟢high | 留白率: 0% | 低质量率: 0%
2026-07-27 06:40:07 | INFO     | 
🔍 [正在处理] ANS_CPL_310 | 启动 3WD 流水线...
2026-07-27 06:40:07 | INFO     | 📢 [总进度] 8/59 份试卷已归档。
2026-07-27 06:40:31 | INFO     | ✅ [批改完成] ANS_CPL_309 | 路由: POS | 最终分: 10.0 | 风险: P0.00/U0.00/F0.00/H0/L0 | 提取质量: 🟢high | 留白率: 0% | 低质量率: 0%
2026-07-27 06:40:31 | INFO     | 
🔍 [正在处理] ANS_CPL_311 | 启动 3WD 流水线...
2026-07-27 06:40:31 | INFO     | 📢 [总进度] 9/59 份试卷已归档。
2026-07-27 06:40:40 | INFO     | ✅ [批改完成] ANS_CPL_310 | 路由: BND | 最终分: 9.5 | 风险: P0.00/U0.07/F0.00/H0/L0 | 提取质量: 🟢high | 留白率: 0% | 低质量率: 0%
2026-07-27 06:40:40 | INFO     | 
🔍 [正在处理] ANS_CPL_312 | 启动 3WD 流水线...
2026-07-27 06:40:40 | INFO     | 📢 [总进度] 10/59 份试卷已归档。
2026-07-27 06:40:53 | INFO     | ✅ [批改完成] ANS_CPL_311 | 路由: POS | 最终分: 10.0 | 风险: P0.00/U0.00/F0.00/H0/L0 | 提取质量: 🟢high | 留白率: 0% | 低质量率: 0%
2026-07-27 06:40:53 | INFO     | 
🔍 [正在处理] ANS_CPL_313 | 启动 3WD 流水线...
2026-07-27 06:40:53 | INFO     | 📢 [总进度] 11/59 份试卷已归档。
2026-07-27 06:41:01 | INFO     | ✅ [批改完成] ANS_CPL_312 | 路由: POS | 最终分: 10.0 | 风险: P0.00/U0.00/F0.00/H0/L0 | 提取质量: 🟢high | 留白率: 0% | 低质量率: 0%
2026-07-27 06:41:01 | INFO     | 
🔍 [正在处理] ANS_CPL_314 | 启动 3WD 流水线...
2026-07-27 06:41:01 | INFO     | 📢 [总进度] 12/59 份试卷已归档。
2026-07-27 06:41:16 | INFO     | ✅ [批改完成] ANS_CPL_313 | 路由: POS | 最终分: 10.0 | 风险: P0.00/U0.00/F0.00/H0/L0 | 提取质量: 🟢high | 留白率: 0% | 低质量率: 0%
2026-07-27 06:41:16 | INFO     | 
🔍 [正在处理] ANS_CPL_315 | 启动 3WD 流水线...
2026-07-27 06:41:16 | INFO     | 📢 [总进度] 13/59 份试卷已归档。
2026-07-27 06:41:22 | INFO     | ✅ [批改完成] ANS_CPL_314 | 路由: POS | 最终分: 10.0 | 风险: P0.00/U0.00/F0.00/H0/L0 | 提取质量: 🟢high | 留白率: 0% | 低质量率: 0%
2026-07-27 06:41:22 | INFO     | 
🔍 [正在处理] ANS_CPL_316 | 启动 3WD 流水线...
2026-07-27 06:41:22 | INFO     | 📢 [总进度] 14/59 份试卷已归档。
2026-07-27 06:41:39 | INFO     | ✅ [批改完成] ANS_CPL_315 | 路由: POS | 最终分: 10.0 | 风险: P0.00/U0.00/F0.00/H0/L0 | 提取质量: 🟢high | 留白率: 0% | 低质量率: 0%
2026-07-27 06:41:39 | INFO     | 
🔍 [正在处理] ANS_CPL_317 | 启动 3WD 流水线...
2026-07-27 06:41:39 | INFO     | 📢 [总进度] 15/59 份试卷已归档。
2026-07-27 06:41:44 | INFO     | ✅ [批改完成] ANS_CPL_316 | 路由: POS | 最终分: 10.0 | 风险: P0.00/U0.00/F0.00/H0/L0 | 提取质量: 🟢high | 留白率: 0% | 低质量率: 0%
2026-07-27 06:41:44 | INFO     | 
🔍 [正在处理] ANS_CPL_318 | 启动 3WD 流水线...
2026-07-27 06:41:44 | INFO     | 📢 [总进度] 16/59 份试卷已归档。
2026-07-27 06:42:01 | INFO     | ✅ [批改完成] ANS_CPL_317 | 路由: POS | 最终分: 8.0 | 风险: P0.00/U0.00/F0.00/H0/L0 | 提取质量: 🟢high | 留白率: 0% | 低质量率: 0%
2026-07-27 06:42:01 | INFO     | 
🔍 [正在处理] ANS_CPL_319 | 启动 3WD 流水线...
2026-07-27 06:42:01 | INFO     | 📢 [总进度] 17/59 份试卷已归档。
2026-07-27 06:42:15 | INFO     | ✅ [批改完成] ANS_CPL_318 | 路由: BND | 最终分: 5.3 | 风险: P0.00/U0.05/F0.40/H0/L0 | 提取质量: 🟢high | 留白率: 0% | 低质量率: 0%
2026-07-27 06:42:15 | INFO     | 
🔍 [正在处理] ANS_CPL_320 | 启动 3WD 流水线...
2026-07-27 06:42:15 | INFO     | 📢 [总进度] 18/59 份试卷已归档。
2026-07-27 06:42:32 | INFO     | ✅ [批改完成] ANS_CPL_319 | 路由: BND | 最终分: 6.3 | 风险: P0.00/U0.12/F0.00/H0/L1 | 提取质量: 🟢high | 留白率: 0% | 低质量率: 0%
2026-07-27 06:42:32 | INFO     | 
🔍 [正在处理] ANS_CPL_321 | 启动 3WD 流水线...
2026-07-27 06:42:32 | INFO     | 📢 [总进度] 19/59 份试卷已归档。
2026-07-27 06:42:36 | INFO     | ✅ [批改完成] ANS_CPL_320 | 路由: POS | 最终分: 10.0 | 风险: P0.00/U0.00/F0.00/H0/L0 | 提取质量: 🟢high | 留白率: 0% | 低质量率: 0%
2026-07-27 06:42:36 | INFO     | 
🔍 [正在处理] ANS_CPL_322 | 启动 3WD 流水线...
2026-07-27 06:42:36 | INFO     | 📢 [总进度] 20/59 份试卷已归档。
2026-07-27 06:43:03 | INFO     | ✅ [批改完成] ANS_CPL_321 | 路由: BND | 最终分: 8.3 | 风险: P0.00/U0.12/F0.00/H0/L0 | 提取质量: 🟢high | 留白率: 0% | 低质量率: 0%
2026-07-27 06:43:03 | INFO     | 
🔍 [正在处理] ANS_CPL_323 | 启动 3WD 流水线...
2026-07-27 06:43:03 | INFO     | 📢 [总进度] 21/59 份试卷已归档。
2026-07-27 06:43:05 | INFO     | ✅ [批改完成] ANS_CPL_322 | 路由: BND | 最终分: 4.7 | 风险: P0.00/U0.09/F0.40/H0/L0 | 提取质量: 🟢high | 留白率: 0% | 低质量率: 0%
2026-07-27 06:43:05 | INFO     | 
🔍 [正在处理] ANS_CPL_324 | 启动 3WD 流水线...
2026-07-27 06:43:05 | INFO     | 📢 [总进度] 22/59 份试卷已归档。
2026-07-27 06:43:27 | INFO     | ✅ [批改完成] ANS_CPL_324 | 路由: POS | 最终分: 10.0 | 风险: P0.00/U0.00/F0.00/H0/L0 | 提取质量: 🟢high | 留白率: 0% | 低质量率: 0%
2026-07-27 06:43:27 | INFO     | 
🔍 [正在处理] ANS_CPL_325 | 启动 3WD 流水线...
2026-07-27 06:43:27 | INFO     | 📢 [总进度] 23/59 份试卷已归档。
2026-07-27 06:43:27 | INFO     | ✅ [批改完成] ANS_CPL_323 | 路由: POS | 最终分: 4.0 | 风险: P0.00/U0.00/F0.40/H0/L1 | 提取质量: 🟢high | 留白率: 0% | 低质量率: 0%
2026-07-27 06:43:27 | INFO     | 
🔍 [正在处理] ANS_CPL_326 | 启动 3WD 流水线...
2026-07-27 06:43:27 | INFO     | 📢 [总进度] 24/59 份试卷已归档。
2026-07-27 06:43:53 | INFO     | ✅ [批改完成] ANS_CPL_325 | 路由: BND | 最终分: 2.5 | 风险: P0.06/U0.04/F0.40/H0/L1 | 提取质量: 🟢high | 留白率: 0% | 低质量率: 0%
2026-07-27 06:43:53 | INFO     | 
🔍 [正在处理] ANS_CPL_327 | 启动 3WD 流水线...
2026-07-27 06:43:53 | INFO     | 📢 [总进度] 25/59 份试卷已归档。
2026-07-27 06:43:59 | INFO     | ✅ [批改完成] ANS_CPL_326 | 路由: BND | 最终分: 2.3 | 风险: P0.16/U0.12/F0.40/H0/L1 | 提取质量: 🟢high | 留白率: 20% | 低质量率: 0%
2026-07-27 06:43:59 | INFO     | 
🔍 [正在处理] ANS_CPL_328 | 启动 3WD 流水线...
2026-07-27 06:43:59 | INFO     | 📢 [总进度] 26/59 份试卷已归档。
2026-07-27 06:44:22 | INFO     | ✅ [批改完成] ANS_CPL_327 | 路由: BND | 最终分: 0 | 风险: P0.32/U0.00/F0.60/H0/L0 | 提取质量: 🟢high | 留白率: 40% | 低质量率: 0%
2026-07-27 06:44:22 | INFO     | 
🔍 [正在处理] ANS_CPL_329 | 启动 3WD 流水线...
2026-07-27 06:44:22 | INFO     | 📢 [总进度] 27/59 份试卷已归档。
2026-07-27 06:44:32 | INFO     | ✅ [批改完成] ANS_CPL_328 | 路由: BND | 最终分: 8.0 | 风险: P0.00/U0.08/F0.00/H0/L0 | 提取质量: 🟢high | 留白率: 0% | 低质量率: 0%
2026-07-27 06:44:32 | INFO     | 
🔍 [正在处理] ANS_CPL_330 | 启动 3WD 流水线...
2026-07-27 06:44:32 | INFO     | 📢 [总进度] 28/59 份试卷已归档。
2026-07-27 06:44:51 | INFO     | ✅ [批改完成] ANS_CPL_329 | 路由: BND | 最终分: 4.3 | 风险: P0.00/U0.12/F0.40/H0/L1 | 提取质量: 🟢high | 留白率: 0% | 低质量率: 0%
2026-07-27 06:44:51 | INFO     | 
🔍 [正在处理] ANS_CPL_331 | 启动 3WD 流水线...
2026-07-27 06:44:51 | INFO     | 📢 [总进度] 29/59 份试卷已归档。
2026-07-27 06:44:54 | INFO     | ✅ [批改完成] ANS_CPL_330 | 路由: POS | 最终分: 8.0 | 风险: P0.16/U0.00/F0.00/H0/L0 | 提取质量: 🟢high | 留白率: 20% | 低质量率: 0%
2026-07-27 06:44:54 | INFO     | 
🔍 [正在处理] ANS_CPL_332 | 启动 3WD 流水线...
2026-07-27 06:44:54 | INFO     | 📢 [总进度] 30/59 份试卷已归档。
2026-07-27 06:45:15 | INFO     | ✅ [批改完成] ANS_CPL_332 | 路由: POS | 最终分: 10.0 | 风险: P0.00/U0.00/F0.00/H0/L0 | 提取质量: 🟢high | 留白率: 0% | 低质量率: 0%
2026-07-27 06:45:15 | INFO     | 
🔍 [正在处理] ANS_CPL_333 | 启动 3WD 流水线...
2026-07-27 06:45:15 | INFO     | 📢 [总进度] 31/59 份试卷已归档。
2026-07-27 06:45:16 | INFO     | ✅ [批改完成] ANS_CPL_331 | 路由: POS | 最终分: 7.8 | 风险: P0.00/U0.02/F0.00/H0/L0 | 提取质量: 🟢high | 留白率: 0% | 低质量率: 0%
2026-07-27 06:45:16 | INFO     | 
🔍 [正在处理] ANS_CPL_334 | 启动 3WD 流水线...
2026-07-27 06:45:16 | INFO     | 📢 [总进度] 32/59 份试卷已归档。
2026-07-27 06:45:43 | INFO     | ✅ [批改完成] ANS_CPL_333 | 路由: BND | 最终分: 6.7 | 风险: P0.00/U0.12/F0.00/H0/L0 | 提取质量: 🟢high | 留白率: 0% | 低质量率: 0%
2026-07-27 06:45:43 | INFO     | 
🔍 [正在处理] ANS_CPL_335 | 启动 3WD 流水线...
2026-07-27 06:45:43 | INFO     | 📢 [总进度] 33/59 份试卷已归档。
2026-07-27 06:45:48 | INFO     | ✅ [批改完成] ANS_CPL_334 | 路由: BND | 最终分: 1.05 | 风险: P0.06/U0.05/F0.80/H0/L1 | 提取质量: 🟢high | 留白率: 0% | 低质量率: 0%
2026-07-27 06:45:48 | INFO     | 
🔍 [正在处理] ANS_CPL_336 | 启动 3WD 流水线...
2026-07-27 06:45:48 | INFO     | 📢 [总进度] 34/59 份试卷已归档。
2026-07-27 06:46:03 | INFO     | ✅ [批改完成] ANS_CPL_335 | 路由: POS | 最终分: 8.0 | 风险: P0.00/U0.00/F0.00/H0/L0 | 提取质量: 🟢high | 留白率: 0% | 低质量率: 0%
2026-07-27 06:46:03 | INFO     | 
🔍 [正在处理] ANS_CPL_337 | 启动 3WD 流水线...
2026-07-27 06:46:03 | INFO     | 📢 [总进度] 35/59 份试卷已归档。
2026-07-27 06:46:09 | INFO     | ✅ [批改完成] ANS_CPL_336 | 路由: POS | 最终分: 10.0 | 风险: P0.00/U0.00/F0.00/H0/L0 | 提取质量: 🟢high | 留白率: 0% | 低质量率: 0%
2026-07-27 06:46:09 | INFO     | 
🔍 [正在处理] ANS_CPL_338 | 启动 3WD 流水线...
2026-07-27 06:46:09 | INFO     | 📢 [总进度] 36/59 份试卷已归档。
2026-07-27 06:46:24 | INFO     | ✅ [批改完成] ANS_CPL_337 | 路由: POS | 最终分: 10.0 | 风险: P0.06/U0.00/F0.00/H0/L0 | 提取质量: 🟢high | 留白率: 0% | 低质量率: 0%
2026-07-27 06:46:24 | INFO     | 
🔍 [正在处理] ANS_CPL_339 | 启动 3WD 流水线...
2026-07-27 06:46:24 | INFO     | 📢 [总进度] 37/59 份试卷已归档。
2026-07-27 06:46:38 | INFO     | ✅ [批改完成] ANS_CPL_338 | 路由: BND | 最终分: 5.2 | 风险: P0.00/U0.09/F0.00/H0/L0 | 提取质量: 🟢high | 留白率: 0% | 低质量率: 0%
2026-07-27 06:46:38 | INFO     | 
🔍 [正在处理] ANS_CPL_340 | 启动 3WD 流水线...
2026-07-27 06:46:38 | INFO     | 📢 [总进度] 38/59 份试卷已归档。
2026-07-27 06:46:44 | INFO     | ✅ [批改完成] ANS_CPL_339 | 路由: POS | 最终分: 8.7 | 风险: P0.00/U0.02/F0.00/H0/L0 | 提取质量: 🟢high | 留白率: 0% | 低质量率: 0%
2026-07-27 06:46:44 | INFO     | 
🔍 [正在处理] ANS_CPL_341 | 启动 3WD 流水线...
2026-07-27 06:46:44 | INFO     | 📢 [总进度] 39/59 份试卷已归档。
2026-07-27 06:47:02 | INFO     | ✅ [批改完成] ANS_CPL_340 | 路由: POS | 最终分: 10.0 | 风险: P0.00/U0.00/F0.00/H0/L0 | 提取质量: 🟢high | 留白率: 0% | 低质量率: 0%
2026-07-27 06:47:02 | INFO     | 
🔍 [正在处理] ANS_CPL_342 | 启动 3WD 流水线...
2026-07-27 06:47:02 | INFO     | 📢 [总进度] 40/59 份试卷已归档。
2026-07-27 06:47:18 | INFO     | ✅ [批改完成] ANS_CPL_341 | 路由: BND | 最终分: 3.8 | 风险: P0.16/U0.09/F0.00/H0/L1 | 提取质量: 🟢high | 留白率: 20% | 低质量率: 0%
2026-07-27 06:47:18 | INFO     | 
🔍 [正在处理] ANS_CPL_343 | 启动 3WD 流水线...
2026-07-27 06:47:18 | INFO     | 📢 [总进度] 41/59 份试卷已归档。
2026-07-27 06:47:27 | INFO     | ✅ [批改完成] ANS_CPL_342 | 路由: POS | 最终分: 7.0 | 风险: P0.00/U0.00/F0.00/H0/L0 | 提取质量: 🟢high | 留白率: 0% | 低质量率: 0%
2026-07-27 06:47:27 | INFO     | 
🔍 [正在处理] ANS_CPL_344 | 启动 3WD 流水线...
2026-07-27 06:47:27 | INFO     | 📢 [总进度] 42/59 份试卷已归档。
2026-07-27 06:47:42 | INFO     | ✅ [批改完成] ANS_CPL_343 | 路由: POS | 最终分: 10.0 | 风险: P0.00/U0.00/F0.00/H0/L0 | 提取质量: 🟢high | 留白率: 0% | 低质量率: 0%
2026-07-27 06:47:42 | INFO     | 
🔍 [正在处理] ANS_CPL_345 | 启动 3WD 流水线...
2026-07-27 06:47:42 | INFO     | 📢 [总进度] 43/59 份试卷已归档。
2026-07-27 06:47:46 | INFO     | ✅ [批改完成] ANS_CPL_344 | 路由: POS | 最终分: 8.2 | 风险: P0.00/U0.02/F0.00/H0/L0 | 提取质量: 🟢high | 留白率: 0% | 低质量率: 0%
2026-07-27 06:47:46 | INFO     | 
🔍 [正在处理] ANS_CPL_346 | 启动 3WD 流水线...
2026-07-27 06:47:46 | INFO     | 📢 [总进度] 44/59 份试卷已归档。
2026-07-27 06:48:06 | INFO     | ✅ [批改完成] ANS_CPL_345 | 路由: POS | 最终分: 9.3 | 风险: P0.00/U0.05/F0.00/H0/L0 | 提取质量: 🟢high | 留白率: 0% | 低质量率: 0%
2026-07-27 06:48:06 | INFO     | 
🔍 [正在处理] ANS_CPL_347 | 启动 3WD 流水线...
2026-07-27 06:48:06 | INFO     | 📢 [总进度] 45/59 份试卷已归档。
2026-07-27 06:48:17 | INFO     | ✅ [批改完成] ANS_CPL_346 | 路由: BND | 最终分: 5.88 | 风险: P0.16/U0.07/F0.00/H0/L0 | 提取质量: 🟢high | 留白率: 20% | 低质量率: 0%
2026-07-27 06:48:17 | INFO     | 
🔍 [正在处理] ANS_CPL_348 | 启动 3WD 流水线...
2026-07-27 06:48:17 | INFO     | 📢 [总进度] 46/59 份试卷已归档。
2026-07-27 06:48:28 | INFO     | ✅ [批改完成] ANS_CPL_347 | 路由: POS | 最终分: 10.0 | 风险: P0.00/U0.00/F0.00/H0/L0 | 提取质量: 🟢high | 留白率: 0% | 低质量率: 0%
2026-07-27 06:48:28 | INFO     | 
🔍 [正在处理] ANS_CPL_349 | 启动 3WD 流水线...
2026-07-27 06:48:28 | INFO     | 📢 [总进度] 47/59 份试卷已归档。
2026-07-27 06:48:41 | INFO     | ✅ [批改完成] ANS_CPL_348 | 路由: POS | 最终分: 8.0 | 风险: P0.00/U0.00/F0.00/H0/L0 | 提取质量: 🟢high | 留白率: 0% | 低质量率: 0%
2026-07-27 06:48:41 | INFO     | 
🔍 [正在处理] ANS_CPL_350 | 启动 3WD 流水线...
2026-07-27 06:48:41 | INFO     | 📢 [总进度] 48/59 份试卷已归档。
2026-07-27 06:48:47 | INFO     | ✅ [批改完成] ANS_CPL_349 | 路由: POS | 最终分: 10.0 | 风险: P0.00/U0.00/F0.00/H0/L0 | 提取质量: 🟢high | 留白率: 0% | 低质量率: 0%
2026-07-27 06:48:47 | INFO     | 
🔍 [正在处理] ANS_CPL_352 | 启动 3WD 流水线...
2026-07-27 06:48:47 | INFO     | 📢 [总进度] 49/59 份试卷已归档。
2026-07-27 06:49:02 | INFO     | ✅ [批改完成] ANS_CPL_350 | 路由: POS | 最终分: 10.0 | 风险: P0.00/U0.00/F0.00/H0/L0 | 提取质量: 🟢high | 留白率: 0% | 低质量率: 0%
2026-07-27 06:49:02 | INFO     | 
🔍 [正在处理] ANS_CPL_353 | 启动 3WD 流水线...
2026-07-27 06:49:02 | INFO     | 📢 [总进度] 50/59 份试卷已归档。
2026-07-27 06:49:10 | INFO     | ✅ [批改完成] ANS_CPL_352 | 路由: POS | 最终分: 6.3 | 风险: P0.00/U0.05/F0.00/H0/L0 | 提取质量: 🟢high | 留白率: 0% | 低质量率: 0%
2026-07-27 06:49:10 | INFO     | 
🔍 [正在处理] ANS_CPL_354 | 启动 3WD 流水线...
2026-07-27 06:49:10 | INFO     | 📢 [总进度] 51/59 份试卷已归档。
2026-07-27 06:49:27 | INFO     | ✅ [批改完成] ANS_CPL_353 | 路由: POS | 最终分: 10.0 | 风险: P0.00/U0.00/F0.00/H0/L0 | 提取质量: 🟢high | 留白率: 0% | 低质量率: 0%
2026-07-27 06:49:27 | INFO     | 
🔍 [正在处理] ANS_CPL_355 | 启动 3WD 流水线...
2026-07-27 06:49:27 | INFO     | 📢 [总进度] 52/59 份试卷已归档。
2026-07-27 06:49:34 | INFO     | ✅ [批改完成] ANS_CPL_354 | 路由: POS | 最终分: 7.8 | 风险: P0.00/U0.02/F0.00/H0/L0 | 提取质量: 🟢high | 留白率: 0% | 低质量率: 0%
2026-07-27 06:49:34 | INFO     | 
🔍 [正在处理] ANS_CPL_356 | 启动 3WD 流水线...
2026-07-27 06:49:34 | INFO     | 📢 [总进度] 53/59 份试卷已归档。
2026-07-27 06:49:55 | INFO     | ✅ [批改完成] ANS_CPL_355 | 路由: POS | 最终分: 10.0 | 风险: P0.00/U0.00/F0.00/H0/L0 | 提取质量: 🟢high | 留白率: 0% | 低质量率: 0%
2026-07-27 06:49:55 | INFO     | 
🔍 [正在处理] ANS_CPL_357 | 启动 3WD 流水线...
2026-07-27 06:49:55 | INFO     | 📢 [总进度] 54/59 份试卷已归档。
2026-07-27 06:50:03 | INFO     | ✅ [批改完成] ANS_CPL_356 | 路由: POS | 最终分: 2.3 | 风险: P0.00/U0.02/F0.60/H0/L1 | 提取质量: 🟢high | 留白率: 0% | 低质量率: 0%
2026-07-27 06:50:03 | INFO     | 
🔍 [正在处理] ANS_CPL_358 | 启动 3WD 流水线...
2026-07-27 06:50:03 | INFO     | 📢 [总进度] 55/59 份试卷已归档。
2026-07-27 06:50:18 | INFO     | ✅ [批改完成] ANS_CPL_357 | 路由: POS | 最终分: 6.3 | 风险: P0.00/U0.05/F0.40/H0/L0 | 提取质量: 🟢high | 留白率: 0% | 低质量率: 0%
2026-07-27 06:50:18 | INFO     | 
🔍 [正在处理] ANS_CPL_359 | 启动 3WD 流水线...
2026-07-27 06:50:18 | INFO     | 📢 [总进度] 56/59 份试卷已归档。
2026-07-27 06:50:27 | INFO     | ✅ [批改完成] ANS_CPL_358 | 路由: POS | 最终分: 10.0 | 风险: P0.00/U0.00/F0.00/H0/L0 | 提取质量: 🟢high | 留白率: 0% | 低质量率: 0%
2026-07-27 06:50:27 | INFO     | 
🔍 [正在处理] ANS_CPL_360 | 启动 3WD 流水线...
2026-07-27 06:50:27 | INFO     | 📢 [总进度] 57/59 份试卷已归档。
2026-07-27 06:50:39 | INFO     | ✅ [批改完成] ANS_CPL_359 | 路由: POS | 最终分: 7.0 | 风险: P0.00/U0.00/F0.00/H0/L0 | 提取质量: 🟢high | 留白率: 0% | 低质量率: 0%
2026-07-27 06:50:39 | INFO     | 📢 [总进度] 58/59 份试卷已归档。
2026-07-27 06:50:56 | INFO     | ✅ [批改完成] ANS_CPL_360 | 路由: BND | 最终分: 7.0 | 风险: P0.00/U0.07/F0.00/H0/L1 | 提取质量: 🟢high | 留白率: 0% | 低质量率: 0%
2026-07-27 06:50:56 | INFO     | 📢 [总进度] 59/59 份试卷已归档。
2026-07-27 06:50:56 | INFO     | 🗂️ 所有线程交卷完毕，正在整理数据... (共收集 59/59 份结果)
2026-07-27 06:50:56 | INFO     | 💾 正常批改结果已保存: D:\users\王鑫020420\Desktop\refgrader-main\results_runs\csbench_cpl1_cpl2_cpl3_cpl4_cpl5_cpl6_cpl7_cpl8_all\runs\teacher_audit_cpl_1_8_20260725_192008\CPL_6_graded_results.json (59 人)
2026-07-27 06:50:56 | INFO     | ✅ 无拒绝域案例。
2026-07-27 06:50:56 | INFO     | [result consistency] CPL_6: checkpoint=59, graded=59, rejected=0, failed=0, expected=59
2026-07-27 06:50:56 | INFO     | 
🚀 [标准模式] 开始处理: CPL_7
2026-07-27 06:50:56 | INFO     | ⚡ 已加载本地标准: D:\users\王鑫020420\Desktop\refgrader-main\data\csbench\rubrics\optimized\CPL\CPL_7_rubric_standard.json
2026-07-27 06:51:02 | INFO     | ⚡ 脱敏清单已预生成，58 名学生共享复用。
2026-07-27 06:51:02 | INFO     | 🏃 开始批改 58 张试卷 (⚡ 开启多线程模式)...
2026-07-27 06:51:02 | INFO     | 
🔍 [正在处理] ANS_CPL_361 | 启动 3WD 流水线...
2026-07-27 06:51:02 | INFO     | 
🔍 [正在处理] ANS_CPL_362 | 启动 3WD 流水线...
2026-07-27 06:51:02 | INFO     | ⏳ [主线程] 已提交 58 个任务，等待结果回收...
2026-07-27 06:51:26 | INFO     | ✅ [批改完成] ANS_CPL_362 | 路由: POS | 最终分: 14.5 | 风险: P0.00/U0.03/F0.00/H0/L0 | 提取质量: 🟢high | 留白率: 0% | 低质量率: 0%
2026-07-27 06:51:26 | INFO     | 
🔍 [正在处理] ANS_CPL_363 | 启动 3WD 流水线...
2026-07-27 06:51:26 | INFO     | 📢 [总进度] 1/58 份试卷已归档。
2026-07-27 06:51:28 | INFO     | ✅ [批改完成] ANS_CPL_361 | 路由: POS | 最终分: 10.0 | 风险: P0.00/U0.03/F0.00/H0/L0 | 提取质量: 🟢high | 留白率: 0% | 低质量率: 0%
2026-07-27 06:51:28 | INFO     | 
🔍 [正在处理] ANS_CPL_364 | 启动 3WD 流水线...
2026-07-27 06:51:28 | INFO     | 📢 [总进度] 2/58 份试卷已归档。
2026-07-27 06:51:52 | INFO     | ✅ [批改完成] ANS_CPL_364 | 路由: POS | 最终分: 13.7 | 风险: P0.00/U0.04/F0.00/H0/L0 | 提取质量: 🟢high | 留白率: 0% | 低质量率: 0%
2026-07-27 06:51:52 | INFO     | 
🔍 [正在处理] ANS_CPL_365 | 启动 3WD 流水线...
2026-07-27 06:51:52 | INFO     | 📢 [总进度] 3/58 份试卷已归档。
2026-07-27 06:51:53 | INFO     | ✅ [批改完成] ANS_CPL_363 | 路由: BND | 最终分: 11.3 | 风险: P0.00/U0.10/F0.00/H0/L0 | 提取质量: 🟢high | 留白率: 0% | 低质量率: 0%
2026-07-27 06:51:53 | INFO     | 
🔍 [正在处理] ANS_CPL_366 | 启动 3WD 流水线...
2026-07-27 06:51:53 | INFO     | 📢 [总进度] 4/58 份试卷已归档。
2026-07-27 06:52:13 | INFO     | ✅ [批改完成] ANS_CPL_366 | 路由: POS | 最终分: 8.3 | 风险: P0.00/U0.06/F0.00/H0/L1 | 提取质量: 🟢high | 留白率: 0% | 低质量率: 0%
2026-07-27 06:52:13 | INFO     | 
🔍 [正在处理] ANS_CPL_367 | 启动 3WD 流水线...
2026-07-27 06:52:13 | INFO     | 📢 [总进度] 5/58 份试卷已归档。
2026-07-27 06:52:16 | INFO     | ✅ [批改完成] ANS_CPL_365 | 路由: POS | 最终分: 5.2 | 风险: P0.00/U0.02/F0.00/H0/L1 | 提取质量: 🟢high | 留白率: 0% | 低质量率: 0%
2026-07-27 06:52:16 | INFO     | 
🔍 [正在处理] ANS_CPL_368 | 启动 3WD 流水线...
2026-07-27 06:52:16 | INFO     | 📢 [总进度] 6/58 份试卷已归档。
2026-07-27 06:52:42 | INFO     | ✅ [批改完成] ANS_CPL_368 | 路由: BND | 最终分: 11.2 | 风险: P0.00/U0.14/F0.00/H0/L0 | 提取质量: 🟢high | 留白率: 0% | 低质量率: 0%
2026-07-27 06:52:42 | INFO     | 
🔍 [正在处理] ANS_CPL_369 | 启动 3WD 流水线...
2026-07-27 06:52:42 | INFO     | 📢 [总进度] 7/58 份试卷已归档。
2026-07-27 06:52:45 | INFO     | ✅ [批改完成] ANS_CPL_367 | 路由: BND | 最终分: 13.8 | 风险: P0.00/U0.04/F0.00/H0/L0 | 提取质量: 🟢high | 留白率: 0% | 低质量率: 0%
2026-07-27 06:52:45 | INFO     | 
🔍 [正在处理] ANS_CPL_370 | 启动 3WD 流水线...
2026-07-27 06:52:45 | INFO     | 📢 [总进度] 8/58 份试卷已归档。
2026-07-27 06:53:03 | INFO     | ✅ [批改完成] ANS_CPL_369 | 路由: POS | 最终分: 14.5 | 风险: P0.00/U0.03/F0.00/H0/L0 | 提取质量: 🟢high | 留白率: 0% | 低质量率: 0%
2026-07-27 06:53:03 | INFO     | 
🔍 [正在处理] ANS_CPL_371 | 启动 3WD 流水线...
2026-07-27 06:53:03 | INFO     | 📢 [总进度] 9/58 份试卷已归档。
2026-07-27 06:53:15 | INFO     | ✅ [批改完成] ANS_CPL_370 | 路由: BND | 最终分: 4.0 | 风险: P0.00/U0.14/F0.00/H0/L1 | 提取质量: 🟢high | 留白率: 0% | 低质量率: 0%
2026-07-27 06:53:15 | INFO     | 
🔍 [正在处理] ANS_CPL_372 | 启动 3WD 流水线...
2026-07-27 06:53:15 | INFO     | 📢 [总进度] 10/58 份试卷已归档。
2026-07-27 06:53:37 | INFO     | ✅ [批改完成] ANS_CPL_371 | 路由: BND | 最终分: 8.0 | 风险: P0.00/U0.09/F0.00/H0/L0 | 提取质量: 🟢high | 留白率: 0% | 低质量率: 0%
2026-07-27 06:53:37 | INFO     | 
🔍 [正在处理] ANS_CPL_373 | 启动 3WD 流水线...
2026-07-27 06:53:37 | INFO     | 📢 [总进度] 11/58 份试卷已归档。
2026-07-27 06:53:46 | INFO     | ✅ [批改完成] ANS_CPL_372 | 路由: BND | 最终分: 12.8 | 风险: P0.00/U0.06/F0.00/H0/L0 | 提取质量: 🟢high | 留白率: 0% | 低质量率: 0%
2026-07-27 06:53:46 | INFO     | 
🔍 [正在处理] ANS_CPL_374 | 启动 3WD 流水线...
2026-07-27 06:53:46 | INFO     | 📢 [总进度] 12/58 份试卷已归档。
2026-07-27 06:54:15 | INFO     | ✅ [批改完成] ANS_CPL_373 | 路由: BND | 最终分: 13.8 | 风险: P0.00/U0.11/F0.00/H0/L0 | 提取质量: 🟢high | 留白率: 0% | 低质量率: 0%
2026-07-27 06:54:15 | INFO     | 
🔍 [正在处理] ANS_CPL_375 | 启动 3WD 流水线...
2026-07-27 06:54:15 | INFO     | 📢 [总进度] 13/58 份试卷已归档。
2026-07-27 06:54:19 | INFO     | ✅ [批改完成] ANS_CPL_374 | 路由: BND | 最终分: 11.0 | 风险: P0.00/U0.05/F0.00/H0/L0 | 提取质量: 🟢high | 留白率: 0% | 低质量率: 0%
2026-07-27 06:54:19 | INFO     | 
🔍 [正在处理] ANS_CPL_376 | 启动 3WD 流水线...
2026-07-27 06:54:19 | INFO     | 📢 [总进度] 14/58 份试卷已归档。
2026-07-27 06:54:42 | INFO     | ✅ [批改完成] ANS_CPL_376 | 路由: POS | 最终分: 13.3 | 风险: P0.00/U0.03/F0.00/H0/L0 | 提取质量: 🟢high | 留白率: 0% | 低质量率: 0%
2026-07-27 06:54:42 | INFO     | 
🔍 [正在处理] ANS_CPL_377 | 启动 3WD 流水线...
2026-07-27 06:54:42 | INFO     | 📢 [总进度] 15/58 份试卷已归档。
2026-07-27 06:54:43 | INFO     | ✅ [批改完成] ANS_CPL_375 | 路由: BND | 最终分: 14.0 | 风险: P0.00/U0.07/F0.00/H0/L0 | 提取质量: 🟢high | 留白率: 0% | 低质量率: 0%
2026-07-27 06:54:43 | INFO     | 
🔍 [正在处理] ANS_CPL_378 | 启动 3WD 流水线...
2026-07-27 06:54:43 | INFO     | 📢 [总进度] 16/58 份试卷已归档。
2026-07-27 06:55:12 | INFO     | ✅ [批改完成] ANS_CPL_377 | 路由: BND | 最终分: 11.0 | 风险: P0.00/U0.08/F0.00/H0/L0 | 提取质量: 🟢high | 留白率: 0% | 低质量率: 0%
2026-07-27 06:55:12 | INFO     | 
🔍 [正在处理] ANS_CPL_380 | 启动 3WD 流水线...
2026-07-27 06:55:12 | INFO     | 📢 [总进度] 17/58 份试卷已归档。
2026-07-27 06:55:19 | INFO     | ✅ [批改完成] ANS_CPL_378 | 路由: BND | 最终分: 4.2 | 风险: P0.00/U0.13/F0.00/H0/L1 | 提取质量: 🟢high | 留白率: 0% | 低质量率: 0%
2026-07-27 06:55:19 | INFO     | 
🔍 [正在处理] ANS_CPL_381 | 启动 3WD 流水线...
2026-07-27 06:55:19 | INFO     | 📢 [总进度] 18/58 份试卷已归档。
2026-07-27 06:55:41 | INFO     | ✅ [批改完成] ANS_CPL_380 | 路由: POS | 最终分: 14.8 | 风险: P0.00/U0.02/F0.00/H0/L0 | 提取质量: 🟢high | 留白率: 0% | 低质量率: 0%
2026-07-27 06:55:41 | INFO     | 
🔍 [正在处理] ANS_CPL_382 | 启动 3WD 流水线...
2026-07-27 06:55:41 | INFO     | 📢 [总进度] 19/58 份试卷已归档。
2026-07-27 06:55:47 | INFO     | ✅ [批改完成] ANS_CPL_381 | 路由: POS | 最终分: 13.7 | 风险: P0.00/U0.03/F0.00/H0/L0 | 提取质量: 🟢high | 留白率: 0% | 低质量率: 0%
2026-07-27 06:55:47 | INFO     | 
🔍 [正在处理] ANS_CPL_383 | 启动 3WD 流水线...
2026-07-27 06:55:47 | INFO     | 📢 [总进度] 20/58 份试卷已归档。
2026-07-27 06:56:09 | INFO     | ✅ [批改完成] ANS_CPL_382 | 路由: BND | 最终分: 8.2 | 风险: P0.27/U0.06/F0.00/H0/L1 | 提取质量: 🟢high | 留白率: 33% | 低质量率: 0%
2026-07-27 06:56:09 | INFO     | 
🔍 [正在处理] ANS_CPL_384 | 启动 3WD 流水线...
2026-07-27 06:56:09 | INFO     | 📢 [总进度] 21/58 份试卷已归档。
2026-07-27 06:56:09 | INFO     | ✅ [批改完成] ANS_CPL_383 | 路由: BND | 最终分: 8.0 | 风险: P0.27/U0.03/F0.00/H0/L1 | 提取质量: 🟢high | 留白率: 33% | 低质量率: 0%
2026-07-27 06:56:09 | INFO     | 
🔍 [正在处理] ANS_CPL_385 | 启动 3WD 流水线...
2026-07-27 06:56:09 | INFO     | 📢 [总进度] 22/58 份试卷已归档。
2026-07-27 06:56:32 | INFO     | ✅ [批改完成] ANS_CPL_384 | 路由: BND | 最终分: 13.0 | 风险: P0.00/U0.11/F0.00/H0/L0 | 提取质量: 🟢high | 留白率: 0% | 低质量率: 0%
2026-07-27 06:56:32 | INFO     | 
🔍 [正在处理] ANS_CPL_387 | 启动 3WD 流水线...
2026-07-27 06:56:32 | INFO     | 📢 [总进度] 23/58 份试卷已归档。
2026-07-27 06:56:41 | INFO     | ✅ [批改完成] ANS_CPL_385 | 路由: BND | 最终分: 7.5 | 风险: P0.27/U0.03/F0.00/H0/L1 | 提取质量: 🟢high | 留白率: 33% | 低质量率: 0%
2026-07-27 06:56:41 | INFO     | 
🔍 [正在处理] ANS_CPL_388 | 启动 3WD 流水线...
2026-07-27 06:56:41 | INFO     | 📢 [总进度] 24/58 份试卷已归档。
2026-07-27 06:56:56 | INFO     | ✅ [批改完成] ANS_CPL_387 | 路由: BND | 最终分: 1.3 | 风险: P0.27/U0.02/F0.00/H0/L1 | 提取质量: 🟢high | 留白率: 33% | 低质量率: 0%
2026-07-27 06:56:56 | INFO     | 
🔍 [正在处理] ANS_CPL_389 | 启动 3WD 流水线...
2026-07-27 06:56:56 | INFO     | 📢 [总进度] 25/58 份试卷已归档。
2026-07-27 06:57:07 | INFO     | ✅ [批改完成] ANS_CPL_388 | 路由: BND | 最终分: 3.2 | 风险: P0.27/U0.06/F0.00/H0/L1 | 提取质量: 🟢high | 留白率: 33% | 低质量率: 0%
2026-07-27 06:57:07 | INFO     | 
🔍 [正在处理] ANS_CPL_390 | 启动 3WD 流水线...
2026-07-27 06:57:07 | INFO     | 📢 [总进度] 26/58 份试卷已归档。
2026-07-27 06:57:24 | INFO     | ✅ [批改完成] ANS_CPL_389 | 路由: BND | 最终分: 13.2 | 风险: P0.00/U0.06/F0.00/H0/L0 | 提取质量: 🟢high | 留白率: 0% | 低质量率: 0%
2026-07-27 06:57:24 | INFO     | 
🔍 [正在处理] ANS_CPL_391 | 启动 3WD 流水线...
2026-07-27 06:57:24 | INFO     | 📢 [总进度] 27/58 份试卷已归档。
2026-07-27 06:57:38 | INFO     | ✅ [批改完成] ANS_CPL_390 | 路由: BND | 最终分: 13.0 | 风险: P0.00/U0.07/F0.00/H0/L0 | 提取质量: 🟢high | 留白率: 0% | 低质量率: 0%
2026-07-27 06:57:38 | INFO     | 
🔍 [正在处理] ANS_CPL_392 | 启动 3WD 流水线...
2026-07-27 06:57:38 | INFO     | 📢 [总进度] 28/58 份试卷已归档。
2026-07-27 06:58:04 | INFO     | ✅ [批改完成] ANS_CPL_391 | 路由: BND | 最终分: 9.7 | 风险: P0.00/U0.13/F0.00/H0/L0 | 提取质量: 🟢high | 留白率: 0% | 低质量率: 0%
2026-07-27 06:58:04 | INFO     | 
🔍 [正在处理] ANS_CPL_393 | 启动 3WD 流水线...
2026-07-27 06:58:04 | INFO     | 📢 [总进度] 29/58 份试卷已归档。
2026-07-27 06:58:06 | INFO     | ✅ [批改完成] ANS_CPL_392 | 路由: BND | 最终分: 9.2 | 风险: P0.27/U0.02/F0.00/H0/L0 | 提取质量: 🟢high | 留白率: 33% | 低质量率: 0%
2026-07-27 06:58:06 | INFO     | 
🔍 [正在处理] ANS_CPL_394 | 启动 3WD 流水线...
2026-07-27 06:58:06 | INFO     | 📢 [总进度] 30/58 份试卷已归档。
2026-07-27 06:58:28 | INFO     | ✅ [批改完成] ANS_CPL_394 | 路由: POS | 最终分: 11.3 | 风险: P0.00/U0.02/F0.00/H0/L0 | 提取质量: 🟢high | 留白率: 0% | 低质量率: 0%
2026-07-27 06:58:28 | INFO     | 
🔍 [正在处理] ANS_CPL_395 | 启动 3WD 流水线...
2026-07-27 06:58:28 | INFO     | 📢 [总进度] 31/58 份试卷已归档。
2026-07-27 06:58:28 | INFO     | ✅ [批改完成] ANS_CPL_393 | 路由: BND | 最终分: 3.7 | 风险: P0.00/U0.10/F0.33/H0/L1 | 提取质量: 🟢high | 留白率: 0% | 低质量率: 0%
2026-07-27 06:58:28 | INFO     | 
🔍 [正在处理] ANS_CPL_396 | 启动 3WD 流水线...
2026-07-27 06:58:28 | INFO     | 📢 [总进度] 32/58 份试卷已归档。
2026-07-27 06:58:54 | INFO     | ✅ [批改完成] ANS_CPL_396 | 路由: BND | 最终分: 13.7 | 风险: P0.00/U0.04/F0.00/H0/L0 | 提取质量: 🟢high | 留白率: 0% | 低质量率: 0%
2026-07-27 06:58:54 | INFO     | 
🔍 [正在处理] ANS_CPL_397 | 启动 3WD 流水线...
2026-07-27 06:58:54 | INFO     | 📢 [总进度] 33/58 份试卷已归档。
2026-07-27 06:59:04 | INFO     | ✅ [批改完成] ANS_CPL_395 | 路由: BND | 最终分: 14.7 | 风险: P0.00/U0.06/F0.00/H0/L0 | 提取质量: 🟢high | 留白率: 0% | 低质量率: 0%
2026-07-27 06:59:04 | INFO     | 
🔍 [正在处理] ANS_CPL_398 | 启动 3WD 流水线...
2026-07-27 06:59:04 | INFO     | 📢 [总进度] 34/58 份试卷已归档。
2026-07-27 06:59:18 | INFO     | ✅ [批改完成] ANS_CPL_397 | 路由: POS | 最终分: 14.3 | 风险: P0.00/U0.03/F0.00/H0/L0 | 提取质量: 🟢high | 留白率: 0% | 低质量率: 0%
2026-07-27 06:59:18 | INFO     | 
🔍 [正在处理] ANS_CPL_399 | 启动 3WD 流水线...
2026-07-27 06:59:18 | INFO     | 📢 [总进度] 35/58 份试卷已归档。
2026-07-27 06:59:26 | INFO     | ✅ [批改完成] ANS_CPL_398 | 路由: POS | 最终分: 12.0 | 风险: P0.00/U0.03/F0.00/H0/L0 | 提取质量: 🟢high | 留白率: 0% | 低质量率: 0%
2026-07-27 06:59:26 | INFO     | 
🔍 [正在处理] ANS_CPL_400 | 启动 3WD 流水线...
2026-07-27 06:59:26 | INFO     | 📢 [总进度] 36/58 份试卷已归档。
2026-07-27 06:59:48 | INFO     | ✅ [批改完成] ANS_CPL_399 | 路由: POS | 最终分: 14.0 | 风险: P0.00/U0.00/F0.00/H0/L0 | 提取质量: 🟢high | 留白率: 0% | 低质量率: 0%
2026-07-27 06:59:48 | INFO     | 
🔍 [正在处理] ANS_CPL_401 | 启动 3WD 流水线...
2026-07-27 06:59:48 | INFO     | 📢 [总进度] 37/58 份试卷已归档。
2026-07-27 07:00:13 | INFO     | ✅ [批改完成] ANS_CPL_400 | 路由: BND | 最终分: 9.3 | 风险: P0.00/U0.14/F0.00/H0/L1 | 提取质量: 🟢high | 留白率: 0% | 低质量率: 0%
2026-07-27 07:00:13 | INFO     | 
🔍 [正在处理] ANS_CPL_402 | 启动 3WD 流水线...
2026-07-27 07:00:13 | INFO     | 📢 [总进度] 38/58 份试卷已归档。
2026-07-27 07:00:23 | INFO     | ✅ [批改完成] ANS_CPL_401 | 路由: BND | 最终分: 12.0 | 风险: P0.00/U0.09/F0.00/H0/L0 | 提取质量: 🟢high | 留白率: 0% | 低质量率: 0%
2026-07-27 07:00:23 | INFO     | 
🔍 [正在处理] ANS_CPL_403 | 启动 3WD 流水线...
2026-07-27 07:00:23 | INFO     | 📢 [总进度] 39/58 份试卷已归档。
2026-07-27 07:00:55 | INFO     | ✅ [批改完成] ANS_CPL_402 | 路由: BND | 最终分: 12.0 | 风险: P0.00/U0.10/F0.00/H0/L0 | 提取质量: 🟢high | 留白率: 0% | 低质量率: 0%
2026-07-27 07:00:55 | INFO     | 
🔍 [正在处理] ANS_CPL_404 | 启动 3WD 流水线...
2026-07-27 07:00:55 | INFO     | 📢 [总进度] 40/58 份试卷已归档。
2026-07-27 07:00:56 | INFO     | ✅ [批改完成] ANS_CPL_403 | 路由: POS | 最终分: 13.0 | 风险: P0.00/U0.03/F0.00/H0/L0 | 提取质量: 🟢high | 留白率: 0% | 低质量率: 0%
2026-07-27 07:00:56 | INFO     | 
🔍 [正在处理] ANS_CPL_405 | 启动 3WD 流水线...
2026-07-27 07:00:56 | INFO     | 📢 [总进度] 41/58 份试卷已归档。
2026-07-27 07:01:23 | INFO     | ✅ [批改完成] ANS_CPL_405 | 路由: POS | 最终分: 14.8 | 风险: P0.00/U0.02/F0.00/H0/L0 | 提取质量: 🟢high | 留白率: 0% | 低质量率: 0%
2026-07-27 07:01:23 | INFO     | 
🔍 [正在处理] ANS_CPL_406 | 启动 3WD 流水线...
2026-07-27 07:01:23 | INFO     | 📢 [总进度] 42/58 份试卷已归档。
2026-07-27 07:01:24 | INFO     | ✅ [批改完成] ANS_CPL_404 | 路由: POS | 最终分: 14.2 | 风险: P0.00/U0.02/F0.00/H0/L0 | 提取质量: 🟢high | 留白率: 0% | 低质量率: 0%
2026-07-27 07:01:24 | INFO     | 
🔍 [正在处理] ANS_CPL_407 | 启动 3WD 流水线...
2026-07-27 07:01:24 | INFO     | 📢 [总进度] 43/58 份试卷已归档。
2026-07-27 07:01:59 | INFO     | ✅ [批改完成] ANS_CPL_407 | 路由: BND | 最终分: 9.3 | 风险: P0.27/U0.02/F0.00/H0/L0 | 提取质量: 🟢high | 留白率: 33% | 低质量率: 0%
2026-07-27 07:01:59 | INFO     | 
🔍 [正在处理] ANS_CPL_408 | 启动 3WD 流水线...
2026-07-27 07:01:59 | INFO     | 📢 [总进度] 44/58 份试卷已归档。
2026-07-27 07:02:00 | INFO     | ✅ [批改完成] ANS_CPL_406 | 路由: BND | 最终分: 13.8 | 风险: P0.00/U0.09/F0.00/H0/L0 | 提取质量: 🟢high | 留白率: 0% | 低质量率: 0%
2026-07-27 07:02:00 | INFO     | 
🔍 [正在处理] ANS_CPL_409 | 启动 3WD 流水线...
2026-07-27 07:02:00 | INFO     | 📢 [总进度] 45/58 份试卷已归档。
2026-07-27 07:02:25 | INFO     | ✅ [批改完成] ANS_CPL_409 | 路由: POS | 最终分: 10.0 | 风险: P0.00/U0.03/F0.00/H0/L0 | 提取质量: 🟢high | 留白率: 0% | 低质量率: 0%
2026-07-27 07:02:25 | INFO     | 
🔍 [正在处理] ANS_CPL_410 | 启动 3WD 流水线...
2026-07-27 07:02:25 | INFO     | 📢 [总进度] 46/58 份试卷已归档。
2026-07-27 07:02:25 | INFO     | ✅ [批改完成] ANS_CPL_408 | 路由: POS | 最终分: 13.2 | 风险: P0.00/U0.04/F0.00/H0/L0 | 提取质量: 🟢high | 留白率: 0% | 低质量率: 0%
2026-07-27 07:02:25 | INFO     | 
🔍 [正在处理] ANS_CPL_411 | 启动 3WD 流水线...
2026-07-27 07:02:25 | INFO     | 📢 [总进度] 47/58 份试卷已归档。
2026-07-27 07:02:56 | INFO     | ✅ [批改完成] ANS_CPL_410 | 路由: POS | 最终分: 10.2 | 风险: P0.00/U0.04/F0.00/H0/L0 | 提取质量: 🟢high | 留白率: 0% | 低质量率: 0%
2026-07-27 07:02:56 | INFO     | 
🔍 [正在处理] ANS_CPL_412 | 启动 3WD 流水线...
2026-07-27 07:02:56 | INFO     | 📢 [总进度] 48/58 份试卷已归档。
2026-07-27 07:02:59 | INFO     | ✅ [批改完成] ANS_CPL_411 | 路由: BND | 最终分: 9.0 | 风险: P0.00/U0.11/F0.00/H0/L1 | 提取质量: 🟢high | 留白率: 0% | 低质量率: 0%
2026-07-27 07:02:59 | INFO     | 
🔍 [正在处理] ANS_CPL_413 | 启动 3WD 流水线...
2026-07-27 07:02:59 | INFO     | 📢 [总进度] 49/58 份试卷已归档。
2026-07-27 07:03:26 | INFO     | ✅ [批改完成] ANS_CPL_412 | 路由: POS | 最终分: 8.8 | 风险: P0.00/U0.06/F0.00/H0/L1 | 提取质量: 🟢high | 留白率: 0% | 低质量率: 0%
2026-07-27 07:03:26 | INFO     | 
🔍 [正在处理] ANS_CPL_414 | 启动 3WD 流水线...
2026-07-27 07:03:26 | INFO     | 📢 [总进度] 50/58 份试卷已归档。
2026-07-27 07:03:40 | INFO     | ✅ [批改完成] ANS_CPL_413 | 路由: BND | 最终分: 10.3 | 风险: P0.00/U0.10/F0.00/H0/L1 | 提取质量: 🟢high | 留白率: 0% | 低质量率: 0%
2026-07-27 07:03:40 | INFO     | 
🔍 [正在处理] ANS_CPL_415 | 启动 3WD 流水线...
2026-07-27 07:03:40 | INFO     | 📢 [总进度] 51/58 份试卷已归档。
2026-07-27 07:03:54 | INFO     | ✅ [批改完成] ANS_CPL_414 | 路由: POS | 最终分: 8.2 | 风险: P0.00/U0.02/F0.00/H0/L1 | 提取质量: 🟢high | 留白率: 0% | 低质量率: 0%
2026-07-27 07:03:54 | INFO     | 
🔍 [正在处理] ANS_CPL_416 | 启动 3WD 流水线...
2026-07-27 07:03:54 | INFO     | 📢 [总进度] 52/58 份试卷已归档。
2026-07-27 07:04:13 | INFO     | ✅ [批改完成] ANS_CPL_415 | 路由: BND | 最终分: 11.5 | 风险: P0.00/U0.07/F0.00/H0/L0 | 提取质量: 🟢high | 留白率: 0% | 低质量率: 0%
2026-07-27 07:04:13 | INFO     | 
🔍 [正在处理] ANS_CPL_417 | 启动 3WD 流水线...
2026-07-27 07:04:13 | INFO     | 📢 [总进度] 53/58 份试卷已归档。
2026-07-27 07:04:25 | INFO     | ✅ [批改完成] ANS_CPL_416 | 路由: BND | 最终分: 8.7 | 风险: P0.27/U0.03/F0.00/H0/L0 | 提取质量: 🟢high | 留白率: 33% | 低质量率: 0%
2026-07-27 07:04:25 | INFO     | 
🔍 [正在处理] ANS_CPL_418 | 启动 3WD 流水线...
2026-07-27 07:04:25 | INFO     | 📢 [总进度] 54/58 份试卷已归档。
2026-07-27 07:04:38 | INFO     | ✅ [批改完成] ANS_CPL_417 | 路由: POS | 最终分: 12.7 | 风险: P0.00/U0.02/F0.00/H0/L0 | 提取质量: 🟢high | 留白率: 0% | 低质量率: 0%
2026-07-27 07:04:38 | INFO     | 
🔍 [正在处理] ANS_CPL_419 | 启动 3WD 流水线...
2026-07-27 07:04:38 | INFO     | 📢 [总进度] 55/58 份试卷已归档。
2026-07-27 07:04:49 | INFO     | ✅ [批改完成] ANS_CPL_418 | 路由: POS | 最终分: 14.2 | 风险: P0.00/U0.02/F0.00/H0/L0 | 提取质量: 🟢high | 留白率: 0% | 低质量率: 0%
2026-07-27 07:04:49 | INFO     | 
🔍 [正在处理] ANS_CPL_420 | 启动 3WD 流水线...
2026-07-27 07:04:49 | INFO     | 📢 [总进度] 56/58 份试卷已归档。
2026-07-27 07:05:07 | INFO     | ✅ [批改完成] ANS_CPL_419 | 路由: BND | 最终分: 10.8 | 风险: P0.00/U0.07/F0.00/H0/L0 | 提取质量: 🟢high | 留白率: 0% | 低质量率: 0%
2026-07-27 07:05:07 | INFO     | 📢 [总进度] 57/58 份试卷已归档。
2026-07-27 07:05:20 | INFO     | ✅ [批改完成] ANS_CPL_420 | 路由: BND | 最终分: 12.7 | 风险: P0.00/U0.07/F0.00/H0/L0 | 提取质量: 🟢high | 留白率: 0% | 低质量率: 0%
2026-07-27 07:05:20 | INFO     | 📢 [总进度] 58/58 份试卷已归档。
2026-07-27 07:05:21 | INFO     | 🗂️ 所有线程交卷完毕，正在整理数据... (共收集 58/58 份结果)
2026-07-27 07:05:21 | INFO     | 💾 正常批改结果已保存: D:\users\王鑫020420\Desktop\refgrader-main\results_runs\csbench_cpl1_cpl2_cpl3_cpl4_cpl5_cpl6_cpl7_cpl8_all\runs\teacher_audit_cpl_1_8_20260725_192008\CPL_7_graded_results.json (58 人)
2026-07-27 07:05:21 | INFO     | ✅ 无拒绝域案例。
2026-07-27 07:05:21 | INFO     | [result consistency] CPL_7: checkpoint=58, graded=58, rejected=0, failed=0, expected=58
2026-07-27 07:05:21 | INFO     | 
🚀 [标准模式] 开始处理: CPL_8
2026-07-27 07:05:21 | INFO     | ⚡ 已加载本地标准: D:\users\王鑫020420\Desktop\refgrader-main\data\csbench\rubrics\optimized\CPL\CPL_8_rubric_standard.json
2026-07-27 07:05:27 | INFO     | ⚡ 脱敏清单已预生成，59 名学生共享复用。
2026-07-27 07:05:27 | INFO     | 🏃 开始批改 59 张试卷 (⚡ 开启多线程模式)...
2026-07-27 07:05:27 | INFO     | 
🔍 [正在处理] ANS_CPL_421 | 启动 3WD 流水线...
2026-07-27 07:05:27 | INFO     | 
🔍 [正在处理] ANS_CPL_422 | 启动 3WD 流水线...
2026-07-27 07:05:27 | INFO     | ⏳ [主线程] 已提交 59 个任务，等待结果回收...
2026-07-27 07:05:56 | INFO     | ✅ [批改完成] ANS_CPL_422 | 路由: POS | 最终分: 9.0 | 风险: P0.00/U0.00/F0.00/H0/L0 | 提取质量: 🟢high | 留白率: 0% | 低质量率: 0%
2026-07-27 07:05:56 | INFO     | 
🔍 [正在处理] ANS_CPL_423 | 启动 3WD 流水线...
2026-07-27 07:05:56 | INFO     | 📢 [总进度] 1/59 份试卷已归档。
2026-07-27 07:06:08 | INFO     | ✅ [批改完成] ANS_CPL_421 | 路由: BND | 最终分: 4.67 | 风险: P0.00/U0.10/F0.20/H0/L1 | 提取质量: 🟢high | 留白率: 0% | 低质量率: 0%
2026-07-27 07:06:08 | INFO     | 
🔍 [正在处理] ANS_CPL_424 | 启动 3WD 流水线...
2026-07-27 07:06:08 | INFO     | 📢 [总进度] 2/59 份试卷已归档。
2026-07-27 07:06:33 | INFO     | ✅ [批改完成] ANS_CPL_423 | 路由: BND | 最终分: 6.8 | 风险: P0.00/U0.17/F0.00/H0/L0 | 提取质量: 🟢high | 留白率: 0% | 低质量率: 0%
2026-07-27 07:06:33 | INFO     | 
🔍 [正在处理] ANS_CPL_425 | 启动 3WD 流水线...
2026-07-27 07:06:33 | INFO     | 📢 [总进度] 3/59 份试卷已归档。
2026-07-27 07:06:50 | INFO     | ✅ [批改完成] ANS_CPL_424 | 路由: BND | 最终分: 7.8 | 风险: P0.05/U0.06/F0.20/H0/L0 | 提取质量: 🟢high | 留白率: 0% | 低质量率: 0%
2026-07-27 07:06:50 | INFO     | 
🔍 [正在处理] ANS_CPL_426 | 启动 3WD 流水线...
2026-07-27 07:06:50 | INFO     | 📢 [总进度] 4/59 份试卷已归档。
2026-07-27 07:07:17 | INFO     | ✅ [批改完成] ANS_CPL_425 | 路由: BND | 最终分: 6.0 | 风险: P0.00/U0.08/F0.40/H0/L1 | 提取质量: 🟢high | 留白率: 0% | 低质量率: 0%
2026-07-27 07:07:17 | INFO     | 
🔍 [正在处理] ANS_CPL_427 | 启动 3WD 流水线...
2026-07-27 07:07:17 | INFO     | 📢 [总进度] 5/59 份试卷已归档。
2026-07-27 07:07:35 | INFO     | ✅ [批改完成] ANS_CPL_426 | 路由: BND | 最终分: 5.8 | 风险: P0.00/U0.09/F0.20/H0/L0 | 提取质量: 🟢high | 留白率: 0% | 低质量率: 0%
2026-07-27 07:07:35 | INFO     | 
🔍 [正在处理] ANS_CPL_428 | 启动 3WD 流水线...
2026-07-27 07:07:35 | INFO     | 📢 [总进度] 6/59 份试卷已归档。
2026-07-27 07:08:00 | INFO     | ✅ [批改完成] ANS_CPL_427 | 路由: POS | 最终分: 7.0 | 风险: P0.05/U0.00/F0.20/H0/L0 | 提取质量: 🟢high | 留白率: 0% | 低质量率: 0%
2026-07-27 07:08:00 | INFO     | 
🔍 [正在处理] ANS_CPL_429 | 启动 3WD 流水线...
2026-07-27 07:08:00 | INFO     | 📢 [总进度] 7/59 份试卷已归档。
2026-07-27 07:08:15 | INFO     | ✅ [批改完成] ANS_CPL_428 | 路由: POS | 最终分: 9.8 | 风险: P0.00/U0.02/F0.00/H0/L0 | 提取质量: 🟢high | 留白率: 0% | 低质量率: 0%
2026-07-27 07:08:15 | INFO     | 
🔍 [正在处理] ANS_CPL_430 | 启动 3WD 流水线...
2026-07-27 07:08:15 | INFO     | 📢 [总进度] 8/59 份试卷已归档。
2026-07-27 07:08:51 | INFO     | ✅ [批改完成] ANS_CPL_429 | 路由: BND | 最终分: 7.05 | 风险: P0.00/U0.13/F0.00/H0/L0 | 提取质量: 🟢high | 留白率: 0% | 低质量率: 0%
2026-07-27 07:08:51 | INFO     | 
🔍 [正在处理] ANS_CPL_431 | 启动 3WD 流水线...
2026-07-27 07:08:51 | INFO     | 📢 [总进度] 9/59 份试卷已归档。
2026-07-27 07:09:03 | INFO     | ✅ [批改完成] ANS_CPL_430 | 路由: BND | 最终分: 5.8 | 风险: P0.13/U0.02/F0.20/H0/L1 | 提取质量: 🟢high | 留白率: 17% | 低质量率: 0%
2026-07-27 07:09:03 | INFO     | 
🔍 [正在处理] ANS_CPL_432 | 启动 3WD 流水线...
2026-07-27 07:09:03 | INFO     | 📢 [总进度] 10/59 份试卷已归档。
2026-07-27 07:09:27 | INFO     | ✅ [批改完成] ANS_CPL_431 | 路由: POS | 最终分: 7.7 | 风险: P0.00/U0.05/F0.00/H0/L0 | 提取质量: 🟢high | 留白率: 0% | 低质量率: 0%
2026-07-27 07:09:27 | INFO     | 
🔍 [正在处理] ANS_CPL_433 | 启动 3WD 流水线...
2026-07-27 07:09:27 | INFO     | 📢 [总进度] 11/59 份试卷已归档。
2026-07-27 07:09:38 | INFO     | ✅ [批改完成] ANS_CPL_432 | 路由: POS | 最终分: 10.0 | 风险: P0.00/U0.00/F0.00/H0/L0 | 提取质量: 🟢high | 留白率: 0% | 低质量率: 0%
2026-07-27 07:09:38 | INFO     | 
🔍 [正在处理] ANS_CPL_434 | 启动 3WD 流水线...
2026-07-27 07:09:38 | INFO     | 📢 [总进度] 12/59 份试卷已归档。
2026-07-27 07:10:01 | INFO     | ✅ [批改完成] ANS_CPL_433 | 路由: POS | 最终分: 5.7 | 风险: P0.00/U0.05/F0.40/H0/L1 | 提取质量: 🟢high | 留白率: 0% | 低质量率: 0%
2026-07-27 07:10:01 | INFO     | 
🔍 [正在处理] ANS_CPL_435 | 启动 3WD 流水线...
2026-07-27 07:10:01 | INFO     | 📢 [总进度] 13/59 份试卷已归档。
2026-07-27 07:10:12 | INFO     | ✅ [批改完成] ANS_CPL_434 | 路由: POS | 最终分: 9.0 | 风险: P0.00/U0.04/F0.00/H0/L0 | 提取质量: 🟢high | 留白率: 0% | 低质量率: 0%
2026-07-27 07:10:12 | INFO     | 
🔍 [正在处理] ANS_CPL_436 | 启动 3WD 流水线...
2026-07-27 07:10:12 | INFO     | 📢 [总进度] 14/59 份试卷已归档。
2026-07-27 07:10:48 | INFO     | ✅ [批改完成] ANS_CPL_436 | 路由: POS | 最终分: 7.7 | 风险: P0.00/U0.02/F0.20/H0/L0 | 提取质量: 🟢high | 留白率: 0% | 低质量率: 0%
2026-07-27 07:10:48 | INFO     | 
🔍 [正在处理] ANS_CPL_437 | 启动 3WD 流水线...
2026-07-27 07:10:48 | INFO     | 📢 [总进度] 15/59 份试卷已归档。
2026-07-27 07:10:49 | INFO     | ✅ [批改完成] ANS_CPL_435 | 路由: BND | 最终分: 8.5 | 风险: P0.13/U0.07/F0.00/H0/L0 | 提取质量: 🟢high | 留白率: 17% | 低质量率: 0%
2026-07-27 07:10:49 | INFO     | 
🔍 [正在处理] ANS_CPL_438 | 启动 3WD 流水线...
2026-07-27 07:10:49 | INFO     | 📢 [总进度] 16/59 份试卷已归档。
2026-07-27 07:11:26 | INFO     | ✅ [批改完成] ANS_CPL_437 | 路由: POS | 最终分: 9.3 | 风险: P0.00/U0.05/F0.00/H0/L0 | 提取质量: 🟢high | 留白率: 0% | 低质量率: 0%
2026-07-27 07:11:26 | INFO     | 
🔍 [正在处理] ANS_CPL_439 | 启动 3WD 流水线...
2026-07-27 07:11:26 | INFO     | 📢 [总进度] 17/59 份试卷已归档。
2026-07-27 07:11:28 | INFO     | ✅ [批改完成] ANS_CPL_438 | 路由: POS | 最终分: 6.3 | 风险: P0.00/U0.05/F0.40/H0/L0 | 提取质量: 🟢high | 留白率: 0% | 低质量率: 0%
2026-07-27 07:11:28 | INFO     | 
🔍 [正在处理] ANS_CPL_440 | 启动 3WD 流水线...
2026-07-27 07:11:28 | INFO     | 📢 [总进度] 18/59 份试卷已归档。
2026-07-27 07:12:09 | INFO     | ✅ [批改完成] ANS_CPL_439 | 路由: BND | 最终分: 6.5 | 风险: P0.00/U0.08/F0.00/H0/L0 | 提取质量: 🟢high | 留白率: 0% | 低质量率: 0%
2026-07-27 07:12:09 | INFO     | 
🔍 [正在处理] ANS_CPL_441 | 启动 3WD 流水线...
2026-07-27 07:12:09 | INFO     | 📢 [总进度] 19/59 份试卷已归档。
2026-07-27 07:12:12 | INFO     | ✅ [批改完成] ANS_CPL_440 | 路由: BND | 最终分: 5.8 | 风险: P0.00/U0.12/F0.20/H0/L0 | 提取质量: 🟢high | 留白率: 0% | 低质量率: 0%
2026-07-27 07:12:12 | INFO     | 
🔍 [正在处理] ANS_CPL_442 | 启动 3WD 流水线...
2026-07-27 07:12:12 | INFO     | 📢 [总进度] 20/59 份试卷已归档。
2026-07-27 07:12:54 | INFO     | ✅ [批改完成] ANS_CPL_441 | 路由: BND | 最终分: 7.8 | 风险: P0.00/U0.09/F0.00/H0/L0 | 提取质量: 🟢high | 留白率: 0% | 低质量率: 0%
2026-07-27 07:12:54 | INFO     | 
🔍 [正在处理] ANS_CPL_443 | 启动 3WD 流水线...
2026-07-27 07:12:54 | INFO     | 📢 [总进度] 21/59 份试卷已归档。
2026-07-27 07:12:55 | INFO     | ✅ [批改完成] ANS_CPL_442 | 路由: BND | 最终分: 6.2 | 风险: P0.13/U0.02/F0.20/H0/L1 | 提取质量: 🟢high | 留白率: 17% | 低质量率: 0%
2026-07-27 07:12:55 | INFO     | 
🔍 [正在处理] ANS_CPL_444 | 启动 3WD 流水线...
2026-07-27 07:12:55 | INFO     | 📢 [总进度] 22/59 份试卷已归档。
2026-07-27 07:13:38 | INFO     | ✅ [批改完成] ANS_CPL_443 | 路由: BND | 最终分: 4.0 | 风险: P0.13/U0.00/F0.20/H0/L1 | 提取质量: 🟢high | 留白率: 17% | 低质量率: 0%
2026-07-27 07:13:38 | INFO     | 
🔍 [正在处理] ANS_CPL_445 | 启动 3WD 流水线...
2026-07-27 07:13:38 | INFO     | 📢 [总进度] 23/59 份试卷已归档。
2026-07-27 07:13:44 | INFO     | ✅ [批改完成] ANS_CPL_444 | 路由: BND | 最终分: 6.55 | 风险: P0.00/U0.09/F0.00/H0/L0 | 提取质量: 🟢high | 留白率: 0% | 低质量率: 0%
2026-07-27 07:13:44 | INFO     | 
🔍 [正在处理] ANS_CPL_446 | 启动 3WD 流水线...
2026-07-27 07:13:44 | INFO     | 📢 [总进度] 24/59 份试卷已归档。
2026-07-27 07:14:16 | INFO     | ✅ [批改完成] ANS_CPL_446 | 路由: POS | 最终分: 6.0 | 风险: P0.05/U0.00/F0.20/H0/L1 | 提取质量: 🟢high | 留白率: 0% | 低质量率: 0%
2026-07-27 07:14:16 | INFO     | 
🔍 [正在处理] ANS_CPL_447 | 启动 3WD 流水线...
2026-07-27 07:14:16 | INFO     | 📢 [总进度] 25/59 份试卷已归档。
2026-07-27 07:14:19 | INFO     | ✅ [批改完成] ANS_CPL_445 | 路由: BND | 最终分: 1.2 | 风险: P0.00/U0.06/F0.90/H0/L1 | 提取质量: 🟢high | 留白率: 0% | 低质量率: 0%
2026-07-27 07:14:19 | INFO     | 
🔍 [正在处理] ANS_CPL_448 | 启动 3WD 流水线...
2026-07-27 07:14:19 | INFO     | 📢 [总进度] 26/59 份试卷已归档。
2026-07-27 07:15:00 | INFO     | ✅ [批改完成] ANS_CPL_447 | 路由: BND | 最终分: 2.05 | 风险: P0.27/U0.02/F0.40/H0/L1 | 提取质量: 🟢high | 留白率: 33% | 低质量率: 0%
2026-07-27 07:15:00 | INFO     | 
🔍 [正在处理] ANS_CPL_449 | 启动 3WD 流水线...
2026-07-27 07:15:00 | INFO     | 📢 [总进度] 27/59 份试卷已归档。
2026-07-27 07:15:02 | INFO     | ✅ [批改完成] ANS_CPL_448 | 路由: BND | 最终分: 5.38 | 风险: P0.05/U0.04/F0.20/H0/L0 | 提取质量: 🟢high | 留白率: 0% | 低质量率: 0%
2026-07-27 07:15:02 | INFO     | 
🔍 [正在处理] ANS_CPL_450 | 启动 3WD 流水线...
2026-07-27 07:15:02 | INFO     | 📢 [总进度] 28/59 份试卷已归档。
2026-07-27 07:15:38 | INFO     | ✅ [批改完成] ANS_CPL_449 | 路由: POS | 最终分: 9.0 | 风险: P0.00/U0.00/F0.00/H0/L0 | 提取质量: 🟢high | 留白率: 0% | 低质量率: 0%
2026-07-27 07:15:38 | INFO     | 
🔍 [正在处理] ANS_CPL_451 | 启动 3WD 流水线...
2026-07-27 07:15:38 | INFO     | 📢 [总进度] 29/59 份试卷已归档。
2026-07-27 07:15:43 | INFO     | ✅ [批改完成] ANS_CPL_450 | 路由: POS | 最终分: 9.2 | 风险: P0.00/U0.02/F0.00/H0/L0 | 提取质量: 🟢high | 留白率: 0% | 低质量率: 0%
2026-07-27 07:15:43 | INFO     | 
🔍 [正在处理] ANS_CPL_452 | 启动 3WD 流水线...
2026-07-27 07:15:43 | INFO     | 📢 [总进度] 30/59 份试卷已归档。
2026-07-27 07:16:25 | INFO     | ✅ [批改完成] ANS_CPL_451 | 路由: BND | 最终分: 6.0 | 风险: P0.00/U0.14/F0.30/H0/L1 | 提取质量: 🟢high | 留白率: 0% | 低质量率: 0%
2026-07-27 07:16:25 | INFO     | 
🔍 [正在处理] ANS_CPL_453 | 启动 3WD 流水线...
2026-07-27 07:16:25 | INFO     | 📢 [总进度] 31/59 份试卷已归档。
2026-07-27 07:16:37 | INFO     | ✅ [批改完成] ANS_CPL_452 | 路由: BND | 最终分: 5.3 | 风险: P0.00/U0.15/F0.40/H0/L1 | 提取质量: 🟢high | 留白率: 0% | 低质量率: 0%
2026-07-27 07:16:37 | INFO     | 
🔍 [正在处理] ANS_CPL_454 | 启动 3WD 流水线...
2026-07-27 07:16:37 | INFO     | 📢 [总进度] 32/59 份试卷已归档。
2026-07-27 07:17:12 | INFO     | ✅ [批改完成] ANS_CPL_453 | 路由: BND | 最终分: 7.0 | 风险: P0.00/U0.08/F0.00/H0/L0 | 提取质量: 🟢high | 留白率: 0% | 低质量率: 0%
2026-07-27 07:17:12 | INFO     | 
🔍 [正在处理] ANS_CPL_455 | 启动 3WD 流水线...
2026-07-27 07:17:12 | INFO     | 📢 [总进度] 33/59 份试卷已归档。
2026-07-27 07:17:19 | INFO     | ✅ [批改完成] ANS_CPL_454 | 路由: BND | 最终分: 4.7 | 风险: P0.05/U0.12/F0.20/H0/L0 | 提取质量: 🟢high | 留白率: 0% | 低质量率: 0%
2026-07-27 07:17:19 | INFO     | 
🔍 [正在处理] ANS_CPL_456 | 启动 3WD 流水线...
2026-07-27 07:17:19 | INFO     | 📢 [总进度] 34/59 份试卷已归档。
2026-07-27 07:17:41 | INFO     | ✅ [批改完成] ANS_CPL_455 | 路由: POS | 最终分: 10.0 | 风险: P0.00/U0.00/F0.00/H0/L0 | 提取质量: 🟢high | 留白率: 0% | 低质量率: 0%
2026-07-27 07:17:41 | INFO     | 
🔍 [正在处理] ANS_CPL_457 | 启动 3WD 流水线...
2026-07-27 07:17:41 | INFO     | 📢 [总进度] 35/59 份试卷已归档。
2026-07-27 07:17:53 | INFO     | ✅ [批改完成] ANS_CPL_456 | 路由: POS | 最终分: 9.8 | 风险: P0.00/U0.02/F0.00/H0/L0 | 提取质量: 🟢high | 留白率: 0% | 低质量率: 0%
2026-07-27 07:17:53 | INFO     | 
🔍 [正在处理] ANS_CPL_458 | 启动 3WD 流水线...
2026-07-27 07:17:53 | INFO     | 📢 [总进度] 36/59 份试卷已归档。
2026-07-27 07:18:21 | INFO     | ✅ [批改完成] ANS_CPL_457 | 路由: BND | 最终分: 7.88 | 风险: P0.00/U0.07/F0.00/H0/L0 | 提取质量: 🟢high | 留白率: 0% | 低质量率: 0%
2026-07-27 07:18:21 | INFO     | 
🔍 [正在处理] ANS_CPL_459 | 启动 3WD 流水线...
2026-07-27 07:18:21 | INFO     | 📢 [总进度] 37/59 份试卷已归档。
2026-07-27 07:18:35 | INFO     | ✅ [批改完成] ANS_CPL_458 | 路由: BND | 最终分: 7.8 | 风险: P0.00/U0.09/F0.00/H0/L0 | 提取质量: 🟢high | 留白率: 0% | 低质量率: 0%
2026-07-27 07:18:35 | INFO     | 
🔍 [正在处理] ANS_CPL_460 | 启动 3WD 流水线...
2026-07-27 07:18:35 | INFO     | 📢 [总进度] 38/59 份试卷已归档。
2026-07-27 07:19:08 | INFO     | ✅ [批改完成] ANS_CPL_459 | 路由: BND | 最终分: 6.62 | 风险: P0.00/U0.12/F0.00/H0/L0 | 提取质量: 🟢high | 留白率: 0% | 低质量率: 0%
2026-07-27 07:19:08 | INFO     | 
🔍 [正在处理] ANS_CPL_461 | 启动 3WD 流水线...
2026-07-27 07:19:08 | INFO     | 📢 [总进度] 39/59 份试卷已归档。
2026-07-27 07:19:10 | INFO     | ✅ [批改完成] ANS_CPL_460 | 路由: POS | 最终分: 7.5 | 风险: P0.00/U0.04/F0.00/H0/L0 | 提取质量: 🟢high | 留白率: 0% | 低质量率: 0%
2026-07-27 07:19:10 | INFO     | 
🔍 [正在处理] ANS_CPL_462 | 启动 3WD 流水线...
2026-07-27 07:19:10 | INFO     | 📢 [总进度] 40/59 份试卷已归档。
2026-07-27 07:19:39 | INFO     | ✅ [批改完成] ANS_CPL_461 | 路由: POS | 最终分: 4.7 | 风险: P0.00/U0.05/F0.40/H0/L1 | 提取质量: 🟢high | 留白率: 0% | 低质量率: 0%
2026-07-27 07:19:39 | INFO     | 
🔍 [正在处理] ANS_CPL_463 | 启动 3WD 流水线...
2026-07-27 07:19:39 | INFO     | 📢 [总进度] 41/59 份试卷已归档。
2026-07-27 07:19:43 | INFO     | ✅ [批改完成] ANS_CPL_462 | 路由: POS | 最终分: 8.0 | 风险: P0.00/U0.04/F0.00/H0/L0 | 提取质量: 🟢high | 留白率: 0% | 低质量率: 0%
2026-07-27 07:19:43 | INFO     | 
🔍 [正在处理] ANS_CPL_464 | 启动 3WD 流水线...
2026-07-27 07:19:43 | INFO     | 📢 [总进度] 42/59 份试卷已归档。
2026-07-27 07:20:14 | INFO     | ✅ [批改完成] ANS_CPL_463 | 路由: POS | 最终分: 7.7 | 风险: P0.00/U0.05/F0.00/H0/L0 | 提取质量: 🟢high | 留白率: 0% | 低质量率: 0%
2026-07-27 07:20:14 | INFO     | 
🔍 [正在处理] ANS_CPL_465 | 启动 3WD 流水线...
2026-07-27 07:20:14 | INFO     | 📢 [总进度] 43/59 份试卷已归档。
2026-07-27 07:20:23 | INFO     | ✅ [批改完成] ANS_CPL_464 | 路由: BND | 最终分: 9.12 | 风险: P0.05/U0.04/F0.00/H0/L0 | 提取质量: 🟢high | 留白率: 0% | 低质量率: 0%
2026-07-27 07:20:24 | INFO     | 
🔍 [正在处理] ANS_CPL_466 | 启动 3WD 流水线...
2026-07-27 07:20:24 | INFO     | 📢 [总进度] 44/59 份试卷已归档。
2026-07-27 07:20:45 | INFO     | ✅ [批改完成] ANS_CPL_465 | 路由: POS | 最终分: 5.0 | 风险: P0.05/U0.00/F0.40/H0/L1 | 提取质量: 🟢high | 留白率: 0% | 低质量率: 0%
2026-07-27 07:20:45 | INFO     | 
🔍 [正在处理] ANS_CPL_467 | 启动 3WD 流水线...
2026-07-27 07:20:45 | INFO     | 📢 [总进度] 45/59 份试卷已归档。
2026-07-27 07:20:53 | INFO     | ✅ [批改完成] ANS_CPL_466 | 路由: POS | 最终分: 7.3 | 风险: P0.00/U0.02/F0.20/H0/L0 | 提取质量: 🟢high | 留白率: 0% | 低质量率: 0%
2026-07-27 07:20:53 | INFO     | 
🔍 [正在处理] ANS_CPL_468 | 启动 3WD 流水线...
2026-07-27 07:20:53 | INFO     | 📢 [总进度] 46/59 份试卷已归档。
2026-07-27 07:21:29 | INFO     | ✅ [批改完成] ANS_CPL_467 | 路由: BND | 最终分: 7.2 | 风险: P0.13/U0.02/F0.00/H0/L0 | 提取质量: 🟢high | 留白率: 17% | 低质量率: 0%
2026-07-27 07:21:29 | INFO     | 
🔍 [正在处理] ANS_CPL_469 | 启动 3WD 流水线...
2026-07-27 07:21:29 | INFO     | 📢 [总进度] 47/59 份试卷已归档。
2026-07-27 07:21:44 | INFO     | ✅ [批改完成] ANS_CPL_468 | 路由: BND | 最终分: 8.8 | 风险: P0.00/U0.06/F0.00/H0/L0 | 提取质量: 🟢high | 留白率: 0% | 低质量率: 0%
2026-07-27 07:21:44 | INFO     | 
🔍 [正在处理] ANS_CPL_470 | 启动 3WD 流水线...
2026-07-27 07:21:44 | INFO     | 📢 [总进度] 48/59 份试卷已归档。
2026-07-27 07:22:05 | INFO     | ✅ [批改完成] ANS_CPL_469 | 路由: POS | 最终分: 8.8 | 风险: P0.00/U0.02/F0.00/H0/L0 | 提取质量: 🟢high | 留白率: 0% | 低质量率: 0%
2026-07-27 07:22:05 | INFO     | 
🔍 [正在处理] ANS_CPL_471 | 启动 3WD 流水线...
2026-07-27 07:22:05 | INFO     | 📢 [总进度] 49/59 份试卷已归档。
2026-07-27 07:22:25 | INFO     | ✅ [批改完成] ANS_CPL_470 | 路由: BND | 最终分: 8.18 | 风险: P0.00/U0.06/F0.00/H0/L0 | 提取质量: 🟢high | 留白率: 0% | 低质量率: 0%
2026-07-27 07:22:25 | INFO     | 
🔍 [正在处理] ANS_CPL_473 | 启动 3WD 流水线...
2026-07-27 07:22:25 | INFO     | 📢 [总进度] 50/59 份试卷已归档。
2026-07-27 07:22:34 | INFO     | ✅ [批改完成] ANS_CPL_471 | 路由: POS | 最终分: 3.7 | 风险: P0.00/U0.05/F0.60/H0/L1 | 提取质量: 🟢high | 留白率: 0% | 低质量率: 0%
2026-07-27 07:22:34 | INFO     | 
🔍 [正在处理] ANS_CPL_474 | 启动 3WD 流水线...
2026-07-27 07:22:34 | INFO     | 📢 [总进度] 51/59 份试卷已归档。
2026-07-27 07:23:06 | INFO     | ✅ [批改完成] ANS_CPL_473 | 路由: BND | 最终分: 7.7 | 风险: P0.00/U0.09/F0.20/H0/L0 | 提取质量: 🟢high | 留白率: 0% | 低质量率: 0%
2026-07-27 07:23:06 | INFO     | 
🔍 [正在处理] ANS_CPL_475 | 启动 3WD 流水线...
2026-07-27 07:23:06 | INFO     | 📢 [总进度] 52/59 份试卷已归档。
2026-07-27 07:23:10 | INFO     | ✅ [批改完成] ANS_CPL_474 | 路由: BND | 最终分: 4.25 | 风险: P0.13/U0.08/F0.20/H0/L1 | 提取质量: 🟢high | 留白率: 17% | 低质量率: 0%
2026-07-27 07:23:10 | INFO     | 
🔍 [正在处理] ANS_CPL_476 | 启动 3WD 流水线...
2026-07-27 07:23:10 | INFO     | 📢 [总进度] 53/59 份试卷已归档。
2026-07-27 07:23:33 | INFO     | ✅ [批改完成] ANS_CPL_475 | 路由: POS | 最终分: 7.3 | 风险: P0.00/U0.05/F0.00/H0/L0 | 提取质量: 🟢high | 留白率: 0% | 低质量率: 0%
2026-07-27 07:23:33 | INFO     | 
🔍 [正在处理] ANS_CPL_477 | 启动 3WD 流水线...
2026-07-27 07:23:33 | INFO     | 📢 [总进度] 54/59 份试卷已归档。
2026-07-27 07:23:44 | INFO     | ✅ [批改完成] ANS_CPL_476 | 路由: BND | 最终分: 5.55 | 风险: P0.13/U0.05/F0.00/H0/L0 | 提取质量: 🟢high | 留白率: 17% | 低质量率: 0%
2026-07-27 07:23:44 | INFO     | 
🔍 [正在处理] ANS_CPL_478 | 启动 3WD 流水线...
2026-07-27 07:23:44 | INFO     | 📢 [总进度] 55/59 份试卷已归档。
2026-07-27 07:23:58 | INFO     | ✅ [批改完成] ANS_CPL_477 | 路由: POS | 最终分: 9.8 | 风险: P0.00/U0.02/F0.00/H0/L0 | 提取质量: 🟢high | 留白率: 0% | 低质量率: 0%
2026-07-27 07:23:58 | INFO     | 
🔍 [正在处理] ANS_CPL_479 | 启动 3WD 流水线...
2026-07-27 07:23:58 | INFO     | 📢 [总进度] 56/59 份试卷已归档。
2026-07-27 07:24:10 | INFO     | ✅ [批改完成] ANS_CPL_478 | 路由: POS | 最终分: 10.0 | 风险: P0.00/U0.00/F0.00/H0/L0 | 提取质量: 🟢high | 留白率: 0% | 低质量率: 0%
2026-07-27 07:24:10 | INFO     | 
🔍 [正在处理] ANS_CPL_480 | 启动 3WD 流水线...
2026-07-27 07:24:10 | INFO     | 📢 [总进度] 57/59 份试卷已归档。
2026-07-27 07:24:34 | INFO     | ✅ [批改完成] ANS_CPL_479 | 路由: BND | 最终分: 4.8 | 风险: P0.00/U0.12/F0.00/H0/L0 | 提取质量: 🟢high | 留白率: 0% | 低质量率: 0%
2026-07-27 07:24:34 | INFO     | 📢 [总进度] 58/59 份试卷已归档。
2026-07-27 07:24:43 | INFO     | ✅ [批改完成] ANS_CPL_480 | 路由: BND | 最终分: 8.5 | 风险: P0.13/U0.04/F0.00/H0/L0 | 提取质量: 🟢high | 留白率: 17% | 低质量率: 0%
2026-07-27 07:24:43 | INFO     | 📢 [总进度] 59/59 份试卷已归档。
2026-07-27 07:24:43 | INFO     | 🗂️ 所有线程交卷完毕，正在整理数据... (共收集 59/59 份结果)
2026-07-27 07:24:43 | INFO     | 💾 正常批改结果已保存: D:\users\王鑫020420\Desktop\refgrader-main\results_runs\csbench_cpl1_cpl2_cpl3_cpl4_cpl5_cpl6_cpl7_cpl8_all\runs\teacher_audit_cpl_1_8_20260725_192008\CPL_8_graded_results.json (59 人)
2026-07-27 07:24:43 | INFO     | ✅ 无拒绝域案例。
2026-07-27 07:24:43 | INFO     | [result consistency] CPL_8: checkpoint=59, graded=59, rejected=0, failed=0, expected=59
2026-07-27 07:24:43 | INFO     | 
🏆 任务完成！
