2026-07-26 22:34:02 | INFO     | ==================================================
2026-07-26 22:34:02 | INFO     | 📂 正在加载试卷数据库...
2026-07-26 22:34:02 | INFO     |    运行模式: FULL
2026-07-26 22:34:02 | INFO     |    题目范围: ['CO_10', 'CO_11', 'CO_12', 'CO_13', 'CO_8', 'CO_9']
2026-07-26 22:34:02 | INFO     |    文本模型: glm5 -> glm-5.2 (thinking=disabled)
2026-07-26 22:34:02 | INFO     |    提取后端: csbench_hybrid
2026-07-26 22:34:02 | INFO     |    题库文件: D:\users\王鑫020420\Desktop\refgrader-main\data\csbench\exam_database.json
2026-07-26 22:34:02 | INFO     |    教师分文件: D:\users\王鑫020420\Desktop\refgrader-main\data\csbench\teacher_scores.json
2026-07-26 22:34:02 | INFO     |    Sample quality policy: raw (mode=raw, excluded=0, corrected=0)
2026-07-26 22:34:02 | INFO     |    答案元数据: D:\users\王鑫020420\Desktop\refgrader-main\data\csbench\answer_metadata.jsonl
2026-07-26 22:34:02 | INFO     |    并发数:   2
2026-07-26 22:34:02 | INFO     |    结果目录: D:\users\王鑫020420\Desktop\refgrader-main\results_runs\csbench_co10_co11_co12_co13_co8_co9_all\runs\teacher_audit_co_8_13_20260725_192008
2026-07-26 22:34:02 | INFO     |    Rubric目录: D:\users\王鑫020420\Desktop\refgrader-main\data\csbench\rubrics\optimized
2026-07-26 22:34:02 | INFO     |    初始Rubric目录: D:\users\王鑫020420\Desktop\refgrader-main\data\csbench\rubrics\initial
2026-07-26 22:34:02 | INFO     |    允许回退初始Rubric: False
2026-07-26 22:34:02 | INFO     |    进度文件: D:\users\王鑫020420\Desktop\refgrader-main\results_runs\csbench_co10_co11_co12_co13_co8_co9_all\runs\teacher_audit_co_8_13_20260725_192008\progress.json
2026-07-26 22:34:02 | INFO     |    日志文件: logs\experiment_teacher_audit_co_8_13_20260725_192008.log
2026-07-26 22:34:02 | INFO     | 🚀 当前处于【精准批改模式】
2026-07-26 22:34:02 | INFO     | 
🚀 [标准模式] 开始处理: CO_10
2026-07-26 22:34:02 | INFO     | ⚡ 已加载本地标准: D:\users\王鑫020420\Desktop\refgrader-main\data\csbench\rubrics\optimized\CO\CO_10_rubric_standard.json
2026-07-26 22:34:02 | INFO     | [metadata] loaded 3326 answer records from D:\users\王鑫020420\Desktop\refgrader-main\data\csbench\answer_metadata.jsonl
2026-07-26 22:34:02 | INFO     | [PaddleOCR] preparing 9/103 visual-answer cache entries...
2026-07-26 22:34:11 | INFO     | [1/1] cache hit: ANS_CO_1104.jpg
summary: completed=0, skipped=1, failed=0
2026-07-26 22:34:27 | INFO     | Initialize PaddleOCR | device=cpu | lang=ch | pending=1/1 | model_cache=D:\paddlex_cache
[1/1] completed: ANS_CO_1106.jpg | tokens=22 | mean_conf=0.947646 | output=D:\users\王鑫020420\Desktop\refgrader-main\ocr_cache\csbench\CO_10\ANS_CO_1106.json
summary: completed=1, skipped=0, failed=0
2026-07-26 22:34:43 | INFO     | Initialize PaddleOCR | device=cpu | lang=ch | pending=1/1 | model_cache=D:\paddlex_cache
[1/1] completed: ANS_CO_1108.jpg | tokens=24 | mean_conf=0.925501 | output=D:\users\王鑫020420\Desktop\refgrader-main\ocr_cache\csbench\CO_10\ANS_CO_1108.json
summary: completed=1, skipped=0, failed=0
2026-07-26 22:35:00 | INFO     | Initialize PaddleOCR | device=cpu | lang=ch | pending=1/1 | model_cache=D:\paddlex_cache
[1/1] completed: ANS_CO_1134.jpg | tokens=35 | mean_conf=0.922286 | output=D:\users\王鑫020420\Desktop\refgrader-main\ocr_cache\csbench\CO_10\ANS_CO_1134.json
summary: completed=1, skipped=0, failed=0
2026-07-26 22:35:16 | INFO     | Initialize PaddleOCR | device=cpu | lang=ch | pending=1/1 | model_cache=D:\paddlex_cache
[1/1] completed: ANS_CO_1144.jpg | tokens=24 | mean_conf=0.95944 | output=D:\users\王鑫020420\Desktop\refgrader-main\ocr_cache\csbench\CO_10\ANS_CO_1144.json
summary: completed=1, skipped=0, failed=0
2026-07-26 22:35:31 | INFO     | Initialize PaddleOCR | device=cpu | lang=ch | pending=1/1 | model_cache=D:\paddlex_cache
[1/1] completed: ANS_CO_1147.jpg | tokens=22 | mean_conf=0.926849 | output=D:\users\王鑫020420\Desktop\refgrader-main\ocr_cache\csbench\CO_10\ANS_CO_1147.json
summary: completed=1, skipped=0, failed=0
2026-07-26 22:35:46 | INFO     | Initialize PaddleOCR | device=cpu | lang=ch | pending=1/1 | model_cache=D:\paddlex_cache
[1/1] completed: ANS_CO_1169.jpg | tokens=19 | mean_conf=0.910276 | output=D:\users\王鑫020420\Desktop\refgrader-main\ocr_cache\csbench\CO_10\ANS_CO_1169.json
summary: completed=1, skipped=0, failed=0
2026-07-26 22:36:00 | INFO     | Initialize PaddleOCR | device=cpu | lang=ch | pending=1/1 | model_cache=D:\paddlex_cache
[1/1] completed: ANS_CO_1175.jpg | tokens=13 | mean_conf=0.909212 | output=D:\users\王鑫020420\Desktop\refgrader-main\ocr_cache\csbench\CO_10\ANS_CO_1175.json
summary: completed=1, skipped=0, failed=0
2026-07-26 22:36:19 | INFO     | Initialize PaddleOCR | device=cpu | lang=ch | pending=1/1 | model_cache=D:\paddlex_cache
[1/1] completed: ANS_CO_1183.jpg | tokens=34 | mean_conf=0.945352 | output=D:\users\王鑫020420\Desktop\refgrader-main\ocr_cache\csbench\CO_10\ANS_CO_1183.json
summary: completed=1, skipped=0, failed=0
2026-07-26 22:36:33 | INFO     | ⚡ 脱敏清单已预生成，103 名学生共享复用。
2026-07-26 22:36:33 | INFO     | 🏃 开始批改 103 张试卷 (⚡ 开启多线程模式)...
2026-07-26 22:36:33 | INFO     | ⏳ [主线程] 已提交 103 个任务，等待结果回收...
2026-07-26 22:36:33 | INFO     | 📦 成功加载教师真实成绩单数据库！共包含 3326 名考生的数据。
2026-07-26 22:36:33 | INFO     | 📦 成功加载教师真实成绩单数据库！共包含 3326 名考生的数据。
2026-07-26 22:36:33 | INFO     | 
🔍 [正在处理] ANS_CO_1081 | 启动 3WD 流水线...
2026-07-26 22:36:33 | INFO     | 
🔍 [正在处理] ANS_CO_1082 | 启动 3WD 流水线...
2026-07-26 22:37:14 | INFO     | ✅ [批改完成] ANS_CO_1082 | 路由: POS | 最终分: 13.5 | 风险: P0.00/U0.03/F0.00/H0/L0 | 提取质量: 🟢high | 留白率: 0% | 低质量率: 0%
2026-07-26 22:37:14 | INFO     | 
🔍 [正在处理] ANS_CO_1083 | 启动 3WD 流水线...
2026-07-26 22:37:14 | INFO     | 📢 [总进度] 1/103 份试卷已归档。
2026-07-26 22:37:30 | INFO     | ✅ [批改完成] ANS_CO_1081 | 路由: BND | 最终分: 10.5 | 风险: P0.00/U0.19/F0.00/H0/L0 | 提取质量: 🟢high | 留白率: 0% | 低质量率: 0%
2026-07-26 22:37:30 | INFO     | 
🔍 [正在处理] ANS_CO_1084 | 启动 3WD 流水线...
2026-07-26 22:37:30 | INFO     | 📢 [总进度] 2/103 份试卷已归档。
2026-07-26 22:37:56 | INFO     | ✅ [批改完成] ANS_CO_1084 | 路由: NEG | 最终分: 0 | 风险: P0.80/U0.00/F0.00/H0/L0 | 提取质量: 🟡low | 留白率: 100% | 低质量率: 0%
2026-07-26 22:37:56 | INFO     | 
🔍 [正在处理] ANS_CO_1085 | 启动 3WD 流水线...
2026-07-26 22:37:56 | INFO     | 📢 [总进度] 3/103 份试卷已归档 [NEG-拒绝]。
2026-07-26 22:38:15 | INFO     | ✅ [批改完成] ANS_CO_1083 | 路由: BND | 最终分: 2.7 | 风险: P0.00/U0.16/F0.73/H0/L1 | 提取质量: 🟢high | 留白率: 0% | 低质量率: 0%
2026-07-26 22:38:15 | INFO     | 
🔍 [正在处理] ANS_CO_1087 | 启动 3WD 流水线...
2026-07-26 22:38:15 | INFO     | 📢 [总进度] 4/103 份试卷已归档。
2026-07-26 22:38:46 | INFO     | ✅ [批改完成] ANS_CO_1085 | 路由: BND | 最终分: 0.25 | 风险: P0.40/U0.05/F0.00/H0/L0 | 提取质量: 🟡low | 留白率: 50% | 低质量率: 0%
2026-07-26 22:38:46 | INFO     | 
🔍 [正在处理] ANS_CO_1088 | 启动 3WD 流水线...
2026-07-26 22:38:46 | INFO     | 📢 [总进度] 5/103 份试卷已归档。
2026-07-26 22:39:14 | INFO     | ✅ [批改完成] ANS_CO_1087 | 路由: BND | 最终分: 5.95 | 风险: P0.00/U0.08/F0.20/H0/L1 | 提取质量: 🟢high | 留白率: 0% | 低质量率: 0%
2026-07-26 22:39:15 | INFO     | 
🔍 [正在处理] ANS_CO_1089 | 启动 3WD 流水线...
2026-07-26 22:39:15 | INFO     | 📢 [总进度] 6/103 份试卷已归档。
2026-07-26 22:39:47 | INFO     | ✅ [批改完成] ANS_CO_1088 | 路由: BND | 最终分: 3.0 | 风险: P0.10/U0.07/F0.53/H0/L1 | 提取质量: 🟢high | 留白率: 12% | 低质量率: 0%
2026-07-26 22:39:47 | INFO     | 
🔍 [正在处理] ANS_CO_1090 | 启动 3WD 流水线...
2026-07-26 22:39:47 | INFO     | 📢 [总进度] 7/103 份试卷已归档。
2026-07-26 22:40:19 | INFO     | ✅ [批改完成] ANS_CO_1089 | 路由: BND | 最终分: 4.55 | 风险: P0.14/U0.08/F0.20/H0/L1 | 提取质量: 🟢high | 留白率: 12% | 低质量率: 0%
2026-07-26 22:40:19 | INFO     | 
🔍 [正在处理] ANS_CO_1091 | 启动 3WD 流水线...
2026-07-26 22:40:19 | INFO     | 📢 [总进度] 8/103 份试卷已归档。
2026-07-26 22:40:31 | INFO     | ✅ [批改完成] ANS_CO_1090 | 路由: BND | 最终分: 0 | 风险: P0.40/U0.00/F0.47/H0/L0 | 提取质量: 🟡low | 留白率: 50% | 低质量率: 0%
2026-07-26 22:40:31 | INFO     | 
🔍 [正在处理] ANS_CO_1092 | 启动 3WD 流水线...
2026-07-26 22:40:31 | INFO     | 📢 [总进度] 9/103 份试卷已归档。
2026-07-26 22:41:00 | INFO     | ✅ [批改完成] ANS_CO_1091 | 路由: BND | 最终分: 1.0 | 风险: P0.40/U0.00/F0.33/H0/L0 | 提取质量: 🟡low | 留白率: 50% | 低质量率: 0%
2026-07-26 22:41:00 | INFO     | 
🔍 [正在处理] ANS_CO_1093 | 启动 3WD 流水线...
2026-07-26 22:41:00 | INFO     | 📢 [总进度] 10/103 份试卷已归档。
2026-07-26 22:41:24 | INFO     | ✅ [批改完成] ANS_CO_1092 | 路由: BND | 最终分: 3.3 | 风险: P0.10/U0.08/F0.20/H0/L1 | 提取质量: 🟢high | 留白率: 12% | 低质量率: 0%
2026-07-26 22:41:24 | INFO     | 
🔍 [正在处理] ANS_CO_1094 | 启动 3WD 流水线...
2026-07-26 22:41:24 | INFO     | 📢 [总进度] 11/103 份试卷已归档。
2026-07-26 22:41:52 | INFO     | ✅ [批改完成] ANS_CO_1093 | 路由: BND | 最终分: 2.3 | 风险: P0.20/U0.03/F0.20/H0/L1 | 提取质量: 🟢high | 留白率: 25% | 低质量率: 0%
2026-07-26 22:41:52 | INFO     | 
🔍 [正在处理] ANS_CO_1095 | 启动 3WD 流水线...
2026-07-26 22:41:52 | INFO     | 📢 [总进度] 12/103 份试卷已归档。
2026-07-26 22:42:21 | INFO     | ✅ [批改完成] ANS_CO_1094 | 路由: BND | 最终分: 10.0 | 风险: P0.20/U0.09/F0.00/H0/L1 | 提取质量: 🟢high | 留白率: 25% | 低质量率: 0%
2026-07-26 22:42:21 | INFO     | 
🔍 [正在处理] ANS_CO_1096 | 启动 3WD 流水线...
2026-07-26 22:42:21 | INFO     | 📢 [总进度] 13/103 份试卷已归档。
2026-07-26 22:42:50 | INFO     | ✅ [批改完成] ANS_CO_1095 | 路由: BND | 最终分: 8.0 | 风险: P0.04/U0.09/F0.20/H0/L1 | 提取质量: 🟢high | 留白率: 0% | 低质量率: 0%
2026-07-26 22:42:50 | INFO     | 
🔍 [正在处理] ANS_CO_1097 | 启动 3WD 流水线...
2026-07-26 22:42:50 | INFO     | 📢 [总进度] 14/103 份试卷已归档。
2026-07-26 22:43:26 | INFO     | ✅ [批改完成] ANS_CO_1096 | 路由: BND | 最终分: 1.5 | 风险: P0.00/U0.05/F0.60/H0/L1 | 提取质量: 🟢high | 留白率: 0% | 低质量率: 0%
2026-07-26 22:43:26 | INFO     | 
🔍 [正在处理] ANS_CO_1098 | 启动 3WD 流水线...
2026-07-26 22:43:26 | INFO     | 📢 [总进度] 15/103 份试卷已归档。
2026-07-26 22:43:51 | INFO     | ✅ [批改完成] ANS_CO_1097 | 路由: BND | 最终分: 12.1 | 风险: P0.14/U0.05/F0.00/H0/L0 | 提取质量: 🟢high | 留白率: 12% | 低质量率: 0%
2026-07-26 22:43:51 | INFO     | 
🔍 [正在处理] ANS_CO_1099 | 启动 3WD 流水线...
2026-07-26 22:43:51 | INFO     | 📢 [总进度] 16/103 份试卷已归档。
2026-07-26 22:44:13 | INFO     | ✅ [批改完成] ANS_CO_1098 | 路由: BND | 最终分: 0.25 | 风险: P0.30/U0.05/F0.33/H0/L0 | 提取质量: 🟢high | 留白率: 38% | 低质量率: 0%
2026-07-26 22:44:13 | INFO     | 
🔍 [正在处理] ANS_CO_1100 | 启动 3WD 流水线...
2026-07-26 22:44:13 | INFO     | 📢 [总进度] 17/103 份试卷已归档。
2026-07-26 22:44:37 | INFO     | ✅ [批改完成] ANS_CO_1099 | 路由: BND | 最终分: 0 | 风险: P0.30/U0.00/F0.53/H0/L0 | 提取质量: 🟢high | 留白率: 38% | 低质量率: 0%
2026-07-26 22:44:37 | INFO     | 
🔍 [正在处理] ANS_CO_1101 | 启动 3WD 流水线...
2026-07-26 22:44:37 | INFO     | 📢 [总进度] 18/103 份试卷已归档。
2026-07-26 22:45:15 | INFO     | ✅ [批改完成] ANS_CO_1100 | 路由: BND | 最终分: 7.05 | 风险: P0.00/U0.09/F0.00/H0/L1 | 提取质量: 🟢high | 留白率: 0% | 低质量率: 0%
2026-07-26 22:45:15 | INFO     | 
🔍 [正在处理] ANS_CO_1102 | 启动 3WD 流水线...
2026-07-26 22:45:15 | INFO     | 📢 [总进度] 19/103 份试卷已归档。
2026-07-26 22:45:46 | INFO     | ✅ [批改完成] ANS_CO_1101 | 路由: BND | 最终分: 3.5 | 风险: P0.04/U0.14/F0.00/H0/L1 | 提取质量: 🟢high | 留白率: 0% | 低质量率: 0%
2026-07-26 22:45:46 | INFO     | 
🔍 [正在处理] ANS_CO_1103 | 启动 3WD 流水线...
2026-07-26 22:45:46 | INFO     | 📢 [总进度] 20/103 份试卷已归档。
2026-07-26 22:46:14 | INFO     | ✅ [批改完成] ANS_CO_1102 | 路由: BND | 最终分: 10.55 | 风险: P0.00/U0.08/F0.00/H0/L0 | 提取质量: 🟢high | 留白率: 0% | 低质量率: 0%
2026-07-26 22:46:14 | INFO     | 
🔍 [正在处理] ANS_CO_1104 | 启动 3WD 流水线...
2026-07-26 22:46:14 | INFO     | 📢 [总进度] 21/103 份试卷已归档。
2026-07-26 22:46:54 | INFO     | ✅ [批改完成] ANS_CO_1103 | 路由: BND | 最终分: 10.2 | 风险: P0.00/U0.11/F0.00/H0/L0 | 提取质量: 🟢high | 留白率: 0% | 低质量率: 0%
2026-07-26 22:46:54 | INFO     | 
🔍 [正在处理] ANS_CO_1106 | 启动 3WD 流水线...
2026-07-26 22:46:54 | INFO     | 📢 [总进度] 22/103 份试卷已归档。
2026-07-26 22:48:13 | INFO     | ✅ [批改完成] ANS_CO_1104 | 路由: POS | 最终分: 5.2 | 风险: P0.00/U0.04/F0.20/H0/L1 | 提取质量: 🟢high | 留白率: 0% | 低质量率: 0%
2026-07-26 22:48:13 | INFO     | 
🔍 [正在处理] ANS_CO_1107 | 启动 3WD 流水线...
2026-07-26 22:48:13 | INFO     | 📢 [总进度] 23/103 份试卷已归档。
2026-07-26 22:48:40 | INFO     | ✅ [批改完成] ANS_CO_1106 | 路由: POS | 最终分: 6.7 | 风险: P0.00/U0.02/F0.00/H0/L1 | 提取质量: 🟢high | 留白率: 0% | 低质量率: 0%
2026-07-26 22:48:40 | INFO     | 
🔍 [正在处理] ANS_CO_1108 | 启动 3WD 流水线...
2026-07-26 22:48:40 | INFO     | 📢 [总进度] 24/103 份试卷已归档。
2026-07-26 22:49:17 | INFO     | ✅ [批改完成] ANS_CO_1107 | 路由: BND | 最终分: 7.3 | 风险: P0.00/U0.10/F0.20/H0/L1 | 提取质量: 🟢high | 留白率: 0% | 低质量率: 0%
2026-07-26 22:49:17 | INFO     | 
🔍 [正在处理] ANS_CO_1109 | 启动 3WD 流水线...
2026-07-26 22:49:17 | INFO     | 📢 [总进度] 25/103 份试卷已归档。
2026-07-26 22:50:02 | INFO     | ✅ [批改完成] ANS_CO_1109 | 路由: POS | 最终分: 7.2 | 风险: P0.00/U0.02/F0.53/H0/L1 | 提取质量: 🟢high | 留白率: 0% | 低质量率: 0%
2026-07-26 22:50:02 | INFO     | 
🔍 [正在处理] ANS_CO_1110 | 启动 3WD 流水线...
2026-07-26 22:50:02 | INFO     | 📢 [总进度] 26/103 份试卷已归档。
2026-07-26 22:50:43 | INFO     | ✅ [批改完成] ANS_CO_1110 | 路由: POS | 最终分: 8.7 | 风险: P0.00/U0.03/F0.00/H0/L1 | 提取质量: 🟢high | 留白率: 0% | 低质量率: 0%
2026-07-26 22:50:43 | INFO     | 
🔍 [正在处理] ANS_CO_1111 | 启动 3WD 流水线...
2026-07-26 22:50:43 | INFO     | 📢 [总进度] 27/103 份试卷已归档。
2026-07-26 22:51:22 | INFO     | ✅ [批改完成] ANS_CO_1108 | 路由: POS | 最终分: 3.5 | 风险: P0.00/U0.00/F0.20/H0/L1 | 提取质量: 🟢high | 留白率: 0% | 低质量率: 0%
2026-07-26 22:51:22 | INFO     | 
🔍 [正在处理] ANS_CO_1112 | 启动 3WD 流水线...
2026-07-26 22:51:22 | INFO     | 📢 [总进度] 28/103 份试卷已归档。
2026-07-26 22:51:30 | INFO     | ✅ [批改完成] ANS_CO_1111 | 路由: BND | 最终分: 2.7 | 风险: P0.20/U0.02/F0.20/H0/L1 | 提取质量: 🟢high | 留白率: 25% | 低质量率: 0%
2026-07-26 22:51:30 | INFO     | 
🔍 [正在处理] ANS_CO_1114 | 启动 3WD 流水线...
2026-07-26 22:51:30 | INFO     | 📢 [总进度] 29/103 份试卷已归档。
2026-07-26 22:52:07 | INFO     | ✅ [批改完成] ANS_CO_1112 | 路由: BND | 最终分: 2.0 | 风险: P0.30/U0.05/F0.53/H0/L0 | 提取质量: 🟢high | 留白率: 38% | 低质量率: 0%
2026-07-26 22:52:07 | INFO     | 
🔍 [正在处理] ANS_CO_1115 | 启动 3WD 流水线...
2026-07-26 22:52:07 | INFO     | 📢 [总进度] 30/103 份试卷已归档。
2026-07-26 22:52:19 | INFO     | ✅ [批改完成] ANS_CO_1114 | 路由: BND | 最终分: 6.55 | 风险: P0.20/U0.03/F0.20/H0/L1 | 提取质量: 🟢high | 留白率: 25% | 低质量率: 0%
2026-07-26 22:52:19 | INFO     | 
🔍 [正在处理] ANS_CO_1116 | 启动 3WD 流水线...
2026-07-26 22:52:19 | INFO     | 📢 [总进度] 31/103 份试卷已归档。
2026-07-26 22:52:59 | INFO     | ✅ [批改完成] ANS_CO_1115 | 路由: BND | 最终分: 5.7 | 风险: P0.50/U0.06/F0.00/H0/L0 | 提取质量: 🟡low | 留白率: 62% | 低质量率: 0%
2026-07-26 22:52:59 | INFO     | 
🔍 [正在处理] ANS_CO_1118 | 启动 3WD 流水线...
2026-07-26 22:52:59 | INFO     | 📢 [总进度] 32/103 份试卷已归档。
2026-07-26 22:53:10 | INFO     | ✅ [批改完成] ANS_CO_1116 | 路由: POS | 最终分: 10.5 | 风险: P0.00/U0.03/F0.00/H0/L0 | 提取质量: 🟢high | 留白率: 0% | 低质量率: 0%
2026-07-26 22:53:10 | INFO     | 
🔍 [正在处理] ANS_CO_1119 | 启动 3WD 流水线...
2026-07-26 22:53:10 | INFO     | 📢 [总进度] 33/103 份试卷已归档。
2026-07-26 22:53:48 | INFO     | ✅ [批改完成] ANS_CO_1118 | 路由: BND | 最终分: 1.68 | 风险: P0.10/U0.04/F0.33/H0/L1 | 提取质量: 🟢high | 留白率: 12% | 低质量率: 0%
2026-07-26 22:53:48 | INFO     | 
🔍 [正在处理] ANS_CO_1120 | 启动 3WD 流水线...
2026-07-26 22:53:48 | INFO     | 📢 [总进度] 34/103 份试卷已归档。
2026-07-26 22:54:07 | INFO     | ✅ [批改完成] ANS_CO_1119 | 路由: BND | 最终分: 7.8 | 风险: P0.14/U0.11/F0.00/H0/L1 | 提取质量: 🟢high | 留白率: 12% | 低质量率: 0%
2026-07-26 22:54:07 | INFO     | 
🔍 [正在处理] ANS_CO_1121 | 启动 3WD 流水线...
2026-07-26 22:54:07 | INFO     | 📢 [总进度] 35/103 份试卷已归档。
2026-07-26 22:54:28 | INFO     | ✅ [批改完成] ANS_CO_1120 | 路由: POS | 最终分: 12.8 | 风险: P0.00/U0.04/F0.00/H0/L0 | 提取质量: 🟢high | 留白率: 0% | 低质量率: 0%
2026-07-26 22:54:28 | INFO     | 
🔍 [正在处理] ANS_CO_1122 | 启动 3WD 流水线...
2026-07-26 22:54:28 | INFO     | 📢 [总进度] 36/103 份试卷已归档。
2026-07-26 22:55:08 | INFO     | ✅ [批改完成] ANS_CO_1121 | 路由: BND | 最终分: 2.25 | 风险: P0.00/U0.05/F0.73/H0/L1 | 提取质量: 🟢high | 留白率: 0% | 低质量率: 0%
2026-07-26 22:55:08 | INFO     | 
🔍 [正在处理] ANS_CO_1123 | 启动 3WD 流水线...
2026-07-26 22:55:08 | INFO     | 📢 [总进度] 37/103 份试卷已归档。
2026-07-26 22:55:20 | INFO     | ✅ [批改完成] ANS_CO_1122 | 路由: BND | 最终分: 11.0 | 风险: P0.04/U0.14/F0.00/H0/L0 | 提取质量: 🟢high | 留白率: 0% | 低质量率: 0%
2026-07-26 22:55:20 | INFO     | 
🔍 [正在处理] ANS_CO_1124 | 启动 3WD 流水线...
2026-07-26 22:55:20 | INFO     | 📢 [总进度] 38/103 份试卷已归档。
2026-07-26 22:56:05 | INFO     | ✅ [批改完成] ANS_CO_1123 | 路由: BND | 最终分: 6.75 | 风险: P0.04/U0.07/F0.00/H0/L0 | 提取质量: 🟢high | 留白率: 0% | 低质量率: 0%
2026-07-26 22:56:05 | INFO     | 
🔍 [正在处理] ANS_CO_1125 | 启动 3WD 流水线...
2026-07-26 22:56:05 | INFO     | 📢 [总进度] 39/103 份试卷已归档。
2026-07-26 22:56:27 | INFO     | ✅ [批改完成] ANS_CO_1124 | 路由: BND | 最终分: 1.7 | 风险: P0.00/U0.10/F0.67/H0/L1 | 提取质量: 🟢high | 留白率: 0% | 低质量率: 0%
2026-07-26 22:56:27 | INFO     | 
🔍 [正在处理] ANS_CO_1126 | 启动 3WD 流水线...
2026-07-26 22:56:27 | INFO     | 📢 [总进度] 40/103 份试卷已归档。
2026-07-26 22:57:06 | INFO     | ✅ [批改完成] ANS_CO_1125 | 路由: BND | 最终分: 4.5 | 风险: P0.10/U0.05/F0.47/H0/L1 | 提取质量: 🟢high | 留白率: 12% | 低质量率: 0%
2026-07-26 22:57:06 | INFO     | 
🔍 [正在处理] ANS_CO_1127 | 启动 3WD 流水线...
2026-07-26 22:57:06 | INFO     | 📢 [总进度] 41/103 份试卷已归档。
2026-07-26 22:57:37 | INFO     | ✅ [批改完成] ANS_CO_1126 | 路由: BND | 最终分: 2.45 | 风险: P0.30/U0.11/F0.33/H0/L0 | 提取质量: 🟢high | 留白率: 38% | 低质量率: 0%
2026-07-26 22:57:37 | INFO     | 
🔍 [正在处理] ANS_CO_1128 | 启动 3WD 流水线...
2026-07-26 22:57:37 | INFO     | 📢 [总进度] 42/103 份试卷已归档。
2026-07-26 22:57:55 | INFO     | ✅ [批改完成] ANS_CO_1127 | 路由: BND | 最终分: 1.0 | 风险: P0.30/U0.00/F0.33/H0/L0 | 提取质量: 🟢high | 留白率: 38% | 低质量率: 0%
2026-07-26 22:57:55 | INFO     | 
🔍 [正在处理] ANS_CO_1129 | 启动 3WD 流水线...
2026-07-26 22:57:55 | INFO     | 📢 [总进度] 43/103 份试卷已归档。
2026-07-26 22:58:21 | INFO     | ✅ [批改完成] ANS_CO_1128 | 路由: BND | 最终分: 0.2 | 风险: P0.40/U0.02/F0.27/H0/L0 | 提取质量: 🟡low | 留白率: 50% | 低质量率: 0%
2026-07-26 22:58:21 | INFO     | 
🔍 [正在处理] ANS_CO_1130 | 启动 3WD 流水线...
2026-07-26 22:58:21 | INFO     | 📢 [总进度] 44/103 份试卷已归档。
2026-07-26 22:58:57 | INFO     | ✅ [批改完成] ANS_CO_1129 | 路由: BND | 最终分: 5.0 | 风险: P0.10/U0.08/F0.27/H0/L1 | 提取质量: 🟢high | 留白率: 12% | 低质量率: 0%
2026-07-26 22:58:57 | INFO     | 
🔍 [正在处理] ANS_CO_1131 | 启动 3WD 流水线...
2026-07-26 22:58:57 | INFO     | 📢 [总进度] 45/103 份试卷已归档。
2026-07-26 22:59:58 | INFO     | ✅ [批改完成] ANS_CO_1131 | 路由: BND | 最终分: 1.0 | 风险: P0.20/U0.00/F0.47/H0/L1 | 提取质量: 🟢high | 留白率: 25% | 低质量率: 0%
2026-07-26 22:59:58 | INFO     | 
🔍 [正在处理] ANS_CO_1132 | 启动 3WD 流水线...
2026-07-26 22:59:58 | INFO     | 📢 [总进度] 46/103 份试卷已归档。
2026-07-26 23:00:49 | INFO     | ✅ [批改完成] ANS_CO_1130 | 路由: POS | 最终分: 11.0 | 风险: P0.00/U0.05/F0.00/H0/L0 | 提取质量: 🟢high | 留白率: 0% | 低质量率: 0%
2026-07-26 23:00:49 | INFO     | 
🔍 [正在处理] ANS_CO_1134 | 启动 3WD 流水线...
2026-07-26 23:00:49 | INFO     | 📢 [总进度] 47/103 份试卷已归档。
2026-07-26 23:01:07 | INFO     | ✅ [批改完成] ANS_CO_1132 | 路由: BND | 最终分: 3.7 | 风险: P0.14/U0.03/F0.47/H0/L1 | 提取质量: 🟢high | 留白率: 12% | 低质量率: 0%
2026-07-26 23:01:07 | INFO     | 
🔍 [正在处理] ANS_CO_1135 | 启动 3WD 流水线...
2026-07-26 23:01:07 | INFO     | 📢 [总进度] 48/103 份试卷已归档。
2026-07-26 23:02:08 | INFO     | ✅ [批改完成] ANS_CO_1135 | 路由: BND | 最终分: 0 | 风险: P0.30/U0.03/F0.67/H0/L0 | 提取质量: 🟢high | 留白率: 38% | 低质量率: 0%
2026-07-26 23:02:08 | INFO     | 
🔍 [正在处理] ANS_CO_1136 | 启动 3WD 流水线...
2026-07-26 23:02:08 | INFO     | 📢 [总进度] 49/103 份试卷已归档。
2026-07-26 23:02:53 | INFO     | ✅ [批改完成] ANS_CO_1134 | 路由: POS | 最终分: 9.3 | 风险: P0.00/U0.03/F0.00/H0/L0 | 提取质量: 🟢high | 留白率: 0% | 低质量率: 0%
2026-07-26 23:02:53 | INFO     | 
🔍 [正在处理] ANS_CO_1137 | 启动 3WD 流水线...
2026-07-26 23:02:53 | INFO     | 📢 [总进度] 50/103 份试卷已归档。
2026-07-26 23:04:02 | INFO     | ✅ [批改完成] ANS_CO_1137 | 路由: BND | 最终分: 9.8 | 风险: P0.00/U0.11/F0.20/H0/L1 | 提取质量: 🟢high | 留白率: 0% | 低质量率: 0%
2026-07-26 23:04:02 | INFO     | 
🔍 [正在处理] ANS_CO_1138 | 启动 3WD 流水线...
2026-07-26 23:04:02 | INFO     | 📢 [总进度] 51/103 份试卷已归档。
2026-07-26 23:04:57 | INFO     | ✅ [批改完成] ANS_CO_1138 | 路由: BND | 最终分: 5.8 | 风险: P0.20/U0.02/F0.20/H0/L1 | 提取质量: 🟢high | 留白率: 25% | 低质量率: 0%
2026-07-26 23:04:57 | INFO     | 
🔍 [正在处理] ANS_CO_1139 | 启动 3WD 流水线...
2026-07-26 23:04:57 | INFO     | 📢 [总进度] 52/103 份试卷已归档。
2026-07-26 23:04:58 | INFO     | ✅ [批改完成] ANS_CO_1136 | 路由: BND | 最终分: 5.3 | 风险: P0.10/U0.12/F0.47/H0/L1 | 提取质量: 🟢high | 留白率: 12% | 低质量率: 0%
2026-07-26 23:04:58 | INFO     | 
🔍 [正在处理] ANS_CO_1140 | 启动 3WD 流水线...
2026-07-26 23:04:58 | INFO     | 📢 [总进度] 53/103 份试卷已归档。
2026-07-26 23:05:51 | INFO     | ✅ [批改完成] ANS_CO_1140 | 路由: BND | 最终分: 4.8 | 风险: P0.20/U0.04/F0.33/H0/L1 | 提取质量: 🟢high | 留白率: 25% | 低质量率: 0%
2026-07-26 23:05:51 | INFO     | 
🔍 [正在处理] ANS_CO_1141 | 启动 3WD 流水线...
2026-07-26 23:05:51 | INFO     | 📢 [总进度] 54/103 份试卷已归档。
2026-07-26 23:06:04 | INFO     | ✅ [批改完成] ANS_CO_1139 | 路由: BND | 最终分: 6.7 | 风险: P0.10/U0.06/F0.00/H0/L1 | 提取质量: 🟢high | 留白率: 12% | 低质量率: 0%
2026-07-26 23:06:04 | INFO     | 
🔍 [正在处理] ANS_CO_1142 | 启动 3WD 流水线...
2026-07-26 23:06:04 | INFO     | 📢 [总进度] 55/103 份试卷已归档。
2026-07-26 23:06:56 | INFO     | ✅ [批改完成] ANS_CO_1141 | 路由: BND | 最终分: 4.2 | 风险: P0.00/U0.04/F0.33/H0/L1 | 提取质量: 🟢high | 留白率: 0% | 低质量率: 0%
2026-07-26 23:06:56 | INFO     | 
🔍 [正在处理] ANS_CO_1144 | 启动 3WD 流水线...
2026-07-26 23:06:56 | INFO     | 📢 [总进度] 56/103 份试卷已归档。
2026-07-26 23:07:11 | INFO     | ✅ [批改完成] ANS_CO_1142 | 路由: BND | 最终分: 9.25 | 风险: P0.00/U0.19/F0.40/H0/L0 | 提取质量: 🟢high | 留白率: 0% | 低质量率: 0%
2026-07-26 23:07:11 | INFO     | 
🔍 [正在处理] ANS_CO_1145 | 启动 3WD 流水线...
2026-07-26 23:07:11 | INFO     | 📢 [总进度] 57/103 份试卷已归档。
2026-07-26 23:08:16 | INFO     | ✅ [批改完成] ANS_CO_1145 | 路由: BND | 最终分: 6.35 | 风险: P0.00/U0.05/F0.20/H0/L1 | 提取质量: 🟢high | 留白率: 0% | 低质量率: 0%
2026-07-26 23:08:16 | INFO     | 
🔍 [正在处理] ANS_CO_1146 | 启动 3WD 流水线...
2026-07-26 23:08:16 | INFO     | 📢 [总进度] 58/103 份试卷已归档。
2026-07-26 23:08:56 | INFO     | ✅ [批改完成] ANS_CO_1144 | 路由: BND | 最终分: 1.5 | 风险: P0.00/U0.07/F0.47/H0/L1 | 提取质量: 🟢high | 留白率: 0% | 低质量率: 0%
2026-07-26 23:08:56 | INFO     | 
🔍 [正在处理] ANS_CO_1147 | 启动 3WD 流水线...
2026-07-26 23:08:56 | INFO     | 📢 [总进度] 59/103 份试卷已归档。
2026-07-26 23:09:12 | INFO     | ✅ [批改完成] ANS_CO_1146 | 路由: BND | 最终分: 4.55 | 风险: P0.40/U0.08/F0.07/H0/L0 | 提取质量: 🟡low | 留白率: 50% | 低质量率: 0%
2026-07-26 23:09:12 | INFO     | 
🔍 [正在处理] ANS_CO_1148 | 启动 3WD 流水线...
2026-07-26 23:09:12 | INFO     | 📢 [总进度] 60/103 份试卷已归档。
2026-07-26 23:10:13 | INFO     | ✅ [批改完成] ANS_CO_1148 | 路由: BND | 最终分: 4.7 | 风险: P0.10/U0.06/F0.33/H0/L1 | 提取质量: 🟢high | 留白率: 12% | 低质量率: 0%
2026-07-26 23:10:13 | INFO     | 
🔍 [正在处理] ANS_CO_1149 | 启动 3WD 流水线...
2026-07-26 23:10:13 | INFO     | 📢 [总进度] 61/103 份试卷已归档。
2026-07-26 23:11:10 | INFO     | ✅ [批改完成] ANS_CO_1147 | 路由: BND | 最终分: 6.45 | 风险: P0.00/U0.04/F0.00/H0/L1 | 提取质量: 🟢high | 留白率: 0% | 低质量率: 0%
2026-07-26 23:11:10 | INFO     | 
🔍 [正在处理] ANS_CO_1150 | 启动 3WD 流水线...
2026-07-26 23:11:10 | INFO     | 📢 [总进度] 62/103 份试卷已归档。
2026-07-26 23:11:14 | INFO     | ✅ [批改完成] ANS_CO_1149 | 路由: BND | 最终分: 9.7 | 风险: P0.00/U0.06/F0.00/H0/L0 | 提取质量: 🟢high | 留白率: 0% | 低质量率: 0%
2026-07-26 23:11:14 | INFO     | 
🔍 [正在处理] ANS_CO_1152 | 启动 3WD 流水线...
2026-07-26 23:11:14 | INFO     | 📢 [总进度] 63/103 份试卷已归档。
2026-07-26 23:12:03 | INFO     | ✅ [批改完成] ANS_CO_1152 | 路由: BND | 最终分: 0 | 风险: P0.50/U0.00/F0.47/H0/L0 | 提取质量: 🟡low | 留白率: 62% | 低质量率: 0%
2026-07-26 23:12:03 | INFO     | 
🔍 [正在处理] ANS_CO_1153 | 启动 3WD 流水线...
2026-07-26 23:12:03 | INFO     | 📢 [总进度] 64/103 份试卷已归档。
2026-07-26 23:12:09 | INFO     | ✅ [批改完成] ANS_CO_1150 | 路由: BND | 最终分: 1.2 | 风险: P0.20/U0.07/F0.53/H0/L1 | 提取质量: 🟢high | 留白率: 25% | 低质量率: 0%
2026-07-26 23:12:09 | INFO     | 
🔍 [正在处理] ANS_CO_1154 | 启动 3WD 流水线...
2026-07-26 23:12:09 | INFO     | 📢 [总进度] 65/103 份试卷已归档。
2026-07-26 23:12:43 | INFO     | ✅ [批改完成] ANS_CO_1154 | 路由: NEG | 最终分: 0 | 风险: P0.80/U0.00/F0.00/H0/L0 | 提取质量: 🟡low | 留白率: 100% | 低质量率: 0%
2026-07-26 23:12:43 | INFO     | 
🔍 [正在处理] ANS_CO_1156 | 启动 3WD 流水线...
2026-07-26 23:12:43 | INFO     | 📢 [总进度] 66/103 份试卷已归档 [NEG-拒绝]。
2026-07-26 23:13:08 | INFO     | ✅ [批改完成] ANS_CO_1153 | 路由: BND | 最终分: 3.95 | 风险: P0.20/U0.08/F0.20/H0/L1 | 提取质量: 🟢high | 留白率: 25% | 低质量率: 0%
2026-07-26 23:13:08 | INFO     | 
🔍 [正在处理] ANS_CO_1158 | 启动 3WD 流水线...
2026-07-26 23:13:08 | INFO     | 📢 [总进度] 67/103 份试卷已归档。
2026-07-26 23:13:38 | INFO     | ✅ [批改完成] ANS_CO_1156 | 路由: BND | 最终分: 2.2 | 风险: P0.00/U0.06/F0.80/H0/L1 | 提取质量: 🟢high | 留白率: 0% | 低质量率: 0%
2026-07-26 23:13:38 | INFO     | 
🔍 [正在处理] ANS_CO_1159 | 启动 3WD 流水线...
2026-07-26 23:13:38 | INFO     | 📢 [总进度] 68/103 份试卷已归档。
2026-07-26 23:14:02 | INFO     | ✅ [批改完成] ANS_CO_1158 | 路由: BND | 最终分: 1.3 | 风险: P0.20/U0.03/F0.47/H0/L1 | 提取质量: 🟢high | 留白率: 25% | 低质量率: 0%
2026-07-26 23:14:02 | INFO     | 
🔍 [正在处理] ANS_CO_1160 | 启动 3WD 流水线...
2026-07-26 23:14:02 | INFO     | 📢 [总进度] 69/103 份试卷已归档。
2026-07-26 23:14:30 | INFO     | ✅ [批改完成] ANS_CO_1159 | 路由: BND | 最终分: 9.45 | 风险: P0.00/U0.11/F0.00/H0/L0 | 提取质量: 🟢high | 留白率: 0% | 低质量率: 0%
2026-07-26 23:14:30 | INFO     | 
🔍 [正在处理] ANS_CO_1161 | 启动 3WD 流水线...
2026-07-26 23:14:30 | INFO     | 📢 [总进度] 70/103 份试卷已归档。
2026-07-26 23:15:11 | INFO     | ✅ [批改完成] ANS_CO_1160 | 路由: BND | 最终分: 4.3 | 风险: P0.00/U0.15/F0.40/H0/L1 | 提取质量: 🟢high | 留白率: 0% | 低质量率: 0%
2026-07-26 23:15:11 | INFO     | 
🔍 [正在处理] ANS_CO_1162 | 启动 3WD 流水线...
2026-07-26 23:15:11 | INFO     | 📢 [总进度] 71/103 份试卷已归档。
2026-07-26 23:15:22 | INFO     | ✅ [批改完成] ANS_CO_1161 | 路由: BND | 最终分: 10.3 | 风险: P0.10/U0.11/F0.00/H0/L0 | 提取质量: 🟢high | 留白率: 12% | 低质量率: 0%
2026-07-26 23:15:22 | INFO     | 
🔍 [正在处理] ANS_CO_1163 | 启动 3WD 流水线...
2026-07-26 23:15:22 | INFO     | 📢 [总进度] 72/103 份试卷已归档。
2026-07-26 23:16:20 | INFO     | ✅ [批改完成] ANS_CO_1162 | 路由: BND | 最终分: 1.95 | 风险: P0.20/U0.07/F0.00/H0/L1 | 提取质量: 🟢high | 留白率: 25% | 低质量率: 0%
2026-07-26 23:16:20 | INFO     | 
🔍 [正在处理] ANS_CO_1164 | 启动 3WD 流水线...
2026-07-26 23:16:20 | INFO     | 📢 [总进度] 73/103 份试卷已归档。
2026-07-26 23:16:28 | INFO     | ✅ [批改完成] ANS_CO_1163 | 路由: BND | 最终分: 8.0 | 风险: P0.20/U0.03/F0.40/H0/L1 | 提取质量: 🟢high | 留白率: 25% | 低质量率: 0%
2026-07-26 23:16:28 | INFO     | 
🔍 [正在处理] ANS_CO_1165 | 启动 3WD 流水线...
2026-07-26 23:16:28 | INFO     | 📢 [总进度] 74/103 份试卷已归档。
2026-07-26 23:17:17 | INFO     | ✅ [批改完成] ANS_CO_1164 | 路由: BND | 最终分: 1.82 | 风险: P0.10/U0.08/F0.27/H0/L1 | 提取质量: 🟢high | 留白率: 12% | 低质量率: 0%
2026-07-26 23:17:17 | INFO     | 
🔍 [正在处理] ANS_CO_1168 | 启动 3WD 流水线...
2026-07-26 23:17:17 | INFO     | 📢 [总进度] 75/103 份试卷已归档。
2026-07-26 23:17:33 | INFO     | ✅ [批改完成] ANS_CO_1165 | 路由: BND | 最终分: 8.2 | 风险: P0.00/U0.07/F0.00/H0/L1 | 提取质量: 🟢high | 留白率: 0% | 低质量率: 0%
2026-07-26 23:17:33 | INFO     | 
🔍 [正在处理] ANS_CO_1169 | 启动 3WD 流水线...
2026-07-26 23:17:33 | INFO     | 📢 [总进度] 76/103 份试卷已归档。
2026-07-26 23:18:18 | INFO     | ✅ [批改完成] ANS_CO_1168 | 路由: BND | 最终分: 0 | 风险: P0.30/U0.09/F0.47/H0/L0 | 提取质量: 🟢high | 留白率: 38% | 低质量率: 0%
2026-07-26 23:18:18 | INFO     | 
🔍 [正在处理] ANS_CO_1170 | 启动 3WD 流水线...
2026-07-26 23:18:18 | INFO     | 📢 [总进度] 77/103 份试卷已归档。
2026-07-26 23:18:56 | INFO     | ✅ [批改完成] ANS_CO_1170 | 路由: BND | 最终分: 0 | 风险: P0.60/U0.00/F0.13/H0/L0 | 提取质量: 🟡low | 留白率: 75% | 低质量率: 0%
2026-07-26 23:18:56 | INFO     | 
🔍 [正在处理] ANS_CO_1171 | 启动 3WD 流水线...
2026-07-26 23:18:56 | INFO     | 📢 [总进度] 78/103 份试卷已归档。
2026-07-26 23:19:01 | INFO     | ✅ [批改完成] ANS_CO_1169 | 路由: BND | 最终分: 3.7 | 风险: P0.24/U0.08/F0.00/H0/L1 | 提取质量: 🟢high | 留白率: 25% | 低质量率: 0%
2026-07-26 23:19:01 | INFO     | 
🔍 [正在处理] ANS_CO_1172 | 启动 3WD 流水线...
2026-07-26 23:19:01 | INFO     | 📢 [总进度] 79/103 份试卷已归档。
2026-07-26 23:19:51 | INFO     | ✅ [批改完成] ANS_CO_1171 | 路由: BND | 最终分: 5.7 | 风险: P0.20/U0.06/F0.27/H0/L1 | 提取质量: 🟢high | 留白率: 25% | 低质量率: 0%
2026-07-26 23:19:51 | INFO     | 
🔍 [正在处理] ANS_CO_1174 | 启动 3WD 流水线...
2026-07-26 23:19:51 | INFO     | 📢 [总进度] 80/103 份试卷已归档。
2026-07-26 23:19:59 | INFO     | ✅ [批改完成] ANS_CO_1172 | 路由: BND | 最终分: 1.3 | 风险: P0.30/U0.14/F0.27/H0/L0 | 提取质量: 🟢high | 留白率: 38% | 低质量率: 0%
2026-07-26 23:19:59 | INFO     | 
🔍 [正在处理] ANS_CO_1175 | 启动 3WD 流水线...
2026-07-26 23:19:59 | INFO     | 📢 [总进度] 81/103 份试卷已归档。
2026-07-26 23:20:42 | INFO     | ✅ [批改完成] ANS_CO_1174 | 路由: BND | 最终分: 0.3 | 风险: P0.40/U0.06/F0.27/H0/L0 | 提取质量: 🟡low | 留白率: 50% | 低质量率: 0%
2026-07-26 23:20:42 | INFO     | 
🔍 [正在处理] ANS_CO_1176 | 启动 3WD 流水线...
2026-07-26 23:20:42 | INFO     | 📢 [总进度] 82/103 份试卷已归档。
2026-07-26 23:21:50 | INFO     | ✅ [批改完成] ANS_CO_1176 | 路由: BND | 最终分: 1.5 | 风险: P0.20/U0.00/F0.47/H0/L1 | 提取质量: 🟢high | 留白率: 25% | 低质量率: 0%
2026-07-26 23:21:50 | INFO     | 
🔍 [正在处理] ANS_CO_1177 | 启动 3WD 流水线...
2026-07-26 23:21:50 | INFO     | 📢 [总进度] 83/103 份试卷已归档。
2026-07-26 23:21:58 | INFO     | ✅ [批改完成] ANS_CO_1175 | 路由: BND | 最终分: 6.75 | 风险: P0.00/U0.05/F0.20/H0/L1 | 提取质量: 🟢high | 留白率: 0% | 低质量率: 0%
2026-07-26 23:21:58 | INFO     | 
🔍 [正在处理] ANS_CO_1178 | 启动 3WD 流水线...
2026-07-26 23:21:58 | INFO     | 📢 [总进度] 84/103 份试卷已归档。
2026-07-26 23:22:37 | INFO     | ✅ [批改完成] ANS_CO_1177 | 路由: BND | 最终分: 0.7 | 风险: P0.70/U0.03/F0.00/H0/L0 | 提取质量: 🟡low | 留白率: 88% | 低质量率: 0%
2026-07-26 23:22:37 | INFO     | 
🔍 [正在处理] ANS_CO_1179 | 启动 3WD 流水线...
2026-07-26 23:22:37 | INFO     | 📢 [总进度] 85/103 份试卷已归档。
2026-07-26 23:22:48 | INFO     | ✅ [批改完成] ANS_CO_1178 | 路由: POS | 最终分: 9.5 | 风险: P0.00/U0.03/F0.00/H0/L0 | 提取质量: 🟢high | 留白率: 0% | 低质量率: 0%
2026-07-26 23:22:48 | INFO     | 
🔍 [正在处理] ANS_CO_1181 | 启动 3WD 流水线...
2026-07-26 23:22:48 | INFO     | 📢 [总进度] 86/103 份试卷已归档。
2026-07-26 23:23:30 | INFO     | ✅ [批改完成] ANS_CO_1179 | 路由: BND | 最终分: 8.5 | 风险: P0.10/U0.05/F0.00/H0/L1 | 提取质量: 🟢high | 留白率: 12% | 低质量率: 0%
2026-07-26 23:23:30 | INFO     | 
🔍 [正在处理] ANS_CO_1182 | 启动 3WD 流水线...
2026-07-26 23:23:30 | INFO     | 📢 [总进度] 87/103 份试卷已归档。
2026-07-26 23:23:36 | INFO     | ✅ [批改完成] ANS_CO_1181 | 路由: BND | 最终分: 2.0 | 风险: P0.64/U0.00/F0.00/H0/L0 | 提取质量: 🟡low | 留白率: 75% | 低质量率: 0%
2026-07-26 23:23:36 | INFO     | 
🔍 [正在处理] ANS_CO_1183 | 启动 3WD 流水线...
2026-07-26 23:23:36 | INFO     | 📢 [总进度] 88/103 份试卷已归档。
2026-07-26 23:24:37 | INFO     | ✅ [批改完成] ANS_CO_1182 | 路由: BND | 最终分: 3.8 | 风险: P0.10/U0.17/F0.00/H0/L1 | 提取质量: 🟢high | 留白率: 12% | 低质量率: 0%
2026-07-26 23:24:37 | INFO     | 
🔍 [正在处理] ANS_CO_1184 | 启动 3WD 流水线...
2026-07-26 23:24:37 | INFO     | 📢 [总进度] 89/103 份试卷已归档。
2026-07-26 23:25:16 | INFO     | ✅ [批改完成] ANS_CO_1183 | 路由: BND | 最终分: 2.75 | 风险: P0.00/U0.10/F0.53/H0/L1 | 提取质量: 🟢high | 留白率: 0% | 低质量率: 0%
2026-07-26 23:25:16 | INFO     | 
🔍 [正在处理] ANS_CO_1188 | 启动 3WD 流水线...
2026-07-26 23:25:16 | INFO     | 📢 [总进度] 90/103 份试卷已归档。
2026-07-26 23:25:43 | INFO     | ✅ [批改完成] ANS_CO_1184 | 路由: BND | 最终分: 1.7 | 风险: P0.10/U0.04/F0.33/H0/L1 | 提取质量: 🟢high | 留白率: 12% | 低质量率: 0%
2026-07-26 23:25:43 | INFO     | 
🔍 [正在处理] ANS_CO_1189 | 启动 3WD 流水线...
2026-07-26 23:25:43 | INFO     | 📢 [总进度] 91/103 份试卷已归档。
2026-07-26 23:26:16 | INFO     | ✅ [批改完成] ANS_CO_1188 | 路由: BND | 最终分: 4.2 | 风险: P0.20/U0.16/F0.33/H0/L1 | 提取质量: 🟢high | 留白率: 25% | 低质量率: 0%
2026-07-26 23:26:16 | INFO     | 
🔍 [正在处理] ANS_CO_1190 | 启动 3WD 流水线...
2026-07-26 23:26:16 | INFO     | 📢 [总进度] 92/103 份试卷已归档。
2026-07-26 23:26:56 | INFO     | ✅ [批改完成] ANS_CO_1189 | 路由: BND | 最终分: 8.7 | 风险: P0.00/U0.11/F0.00/H0/L1 | 提取质量: 🟢high | 留白率: 0% | 低质量率: 0%
2026-07-26 23:26:56 | INFO     | 
🔍 [正在处理] ANS_CO_1191 | 启动 3WD 流水线...
2026-07-26 23:26:56 | INFO     | 📢 [总进度] 93/103 份试卷已归档。
2026-07-26 23:27:33 | INFO     | ✅ [批改完成] ANS_CO_1190 | 路由: BND | 最终分: 5.0 | 风险: P0.00/U0.17/F0.27/H0/L1 | 提取质量: 🟢high | 留白率: 0% | 低质量率: 0%
2026-07-26 23:27:33 | INFO     | 
🔍 [正在处理] ANS_CO_1192 | 启动 3WD 流水线...
2026-07-26 23:27:33 | INFO     | 📢 [总进度] 94/103 份试卷已归档。
2026-07-26 23:27:46 | INFO     | ✅ [批改完成] ANS_CO_1191 | 路由: POS | 最终分: 6.0 | 风险: P0.10/U0.03/F0.00/H0/L1 | 提取质量: 🟢high | 留白率: 12% | 低质量率: 0%
2026-07-26 23:27:46 | INFO     | 
🔍 [正在处理] ANS_CO_1193 | 启动 3WD 流水线...
2026-07-26 23:27:46 | INFO     | 📢 [总进度] 95/103 份试卷已归档。
2026-07-26 23:28:39 | INFO     | ✅ [批改完成] ANS_CO_1192 | 路由: BND | 最终分: 2.7 | 风险: P0.00/U0.06/F0.47/H0/L1 | 提取质量: 🟢high | 留白率: 0% | 低质量率: 0%
2026-07-26 23:28:39 | INFO     | 
🔍 [正在处理] ANS_CO_1195 | 启动 3WD 流水线...
2026-07-26 23:28:39 | INFO     | 📢 [总进度] 96/103 份试卷已归档。
2026-07-26 23:28:39 | INFO     | ✅ [批改完成] ANS_CO_1193 | 路由: BND | 最终分: 0 | 风险: P0.50/U0.00/F0.27/H0/L0 | 提取质量: 🟡low | 留白率: 62% | 低质量率: 0%
2026-07-26 23:28:39 | INFO     | 
🔍 [正在处理] ANS_CO_1196 | 启动 3WD 流水线...
2026-07-26 23:28:39 | INFO     | 📢 [总进度] 97/103 份试卷已归档。
2026-07-26 23:29:31 | INFO     | ✅ [批改完成] ANS_CO_1195 | 路由: BND | 最终分: 0.5 | 风险: P0.20/U0.03/F0.60/H0/L1 | 提取质量: 🟢high | 留白率: 25% | 低质量率: 0%
2026-07-26 23:29:31 | INFO     | 
🔍 [正在处理] ANS_CO_1197 | 启动 3WD 流水线...
2026-07-26 23:29:31 | INFO     | 📢 [总进度] 98/103 份试卷已归档。
2026-07-26 23:29:51 | INFO     | ✅ [批改完成] ANS_CO_1196 | 路由: BND | 最终分: 1.32 | 风险: P0.20/U0.06/F0.47/H0/L1 | 提取质量: 🟢high | 留白率: 25% | 低质量率: 0%
2026-07-26 23:29:51 | INFO     | 
🔍 [正在处理] ANS_CO_1198 | 启动 3WD 流水线...
2026-07-26 23:29:51 | INFO     | 📢 [总进度] 99/103 份试卷已归档。
2026-07-26 23:30:17 | INFO     | ✅ [批改完成] ANS_CO_1197 | 路由: BND | 最终分: 0 | 风险: P0.60/U0.00/F0.20/H0/L0 | 提取质量: 🟡low | 留白率: 75% | 低质量率: 0%
2026-07-26 23:30:17 | INFO     | 
🔍 [正在处理] ANS_CO_1199 | 启动 3WD 流水线...
2026-07-26 23:30:17 | INFO     | 📢 [总进度] 100/103 份试卷已归档。
2026-07-26 23:30:44 | INFO     | ✅ [批改完成] ANS_CO_1198 | 路由: POS | 最终分: 6.2 | 风险: P0.00/U0.02/F0.00/H0/L1 | 提取质量: 🟢high | 留白率: 0% | 低质量率: 0%
2026-07-26 23:30:44 | INFO     | 
🔍 [正在处理] ANS_CO_1200 | 启动 3WD 流水线...
2026-07-26 23:30:44 | INFO     | 📢 [总进度] 101/103 份试卷已归档。
2026-07-26 23:31:19 | INFO     | ✅ [批改完成] ANS_CO_1199 | 路由: BND | 最终分: 2.25 | 风险: P0.20/U0.10/F0.00/H0/L1 | 提取质量: 🟢high | 留白率: 25% | 低质量率: 0%
2026-07-26 23:31:19 | INFO     | 📢 [总进度] 102/103 份试卷已归档。
2026-07-26 23:31:39 | INFO     | ✅ [批改完成] ANS_CO_1200 | 路由: POS | 最终分: 9.2 | 风险: P0.00/U0.02/F0.33/H0/L0 | 提取质量: 🟢high | 留白率: 0% | 低质量率: 0%
2026-07-26 23:31:39 | INFO     | 📢 [总进度] 103/103 份试卷已归档。
2026-07-26 23:31:39 | INFO     | 🗂️ 所有线程交卷完毕，正在整理数据... (共收集 103/103 份结果)
2026-07-26 23:31:39 | INFO     | 💾 正常批改结果已保存: D:\users\王鑫020420\Desktop\refgrader-main\results_runs\csbench_co10_co11_co12_co13_co8_co9_all\runs\teacher_audit_co_8_13_20260725_192008\CO_10_graded_results.json (101 人)
2026-07-26 23:31:39 | INFO     | 🛑 拒绝域结果已单独保存: D:\users\王鑫020420\Desktop\refgrader-main\results_runs\csbench_co10_co11_co12_co13_co8_co9_all\runs\teacher_audit_co_8_13_20260725_192008\CO_10_rejected.json (2 人)
2026-07-26 23:31:39 | INFO     | [result consistency] CO_10: checkpoint=103, graded=101, rejected=2, failed=0, expected=103
2026-07-26 23:31:39 | INFO     | 
🚀 [标准模式] 开始处理: CO_11
2026-07-26 23:31:39 | INFO     | ⚡ 已加载本地标准: D:\users\王鑫020420\Desktop\refgrader-main\data\csbench\rubrics\optimized\CO\CO_11_rubric_standard.json
2026-07-26 23:31:39 | INFO     | [PaddleOCR] preparing 4/98 visual-answer cache entries...
2026-07-26 23:31:52 | INFO     | Initialize PaddleOCR | device=cpu | lang=ch | pending=1/1 | model_cache=D:\paddlex_cache
[1/1] completed: ANS_CO_1204.jpg | tokens=2 | mean_conf=0.999971 | output=D:\users\王鑫020420\Desktop\refgrader-main\ocr_cache\csbench\CO_11\ANS_CO_1204.json
summary: completed=1, skipped=0, failed=0
2026-07-26 23:32:09 | INFO     | Initialize PaddleOCR | device=cpu | lang=ch | pending=1/1 | model_cache=D:\paddlex_cache
[1/1] completed: ANS_CO_1303.jpg | tokens=39 | mean_conf=0.892171 | output=D:\users\王鑫020420\Desktop\refgrader-main\ocr_cache\csbench\CO_11\ANS_CO_1303.json
summary: completed=1, skipped=0, failed=0
2026-07-26 23:32:22 | INFO     | Initialize PaddleOCR | device=cpu | lang=ch | pending=1/1 | model_cache=D:\paddlex_cache
[1/1] completed: ANS_CO_1308.jpg | tokens=15 | mean_conf=0.909082 | output=D:\users\王鑫020420\Desktop\refgrader-main\ocr_cache\csbench\CO_11\ANS_CO_1308.json
summary: completed=1, skipped=0, failed=0
2026-07-26 23:32:31 | INFO     | Initialize PaddleOCR | device=cpu | lang=ch | pending=1/1 | model_cache=D:\paddlex_cache
[1/1] completed: ANS_CO_1317.jpg | tokens=1 | mean_conf=0.999991 | output=D:\users\王鑫020420\Desktop\refgrader-main\ocr_cache\csbench\CO_11\ANS_CO_1317.json
summary: completed=1, skipped=0, failed=0
2026-07-26 23:32:41 | INFO     | ⚡ 脱敏清单已预生成，98 名学生共享复用。
2026-07-26 23:32:41 | INFO     | 🏃 开始批改 98 张试卷 (⚡ 开启多线程模式)...
2026-07-26 23:32:41 | INFO     | 
🔍 [正在处理] ANS_CO_1201 | 启动 3WD 流水线...
2026-07-26 23:32:41 | INFO     | 
🔍 [正在处理] ANS_CO_1202 | 启动 3WD 流水线...
2026-07-26 23:32:41 | INFO     | ⏳ [主线程] 已提交 98 个任务，等待结果回收...
2026-07-26 23:33:41 | INFO     | ✅ [批改完成] ANS_CO_1201 | 路由: BND | 最终分: 11.22 | 风险: P0.09/U0.25/F0.00/H0/L0 | 提取质量: 🟢high | 留白率: 11% | 低质量率: 0%
2026-07-26 23:33:41 | INFO     | 
🔍 [正在处理] ANS_CO_1203 | 启动 3WD 流水线...
2026-07-26 23:33:41 | INFO     | 📢 [总进度] 1/98 份试卷已归档。
2026-07-26 23:33:46 | INFO     | ✅ [批改完成] ANS_CO_1202 | 路由: BND | 最终分: 0.55 | 风险: P0.27/U0.11/F0.53/H0/L1 | 提取质量: 🟢high | 留白率: 33% | 低质量率: 0%
2026-07-26 23:33:46 | INFO     | 
🔍 [正在处理] ANS_CO_1204 | 启动 3WD 流水线...
2026-07-26 23:33:46 | INFO     | 📢 [总进度] 2/98 份试卷已归档。
2026-07-26 23:34:38 | INFO     | ✅ [批改完成] ANS_CO_1204 | 路由: NEG | 最终分: 0 | 风险: P0.80/U0.00/F0.00/H0/L0 | 提取质量: 🟡low | 留白率: 100% | 低质量率: 0%
2026-07-26 23:34:38 | INFO     | 
🔍 [正在处理] ANS_CO_1205 | 启动 3WD 流水线...
2026-07-26 23:34:38 | INFO     | 📢 [总进度] 3/98 份试卷已归档 [NEG-拒绝]。
2026-07-26 23:34:41 | INFO     | ✅ [批改完成] ANS_CO_1203 | 路由: BND | 最终分: 3.2 | 风险: P0.18/U0.08/F0.37/H0/L1 | 提取质量: 🟢high | 留白率: 22% | 低质量率: 0%
2026-07-26 23:34:41 | INFO     | 
🔍 [正在处理] ANS_CO_1207 | 启动 3WD 流水线...
2026-07-26 23:34:41 | INFO     | 📢 [总进度] 4/98 份试卷已归档。
2026-07-26 23:35:25 | INFO     | ✅ [批改完成] ANS_CO_1205 | 路由: BND | 最终分: 0 | 风险: P0.53/U0.00/F0.20/H0/L0 | 提取质量: 🟡low | 留白率: 67% | 低质量率: 0%
2026-07-26 23:35:25 | INFO     | 
🔍 [正在处理] ANS_CO_1208 | 启动 3WD 流水线...
2026-07-26 23:35:25 | INFO     | 📢 [总进度] 5/98 份试卷已归档。
2026-07-26 23:36:00 | INFO     | ✅ [批改完成] ANS_CO_1207 | 路由: BND | 最终分: 15.0 | 风险: P0.00/U0.55/F0.00/H0/L0 | 提取质量: 🟢high | 留白率: 0% | 低质量率: 0%
2026-07-26 23:36:00 | INFO     | 
🔍 [正在处理] ANS_CO_1209 | 启动 3WD 流水线...
2026-07-26 23:36:00 | INFO     | 📢 [总进度] 6/98 份试卷已归档。
2026-07-26 23:36:29 | INFO     | ✅ [批改完成] ANS_CO_1208 | 路由: BND | 最终分: 0 | 风险: P0.44/U0.00/F0.30/H0/L0 | 提取质量: 🟡low | 留白率: 56% | 低质量率: 0%
2026-07-26 23:36:29 | INFO     | 
🔍 [正在处理] ANS_CO_1210 | 启动 3WD 流水线...
2026-07-26 23:36:29 | INFO     | 📢 [总进度] 7/98 份试卷已归档。
2026-07-26 23:37:16 | INFO     | ✅ [批改完成] ANS_CO_1209 | 路由: BND | 最终分: 9.8 | 风险: P0.00/U0.11/F0.10/H0/L0 | 提取质量: 🟢high | 留白率: 0% | 低质量率: 0%
2026-07-26 23:37:16 | INFO     | 
🔍 [正在处理] ANS_CO_1211 | 启动 3WD 流水线...
2026-07-26 23:37:16 | INFO     | 📢 [总进度] 8/98 份试卷已归档。
2026-07-26 23:37:34 | INFO     | ✅ [批改完成] ANS_CO_1210 | 路由: NEG | 最终分: 0 | 风险: P0.80/U0.00/F0.00/H0/L0 | 提取质量: 🟡low | 留白率: 100% | 低质量率: 0%
2026-07-26 23:37:34 | INFO     | 
🔍 [正在处理] ANS_CO_1212 | 启动 3WD 流水线...
2026-07-26 23:37:34 | INFO     | 📢 [总进度] 9/98 份试卷已归档 [NEG-拒绝]。
2026-07-26 23:38:05 | INFO     | ✅ [批改完成] ANS_CO_1211 | 路由: BND | 最终分: 0 | 风险: P0.44/U0.00/F0.40/H0/L0 | 提取质量: 🟡low | 留白率: 56% | 低质量率: 0%
2026-07-26 23:38:05 | INFO     | 
🔍 [正在处理] ANS_CO_1213 | 启动 3WD 流水线...
2026-07-26 23:38:05 | INFO     | 📢 [总进度] 10/98 份试卷已归档。
2026-07-26 23:38:49 | INFO     | ✅ [批改完成] ANS_CO_1212 | 路由: BND | 最终分: 2.0 | 风险: P0.09/U0.05/F0.80/H0/L1 | 提取质量: 🟢high | 留白率: 11% | 低质量率: 0%
2026-07-26 23:38:49 | INFO     | 
🔍 [正在处理] ANS_CO_1214 | 启动 3WD 流水线...
2026-07-26 23:38:49 | INFO     | 📢 [总进度] 11/98 份试卷已归档。
2026-07-26 23:39:18 | INFO     | ✅ [批改完成] ANS_CO_1213 | 路由: BND | 最终分: 0 | 风险: P0.27/U0.08/F0.63/H0/L1 | 提取质量: 🟢high | 留白率: 33% | 低质量率: 0%
2026-07-26 23:39:18 | INFO     | 
🔍 [正在处理] ANS_CO_1215 | 启动 3WD 流水线...
2026-07-26 23:39:18 | INFO     | 📢 [总进度] 12/98 份试卷已归档。
2026-07-26 23:39:59 | INFO     | ✅ [批改完成] ANS_CO_1214 | 路由: BND | 最终分: 0 | 风险: P0.24/U0.00/F0.73/H0/L1 | 提取质量: 🟢high | 留白率: 22% | 低质量率: 0%
2026-07-26 23:39:59 | INFO     | 
🔍 [正在处理] ANS_CO_1216 | 启动 3WD 流水线...
2026-07-26 23:39:59 | INFO     | 📢 [总进度] 13/98 份试卷已归档。
2026-07-26 23:40:23 | INFO     | ✅ [批改完成] ANS_CO_1215 | 路由: BND | 最终分: 14.25 | 风险: P0.21/U0.36/F0.00/H0/L0 | 提取质量: 🟢high | 留白率: 22% | 低质量率: 0%
2026-07-26 23:40:23 | INFO     | 
🔍 [正在处理] ANS_CO_1217 | 启动 3WD 流水线...
2026-07-26 23:40:23 | INFO     | 📢 [总进度] 14/98 份试卷已归档。
2026-07-26 23:40:50 | INFO     | ✅ [批改完成] ANS_CO_1216 | 路由: BND | 最终分: 1.5 | 风险: P0.44/U0.00/F0.17/H0/L0 | 提取质量: 🟡low | 留白率: 56% | 低质量率: 0%
2026-07-26 23:40:50 | INFO     | 
🔍 [正在处理] ANS_CO_1218 | 启动 3WD 流水线...
2026-07-26 23:40:50 | INFO     | 📢 [总进度] 15/98 份试卷已归档。
2026-07-26 23:41:23 | INFO     | ✅ [批改完成] ANS_CO_1217 | 路由: BND | 最终分: 15.0 | 风险: P0.18/U0.34/F0.00/H0/L0 | 提取质量: 🟢high | 留白率: 22% | 低质量率: 0%
2026-07-26 23:41:23 | INFO     | 
🔍 [正在处理] ANS_CO_1219 | 启动 3WD 流水线...
2026-07-26 23:41:23 | INFO     | 📢 [总进度] 16/98 份试卷已归档。
2026-07-26 23:42:08 | INFO     | ✅ [批改完成] ANS_CO_1218 | 路由: BND | 最终分: 1.3 | 风险: P0.30/U0.08/F0.00/H0/L1 | 提取质量: 🟢high | 留白率: 33% | 低质量率: 0%
2026-07-26 23:42:08 | INFO     | 
🔍 [正在处理] ANS_CO_1221 | 启动 3WD 流水线...
2026-07-26 23:42:08 | INFO     | 📢 [总进度] 17/98 份试卷已归档。
2026-07-26 23:42:12 | INFO     | ✅ [批改完成] ANS_CO_1219 | 路由: BND | 最终分: 0 | 风险: P0.53/U0.00/F0.30/H0/L0 | 提取质量: 🟡low | 留白率: 67% | 低质量率: 0%
2026-07-26 23:42:12 | INFO     | 
🔍 [正在处理] ANS_CO_1222 | 启动 3WD 流水线...
2026-07-26 23:42:12 | INFO     | 📢 [总进度] 18/98 份试卷已归档。
2026-07-26 23:43:01 | INFO     | ✅ [批改完成] ANS_CO_1221 | 路由: NEG | 最终分: 1.7 | 风险: P0.62/U0.04/F0.00/H0/L0 | 提取质量: 🟡low | 留白率: 78% | 低质量率: 0%
2026-07-26 23:43:01 | INFO     | 
🔍 [正在处理] ANS_CO_1223 | 启动 3WD 流水线...
2026-07-26 23:43:01 | INFO     | 📢 [总进度] 19/98 份试卷已归档 [NEG-拒绝]。
2026-07-26 23:43:18 | INFO     | ✅ [批改完成] ANS_CO_1222 | 路由: BND | 最终分: 8.9 | 风险: P0.00/U0.14/F0.00/H0/L0 | 提取质量: 🟢high | 留白率: 0% | 低质量率: 0%
2026-07-26 23:43:18 | INFO     | 
🔍 [正在处理] ANS_CO_1225 | 启动 3WD 流水线...
2026-07-26 23:43:18 | INFO     | 📢 [总进度] 20/98 份试卷已归档。
2026-07-26 23:44:07 | INFO     | ✅ [批改完成] ANS_CO_1223 | 路由: BND | 最终分: 10.5 | 风险: P0.36/U0.14/F0.00/H0/L0 | 提取质量: 🟢high | 留白率: 44% | 低质量率: 0%
2026-07-26 23:44:07 | INFO     | 
🔍 [正在处理] ANS_CO_1226 | 启动 3WD 流水线...
2026-07-26 23:44:07 | INFO     | 📢 [总进度] 21/98 份试卷已归档。
2026-07-26 23:44:32 | INFO     | ✅ [批改完成] ANS_CO_1225 | 路由: BND | 最终分: 13.5 | 风险: P0.18/U0.37/F0.00/H0/L0 | 提取质量: 🟢high | 留白率: 22% | 低质量率: 0%
2026-07-26 23:44:32 | INFO     | 
🔍 [正在处理] ANS_CO_1227 | 启动 3WD 流水线...
2026-07-26 23:44:32 | INFO     | 📢 [总进度] 22/98 份试卷已归档。
2026-07-26 23:45:08 | INFO     | ✅ [批改完成] ANS_CO_1226 | 路由: POS | 最终分: 2.0 | 风险: P0.00/U0.05/F0.90/H0/L1 | 提取质量: 🟢high | 留白率: 0% | 低质量率: 0%
2026-07-26 23:45:08 | INFO     | 
🔍 [正在处理] ANS_CO_1228 | 启动 3WD 流水线...
2026-07-26 23:45:08 | INFO     | 📢 [总进度] 23/98 份试卷已归档。
2026-07-26 23:45:37 | INFO     | ✅ [批改完成] ANS_CO_1227 | 路由: BND | 最终分: 14.0 | 风险: P0.24/U0.00/F0.00/H0/L0 | 提取质量: 🟢high | 留白率: 22% | 低质量率: 0%
2026-07-26 23:45:37 | INFO     | 
🔍 [正在处理] ANS_CO_1229 | 启动 3WD 流水线...
2026-07-26 23:45:37 | INFO     | 📢 [总进度] 24/98 份试卷已归档。
2026-07-26 23:45:43 | INFO     | ✅ [批改完成] ANS_CO_1228 | 路由: NEG | 最终分: 0 | 风险: P0.80/U0.00/F0.00/H0/L0 | 提取质量: 🟡low | 留白率: 100% | 低质量率: 0%
2026-07-26 23:45:43 | INFO     | 
🔍 [正在处理] ANS_CO_1230 | 启动 3WD 流水线...
2026-07-26 23:45:43 | INFO     | 📢 [总进度] 25/98 份试卷已归档 [NEG-拒绝]。
2026-07-26 23:46:26 | INFO     | ✅ [批改完成] ANS_CO_1229 | 路由: BND | 最终分: 5.8 | 风险: P0.33/U0.11/F0.00/H0/L1 | 提取质量: 🟢high | 留白率: 33% | 低质量率: 0%
2026-07-26 23:46:26 | INFO     | 
🔍 [正在处理] ANS_CO_1231 | 启动 3WD 流水线...
2026-07-26 23:46:26 | INFO     | 📢 [总进度] 26/98 份试卷已归档。
2026-07-26 23:46:41 | INFO     | ✅ [批改完成] ANS_CO_1230 | 路由: BND | 最终分: 10.4 | 风险: P0.21/U0.06/F0.00/H0/L0 | 提取质量: 🟢high | 留白率: 22% | 低质量率: 0%
2026-07-26 23:46:41 | INFO     | 
🔍 [正在处理] ANS_CO_1232 | 启动 3WD 流水线...
2026-07-26 23:46:41 | INFO     | 📢 [总进度] 27/98 份试卷已归档。
2026-07-26 23:47:03 | INFO     | ✅ [批改完成] ANS_CO_1231 | 路由: NEG | 最终分: 0 | 风险: P0.80/U0.00/F0.00/H0/L0 | 提取质量: 🟡low | 留白率: 100% | 低质量率: 0%
2026-07-26 23:47:03 | INFO     | 
🔍 [正在处理] ANS_CO_1233 | 启动 3WD 流水线...
2026-07-26 23:47:03 | INFO     | 📢 [总进度] 28/98 份试卷已归档 [NEG-拒绝]。
2026-07-26 23:47:48 | INFO     | ✅ [批改完成] ANS_CO_1232 | 路由: BND | 最终分: 7.5 | 风险: P0.30/U0.24/F0.00/H0/L0 | 提取质量: 🟢high | 留白率: 33% | 低质量率: 0%
2026-07-26 23:47:48 | INFO     | 
🔍 [正在处理] ANS_CO_1234 | 启动 3WD 流水线...
2026-07-26 23:47:48 | INFO     | 📢 [总进度] 29/98 份试卷已归档。
2026-07-26 23:48:01 | INFO     | ✅ [批改完成] ANS_CO_1233 | 路由: BND | 最终分: 15.0 | 风险: P0.03/U0.41/F0.00/H0/L0 | 提取质量: 🟢high | 留白率: 0% | 低质量率: 0%
2026-07-26 23:48:01 | INFO     | 
🔍 [正在处理] ANS_CO_1235 | 启动 3WD 流水线...
2026-07-26 23:48:01 | INFO     | 📢 [总进度] 30/98 份试卷已归档。
2026-07-26 23:48:23 | INFO     | ✅ [批改完成] ANS_CO_1234 | 路由: NEG | 最终分: 3.0 | 风险: P0.62/U0.19/F0.00/H0/L0 | 提取质量: 🟡low | 留白率: 78% | 低质量率: 0%
2026-07-26 23:48:23 | INFO     | 
🔍 [正在处理] ANS_CO_1236 | 启动 3WD 流水线...
2026-07-26 23:48:23 | INFO     | 📢 [总进度] 31/98 份试卷已归档 [NEG-拒绝]。
2026-07-26 23:48:46 | INFO     | ✅ [批改完成] ANS_CO_1235 | 路由: BND | 最终分: 1.5 | 风险: P0.36/U0.00/F0.30/H0/L0 | 提取质量: 🟢high | 留白率: 44% | 低质量率: 0%
2026-07-26 23:48:46 | INFO     | 
🔍 [正在处理] ANS_CO_1238 | 启动 3WD 流水线...
2026-07-26 23:48:46 | INFO     | 📢 [总进度] 32/98 份试卷已归档。
2026-07-26 23:49:24 | INFO     | ✅ [批改完成] ANS_CO_1236 | 路由: BND | 最终分: 15.0 | 风险: P0.00/U0.47/F0.00/H0/L0 | 提取质量: 🟢high | 留白率: 0% | 低质量率: 0%
2026-07-26 23:49:24 | INFO     | 
🔍 [正在处理] ANS_CO_1239 | 启动 3WD 流水线...
2026-07-26 23:49:24 | INFO     | 📢 [总进度] 33/98 份试卷已归档。
2026-07-26 23:49:24 | INFO     | ✅ [批改完成] ANS_CO_1238 | 路由: NEG | 最终分: 0 | 风险: P0.80/U0.00/F0.00/H0/L0 | 提取质量: 🟡low | 留白率: 100% | 低质量率: 0%
2026-07-26 23:49:24 | INFO     | 
🔍 [正在处理] ANS_CO_1240 | 启动 3WD 流水线...
2026-07-26 23:49:24 | INFO     | 📢 [总进度] 34/98 份试卷已归档 [NEG-拒绝]。
2026-07-26 23:49:59 | INFO     | ✅ [批改完成] ANS_CO_1240 | 路由: NEG | 最终分: 6.5 | 风险: P0.44/U0.09/F0.00/H0/L0 | 提取质量: 🟡low | 留白率: 56% | 低质量率: 0%
2026-07-26 23:49:59 | INFO     | 
🔍 [正在处理] ANS_CO_1241 | 启动 3WD 流水线...
2026-07-26 23:49:59 | INFO     | 📢 [总进度] 35/98 份试卷已归档 [NEG-拒绝]。
2026-07-26 23:50:21 | INFO     | ✅ [批改完成] ANS_CO_1239 | 路由: BND | 最终分: 12.2 | 风险: P0.09/U0.28/F0.00/H0/L0 | 提取质量: 🟢high | 留白率: 11% | 低质量率: 0%
2026-07-26 23:50:21 | INFO     | 
🔍 [正在处理] ANS_CO_1242 | 启动 3WD 流水线...
2026-07-26 23:50:21 | INFO     | 📢 [总进度] 36/98 份试卷已归档。
2026-07-26 23:51:04 | INFO     | ✅ [批改完成] ANS_CO_1241 | 路由: BND | 最终分: 6.1 | 风险: P0.09/U0.28/F0.00/H0/L0 | 提取质量: 🟢high | 留白率: 11% | 低质量率: 0%
2026-07-26 23:51:04 | INFO     | 
🔍 [正在处理] ANS_CO_1243 | 启动 3WD 流水线...
2026-07-26 23:51:04 | INFO     | 📢 [总进度] 37/98 份试卷已归档。
2026-07-26 23:51:20 | INFO     | ✅ [批改完成] ANS_CO_1242 | 路由: BND | 最终分: 0.5 | 风险: P0.36/U0.05/F0.47/H0/L0 | 提取质量: 🟢high | 留白率: 44% | 低质量率: 0%
2026-07-26 23:51:20 | INFO     | 
🔍 [正在处理] ANS_CO_1244 | 启动 3WD 流水线...
2026-07-26 23:51:20 | INFO     | 📢 [总进度] 38/98 份试卷已归档。
2026-07-26 23:52:05 | INFO     | ✅ [批改完成] ANS_CO_1243 | 路由: BND | 最终分: 5.2 | 风险: P0.18/U0.08/F0.00/H0/L1 | 提取质量: 🟢high | 留白率: 22% | 低质量率: 0%
2026-07-26 23:52:05 | INFO     | 
🔍 [正在处理] ANS_CO_1245 | 启动 3WD 流水线...
2026-07-26 23:52:05 | INFO     | 📢 [总进度] 39/98 份试卷已归档。
2026-07-26 23:52:29 | INFO     | ✅ [批改完成] ANS_CO_1244 | 路由: BND | 最终分: 4.2 | 风险: P0.18/U0.49/F0.63/H0/L1 | 提取质量: 🟢high | 留白率: 22% | 低质量率: 0%
2026-07-26 23:52:29 | INFO     | 
🔍 [正在处理] ANS_CO_1247 | 启动 3WD 流水线...
2026-07-26 23:52:29 | INFO     | 📢 [总进度] 40/98 份试卷已归档。
2026-07-26 23:52:53 | INFO     | ✅ [批改完成] ANS_CO_1245 | 路由: POS | 最终分: 10.8 | 风险: P0.00/U0.04/F0.10/H0/L0 | 提取质量: 🟢high | 留白率: 0% | 低质量率: 0%
2026-07-26 23:52:53 | INFO     | 
🔍 [正在处理] ANS_CO_1248 | 启动 3WD 流水线...
2026-07-26 23:52:53 | INFO     | 📢 [总进度] 41/98 份试卷已归档。
2026-07-26 23:53:12 | INFO     | ✅ [批改完成] ANS_CO_1247 | 路由: BND | 最终分: 0 | 风险: P0.53/U0.00/F0.20/H0/L0 | 提取质量: 🟡low | 留白率: 67% | 低质量率: 0%
2026-07-26 23:53:12 | INFO     | 
🔍 [正在处理] ANS_CO_1251 | 启动 3WD 流水线...
2026-07-26 23:53:12 | INFO     | 📢 [总进度] 42/98 份试卷已归档。
2026-07-26 23:54:02 | INFO     | ✅ [批改完成] ANS_CO_1248 | 路由: BND | 最终分: 4.95 | 风险: P0.36/U0.19/F0.00/H0/L0 | 提取质量: 🟢high | 留白率: 44% | 低质量率: 0%
2026-07-26 23:54:02 | INFO     | 
🔍 [正在处理] ANS_CO_1252 | 启动 3WD 流水线...
2026-07-26 23:54:02 | INFO     | 📢 [总进度] 43/98 份试卷已归档。
2026-07-26 23:54:06 | INFO     | ✅ [批改完成] ANS_CO_1251 | 路由: BND | 最终分: 11.1 | 风险: P0.27/U0.26/F0.00/H0/L0 | 提取质量: 🟢high | 留白率: 33% | 低质量率: 0%
2026-07-26 23:54:06 | INFO     | 
🔍 [正在处理] ANS_CO_1253 | 启动 3WD 流水线...
2026-07-26 23:54:06 | INFO     | 📢 [总进度] 44/98 份试卷已归档。
2026-07-26 23:54:48 | INFO     | ✅ [批改完成] ANS_CO_1252 | 路由: BND | 最终分: 0 | 风险: P0.44/U0.00/F0.37/H0/L0 | 提取质量: 🟡low | 留白率: 56% | 低质量率: 0%
2026-07-26 23:54:48 | INFO     | 
🔍 [正在处理] ANS_CO_1254 | 启动 3WD 流水线...
2026-07-26 23:54:48 | INFO     | 📢 [总进度] 45/98 份试卷已归档。
2026-07-26 23:54:54 | INFO     | ✅ [批改完成] ANS_CO_1253 | 路由: BND | 最终分: 0 | 风险: P0.36/U0.00/F0.53/H0/L0 | 提取质量: 🟢high | 留白率: 44% | 低质量率: 0%
2026-07-26 23:54:54 | INFO     | 
🔍 [正在处理] ANS_CO_1255 | 启动 3WD 流水线...
2026-07-26 23:54:54 | INFO     | 📢 [总进度] 46/98 份试卷已归档。
2026-07-26 23:55:40 | INFO     | ✅ [批改完成] ANS_CO_1255 | 路由: BND | 最终分: 2.5 | 风险: P0.36/U0.00/F0.37/H0/L0 | 提取质量: 🟢high | 留白率: 44% | 低质量率: 0%
2026-07-26 23:55:40 | INFO     | 
🔍 [正在处理] ANS_CO_1256 | 启动 3WD 流水线...
2026-07-26 23:55:40 | INFO     | 📢 [总进度] 47/98 份试卷已归档。
2026-07-26 23:55:45 | INFO     | ✅ [批改完成] ANS_CO_1254 | 路由: BND | 最终分: 6.2 | 风险: P0.27/U0.04/F0.00/H0/L1 | 提取质量: 🟢high | 留白率: 33% | 低质量率: 0%
2026-07-26 23:55:45 | INFO     | 
🔍 [正在处理] ANS_CO_1257 | 启动 3WD 流水线...
2026-07-26 23:55:45 | INFO     | 📢 [总进度] 48/98 份试卷已归档。
2026-07-26 23:56:34 | INFO     | ✅ [批改完成] ANS_CO_1256 | 路由: BND | 最终分: 1.8 | 风险: P0.27/U0.13/F0.37/H0/L1 | 提取质量: 🟢high | 留白率: 33% | 低质量率: 0%
2026-07-26 23:56:34 | INFO     | 
🔍 [正在处理] ANS_CO_1258 | 启动 3WD 流水线...
2026-07-26 23:56:34 | INFO     | 📢 [总进度] 49/98 份试卷已归档。
2026-07-26 23:56:50 | INFO     | ✅ [批改完成] ANS_CO_1257 | 路由: BND | 最终分: 5.8 | 风险: P0.09/U0.15/F0.10/H0/L1 | 提取质量: 🟢high | 留白率: 11% | 低质量率: 0%
2026-07-26 23:56:50 | INFO     | 
🔍 [正在处理] ANS_CO_1259 | 启动 3WD 流水线...
2026-07-26 23:56:50 | INFO     | 📢 [总进度] 50/98 份试卷已归档。
2026-07-26 23:57:30 | INFO     | ✅ [批改完成] ANS_CO_1258 | 路由: BND | 最终分: 3.9 | 风险: P0.09/U0.16/F0.37/H0/L1 | 提取质量: 🟢high | 留白率: 11% | 低质量率: 0%
2026-07-26 23:57:30 | INFO     | 
🔍 [正在处理] ANS_CO_1260 | 启动 3WD 流水线...
2026-07-26 23:57:30 | INFO     | 📢 [总进度] 51/98 份试卷已归档。
2026-07-26 23:57:40 | INFO     | ✅ [批改完成] ANS_CO_1259 | 路由: BND | 最终分: 3.92 | 风险: P0.09/U0.11/F0.00/H0/L1 | 提取质量: 🟢high | 留白率: 11% | 低质量率: 0%
2026-07-26 23:57:40 | INFO     | 
🔍 [正在处理] ANS_CO_1261 | 启动 3WD 流水线...
2026-07-26 23:57:40 | INFO     | 📢 [总进度] 52/98 份试卷已归档。
2026-07-26 23:58:18 | INFO     | ✅ [批改完成] ANS_CO_1261 | 路由: BND | 最终分: 1.5 | 风险: P0.62/U0.00/F0.10/H0/L0 | 提取质量: 🟡low | 留白率: 78% | 低质量率: 0%
2026-07-26 23:58:18 | INFO     | 
🔍 [正在处理] ANS_CO_1263 | 启动 3WD 流水线...
2026-07-26 23:58:18 | INFO     | 📢 [总进度] 53/98 份试卷已归档。
2026-07-26 23:58:24 | INFO     | ✅ [批改完成] ANS_CO_1260 | 路由: BND | 最终分: 4.0 | 风险: P0.24/U0.17/F0.00/H0/L1 | 提取质量: 🟢high | 留白率: 22% | 低质量率: 0%
2026-07-26 23:58:24 | INFO     | 
🔍 [正在处理] ANS_CO_1264 | 启动 3WD 流水线...
2026-07-26 23:58:24 | INFO     | 📢 [总进度] 54/98 份试卷已归档。
2026-07-26 23:58:54 | INFO     | ✅ [批改完成] ANS_CO_1263 | 路由: NEG | 最终分: 2.7 | 风险: P0.53/U0.06/F0.00/H0/L0 | 提取质量: 🟡low | 留白率: 67% | 低质量率: 0%
2026-07-26 23:58:54 | INFO     | 
🔍 [正在处理] ANS_CO_1265 | 启动 3WD 流水线...
2026-07-26 23:58:54 | INFO     | 📢 [总进度] 55/98 份试卷已归档 [NEG-拒绝]。
2026-07-26 23:59:14 | INFO     | ✅ [批改完成] ANS_CO_1264 | 路由: BND | 最终分: 0 | 风险: P0.27/U0.04/F0.53/H0/L1 | 提取质量: 🟢high | 留白率: 33% | 低质量率: 0%
2026-07-26 23:59:14 | INFO     | 
🔍 [正在处理] ANS_CO_1266 | 启动 3WD 流水线...
2026-07-26 23:59:14 | INFO     | 📢 [总进度] 56/98 份试卷已归档。
2026-07-26 23:59:51 | INFO     | ✅ [批改完成] ANS_CO_1265 | 路由: BND | 最终分: 15.0 | 风险: P0.00/U0.37/F0.00/H0/L0 | 提取质量: 🟢high | 留白率: 0% | 低质量率: 0%
2026-07-26 23:59:51 | INFO     | 
🔍 [正在处理] ANS_CO_1267 | 启动 3WD 流水线...
2026-07-26 23:59:51 | INFO     | 📢 [总进度] 57/98 份试卷已归档。
2026-07-27 00:00:04 | INFO     | ✅ [批改完成] ANS_CO_1266 | 路由: BND | 最终分: 11.32 | 风险: P0.18/U0.33/F0.00/H0/L0 | 提取质量: 🟢high | 留白率: 22% | 低质量率: 0%
2026-07-27 00:00:04 | INFO     | 
🔍 [正在处理] ANS_CO_1268 | 启动 3WD 流水线...
2026-07-27 00:00:04 | INFO     | 📢 [总进度] 58/98 份试卷已归档。
2026-07-27 00:00:49 | INFO     | ✅ [批改完成] ANS_CO_1267 | 路由: BND | 最终分: 12.5 | 风险: P0.27/U0.31/F0.00/H0/L0 | 提取质量: 🟢high | 留白率: 33% | 低质量率: 0%
2026-07-27 00:00:49 | INFO     | 
🔍 [正在处理] ANS_CO_1270 | 启动 3WD 流水线...
2026-07-27 00:00:49 | INFO     | 📢 [总进度] 59/98 份试卷已归档。
2026-07-27 00:01:07 | INFO     | ✅ [批改完成] ANS_CO_1268 | 路由: BND | 最终分: 1.7 | 风险: P0.18/U0.17/F0.00/H0/L1 | 提取质量: 🟢high | 留白率: 22% | 低质量率: 0%
2026-07-27 00:01:07 | INFO     | 
🔍 [正在处理] ANS_CO_1271 | 启动 3WD 流水线...
2026-07-27 00:01:07 | INFO     | 📢 [总进度] 60/98 份试卷已归档。
2026-07-27 00:01:32 | INFO     | ✅ [批改完成] ANS_CO_1270 | 路由: BND | 最终分: 0 | 风险: P0.71/U0.00/F0.17/H0/L0 | 提取质量: 🟡low | 留白率: 89% | 低质量率: 0%
2026-07-27 00:01:32 | INFO     | 
🔍 [正在处理] ANS_CO_1273 | 启动 3WD 流水线...
2026-07-27 00:01:32 | INFO     | 📢 [总进度] 61/98 份试卷已归档。
2026-07-27 00:01:43 | INFO     | ✅ [批改完成] ANS_CO_1271 | 路由: POS | 最终分: 15.0 | 风险: P0.00/U0.00/F0.00/H0/L0 | 提取质量: 🟢high | 留白率: 0% | 低质量率: 0%
2026-07-27 00:01:43 | INFO     | 
🔍 [正在处理] ANS_CO_1274 | 启动 3WD 流水线...
2026-07-27 00:01:43 | INFO     | 📢 [总进度] 62/98 份试卷已归档。
2026-07-27 00:02:19 | INFO     | ✅ [批改完成] ANS_CO_1274 | 路由: NEG | 最终分: 0 | 风险: P0.80/U0.00/F0.00/H0/L0 | 提取质量: 🟡low | 留白率: 100% | 低质量率: 0%
2026-07-27 00:02:19 | INFO     | 
🔍 [正在处理] ANS_CO_1276 | 启动 3WD 流水线...
2026-07-27 00:02:19 | INFO     | 📢 [总进度] 63/98 份试卷已归档 [NEG-拒绝]。
2026-07-27 00:02:26 | INFO     | ✅ [批改完成] ANS_CO_1273 | 路由: BND | 最终分: 0.7 | 风险: P0.36/U0.06/F0.53/H0/L0 | 提取质量: 🟢high | 留白率: 44% | 低质量率: 0%
2026-07-27 00:02:26 | INFO     | 
🔍 [正在处理] ANS_CO_1277 | 启动 3WD 流水线...
2026-07-27 00:02:26 | INFO     | 📢 [总进度] 64/98 份试卷已归档。
2026-07-27 00:02:58 | INFO     | ✅ [批改完成] ANS_CO_1276 | 路由: BND | 最终分: 0 | 风险: P0.36/U0.00/F0.53/H0/L0 | 提取质量: 🟢high | 留白率: 44% | 低质量率: 0%
2026-07-27 00:02:58 | INFO     | 
🔍 [正在处理] ANS_CO_1279 | 启动 3WD 流水线...
2026-07-27 00:02:58 | INFO     | 📢 [总进度] 65/98 份试卷已归档。
2026-07-27 00:03:09 | INFO     | ✅ [批改完成] ANS_CO_1277 | 路由: BND | 最终分: 2.9 | 风险: P0.53/U0.04/F0.33/H0/L0 | 提取质量: 🟡low | 留白率: 67% | 低质量率: 0%
2026-07-27 00:03:09 | INFO     | 
🔍 [正在处理] ANS_CO_1280 | 启动 3WD 流水线...
2026-07-27 00:03:09 | INFO     | 📢 [总进度] 66/98 份试卷已归档。
2026-07-27 00:03:48 | INFO     | ✅ [批改完成] ANS_CO_1279 | 路由: BND | 最终分: 13.7 | 风险: P0.00/U0.06/F0.00/H0/L0 | 提取质量: 🟢high | 留白率: 0% | 低质量率: 0%
2026-07-27 00:03:48 | INFO     | 
🔍 [正在处理] ANS_CO_1281 | 启动 3WD 流水线...
2026-07-27 00:03:48 | INFO     | 📢 [总进度] 67/98 份试卷已归档。
2026-07-27 00:04:10 | INFO     | ✅ [批改完成] ANS_CO_1280 | 路由: BND | 最终分: 5.7 | 风险: P0.21/U0.11/F0.63/H0/L1 | 提取质量: 🟢high | 留白率: 22% | 低质量率: 0%
2026-07-27 00:04:10 | INFO     | 
🔍 [正在处理] ANS_CO_1282 | 启动 3WD 流水线...
2026-07-27 00:04:10 | INFO     | 📢 [总进度] 68/98 份试卷已归档。
2026-07-27 00:04:23 | INFO     | ✅ [批改完成] ANS_CO_1281 | 路由: POS | 最终分: 15.0 | 风险: P0.00/U0.00/F0.00/H0/L0 | 提取质量: 🟢high | 留白率: 0% | 低质量率: 0%
2026-07-27 00:04:23 | INFO     | 
🔍 [正在处理] ANS_CO_1283 | 启动 3WD 流水线...
2026-07-27 00:04:23 | INFO     | 📢 [总进度] 69/98 份试卷已归档。
2026-07-27 00:04:59 | INFO     | ✅ [批改完成] ANS_CO_1282 | 路由: BND | 最终分: 6.2 | 风险: P0.09/U0.07/F0.00/H0/L1 | 提取质量: 🟢high | 留白率: 11% | 低质量率: 0%
2026-07-27 00:04:59 | INFO     | 
🔍 [正在处理] ANS_CO_1284 | 启动 3WD 流水线...
2026-07-27 00:04:59 | INFO     | 📢 [总进度] 70/98 份试卷已归档。
2026-07-27 00:05:16 | INFO     | ✅ [批改完成] ANS_CO_1283 | 路由: BND | 最终分: 15.0 | 风险: P0.00/U0.42/F0.10/H0/L0 | 提取质量: 🟢high | 留白率: 0% | 低质量率: 0%
2026-07-27 00:05:16 | INFO     | 
🔍 [正在处理] ANS_CO_1285 | 启动 3WD 流水线...
2026-07-27 00:05:16 | INFO     | 📢 [总进度] 71/98 份试卷已归档。
2026-07-27 00:05:52 | INFO     | ✅ [批改完成] ANS_CO_1284 | 路由: BND | 最终分: 8.5 | 风险: P0.18/U0.05/F0.10/H0/L1 | 提取质量: 🟢high | 留白率: 22% | 低质量率: 0%
2026-07-27 00:05:52 | INFO     | 
🔍 [正在处理] ANS_CO_1288 | 启动 3WD 流水线...
2026-07-27 00:05:52 | INFO     | 📢 [总进度] 72/98 份试卷已归档。
2026-07-27 00:06:06 | INFO     | ✅ [批改完成] ANS_CO_1285 | 路由: BND | 最终分: 14.7 | 风险: P0.18/U0.15/F0.00/H0/L0 | 提取质量: 🟢high | 留白率: 22% | 低质量率: 0%
2026-07-27 00:06:06 | INFO     | 
🔍 [正在处理] ANS_CO_1289 | 启动 3WD 流水线...
2026-07-27 00:06:06 | INFO     | 📢 [总进度] 73/98 份试卷已归档。
2026-07-27 00:06:36 | INFO     | ✅ [批改完成] ANS_CO_1288 | 路由: NEG | 最终分: 1.3 | 风险: P0.44/U0.13/F0.37/H0/L0 | 提取质量: 🟡low | 留白率: 56% | 低质量率: 0%
2026-07-27 00:06:36 | INFO     | 
🔍 [正在处理] ANS_CO_1290 | 启动 3WD 流水线...
2026-07-27 00:06:36 | INFO     | 📢 [总进度] 74/98 份试卷已归档 [NEG-拒绝]。
2026-07-27 00:06:48 | INFO     | ✅ [批改完成] ANS_CO_1289 | 路由: BND | 最终分: 0 | 风险: P0.53/U0.00/F0.40/H0/L0 | 提取质量: 🟡low | 留白率: 67% | 低质量率: 0%
2026-07-27 00:06:48 | INFO     | 
🔍 [正在处理] ANS_CO_1291 | 启动 3WD 流水线...
2026-07-27 00:06:48 | INFO     | 📢 [总进度] 75/98 份试卷已归档。
2026-07-27 00:07:13 | INFO     | ✅ [批改完成] ANS_CO_1290 | 路由: BND | 最终分: 0 | 风险: P0.53/U0.00/F0.20/H0/L0 | 提取质量: 🟡low | 留白率: 67% | 低质量率: 0%
2026-07-27 00:07:13 | INFO     | 
🔍 [正在处理] ANS_CO_1292 | 启动 3WD 流水线...
2026-07-27 00:07:13 | INFO     | 📢 [总进度] 76/98 份试卷已归档。
2026-07-27 00:07:50 | INFO     | ✅ [批改完成] ANS_CO_1291 | 路由: BND | 最终分: 2.9 | 风险: P0.21/U0.32/F0.07/H0/L1 | 提取质量: 🟢high | 留白率: 22% | 低质量率: 0%
2026-07-27 00:07:50 | INFO     | 
🔍 [正在处理] ANS_CO_1296 | 启动 3WD 流水线...
2026-07-27 00:07:50 | INFO     | 📢 [总进度] 77/98 份试卷已归档。
2026-07-27 00:07:55 | INFO     | ✅ [批改完成] ANS_CO_1292 | 路由: BND | 最终分: 2.2 | 风险: P0.27/U0.03/F0.30/H0/L1 | 提取质量: 🟢high | 留白率: 33% | 低质量率: 0%
2026-07-27 00:07:55 | INFO     | 
🔍 [正在处理] ANS_CO_1297 | 启动 3WD 流水线...
2026-07-27 00:07:55 | INFO     | 📢 [总进度] 78/98 份试卷已归档。
2026-07-27 00:08:33 | INFO     | ✅ [批改完成] ANS_CO_1296 | 路由: BND | 最终分: 0 | 风险: P0.36/U0.00/F0.53/H0/L0 | 提取质量: 🟢high | 留白率: 44% | 低质量率: 0%
2026-07-27 00:08:33 | INFO     | 
🔍 [正在处理] ANS_CO_1299 | 启动 3WD 流水线...
2026-07-27 00:08:33 | INFO     | 📢 [总进度] 79/98 份试卷已归档。
2026-07-27 00:08:53 | INFO     | ✅ [批改完成] ANS_CO_1297 | 路由: BND | 最终分: 15.0 | 风险: P0.18/U0.09/F0.00/H0/L0 | 提取质量: 🟢high | 留白率: 22% | 低质量率: 0%
2026-07-27 00:08:53 | INFO     | 
🔍 [正在处理] ANS_CO_1300 | 启动 3WD 流水线...
2026-07-27 00:08:53 | INFO     | 📢 [总进度] 80/98 份试卷已归档。
2026-07-27 00:09:37 | INFO     | ✅ [批改完成] ANS_CO_1300 | 路由: BND | 最终分: 1.0 | 风险: P0.53/U0.00/F0.00/H0/L0 | 提取质量: 🟡low | 留白率: 67% | 低质量率: 0%
2026-07-27 00:09:37 | INFO     | 
🔍 [正在处理] ANS_CO_1301 | 启动 3WD 流水线...
2026-07-27 00:09:37 | INFO     | 📢 [总进度] 81/98 份试卷已归档。
2026-07-27 00:09:39 | INFO     | ✅ [批改完成] ANS_CO_1299 | 路由: BND | 最终分: 15.0 | 风险: P0.27/U0.33/F0.00/H0/L0 | 提取质量: 🟢high | 留白率: 33% | 低质量率: 0%
2026-07-27 00:09:39 | INFO     | 
🔍 [正在处理] ANS_CO_1302 | 启动 3WD 流水线...
2026-07-27 00:09:39 | INFO     | 📢 [总进度] 82/98 份试卷已归档。
2026-07-27 00:10:14 | INFO     | ✅ [批改完成] ANS_CO_1301 | 路由: BND | 最终分: 1.5 | 风险: P0.62/U0.00/F0.10/H0/L0 | 提取质量: 🟡low | 留白率: 78% | 低质量率: 0%
2026-07-27 00:10:14 | INFO     | 
🔍 [正在处理] ANS_CO_1303 | 启动 3WD 流水线...
2026-07-27 00:10:14 | INFO     | 📢 [总进度] 83/98 份试卷已归档。
2026-07-27 00:10:18 | INFO     | ✅ [批改完成] ANS_CO_1302 | 路由: BND | 最终分: 0 | 风险: P0.48/U0.00/F0.37/H0/L0 | 提取质量: 🟡low | 留白率: 56% | 低质量率: 0%
2026-07-27 00:10:18 | INFO     | 
🔍 [正在处理] ANS_CO_1304 | 启动 3WD 流水线...
2026-07-27 00:10:18 | INFO     | 📢 [总进度] 84/98 份试卷已归档。
2026-07-27 00:11:13 | INFO     | ✅ [批改完成] ANS_CO_1304 | 路由: BND | 最终分: 4.9 | 风险: P0.27/U0.08/F0.00/H0/L1 | 提取质量: 🟢high | 留白率: 33% | 低质量率: 0%
2026-07-27 00:11:13 | INFO     | 
🔍 [正在处理] ANS_CO_1305 | 启动 3WD 流水线...
2026-07-27 00:11:13 | INFO     | 📢 [总进度] 85/98 份试卷已归档。
2026-07-27 00:11:49 | INFO     | ✅ [批改完成] ANS_CO_1303 | 路由: POS | 最终分: 1.5 | 风险: P0.03/U0.00/F0.90/H0/L1 | 提取质量: 🟢high | 留白率: 0% | 低质量率: 0%
2026-07-27 00:11:49 | INFO     | 
🔍 [正在处理] ANS_CO_1307 | 启动 3WD 流水线...
2026-07-27 00:11:49 | INFO     | 📢 [总进度] 86/98 份试卷已归档。
2026-07-27 00:12:09 | INFO     | ✅ [批改完成] ANS_CO_1305 | 路由: BND | 最终分: 15.0 | 风险: P0.27/U0.30/F0.00/H0/L0 | 提取质量: 🟢high | 留白率: 33% | 低质量率: 0%
2026-07-27 00:12:09 | INFO     | 
🔍 [正在处理] ANS_CO_1308 | 启动 3WD 流水线...
2026-07-27 00:12:09 | INFO     | 📢 [总进度] 87/98 份试卷已归档。
2026-07-27 00:12:31 | INFO     | ✅ [批改完成] ANS_CO_1307 | 路由: POS | 最终分: 15.0 | 风险: P0.00/U0.00/F0.00/H0/L0 | 提取质量: 🟢high | 留白率: 0% | 低质量率: 0%
2026-07-27 00:12:31 | INFO     | 
🔍 [正在处理] ANS_CO_1311 | 启动 3WD 流水线...
2026-07-27 00:12:31 | INFO     | 📢 [总进度] 88/98 份试卷已归档。
2026-07-27 00:13:39 | INFO     | ✅ [批改完成] ANS_CO_1311 | 路由: BND | 最终分: 7.5 | 风险: P0.00/U0.23/F0.10/H0/L0 | 提取质量: 🟢high | 留白率: 0% | 低质量率: 0%
2026-07-27 00:13:39 | INFO     | 
🔍 [正在处理] ANS_CO_1312 | 启动 3WD 流水线...
2026-07-27 00:13:39 | INFO     | 📢 [总进度] 89/98 份试卷已归档。
2026-07-27 00:14:15 | INFO     | ✅ [批改完成] ANS_CO_1308 | 路由: BND | 最终分: 2.4 | 风险: P0.09/U0.13/F0.20/H0/L1 | 提取质量: 🟢high | 留白率: 11% | 低质量率: 0%
2026-07-27 00:14:15 | INFO     | 
🔍 [正在处理] ANS_CO_1313 | 启动 3WD 流水线...
2026-07-27 00:14:15 | INFO     | 📢 [总进度] 90/98 份试卷已归档。
2026-07-27 00:14:43 | INFO     | ✅ [批改完成] ANS_CO_1312 | 路由: BND | 最终分: 12.5 | 风险: P0.18/U0.34/F0.00/H0/L0 | 提取质量: 🟢high | 留白率: 22% | 低质量率: 0%
2026-07-27 00:14:43 | INFO     | 
🔍 [正在处理] ANS_CO_1314 | 启动 3WD 流水线...
2026-07-27 00:14:43 | INFO     | 📢 [总进度] 91/98 份试卷已归档。
2026-07-27 00:14:47 | INFO     | ✅ [批改完成] ANS_CO_1313 | 路由: NEG | 最终分: 0 | 风险: P0.80/U0.00/F0.00/H0/L0 | 提取质量: 🟡low | 留白率: 100% | 低质量率: 0%
2026-07-27 00:14:47 | INFO     | 
🔍 [正在处理] ANS_CO_1316 | 启动 3WD 流水线...
2026-07-27 00:14:47 | INFO     | 📢 [总进度] 92/98 份试卷已归档 [NEG-拒绝]。
2026-07-27 00:15:27 | INFO     | ✅ [批改完成] ANS_CO_1314 | 路由: POS | 最终分: 13.5 | 风险: P0.09/U0.00/F0.00/H0/L0 | 提取质量: 🟢high | 留白率: 11% | 低质量率: 0%
2026-07-27 00:15:27 | INFO     | 
🔍 [正在处理] ANS_CO_1317 | 启动 3WD 流水线...
2026-07-27 00:15:27 | INFO     | 📢 [总进度] 93/98 份试卷已归档。
2026-07-27 00:15:47 | INFO     | ✅ [批改完成] ANS_CO_1316 | 路由: BND | 最终分: 0.9 | 风险: P0.18/U0.09/F0.80/H0/L1 | 提取质量: 🟢high | 留白率: 22% | 低质量率: 0%
2026-07-27 00:15:47 | INFO     | 
🔍 [正在处理] ANS_CO_1318 | 启动 3WD 流水线...
2026-07-27 00:15:47 | INFO     | 📢 [总进度] 94/98 份试卷已归档。
2026-07-27 00:16:21 | INFO     | ✅ [批改完成] ANS_CO_1317 | 路由: NEG | 最终分: 0 | 风险: P0.80/U0.00/F0.00/H0/L0 | 提取质量: 🟡low | 留白率: 100% | 低质量率: 0%
2026-07-27 00:16:21 | INFO     | 
🔍 [正在处理] ANS_CO_1319 | 启动 3WD 流水线...
2026-07-27 00:16:21 | INFO     | 📢 [总进度] 95/98 份试卷已归档 [NEG-拒绝]。
2026-07-27 00:16:49 | INFO     | ✅ [批改完成] ANS_CO_1318 | 路由: BND | 最终分: 3.92 | 风险: P0.09/U0.33/F0.00/H0/L1 | 提取质量: 🟢high | 留白率: 11% | 低质量率: 0%
2026-07-27 00:16:49 | INFO     | 
🔍 [正在处理] ANS_CO_1320 | 启动 3WD 流水线...
2026-07-27 00:16:49 | INFO     | 📢 [总进度] 96/98 份试卷已归档。
2026-07-27 00:16:59 | INFO     | ✅ [批改完成] ANS_CO_1319 | 路由: NEG | 最终分: 0 | 风险: P0.80/U0.00/F0.00/H0/L0 | 提取质量: 🟡low | 留白率: 100% | 低质量率: 0%
2026-07-27 00:16:59 | INFO     | 📢 [总进度] 97/98 份试卷已归档 [NEG-拒绝]。
2026-07-27 00:17:38 | INFO     | ✅ [批改完成] ANS_CO_1320 | 路由: BND | 最终分: 15.0 | 风险: P0.18/U0.19/F0.00/H0/L0 | 提取质量: 🟢high | 留白率: 22% | 低质量率: 0%
2026-07-27 00:17:38 | INFO     | 📢 [总进度] 98/98 份试卷已归档。
2026-07-27 00:17:38 | INFO     | 🗂️ 所有线程交卷完毕，正在整理数据... (共收集 98/98 份结果)
2026-07-27 00:17:39 | INFO     | 💾 正常批改结果已保存: D:\users\王鑫020420\Desktop\refgrader-main\results_runs\csbench_co10_co11_co12_co13_co8_co9_all\runs\teacher_audit_co_8_13_20260725_192008\CO_11_graded_results.json (84 人)
2026-07-27 00:17:39 | INFO     | 🛑 拒绝域结果已单独保存: D:\users\王鑫020420\Desktop\refgrader-main\results_runs\csbench_co10_co11_co12_co13_co8_co9_all\runs\teacher_audit_co_8_13_20260725_192008\CO_11_rejected.json (14 人)
2026-07-27 00:17:39 | INFO     | [result consistency] CO_11: checkpoint=98, graded=84, rejected=14, failed=0, expected=98
2026-07-27 00:17:39 | INFO     | 
🚀 [标准模式] 开始处理: CO_12
2026-07-27 00:17:39 | INFO     | ⚡ 已加载本地标准: D:\users\王鑫020420\Desktop\refgrader-main\data\csbench\rubrics\optimized\CO\CO_12_rubric_standard.json
2026-07-27 00:17:39 | INFO     | [PaddleOCR] preparing 52/144 visual-answer cache entries...
2026-07-27 00:17:55 | INFO     | Initialize PaddleOCR | device=cpu | lang=ch | pending=1/1 | model_cache=D:\paddlex_cache
[1/1] completed: ANS_CO_1321.jpg | tokens=27 | mean_conf=0.909279 | output=D:\users\王鑫020420\Desktop\refgrader-main\ocr_cache\csbench\CO_12\ANS_CO_1321.json
summary: completed=1, skipped=0, failed=0
2026-07-27 00:18:11 | INFO     | Initialize PaddleOCR | device=cpu | lang=ch | pending=1/1 | model_cache=D:\paddlex_cache
[1/1] completed: ANS_CO_1326.jpg | tokens=21 | mean_conf=0.950635 | output=D:\users\王鑫020420\Desktop\refgrader-main\ocr_cache\csbench\CO_12\ANS_CO_1326.json
summary: completed=1, skipped=0, failed=0
2026-07-27 00:18:25 | INFO     | Initialize PaddleOCR | device=cpu | lang=ch | pending=1/1 | model_cache=D:\paddlex_cache
[1/1] completed: ANS_CO_1327.jpg | tokens=12 | mean_conf=0.906213 | output=D:\users\王鑫020420\Desktop\refgrader-main\ocr_cache\csbench\CO_12\ANS_CO_1327.json
summary: completed=1, skipped=0, failed=0
2026-07-27 00:18:43 | INFO     | Initialize PaddleOCR | device=cpu | lang=ch | pending=1/1 | model_cache=D:\paddlex_cache
[1/1] completed: ANS_CO_1330.jpg | tokens=24 | mean_conf=0.912564 | output=D:\users\王鑫020420\Desktop\refgrader-main\ocr_cache\csbench\CO_12\ANS_CO_1330.json
summary: completed=1, skipped=0, failed=0
2026-07-27 00:18:59 | INFO     | Initialize PaddleOCR | device=cpu | lang=ch | pending=1/1 | model_cache=D:\paddlex_cache
[1/1] completed: ANS_CO_1331.jpg | tokens=27 | mean_conf=0.922682 | output=D:\users\王鑫020420\Desktop\refgrader-main\ocr_cache\csbench\CO_12\ANS_CO_1331.json
summary: completed=1, skipped=0, failed=0
2026-07-27 00:19:12 | INFO     | Initialize PaddleOCR | device=cpu | lang=ch | pending=1/1 | model_cache=D:\paddlex_cache
[1/1] completed: ANS_CO_1332.jpg | tokens=15 | mean_conf=0.925179 | output=D:\users\王鑫020420\Desktop\refgrader-main\ocr_cache\csbench\CO_12\ANS_CO_1332.json
summary: completed=1, skipped=0, failed=0
2026-07-27 00:19:29 | INFO     | Initialize PaddleOCR | device=cpu | lang=ch | pending=1/1 | model_cache=D:\paddlex_cache
[1/1] completed: ANS_CO_1336.jpg | tokens=23 | mean_conf=0.946539 | output=D:\users\王鑫020420\Desktop\refgrader-main\ocr_cache\csbench\CO_12\ANS_CO_1336.json
summary: completed=1, skipped=0, failed=0
2026-07-27 00:19:53 | INFO     | Initialize PaddleOCR | device=cpu | lang=ch | pending=1/1 | model_cache=D:\paddlex_cache
[1/1] completed: ANS_CO_1340.jpg | tokens=29 | mean_conf=0.934522 | output=D:\users\王鑫020420\Desktop\refgrader-main\ocr_cache\csbench\CO_12\ANS_CO_1340.json
summary: completed=1, skipped=0, failed=0
2026-07-27 00:20:14 | INFO     | Initialize PaddleOCR | device=cpu | lang=ch | pending=1/1 | model_cache=D:\paddlex_cache
[1/1] completed: ANS_CO_1341.jpg | tokens=28 | mean_conf=0.871616 | output=D:\users\王鑫020420\Desktop\refgrader-main\ocr_cache\csbench\CO_12\ANS_CO_1341.json
summary: completed=1, skipped=0, failed=0
2026-07-27 00:20:33 | INFO     | Initialize PaddleOCR | device=cpu | lang=ch | pending=1/1 | model_cache=D:\paddlex_cache
[1/1] completed: ANS_CO_1344.jpg | tokens=20 | mean_conf=0.941876 | output=D:\users\王鑫020420\Desktop\refgrader-main\ocr_cache\csbench\CO_12\ANS_CO_1344.json
summary: completed=1, skipped=0, failed=0
2026-07-27 00:20:49 | INFO     | Initialize PaddleOCR | device=cpu | lang=ch | pending=1/1 | model_cache=D:\paddlex_cache
[1/1] completed: ANS_CO_1345.jpg | tokens=17 | mean_conf=0.955166 | output=D:\users\王鑫020420\Desktop\refgrader-main\ocr_cache\csbench\CO_12\ANS_CO_1345.json
summary: completed=1, skipped=0, failed=0
2026-07-27 00:21:04 | INFO     | Initialize PaddleOCR | device=cpu | lang=ch | pending=1/1 | model_cache=D:\paddlex_cache
[1/1] completed: ANS_CO_1346.jpg | tokens=30 | mean_conf=0.934367 | output=D:\users\王鑫020420\Desktop\refgrader-main\ocr_cache\csbench\CO_12\ANS_CO_1346.json
summary: completed=1, skipped=0, failed=0
2026-07-27 00:21:21 | INFO     | Initialize PaddleOCR | device=cpu | lang=ch | pending=1/1 | model_cache=D:\paddlex_cache
[1/1] completed: ANS_CO_1347.jpg | tokens=19 | mean_conf=0.925041 | output=D:\users\王鑫020420\Desktop\refgrader-main\ocr_cache\csbench\CO_12\ANS_CO_1347.json
summary: completed=1, skipped=0, failed=0
2026-07-27 00:21:37 | INFO     | Initialize PaddleOCR | device=cpu | lang=ch | pending=1/1 | model_cache=D:\paddlex_cache
[1/1] completed: ANS_CO_1348.jpg | tokens=18 | mean_conf=0.851438 | output=D:\users\王鑫020420\Desktop\refgrader-main\ocr_cache\csbench\CO_12\ANS_CO_1348.json
summary: completed=1, skipped=0, failed=0
2026-07-27 00:21:55 | INFO     | Initialize PaddleOCR | device=cpu | lang=ch | pending=1/1 | model_cache=D:\paddlex_cache
[1/1] completed: ANS_CO_1352.jpg | tokens=20 | mean_conf=0.939946 | output=D:\users\王鑫020420\Desktop\refgrader-main\ocr_cache\csbench\CO_12\ANS_CO_1352.json
summary: completed=1, skipped=0, failed=0
2026-07-27 00:22:12 | INFO     | Initialize PaddleOCR | device=cpu | lang=ch | pending=1/1 | model_cache=D:\paddlex_cache
[1/1] completed: ANS_CO_1354.jpg | tokens=31 | mean_conf=0.915293 | output=D:\users\王鑫020420\Desktop\refgrader-main\ocr_cache\csbench\CO_12\ANS_CO_1354.json
summary: completed=1, skipped=0, failed=0
2026-07-27 00:22:28 | INFO     | Initialize PaddleOCR | device=cpu | lang=ch | pending=1/1 | model_cache=D:\paddlex_cache
[1/1] completed: ANS_CO_1359.jpg | tokens=17 | mean_conf=0.897203 | output=D:\users\王鑫020420\Desktop\refgrader-main\ocr_cache\csbench\CO_12\ANS_CO_1359.json
summary: completed=1, skipped=0, failed=0
2026-07-27 00:22:50 | INFO     | Initialize PaddleOCR | device=cpu | lang=ch | pending=1/1 | model_cache=D:\paddlex_cache
[1/1] completed: ANS_CO_1362.jpg | tokens=40 | mean_conf=0.950162 | output=D:\users\王鑫020420\Desktop\refgrader-main\ocr_cache\csbench\CO_12\ANS_CO_1362.json
summary: completed=1, skipped=0, failed=0
2026-07-27 00:23:07 | INFO     | Initialize PaddleOCR | device=cpu | lang=ch | pending=1/1 | model_cache=D:\paddlex_cache
[1/1] completed: ANS_CO_1365.jpg | tokens=25 | mean_conf=0.871049 | output=D:\users\王鑫020420\Desktop\refgrader-main\ocr_cache\csbench\CO_12\ANS_CO_1365.json
summary: completed=1, skipped=0, failed=0
2026-07-27 00:23:24 | INFO     | Initialize PaddleOCR | device=cpu | lang=ch | pending=1/1 | model_cache=D:\paddlex_cache
[1/1] completed: ANS_CO_1366.jpg | tokens=27 | mean_conf=0.876494 | output=D:\users\王鑫020420\Desktop\refgrader-main\ocr_cache\csbench\CO_12\ANS_CO_1366.json
summary: completed=1, skipped=0, failed=0
2026-07-27 00:23:41 | INFO     | Initialize PaddleOCR | device=cpu | lang=ch | pending=1/1 | model_cache=D:\paddlex_cache
[1/1] completed: ANS_CO_1368.jpg | tokens=33 | mean_conf=0.945603 | output=D:\users\王鑫020420\Desktop\refgrader-main\ocr_cache\csbench\CO_12\ANS_CO_1368.json
summary: completed=1, skipped=0, failed=0
2026-07-27 00:24:00 | INFO     | Initialize PaddleOCR | device=cpu | lang=ch | pending=1/1 | model_cache=D:\paddlex_cache
[1/1] completed: ANS_CO_1372.jpg | tokens=48 | mean_conf=0.957302 | output=D:\users\王鑫020420\Desktop\refgrader-main\ocr_cache\csbench\CO_12\ANS_CO_1372.json
summary: completed=1, skipped=0, failed=0
2026-07-27 00:24:15 | INFO     | Initialize PaddleOCR | device=cpu | lang=ch | pending=1/1 | model_cache=D:\paddlex_cache
[1/1] completed: ANS_CO_1374.jpg | tokens=15 | mean_conf=0.822985 | output=D:\users\王鑫020420\Desktop\refgrader-main\ocr_cache\csbench\CO_12\ANS_CO_1374.json
summary: completed=1, skipped=0, failed=0
2026-07-27 00:24:28 | INFO     | Initialize PaddleOCR | device=cpu | lang=ch | pending=1/1 | model_cache=D:\paddlex_cache
[1/1] completed: ANS_CO_1379.jpg | tokens=17 | mean_conf=0.910023 | output=D:\users\王鑫020420\Desktop\refgrader-main\ocr_cache\csbench\CO_12\ANS_CO_1379.json
summary: completed=1, skipped=0, failed=0
2026-07-27 00:24:48 | INFO     | Initialize PaddleOCR | device=cpu | lang=ch | pending=1/1 | model_cache=D:\paddlex_cache
[1/1] completed: ANS_CO_1383.jpg | tokens=32 | mean_conf=0.912858 | output=D:\users\王鑫020420\Desktop\refgrader-main\ocr_cache\csbench\CO_12\ANS_CO_1383.json
summary: completed=1, skipped=0, failed=0
2026-07-27 00:25:05 | INFO     | Initialize PaddleOCR | device=cpu | lang=ch | pending=1/1 | model_cache=D:\paddlex_cache
[1/1] completed: ANS_CO_1384.jpg | tokens=26 | mean_conf=0.932129 | output=D:\users\王鑫020420\Desktop\refgrader-main\ocr_cache\csbench\CO_12\ANS_CO_1384.json
summary: completed=1, skipped=0, failed=0
2026-07-27 00:25:24 | INFO     | Initialize PaddleOCR | device=cpu | lang=ch | pending=1/1 | model_cache=D:\paddlex_cache
[1/1] completed: ANS_CO_1386.jpg | tokens=29 | mean_conf=0.943887 | output=D:\users\王鑫020420\Desktop\refgrader-main\ocr_cache\csbench\CO_12\ANS_CO_1386.json
summary: completed=1, skipped=0, failed=0
2026-07-27 00:25:41 | INFO     | Initialize PaddleOCR | device=cpu | lang=ch | pending=1/1 | model_cache=D:\paddlex_cache
[1/1] completed: ANS_CO_1387.jpg | tokens=20 | mean_conf=0.893037 | output=D:\users\王鑫020420\Desktop\refgrader-main\ocr_cache\csbench\CO_12\ANS_CO_1387.json
summary: completed=1, skipped=0, failed=0
2026-07-27 00:25:59 | INFO     | Initialize PaddleOCR | device=cpu | lang=ch | pending=1/1 | model_cache=D:\paddlex_cache
[1/1] completed: ANS_CO_1391.jpg | tokens=28 | mean_conf=0.883229 | output=D:\users\王鑫020420\Desktop\refgrader-main\ocr_cache\csbench\CO_12\ANS_CO_1391.json
summary: completed=1, skipped=0, failed=0
2026-07-27 00:26:20 | INFO     | Initialize PaddleOCR | device=cpu | lang=ch | pending=1/1 | model_cache=D:\paddlex_cache
[1/1] completed: ANS_CO_1394.jpg | tokens=35 | mean_conf=0.876249 | output=D:\users\王鑫020420\Desktop\refgrader-main\ocr_cache\csbench\CO_12\ANS_CO_1394.json
summary: completed=1, skipped=0, failed=0
2026-07-27 00:26:38 | INFO     | Initialize PaddleOCR | device=cpu | lang=ch | pending=1/1 | model_cache=D:\paddlex_cache
[1/1] completed: ANS_CO_1398.jpg | tokens=24 | mean_conf=0.899396 | output=D:\users\王鑫020420\Desktop\refgrader-main\ocr_cache\csbench\CO_12\ANS_CO_1398.json
summary: completed=1, skipped=0, failed=0
2026-07-27 00:26:55 | INFO     | Initialize PaddleOCR | device=cpu | lang=ch | pending=1/1 | model_cache=D:\paddlex_cache
[1/1] completed: ANS_CO_1400.jpg | tokens=31 | mean_conf=0.950037 | output=D:\users\王鑫020420\Desktop\refgrader-main\ocr_cache\csbench\CO_12\ANS_CO_1400.json
summary: completed=1, skipped=0, failed=0
2026-07-27 00:27:13 | INFO     | Initialize PaddleOCR | device=cpu | lang=ch | pending=1/1 | model_cache=D:\paddlex_cache
[1/1] completed: ANS_CO_1401.jpg | tokens=24 | mean_conf=0.954059 | output=D:\users\王鑫020420\Desktop\refgrader-main\ocr_cache\csbench\CO_12\ANS_CO_1401.json
summary: completed=1, skipped=0, failed=0
2026-07-27 00:27:32 | INFO     | Initialize PaddleOCR | device=cpu | lang=ch | pending=1/1 | model_cache=D:\paddlex_cache
[1/1] completed: ANS_CO_1406.jpg | tokens=31 | mean_conf=0.945031 | output=D:\users\王鑫020420\Desktop\refgrader-main\ocr_cache\csbench\CO_12\ANS_CO_1406.json
summary: completed=1, skipped=0, failed=0
2026-07-27 00:27:49 | INFO     | Initialize PaddleOCR | device=cpu | lang=ch | pending=1/1 | model_cache=D:\paddlex_cache
[1/1] completed: ANS_CO_1414.jpg | tokens=19 | mean_conf=0.894724 | output=D:\users\王鑫020420\Desktop\refgrader-main\ocr_cache\csbench\CO_12\ANS_CO_1414.json
summary: completed=1, skipped=0, failed=0
2026-07-27 00:28:08 | INFO     | Initialize PaddleOCR | device=cpu | lang=ch | pending=1/1 | model_cache=D:\paddlex_cache
[1/1] completed: ANS_CO_1419.jpg | tokens=33 | mean_conf=0.910872 | output=D:\users\王鑫020420\Desktop\refgrader-main\ocr_cache\csbench\CO_12\ANS_CO_1419.json
summary: completed=1, skipped=0, failed=0
2026-07-27 00:28:24 | INFO     | Initialize PaddleOCR | device=cpu | lang=ch | pending=1/1 | model_cache=D:\paddlex_cache
[1/1] completed: ANS_CO_1421.jpg | tokens=20 | mean_conf=0.889053 | output=D:\users\王鑫020420\Desktop\refgrader-main\ocr_cache\csbench\CO_12\ANS_CO_1421.json
summary: completed=1, skipped=0, failed=0
2026-07-27 00:28:41 | INFO     | Initialize PaddleOCR | device=cpu | lang=ch | pending=1/1 | model_cache=D:\paddlex_cache
[1/1] completed: ANS_CO_1436.jpg | tokens=21 | mean_conf=0.951062 | output=D:\users\王鑫020420\Desktop\refgrader-main\ocr_cache\csbench\CO_12\ANS_CO_1436.json
summary: completed=1, skipped=0, failed=0
2026-07-27 00:28:57 | INFO     | Initialize PaddleOCR | device=cpu | lang=ch | pending=1/1 | model_cache=D:\paddlex_cache
[1/1] completed: ANS_CO_1438.jpg | tokens=19 | mean_conf=0.905764 | output=D:\users\王鑫020420\Desktop\refgrader-main\ocr_cache\csbench\CO_12\ANS_CO_1438.json
summary: completed=1, skipped=0, failed=0
2026-07-27 00:29:15 | INFO     | Initialize PaddleOCR | device=cpu | lang=ch | pending=1/1 | model_cache=D:\paddlex_cache
[1/1] completed: ANS_CO_1454.jpg | tokens=17 | mean_conf=0.897071 | output=D:\users\王鑫020420\Desktop\refgrader-main\ocr_cache\csbench\CO_12\ANS_CO_1454.json
summary: completed=1, skipped=0, failed=0
2026-07-27 00:29:36 | INFO     | Initialize PaddleOCR | device=cpu | lang=ch | pending=1/1 | model_cache=D:\paddlex_cache
[1/1] completed: ANS_CO_1456.jpg | tokens=48 | mean_conf=0.925635 | output=D:\users\王鑫020420\Desktop\refgrader-main\ocr_cache\csbench\CO_12\ANS_CO_1456.json
summary: completed=1, skipped=0, failed=0
2026-07-27 00:29:54 | INFO     | Initialize PaddleOCR | device=cpu | lang=ch | pending=1/1 | model_cache=D:\paddlex_cache
[1/1] completed: ANS_CO_1460.jpg | tokens=33 | mean_conf=0.9513 | output=D:\users\王鑫020420\Desktop\refgrader-main\ocr_cache\csbench\CO_12\ANS_CO_1460.json
summary: completed=1, skipped=0, failed=0
2026-07-27 00:30:11 | INFO     | Initialize PaddleOCR | device=cpu | lang=ch | pending=1/1 | model_cache=D:\paddlex_cache
[1/1] completed: ANS_CO_1467.jpg | tokens=26 | mean_conf=0.913046 | output=D:\users\王鑫020420\Desktop\refgrader-main\ocr_cache\csbench\CO_12\ANS_CO_1467.json
summary: completed=1, skipped=0, failed=0
2026-07-27 00:30:28 | INFO     | Initialize PaddleOCR | device=cpu | lang=ch | pending=1/1 | model_cache=D:\paddlex_cache
[1/1] completed: ANS_CO_1470.jpg | tokens=34 | mean_conf=0.955877 | output=D:\users\王鑫020420\Desktop\refgrader-main\ocr_cache\csbench\CO_12\ANS_CO_1470.json
summary: completed=1, skipped=0, failed=0
2026-07-27 00:30:46 | INFO     | Initialize PaddleOCR | device=cpu | lang=ch | pending=1/1 | model_cache=D:\paddlex_cache
[1/1] completed: ANS_CO_1471.jpg | tokens=25 | mean_conf=0.904434 | output=D:\users\王鑫020420\Desktop\refgrader-main\ocr_cache\csbench\CO_12\ANS_CO_1471.json
summary: completed=1, skipped=0, failed=0
2026-07-27 00:31:03 | INFO     | Initialize PaddleOCR | device=cpu | lang=ch | pending=1/1 | model_cache=D:\paddlex_cache
[1/1] completed: ANS_CO_1474.jpg | tokens=26 | mean_conf=0.93297 | output=D:\users\王鑫020420\Desktop\refgrader-main\ocr_cache\csbench\CO_12\ANS_CO_1474.json
summary: completed=1, skipped=0, failed=0
2026-07-27 00:31:23 | INFO     | Initialize PaddleOCR | device=cpu | lang=ch | pending=1/1 | model_cache=D:\paddlex_cache
[1/1] completed: ANS_CO_1475.jpg | tokens=30 | mean_conf=0.920233 | output=D:\users\王鑫020420\Desktop\refgrader-main\ocr_cache\csbench\CO_12\ANS_CO_1475.json
summary: completed=1, skipped=0, failed=0
2026-07-27 00:31:37 | INFO     | Initialize PaddleOCR | device=cpu | lang=ch | pending=1/1 | model_cache=D:\paddlex_cache
[1/1] completed: ANS_CO_1476.jpg | tokens=17 | mean_conf=0.953872 | output=D:\users\王鑫020420\Desktop\refgrader-main\ocr_cache\csbench\CO_12\ANS_CO_1476.json
summary: completed=1, skipped=0, failed=0
2026-07-27 00:31:55 | INFO     | Initialize PaddleOCR | device=cpu | lang=ch | pending=1/1 | model_cache=D:\paddlex_cache
[1/1] completed: ANS_CO_1478.jpg | tokens=23 | mean_conf=0.935662 | output=D:\users\王鑫020420\Desktop\refgrader-main\ocr_cache\csbench\CO_12\ANS_CO_1478.json
summary: completed=1, skipped=0, failed=0
2026-07-27 00:32:14 | INFO     | Initialize PaddleOCR | device=cpu | lang=ch | pending=1/1 | model_cache=D:\paddlex_cache
[1/1] completed: ANS_CO_1480.jpg | tokens=30 | mean_conf=0.91439 | output=D:\users\王鑫020420\Desktop\refgrader-main\ocr_cache\csbench\CO_12\ANS_CO_1480.json
summary: completed=1, skipped=0, failed=0
2026-07-27 00:32:31 | INFO     | Initialize PaddleOCR | device=cpu | lang=ch | pending=1/1 | model_cache=D:\paddlex_cache
[1/1] completed: ANS_CO_1485.jpg | tokens=34 | mean_conf=0.951557 | output=D:\users\王鑫020420\Desktop\refgrader-main\ocr_cache\csbench\CO_12\ANS_CO_1485.json
summary: completed=1, skipped=0, failed=0
2026-07-27 00:32:46 | INFO     | Initialize PaddleOCR | device=cpu | lang=ch | pending=1/1 | model_cache=D:\paddlex_cache
[1/1] completed: ANS_CO_1487.jpg | tokens=17 | mean_conf=0.913877 | output=D:\users\王鑫020420\Desktop\refgrader-main\ocr_cache\csbench\CO_12\ANS_CO_1487.json
summary: completed=1, skipped=0, failed=0
2026-07-27 00:32:55 | INFO     | ⚡ 脱敏清单已预生成，144 名学生共享复用。
2026-07-27 00:32:55 | INFO     | 🏃 开始批改 144 张试卷 (⚡ 开启多线程模式)...
2026-07-27 00:32:55 | INFO     | 
🔍 [正在处理] ANS_CO_1321 | 启动 3WD 流水线...
2026-07-27 00:32:55 | INFO     | 
🔍 [正在处理] ANS_CO_1322 | 启动 3WD 流水线...
2026-07-27 00:32:55 | INFO     | ⏳ [主线程] 已提交 144 个任务，等待结果回收...
2026-07-27 00:33:46 | INFO     | ✅ [批改完成] ANS_CO_1322 | 路由: BND | 最终分: 18.45 | 风险: P0.00/U0.06/F0.00/H0/L0 | 提取质量: 🟢high | 留白率: 0% | 低质量率: 0%
2026-07-27 00:33:46 | INFO     | 
🔍 [正在处理] ANS_CO_1324 | 启动 3WD 流水线...
2026-07-27 00:33:46 | INFO     | 📢 [总进度] 1/144 份试卷已归档。
2026-07-27 00:34:27 | INFO     | ✅ [批改完成] ANS_CO_1321 | 路由: BND | 最终分: 18.0 | 风险: P0.10/U0.06/F0.00/H0/L0 | 提取质量: 🟢high | 留白率: 0% | 低质量率: 0%
2026-07-27 00:34:27 | INFO     | 
🔍 [正在处理] ANS_CO_1325 | 启动 3WD 流水线...
2026-07-27 00:34:27 | INFO     | 📢 [总进度] 2/144 份试卷已归档。
2026-07-27 00:34:36 | INFO     | ✅ [批改完成] ANS_CO_1324 | 路由: NEG | 最终分: 0 | 风险: P0.80/U0.00/F0.00/H0/L0 | 提取质量: 🟡low | 留白率: 100% | 低质量率: 0%
2026-07-27 00:34:36 | INFO     | 
🔍 [正在处理] ANS_CO_1326 | 启动 3WD 流水线...
2026-07-27 00:34:36 | INFO     | 📢 [总进度] 3/144 份试卷已归档 [NEG-拒绝]。
2026-07-27 00:35:15 | INFO     | ✅ [批改完成] ANS_CO_1325 | 路由: BND | 最终分: 9.0 | 风险: P0.23/U0.06/F0.16/H0/L1 | 提取质量: 🟢high | 留白率: 17% | 低质量率: 0%
2026-07-27 00:35:15 | INFO     | 
🔍 [正在处理] ANS_CO_1327 | 启动 3WD 流水线...
2026-07-27 00:35:15 | INFO     | 📢 [总进度] 4/144 份试卷已归档。
2026-07-27 00:36:05 | INFO     | ✅ [批改完成] ANS_CO_1326 | 路由: POS | 最终分: 12.3 | 风险: P0.00/U0.02/F0.32/H0/L1 | 提取质量: 🟢high | 留白率: 0% | 低质量率: 0%
2026-07-27 00:36:05 | INFO     | 
🔍 [正在处理] ANS_CO_1328 | 启动 3WD 流水线...
2026-07-27 00:36:05 | INFO     | 📢 [总进度] 5/144 份试卷已归档。
2026-07-27 00:36:28 | INFO     | ✅ [批改完成] ANS_CO_1327 | 路由: POS | 最终分: 8.7 | 风险: P0.05/U0.02/F0.36/H0/L1 | 提取质量: 🟢high | 留白率: 0% | 低质量率: 0%
2026-07-27 00:36:28 | INFO     | 
🔍 [正在处理] ANS_CO_1330 | 启动 3WD 流水线...
2026-07-27 00:36:28 | INFO     | 📢 [总进度] 6/144 份试卷已归档。
2026-07-27 00:37:06 | INFO     | ✅ [批改完成] ANS_CO_1328 | 路由: BND | 最终分: 19.7 | 风险: P0.00/U0.08/F0.00/H0/L0 | 提取质量: 🟢high | 留白率: 0% | 低质量率: 0%
2026-07-27 00:37:06 | INFO     | 
🔍 [正在处理] ANS_CO_1331 | 启动 3WD 流水线...
2026-07-27 00:37:06 | INFO     | 📢 [总进度] 7/144 份试卷已归档。
2026-07-27 00:37:53 | INFO     | ✅ [批改完成] ANS_CO_1330 | 路由: BND | 最终分: 18.7 | 风险: P0.00/U0.08/F0.16/H0/L0 | 提取质量: 🟢high | 留白率: 0% | 低质量率: 0%
2026-07-27 00:37:53 | INFO     | 
🔍 [正在处理] ANS_CO_1332 | 启动 3WD 流水线...
2026-07-27 00:37:53 | INFO     | 📢 [总进度] 8/144 份试卷已归档。
2026-07-27 00:38:26 | INFO     | ✅ [批改完成] ANS_CO_1331 | 路由: BND | 最终分: 17.5 | 风险: P0.10/U0.07/F0.00/H0/L1 | 提取质量: 🟢high | 留白率: 0% | 低质量率: 0%
2026-07-27 00:38:26 | INFO     | 
🔍 [正在处理] ANS_CO_1333 | 启动 3WD 流水线...
2026-07-27 00:38:26 | INFO     | 📢 [总进度] 9/144 份试卷已归档。
2026-07-27 00:39:18 | INFO     | ✅ [批改完成] ANS_CO_1332 | 路由: BND | 最终分: 4.0 | 风险: P0.32/U0.00/F0.16/H0/L1 | 提取质量: 🟢high | 留白率: 33% | 低质量率: 0%
2026-07-27 00:39:18 | INFO     | 
🔍 [正在处理] ANS_CO_1334 | 启动 3WD 流水线...
2026-07-27 00:39:18 | INFO     | 📢 [总进度] 10/144 份试卷已归档。
2026-07-27 00:39:25 | INFO     | ✅ [批改完成] ANS_CO_1333 | 路由: BND | 最终分: 4.0 | 风险: P0.13/U0.09/F0.32/H0/L1 | 提取质量: 🟢high | 留白率: 17% | 低质量率: 0%
2026-07-27 00:39:25 | INFO     | 
🔍 [正在处理] ANS_CO_1336 | 启动 3WD 流水线...
2026-07-27 00:39:25 | INFO     | 📢 [总进度] 11/144 份试卷已归档。
2026-07-27 00:40:14 | INFO     | ✅ [批改完成] ANS_CO_1334 | 路由: BND | 最终分: 9.7 | 风险: P0.13/U0.06/F0.00/H0/L1 | 提取质量: 🟢high | 留白率: 17% | 低质量率: 0%
2026-07-27 00:40:14 | INFO     | 
🔍 [正在处理] ANS_CO_1338 | 启动 3WD 流水线...
2026-07-27 00:40:14 | INFO     | 📢 [总进度] 12/144 份试卷已归档。
2026-07-27 00:40:56 | INFO     | ✅ [批改完成] ANS_CO_1336 | 路由: BND | 最终分: 16.75 | 风险: P0.00/U0.17/F0.00/H0/L0 | 提取质量: 🟢high | 留白率: 0% | 低质量率: 0%
2026-07-27 00:40:56 | INFO     | 
🔍 [正在处理] ANS_CO_1339 | 启动 3WD 流水线...
2026-07-27 00:40:56 | INFO     | 📢 [总进度] 13/144 份试卷已归档。
2026-07-27 00:41:00 | INFO     | ✅ [批改完成] ANS_CO_1338 | 路由: BND | 最终分: 14.7 | 风险: P0.10/U0.02/F0.16/H0/L1 | 提取质量: 🟢high | 留白率: 0% | 低质量率: 0%
2026-07-27 00:41:00 | INFO     | 
🔍 [正在处理] ANS_CO_1340 | 启动 3WD 流水线...
2026-07-27 00:41:00 | INFO     | 📢 [总进度] 14/144 份试卷已归档。
2026-07-27 00:41:46 | INFO     | ✅ [批改完成] ANS_CO_1339 | 路由: BND | 最终分: 21.0 | 风险: P0.05/U0.07/F0.00/H0/L0 | 提取质量: 🟢high | 留白率: 0% | 低质量率: 0%
2026-07-27 00:41:46 | INFO     | 
🔍 [正在处理] ANS_CO_1341 | 启动 3WD 流水线...
2026-07-27 00:41:46 | INFO     | 📢 [总进度] 15/144 份试卷已归档。
2026-07-27 00:42:44 | INFO     | ✅ [批改完成] ANS_CO_1340 | 路由: BND | 最终分: 25.0 | 风险: P0.00/U0.06/F0.00/H0/L0 | 提取质量: 🟢high | 留白率: 0% | 低质量率: 0%
2026-07-27 00:42:44 | INFO     | 
🔍 [正在处理] ANS_CO_1342 | 启动 3WD 流水线...
2026-07-27 00:42:44 | INFO     | 📢 [总进度] 16/144 份试卷已归档。
2026-07-27 00:43:23 | INFO     | ✅ [批改完成] ANS_CO_1342 | 路由: BND | 最终分: 3.7 | 风险: P0.40/U0.04/F0.16/H0/L0 | 提取质量: 🟡low | 留白率: 50% | 低质量率: 0%
2026-07-27 00:43:23 | INFO     | 
🔍 [正在处理] ANS_CO_1344 | 启动 3WD 流水线...
2026-07-27 00:43:23 | INFO     | 📢 [总进度] 17/144 份试卷已归档。
2026-07-27 00:43:37 | INFO     | ✅ [批改完成] ANS_CO_1341 | 路由: BND | 最终分: 15.3 | 风险: P0.05/U0.05/F0.16/H0/L0 | 提取质量: 🟢high | 留白率: 0% | 低质量率: 0%
2026-07-27 00:43:37 | INFO     | 
🔍 [正在处理] ANS_CO_1345 | 启动 3WD 流水线...
2026-07-27 00:43:37 | INFO     | 📢 [总进度] 18/144 份试卷已归档。
2026-07-27 00:44:44 | INFO     | ✅ [批改完成] ANS_CO_1344 | 路由: BND | 最终分: 11.0 | 风险: P0.00/U0.07/F0.16/H0/L1 | 提取质量: 🟢high | 留白率: 0% | 低质量率: 0%
2026-07-27 00:44:44 | INFO     | 
🔍 [正在处理] ANS_CO_1346 | 启动 3WD 流水线...
2026-07-27 00:44:44 | INFO     | 📢 [总进度] 19/144 份试卷已归档。
2026-07-27 00:44:50 | INFO     | ✅ [批改完成] ANS_CO_1345 | 路由: POS | 最终分: 9.7 | 风险: P0.05/U0.02/F0.16/H0/L1 | 提取质量: 🟢high | 留白率: 0% | 低质量率: 0%
2026-07-27 00:44:50 | INFO     | 
🔍 [正在处理] ANS_CO_1347 | 启动 3WD 流水线...
2026-07-27 00:44:50 | INFO     | 📢 [总进度] 20/144 份试卷已归档。
2026-07-27 00:46:02 | INFO     | ✅ [批改完成] ANS_CO_1346 | 路由: BND | 最终分: 1.75 | 风险: P0.45/U0.07/F0.00/H0/L0 | 提取质量: 🟡low | 留白率: 50% | 低质量率: 0%
2026-07-27 00:46:02 | INFO     | 
🔍 [正在处理] ANS_CO_1348 | 启动 3WD 流水线...
2026-07-27 00:46:02 | INFO     | 📢 [总进度] 21/144 份试卷已归档。
2026-07-27 00:46:44 | INFO     | ✅ [批改完成] ANS_CO_1347 | 路由: POS | 最终分: 4.3 | 风险: P0.00/U0.02/F0.32/H0/L1 | 提取质量: 🟢high | 留白率: 0% | 低质量率: 0%
2026-07-27 00:46:44 | INFO     | 
🔍 [正在处理] ANS_CO_1349 | 启动 3WD 流水线...
2026-07-27 00:46:44 | INFO     | 📢 [总进度] 22/144 份试卷已归档。
2026-07-27 00:47:35 | INFO     | ✅ [批改完成] ANS_CO_1349 | 路由: BND | 最终分: 24.3 | 风险: P0.05/U0.04/F0.00/H0/L0 | 提取质量: 🟢high | 留白率: 0% | 低质量率: 0%
2026-07-27 00:47:35 | INFO     | 
🔍 [正在处理] ANS_CO_1350 | 启动 3WD 流水线...
2026-07-27 00:47:35 | INFO     | 📢 [总进度] 23/144 份试卷已归档。
2026-07-27 00:47:53 | INFO     | ✅ [批改完成] ANS_CO_1348 | 路由: POS | 最终分: 16.5 | 风险: P0.00/U0.03/F0.00/H0/L0 | 提取质量: 🟢high | 留白率: 0% | 低质量率: 0%
2026-07-27 00:47:53 | INFO     | 
🔍 [正在处理] ANS_CO_1351 | 启动 3WD 流水线...
2026-07-27 00:47:53 | INFO     | 📢 [总进度] 24/144 份试卷已归档。
2026-07-27 00:48:19 | INFO     | ✅ [批改完成] ANS_CO_1350 | 路由: POS | 最终分: 18.5 | 风险: P0.00/U0.02/F0.00/H0/L0 | 提取质量: 🟢high | 留白率: 0% | 低质量率: 0%
2026-07-27 00:48:19 | INFO     | 
🔍 [正在处理] ANS_CO_1352 | 启动 3WD 流水线...
2026-07-27 00:48:19 | INFO     | 📢 [总进度] 25/144 份试卷已归档。
2026-07-27 00:48:37 | INFO     | ✅ [批改完成] ANS_CO_1351 | 路由: BND | 最终分: 14.8 | 风险: P0.10/U0.02/F0.16/H0/L1 | 提取质量: 🟢high | 留白率: 0% | 低质量率: 0%
2026-07-27 00:48:37 | INFO     | 
🔍 [正在处理] ANS_CO_1353 | 启动 3WD 流水线...
2026-07-27 00:48:37 | INFO     | 📢 [总进度] 26/144 份试卷已归档。
2026-07-27 00:49:28 | INFO     | ✅ [批改完成] ANS_CO_1353 | 路由: BND | 最终分: 22.7 | 风险: P0.10/U0.05/F0.00/H0/L0 | 提取质量: 🟢high | 留白率: 0% | 低质量率: 0%
2026-07-27 00:49:28 | INFO     | 
🔍 [正在处理] ANS_CO_1354 | 启动 3WD 流水线...
2026-07-27 00:49:28 | INFO     | 📢 [总进度] 27/144 份试卷已归档。
2026-07-27 00:50:37 | INFO     | ✅ [批改完成] ANS_CO_1352 | 路由: BND | 最终分: 12.3 | 风险: P0.05/U0.10/F0.00/H0/L1 | 提取质量: 🟢high | 留白率: 0% | 低质量率: 0%
2026-07-27 00:50:37 | INFO     | 
🔍 [正在处理] ANS_CO_1355 | 启动 3WD 流水线...
2026-07-27 00:50:37 | INFO     | 📢 [总进度] 28/144 份试卷已归档。
2026-07-27 00:51:30 | INFO     | ✅ [批改完成] ANS_CO_1355 | 路由: BND | 最终分: 13.7 | 风险: P0.05/U0.08/F0.00/H0/L0 | 提取质量: 🟢high | 留白率: 0% | 低质量率: 0%
2026-07-27 00:51:30 | INFO     | 
🔍 [正在处理] ANS_CO_1356 | 启动 3WD 流水线...
2026-07-27 00:51:30 | INFO     | 📢 [总进度] 29/144 份试卷已归档。
2026-07-27 00:52:31 | INFO     | ✅ [批改完成] ANS_CO_1356 | 路由: BND | 最终分: 11.2 | 风险: P0.00/U0.08/F0.00/H0/L1 | 提取质量: 🟢high | 留白率: 0% | 低质量率: 0%
2026-07-27 00:52:31 | INFO     | 
🔍 [正在处理] ANS_CO_1357 | 启动 3WD 流水线...
2026-07-27 00:52:31 | INFO     | 📢 [总进度] 30/144 份试卷已归档。
2026-07-27 00:53:14 | INFO     | ✅ [批改完成] ANS_CO_1357 | 路由: POS | 最终分: 12.7 | 风险: P0.00/U0.05/F0.00/H0/L1 | 提取质量: 🟢high | 留白率: 0% | 低质量率: 0%
2026-07-27 00:53:14 | INFO     | 
🔍 [正在处理] ANS_CO_1358 | 启动 3WD 流水线...
2026-07-27 00:53:14 | INFO     | 📢 [总进度] 31/144 份试卷已归档。
2026-07-27 00:53:53 | INFO     | ✅ [批改完成] ANS_CO_1358 | 路由: POS | 最终分: 2.8 | 风险: P0.00/U0.03/F0.48/H0/L1 | 提取质量: 🟢high | 留白率: 0% | 低质量率: 0%
2026-07-27 00:53:53 | INFO     | 
🔍 [正在处理] ANS_CO_1359 | 启动 3WD 流水线...
2026-07-27 00:53:53 | INFO     | 📢 [总进度] 32/144 份试卷已归档。
2026-07-27 00:54:04 | INFO     | ✅ [批改完成] ANS_CO_1354 | 路由: POS | 最终分: 9.3 | 风险: P0.00/U0.02/F0.00/H0/L1 | 提取质量: 🟢high | 留白率: 0% | 低质量率: 0%
2026-07-27 00:54:04 | INFO     | 
🔍 [正在处理] ANS_CO_1360 | 启动 3WD 流水线...
2026-07-27 00:54:04 | INFO     | 📢 [总进度] 33/144 份试卷已归档。
2026-07-27 00:54:53 | INFO     | ✅ [批改完成] ANS_CO_1360 | 路由: BND | 最终分: 4.3 | 风险: P0.00/U0.07/F0.48/H0/L1 | 提取质量: 🟢high | 留白率: 0% | 低质量率: 0%
2026-07-27 00:54:53 | INFO     | 
🔍 [正在处理] ANS_CO_1361 | 启动 3WD 流水线...
2026-07-27 00:54:53 | INFO     | 📢 [总进度] 34/144 份试卷已归档。
2026-07-27 00:55:16 | INFO     | ✅ [批改完成] ANS_CO_1359 | 路由: BND | 最终分: 16.5 | 风险: P0.05/U0.06/F0.16/H0/L0 | 提取质量: 🟢high | 留白率: 0% | 低质量率: 0%
2026-07-27 00:55:16 | INFO     | 
🔍 [正在处理] ANS_CO_1362 | 启动 3WD 流水线...
2026-07-27 00:55:16 | INFO     | 📢 [总进度] 35/144 份试卷已归档。
2026-07-27 00:55:36 | INFO     | ✅ [批改完成] ANS_CO_1361 | 路由: POS | 最终分: 12.5 | 风险: P0.00/U0.02/F0.16/H0/L1 | 提取质量: 🟢high | 留白率: 0% | 低质量率: 0%
2026-07-27 00:55:36 | INFO     | 
🔍 [正在处理] ANS_CO_1363 | 启动 3WD 流水线...
2026-07-27 00:55:36 | INFO     | 📢 [总进度] 36/144 份试卷已归档。
2026-07-27 00:56:25 | INFO     | ✅ [批改完成] ANS_CO_1363 | 路由: BND | 最终分: 5.2 | 风险: P0.32/U0.13/F0.00/H0/L1 | 提取质量: 🟢high | 留白率: 33% | 低质量率: 0%
2026-07-27 00:56:25 | INFO     | 
🔍 [正在处理] ANS_CO_1364 | 启动 3WD 流水线...
2026-07-27 00:56:25 | INFO     | 📢 [总进度] 37/144 份试卷已归档。
2026-07-27 00:56:52 | INFO     | ✅ [批改完成] ANS_CO_1362 | 路由: BND | 最终分: 16.8 | 风险: P0.00/U0.13/F0.16/H0/L1 | 提取质量: 🟢high | 留白率: 0% | 低质量率: 0%
2026-07-27 00:56:52 | INFO     | 
🔍 [正在处理] ANS_CO_1365 | 启动 3WD 流水线...
2026-07-27 00:56:52 | INFO     | 📢 [总进度] 38/144 份试卷已归档。
2026-07-27 00:57:09 | INFO     | ✅ [批改完成] ANS_CO_1364 | 路由: BND | 最终分: 23.0 | 风险: P0.00/U0.07/F0.00/H0/L0 | 提取质量: 🟢high | 留白率: 0% | 低质量率: 0%
2026-07-27 00:57:09 | INFO     | 
🔍 [正在处理] ANS_CO_1366 | 启动 3WD 流水线...
2026-07-27 00:57:09 | INFO     | 📢 [总进度] 39/144 份试卷已归档。
2026-07-27 00:58:18 | INFO     | ✅ [批改完成] ANS_CO_1365 | 路由: BND | 最终分: 16.8 | 风险: P0.05/U0.04/F0.16/H0/L0 | 提取质量: 🟢high | 留白率: 0% | 低质量率: 0%
2026-07-27 00:58:18 | INFO     | 
🔍 [正在处理] ANS_CO_1367 | 启动 3WD 流水线...
2026-07-27 00:58:18 | INFO     | 📢 [总进度] 40/144 份试卷已归档。
2026-07-27 00:58:40 | INFO     | ✅ [批改完成] ANS_CO_1366 | 路由: BND | 最终分: 16.0 | 风险: P0.00/U0.09/F0.00/H0/L1 | 提取质量: 🟢high | 留白率: 0% | 低质量率: 0%
2026-07-27 00:58:40 | INFO     | 
🔍 [正在处理] ANS_CO_1368 | 启动 3WD 流水线...
2026-07-27 00:58:40 | INFO     | 📢 [总进度] 41/144 份试卷已归档。
2026-07-27 00:59:03 | INFO     | ✅ [批改完成] ANS_CO_1367 | 路由: BND | 最终分: 13.5 | 风险: P0.10/U0.11/F0.36/H0/L1 | 提取质量: 🟢high | 留白率: 0% | 低质量率: 0%
2026-07-27 00:59:03 | INFO     | 
🔍 [正在处理] ANS_CO_1369 | 启动 3WD 流水线...
2026-07-27 00:59:03 | INFO     | 📢 [总进度] 42/144 份试卷已归档。
2026-07-27 00:59:50 | INFO     | ✅ [批改完成] ANS_CO_1369 | 路由: BND | 最终分: 16.3 | 风险: P0.10/U0.07/F0.16/H0/L0 | 提取质量: 🟢high | 留白率: 0% | 低质量率: 0%
2026-07-27 00:59:50 | INFO     | 
🔍 [正在处理] ANS_CO_1370 | 启动 3WD 流水线...
2026-07-27 00:59:50 | INFO     | 📢 [总进度] 43/144 份试卷已归档。
2026-07-27 01:00:02 | INFO     | ✅ [批改完成] ANS_CO_1368 | 路由: BND | 最终分: 12.0 | 风险: P0.00/U0.06/F0.16/H0/L1 | 提取质量: 🟢high | 留白率: 0% | 低质量率: 0%
2026-07-27 01:00:02 | INFO     | 
🔍 [正在处理] ANS_CO_1372 | 启动 3WD 流水线...
2026-07-27 01:00:02 | INFO     | 📢 [总进度] 44/144 份试卷已归档。
2026-07-27 01:00:43 | INFO     | ✅ [批改完成] ANS_CO_1370 | 路由: BND | 最终分: 6.7 | 风险: P0.32/U0.16/F0.00/H0/L1 | 提取质量: 🟢high | 留白率: 33% | 低质量率: 0%
2026-07-27 01:00:43 | INFO     | 
🔍 [正在处理] ANS_CO_1373 | 启动 3WD 流水线...
2026-07-27 01:00:43 | INFO     | 📢 [总进度] 45/144 份试卷已归档。
2026-07-27 01:01:28 | INFO     | ✅ [批改完成] ANS_CO_1372 | 路由: BND | 最终分: 15.62 | 风险: P0.10/U0.14/F0.00/H0/L0 | 提取质量: 🟢high | 留白率: 0% | 低质量率: 0%
2026-07-27 01:01:28 | INFO     | 
🔍 [正在处理] ANS_CO_1374 | 启动 3WD 流水线...
2026-07-27 01:01:28 | INFO     | 📢 [总进度] 46/144 份试卷已归档。
2026-07-27 01:01:35 | INFO     | ✅ [批改完成] ANS_CO_1373 | 路由: BND | 最终分: 22.0 | 风险: P0.00/U0.06/F0.00/H0/L0 | 提取质量: 🟢high | 留白率: 0% | 低质量率: 0%
2026-07-27 01:01:35 | INFO     | 
🔍 [正在处理] ANS_CO_1375 | 启动 3WD 流水线...
2026-07-27 01:01:35 | INFO     | 📢 [总进度] 47/144 份试卷已归档。
2026-07-27 01:02:22 | INFO     | ✅ [批改完成] ANS_CO_1375 | 路由: BND | 最终分: 22.0 | 风险: P0.00/U0.10/F0.00/H0/L0 | 提取质量: 🟢high | 留白率: 0% | 低质量率: 0%
2026-07-27 01:02:22 | INFO     | 
🔍 [正在处理] ANS_CO_1377 | 启动 3WD 流水线...
2026-07-27 01:02:22 | INFO     | 📢 [总进度] 48/144 份试卷已归档。
2026-07-27 01:02:50 | INFO     | ✅ [批改完成] ANS_CO_1374 | 路由: BND | 最终分: 5.3 | 风险: P0.00/U0.05/F0.48/H0/L1 | 提取质量: 🟢high | 留白率: 0% | 低质量率: 0%
2026-07-27 01:02:50 | INFO     | 
🔍 [正在处理] ANS_CO_1379 | 启动 3WD 流水线...
2026-07-27 01:02:50 | INFO     | 📢 [总进度] 49/144 份试卷已归档。
2026-07-27 01:03:08 | INFO     | ✅ [批改完成] ANS_CO_1377 | 路由: BND | 最终分: 9.7 | 风险: P0.10/U0.09/F0.16/H0/L1 | 提取质量: 🟢high | 留白率: 0% | 低质量率: 0%
2026-07-27 01:03:08 | INFO     | 
🔍 [正在处理] ANS_CO_1380 | 启动 3WD 流水线...
2026-07-27 01:03:08 | INFO     | 📢 [总进度] 50/144 份试卷已归档。
2026-07-27 01:03:56 | INFO     | ✅ [批改完成] ANS_CO_1379 | 路由: BND | 最终分: 13.2 | 风险: P0.05/U0.04/F0.36/H0/L1 | 提取质量: 🟢high | 留白率: 0% | 低质量率: 0%
2026-07-27 01:03:56 | INFO     | 
🔍 [正在处理] ANS_CO_1381 | 启动 3WD 流水线...
2026-07-27 01:03:56 | INFO     | 📢 [总进度] 51/144 份试卷已归档。
2026-07-27 01:04:06 | INFO     | ✅ [批改完成] ANS_CO_1380 | 路由: BND | 最终分: 13.3 | 风险: P0.00/U0.12/F0.16/H0/L1 | 提取质量: 🟢high | 留白率: 0% | 低质量率: 0%
2026-07-27 01:04:06 | INFO     | 
🔍 [正在处理] ANS_CO_1382 | 启动 3WD 流水线...
2026-07-27 01:04:06 | INFO     | 📢 [总进度] 52/144 份试卷已归档。
2026-07-27 01:04:43 | INFO     | ✅ [批改完成] ANS_CO_1381 | 路由: BND | 最终分: 5.3 | 风险: P0.00/U0.05/F0.16/H0/L1 | 提取质量: 🟢high | 留白率: 0% | 低质量率: 0%
2026-07-27 01:04:43 | INFO     | 
🔍 [正在处理] ANS_CO_1383 | 启动 3WD 流水线...
2026-07-27 01:04:43 | INFO     | 📢 [总进度] 53/144 份试卷已归档。
2026-07-27 01:04:55 | INFO     | ✅ [批改完成] ANS_CO_1382 | 路由: BND | 最终分: 3.17 | 风险: P0.32/U0.08/F0.16/H0/L1 | 提取质量: 🟢high | 留白率: 33% | 低质量率: 0%
2026-07-27 01:04:55 | INFO     | 
🔍 [正在处理] ANS_CO_1384 | 启动 3WD 流水线...
2026-07-27 01:04:55 | INFO     | 📢 [总进度] 54/144 份试卷已归档。
2026-07-27 01:06:22 | INFO     | ✅ [批改完成] ANS_CO_1383 | 路由: BND | 最终分: 16.3 | 风险: P0.10/U0.07/F0.16/H0/L0 | 提取质量: 🟢high | 留白率: 0% | 低质量率: 0%
2026-07-27 01:06:22 | INFO     | 
🔍 [正在处理] ANS_CO_1385 | 启动 3WD 流水线...
2026-07-27 01:06:22 | INFO     | 📢 [总进度] 55/144 份试卷已归档。
2026-07-27 01:06:27 | INFO     | ✅ [批改完成] ANS_CO_1384 | 路由: BND | 最终分: 18.0 | 风险: P0.05/U0.13/F0.00/H0/L0 | 提取质量: 🟢high | 留白率: 0% | 低质量率: 0%
2026-07-27 01:06:27 | INFO     | 
🔍 [正在处理] ANS_CO_1386 | 启动 3WD 流水线...
2026-07-27 01:06:27 | INFO     | 📢 [总进度] 56/144 份试卷已归档。
2026-07-27 01:07:10 | INFO     | ✅ [批改完成] ANS_CO_1385 | 路由: BND | 最终分: 17.3 | 风险: P0.10/U0.05/F0.00/H0/L0 | 提取质量: 🟢high | 留白率: 0% | 低质量率: 0%
2026-07-27 01:07:10 | INFO     | 
🔍 [正在处理] ANS_CO_1387 | 启动 3WD 流水线...
2026-07-27 01:07:10 | INFO     | 📢 [总进度] 57/144 份试卷已归档。
2026-07-27 01:08:06 | INFO     | ✅ [批改完成] ANS_CO_1386 | 路由: BND | 最终分: 11.6 | 风险: P0.00/U0.07/F0.00/H0/L1 | 提取质量: 🟢high | 留白率: 0% | 低质量率: 0%
2026-07-27 01:08:06 | INFO     | 
🔍 [正在处理] ANS_CO_1388 | 启动 3WD 流水线...
2026-07-27 01:08:06 | INFO     | 📢 [总进度] 58/144 份试卷已归档。
2026-07-27 01:08:36 | INFO     | ✅ [批改完成] ANS_CO_1387 | 路由: BND | 最终分: 16.3 | 风险: P0.10/U0.07/F0.16/H0/L0 | 提取质量: 🟢high | 留白率: 0% | 低质量率: 0%
2026-07-27 01:08:36 | INFO     | 
🔍 [正在处理] ANS_CO_1389 | 启动 3WD 流水线...
2026-07-27 01:08:36 | INFO     | 📢 [总进度] 59/144 份试卷已归档。
2026-07-27 01:08:47 | INFO     | ✅ [批改完成] ANS_CO_1388 | 路由: POS | 最终分: 9.7 | 风险: P0.00/U0.04/F0.16/H0/L1 | 提取质量: 🟢high | 留白率: 0% | 低质量率: 0%
2026-07-27 01:08:47 | INFO     | 
🔍 [正在处理] ANS_CO_1390 | 启动 3WD 流水线...
2026-07-27 01:08:47 | INFO     | 📢 [总进度] 60/144 份试卷已归档。
2026-07-27 01:09:11 | INFO     | ✅ [批改完成] ANS_CO_1389 | 路由: POS | 最终分: 13.0 | 风险: P0.00/U0.06/F0.36/H0/L1 | 提取质量: 🟢high | 留白率: 0% | 低质量率: 0%
2026-07-27 01:09:11 | INFO     | 
🔍 [正在处理] ANS_CO_1391 | 启动 3WD 流水线...
2026-07-27 01:09:11 | INFO     | 📢 [总进度] 61/144 份试卷已归档。
2026-07-27 01:09:32 | INFO     | ✅ [批改完成] ANS_CO_1390 | 路由: BND | 最终分: 18.5 | 风险: P0.10/U0.15/F0.16/H0/L0 | 提取质量: 🟢high | 留白率: 0% | 低质量率: 0%
2026-07-27 01:09:32 | INFO     | 
🔍 [正在处理] ANS_CO_1392 | 启动 3WD 流水线...
2026-07-27 01:09:32 | INFO     | 📢 [总进度] 62/144 份试卷已归档。
2026-07-27 01:10:13 | INFO     | ✅ [批改完成] ANS_CO_1392 | 路由: POS | 最终分: 9.8 | 风险: P0.00/U0.01/F0.16/H0/L1 | 提取质量: 🟢high | 留白率: 0% | 低质量率: 0%
2026-07-27 01:10:13 | INFO     | 
🔍 [正在处理] ANS_CO_1393 | 启动 3WD 流水线...
2026-07-27 01:10:13 | INFO     | 📢 [总进度] 63/144 份试卷已归档。
2026-07-27 01:10:41 | INFO     | ✅ [批改完成] ANS_CO_1391 | 路由: BND | 最终分: 19.7 | 风险: P0.10/U0.08/F0.16/H0/L1 | 提取质量: 🟢high | 留白率: 0% | 低质量率: 0%
2026-07-27 01:10:41 | INFO     | 
🔍 [正在处理] ANS_CO_1394 | 启动 3WD 流水线...
2026-07-27 01:10:41 | INFO     | 📢 [总进度] 64/144 份试卷已归档。
2026-07-27 01:11:04 | INFO     | ✅ [批改完成] ANS_CO_1393 | 路由: BND | 最终分: 17.3 | 风险: P0.05/U0.10/F0.16/H0/L0 | 提取质量: 🟢high | 留白率: 0% | 低质量率: 0%
2026-07-27 01:11:04 | INFO     | 
🔍 [正在处理] ANS_CO_1395 | 启动 3WD 流水线...
2026-07-27 01:11:04 | INFO     | 📢 [总进度] 65/144 份试卷已归档。
2026-07-27 01:12:01 | INFO     | ✅ [批改完成] ANS_CO_1395 | 路由: BND | 最终分: 23.25 | 风险: P0.05/U0.06/F0.00/H0/L0 | 提取质量: 🟢high | 留白率: 0% | 低质量率: 0%
2026-07-27 01:12:01 | INFO     | 
🔍 [正在处理] ANS_CO_1396 | 启动 3WD 流水线...
2026-07-27 01:12:01 | INFO     | 📢 [总进度] 66/144 份试卷已归档。
2026-07-27 01:12:06 | INFO     | ✅ [批改完成] ANS_CO_1394 | 路由: POS | 最终分: 24.7 | 风险: P0.00/U0.02/F0.00/H0/L0 | 提取质量: 🟢high | 留白率: 0% | 低质量率: 0%
2026-07-27 01:12:06 | INFO     | 
🔍 [正在处理] ANS_CO_1397 | 启动 3WD 流水线...
2026-07-27 01:12:06 | INFO     | 📢 [总进度] 67/144 份试卷已归档。
2026-07-27 01:12:48 | INFO     | ✅ [批改完成] ANS_CO_1397 | 路由: POS | 最终分: 22.7 | 风险: P0.00/U0.02/F0.00/H0/L0 | 提取质量: 🟢high | 留白率: 0% | 低质量率: 0%
2026-07-27 01:12:48 | INFO     | 
🔍 [正在处理] ANS_CO_1398 | 启动 3WD 流水线...
2026-07-27 01:12:48 | INFO     | 📢 [总进度] 68/144 份试卷已归档。
2026-07-27 01:12:53 | INFO     | ✅ [批改完成] ANS_CO_1396 | 路由: BND | 最终分: 16.0 | 风险: P0.00/U0.12/F0.00/H0/L0 | 提取质量: 🟢high | 留白率: 0% | 低质量率: 0%
2026-07-27 01:12:53 | INFO     | 
🔍 [正在处理] ANS_CO_1399 | 启动 3WD 流水线...
2026-07-27 01:12:53 | INFO     | 📢 [总进度] 69/144 份试卷已归档。
2026-07-27 01:13:42 | INFO     | ✅ [批改完成] ANS_CO_1399 | 路由: BND | 最终分: 18.3 | 风险: P0.05/U0.16/F0.00/H0/L0 | 提取质量: 🟢high | 留白率: 0% | 低质量率: 0%
2026-07-27 01:13:42 | INFO     | 
🔍 [正在处理] ANS_CO_1400 | 启动 3WD 流水线...
2026-07-27 01:13:42 | INFO     | 📢 [总进度] 70/144 份试卷已归档。
2026-07-27 01:14:19 | INFO     | ✅ [批改完成] ANS_CO_1398 | 路由: POS | 最终分: 11.2 | 风险: P0.05/U0.02/F0.16/H0/L1 | 提取质量: 🟢high | 留白率: 0% | 低质量率: 0%
2026-07-27 01:14:19 | INFO     | 
🔍 [正在处理] ANS_CO_1401 | 启动 3WD 流水线...
2026-07-27 01:14:19 | INFO     | 📢 [总进度] 71/144 份试卷已归档。
2026-07-27 01:15:23 | INFO     | ✅ [批改完成] ANS_CO_1400 | 路由: BND | 最终分: 10.5 | 风险: P0.05/U0.11/F0.00/H0/L1 | 提取质量: 🟢high | 留白率: 0% | 低质量率: 0%
2026-07-27 01:15:23 | INFO     | 
🔍 [正在处理] ANS_CO_1402 | 启动 3WD 流水线...
2026-07-27 01:15:23 | INFO     | 📢 [总进度] 72/144 份试卷已归档。
2026-07-27 01:15:59 | INFO     | ✅ [批改完成] ANS_CO_1401 | 路由: BND | 最终分: 11.75 | 风险: P0.10/U0.07/F0.00/H0/L1 | 提取质量: 🟢high | 留白率: 0% | 低质量率: 0%
2026-07-27 01:15:59 | INFO     | 
🔍 [正在处理] ANS_CO_1404 | 启动 3WD 流水线...
2026-07-27 01:15:59 | INFO     | 📢 [总进度] 73/144 份试卷已归档。
2026-07-27 01:16:17 | INFO     | ✅ [批改完成] ANS_CO_1402 | 路由: BND | 最终分: 19.0 | 风险: P0.05/U0.15/F0.00/H0/L0 | 提取质量: 🟢high | 留白率: 0% | 低质量率: 0%
2026-07-27 01:16:17 | INFO     | 
🔍 [正在处理] ANS_CO_1405 | 启动 3WD 流水线...
2026-07-27 01:16:17 | INFO     | 📢 [总进度] 74/144 份试卷已归档。
2026-07-27 01:16:53 | INFO     | ✅ [批改完成] ANS_CO_1404 | 路由: BND | 最终分: 16.25 | 风险: P0.00/U0.13/F0.16/H0/L0 | 提取质量: 🟢high | 留白率: 0% | 低质量率: 0%
2026-07-27 01:16:53 | INFO     | 
🔍 [正在处理] ANS_CO_1406 | 启动 3WD 流水线...
2026-07-27 01:16:53 | INFO     | 📢 [总进度] 75/144 份试卷已归档。
2026-07-27 01:17:08 | INFO     | ✅ [批改完成] ANS_CO_1405 | 路由: BND | 最终分: 16.0 | 风险: P0.13/U0.00/F0.00/H0/L1 | 提取质量: 🟢high | 留白率: 17% | 低质量率: 0%
2026-07-27 01:17:08 | INFO     | 
🔍 [正在处理] ANS_CO_1407 | 启动 3WD 流水线...
2026-07-27 01:17:08 | INFO     | 📢 [总进度] 76/144 份试卷已归档。
2026-07-27 01:18:03 | INFO     | ✅ [批改完成] ANS_CO_1407 | 路由: BND | 最终分: 11.0 | 风险: P0.10/U0.09/F0.00/H0/L1 | 提取质量: 🟢high | 留白率: 0% | 低质量率: 0%
2026-07-27 01:18:03 | INFO     | 
🔍 [正在处理] ANS_CO_1408 | 启动 3WD 流水线...
2026-07-27 01:18:03 | INFO     | 📢 [总进度] 77/144 份试卷已归档。
2026-07-27 01:18:22 | INFO     | ✅ [批改完成] ANS_CO_1406 | 路由: BND | 最终分: 6.0 | 风险: P0.05/U0.03/F0.32/H0/L1 | 提取质量: 🟢high | 留白率: 0% | 低质量率: 0%
2026-07-27 01:18:22 | INFO     | 
🔍 [正在处理] ANS_CO_1409 | 启动 3WD 流水线...
2026-07-27 01:18:22 | INFO     | 📢 [总进度] 78/144 份试卷已归档。
2026-07-27 01:18:44 | INFO     | ✅ [批改完成] ANS_CO_1408 | 路由: BND | 最终分: 0.7 | 风险: P0.27/U0.02/F0.32/H0/L1 | 提取质量: 🟢high | 留白率: 33% | 低质量率: 0%
2026-07-27 01:18:44 | INFO     | 
🔍 [正在处理] ANS_CO_1410 | 启动 3WD 流水线...
2026-07-27 01:18:44 | INFO     | 📢 [总进度] 79/144 份试卷已归档。
2026-07-27 01:19:22 | INFO     | ✅ [批改完成] ANS_CO_1409 | 路由: BND | 最终分: 16.2 | 风险: P0.10/U0.04/F0.16/H0/L0 | 提取质量: 🟢high | 留白率: 0% | 低质量率: 0%
2026-07-27 01:19:22 | INFO     | 
🔍 [正在处理] ANS_CO_1411 | 启动 3WD 流水线...
2026-07-27 01:19:22 | INFO     | 📢 [总进度] 80/144 份试卷已归档。
2026-07-27 01:19:36 | INFO     | ✅ [批改完成] ANS_CO_1410 | 路由: POS | 最终分: 20.3 | 风险: P0.00/U0.04/F0.00/H0/L0 | 提取质量: 🟢high | 留白率: 0% | 低质量率: 0%
2026-07-27 01:19:36 | INFO     | 
🔍 [正在处理] ANS_CO_1412 | 启动 3WD 流水线...
2026-07-27 01:19:36 | INFO     | 📢 [总进度] 81/144 份试卷已归档。
2026-07-27 01:19:58 | INFO     | ✅ [批改完成] ANS_CO_1411 | 路由: POS | 最终分: 14.0 | 风险: P0.00/U0.00/F0.16/H0/L1 | 提取质量: 🟢high | 留白率: 0% | 低质量率: 0%
2026-07-27 01:19:58 | INFO     | 
🔍 [正在处理] ANS_CO_1413 | 启动 3WD 流水线...
2026-07-27 01:19:58 | INFO     | 📢 [总进度] 82/144 份试卷已归档。
2026-07-27 01:20:10 | INFO     | ✅ [批改完成] ANS_CO_1412 | 路由: POS | 最终分: 10.7 | 风险: P0.00/U0.04/F0.16/H0/L1 | 提取质量: 🟢high | 留白率: 0% | 低质量率: 0%
2026-07-27 01:20:10 | INFO     | 
🔍 [正在处理] ANS_CO_1414 | 启动 3WD 流水线...
2026-07-27 01:20:10 | INFO     | 📢 [总进度] 83/144 份试卷已归档。
2026-07-27 01:20:35 | INFO     | ✅ [批改完成] ANS_CO_1413 | 路由: BND | 最终分: 13.0 | 风险: P0.50/U0.03/F0.00/H0/L0 | 提取质量: 🟡low | 留白率: 50% | 低质量率: 0%
2026-07-27 01:20:35 | INFO     | 
🔍 [正在处理] ANS_CO_1415 | 启动 3WD 流水线...
2026-07-27 01:20:35 | INFO     | 📢 [总进度] 84/144 份试卷已归档。
2026-07-27 01:21:21 | INFO     | ✅ [批改完成] ANS_CO_1415 | 路由: BND | 最终分: 20.7 | 风险: P0.05/U0.15/F0.00/H0/L0 | 提取质量: 🟢high | 留白率: 0% | 低质量率: 0%
2026-07-27 01:21:21 | INFO     | 
🔍 [正在处理] ANS_CO_1416 | 启动 3WD 流水线...
2026-07-27 01:21:21 | INFO     | 📢 [总进度] 85/144 份试卷已归档。
2026-07-27 01:21:31 | INFO     | ✅ [批改完成] ANS_CO_1414 | 路由: POS | 最终分: 7.7 | 风险: P0.00/U0.02/F0.00/H0/L1 | 提取质量: 🟢high | 留白率: 0% | 低质量率: 0%
2026-07-27 01:21:31 | INFO     | 
🔍 [正在处理] ANS_CO_1417 | 启动 3WD 流水线...
2026-07-27 01:21:31 | INFO     | 📢 [总进度] 86/144 份试卷已归档。
2026-07-27 01:22:06 | INFO     | ✅ [批改完成] ANS_CO_1417 | 路由: BND | 最终分: 12.3 | 风险: P0.37/U0.04/F0.00/H0/L1 | 提取质量: 🟢high | 留白率: 33% | 低质量率: 0%
2026-07-27 01:22:06 | INFO     | 
🔍 [正在处理] ANS_CO_1418 | 启动 3WD 流水线...
2026-07-27 01:22:06 | INFO     | 📢 [总进度] 87/144 份试卷已归档。
2026-07-27 01:22:14 | INFO     | ✅ [批改完成] ANS_CO_1416 | 路由: BND | 最终分: 12.0 | 风险: P0.00/U0.07/F0.00/H0/L1 | 提取质量: 🟢high | 留白率: 0% | 低质量率: 0%
2026-07-27 01:22:14 | INFO     | 
🔍 [正在处理] ANS_CO_1419 | 启动 3WD 流水线...
2026-07-27 01:22:14 | INFO     | 📢 [总进度] 88/144 份试卷已归档。
2026-07-27 01:22:44 | INFO     | ✅ [批改完成] ANS_CO_1418 | 路由: POS | 最终分: 13.0 | 风险: P0.00/U0.03/F0.00/H0/L1 | 提取质量: 🟢high | 留白率: 0% | 低质量率: 0%
2026-07-27 01:22:44 | INFO     | 
🔍 [正在处理] ANS_CO_1420 | 启动 3WD 流水线...
2026-07-27 01:22:44 | INFO     | 📢 [总进度] 89/144 份试卷已归档。
2026-07-27 01:23:25 | INFO     | ✅ [批改完成] ANS_CO_1420 | 路由: BND | 最终分: 2.0 | 风险: P0.32/U0.03/F0.32/H0/L1 | 提取质量: 🟢high | 留白率: 33% | 低质量率: 0%
2026-07-27 01:23:25 | INFO     | 
🔍 [正在处理] ANS_CO_1421 | 启动 3WD 流水线...
2026-07-27 01:23:25 | INFO     | 📢 [总进度] 90/144 份试卷已归档。
2026-07-27 01:23:41 | INFO     | ✅ [批改完成] ANS_CO_1419 | 路由: BND | 最终分: 2.7 | 风险: P0.00/U0.07/F0.52/H0/L1 | 提取质量: 🟢high | 留白率: 0% | 低质量率: 0%
2026-07-27 01:23:41 | INFO     | 
🔍 [正在处理] ANS_CO_1422 | 启动 3WD 流水线...
2026-07-27 01:23:41 | INFO     | 📢 [总进度] 91/144 份试卷已归档。
2026-07-27 01:24:28 | INFO     | ✅ [批改完成] ANS_CO_1422 | 路由: BND | 最终分: 8.3 | 风险: P0.00/U0.17/F0.48/H0/L1 | 提取质量: 🟢high | 留白率: 0% | 低质量率: 0%
2026-07-27 01:24:28 | INFO     | 
🔍 [正在处理] ANS_CO_1423 | 启动 3WD 流水线...
2026-07-27 01:24:28 | INFO     | 📢 [总进度] 92/144 份试卷已归档。
2026-07-27 01:24:52 | INFO     | ✅ [批改完成] ANS_CO_1421 | 路由: BND | 最终分: 17.0 | 风险: P0.05/U0.06/F0.00/H0/L0 | 提取质量: 🟢high | 留白率: 0% | 低质量率: 0%
2026-07-27 01:24:52 | INFO     | 
🔍 [正在处理] ANS_CO_1424 | 启动 3WD 流水线...
2026-07-27 01:24:52 | INFO     | 📢 [总进度] 93/144 份试卷已归档。
2026-07-27 01:25:09 | INFO     | ✅ [批改完成] ANS_CO_1423 | 路由: BND | 最终分: 11.2 | 风险: P0.37/U0.04/F0.00/H0/L1 | 提取质量: 🟢high | 留白率: 33% | 低质量率: 0%
2026-07-27 01:25:09 | INFO     | 
🔍 [正在处理] ANS_CO_1425 | 启动 3WD 流水线...
2026-07-27 01:25:09 | INFO     | 📢 [总进度] 94/144 份试卷已归档。
2026-07-27 01:25:37 | INFO     | ✅ [批改完成] ANS_CO_1424 | 路由: BND | 最终分: 3.3 | 风险: P0.23/U0.02/F0.32/H0/L1 | 提取质量: 🟢high | 留白率: 17% | 低质量率: 0%
2026-07-27 01:25:37 | INFO     | 
🔍 [正在处理] ANS_CO_1426 | 启动 3WD 流水线...
2026-07-27 01:25:37 | INFO     | 📢 [总进度] 95/144 份试卷已归档。
2026-07-27 01:26:03 | INFO     | ✅ [批改完成] ANS_CO_1425 | 路由: BND | 最终分: 20.7 | 风险: P0.10/U0.10/F0.00/H0/L0 | 提取质量: 🟢high | 留白率: 0% | 低质量率: 0%
2026-07-27 01:26:03 | INFO     | 
🔍 [正在处理] ANS_CO_1427 | 启动 3WD 流水线...
2026-07-27 01:26:03 | INFO     | 📢 [总进度] 96/144 份试卷已归档。
2026-07-27 01:26:32 | INFO     | ✅ [批改完成] ANS_CO_1426 | 路由: BND | 最终分: 4.95 | 风险: P0.13/U0.05/F0.32/H0/L1 | 提取质量: 🟢high | 留白率: 17% | 低质量率: 0%
2026-07-27 01:26:32 | INFO     | 
🔍 [正在处理] ANS_CO_1428 | 启动 3WD 流水线...
2026-07-27 01:26:32 | INFO     | 📢 [总进度] 97/144 份试卷已归档。
2026-07-27 01:26:49 | INFO     | ✅ [批改完成] ANS_CO_1427 | 路由: BND | 最终分: 15.3 | 风险: P0.05/U0.05/F0.16/H0/L0 | 提取质量: 🟢high | 留白率: 0% | 低质量率: 0%
2026-07-27 01:26:49 | INFO     | 
🔍 [正在处理] ANS_CO_1429 | 启动 3WD 流水线...
2026-07-27 01:26:49 | INFO     | 📢 [总进度] 98/144 份试卷已归档。
2026-07-27 01:27:17 | INFO     | ✅ [批改完成] ANS_CO_1428 | 路由: BND | 最终分: 5.2 | 风险: P0.13/U0.02/F0.48/H0/L1 | 提取质量: 🟢high | 留白率: 17% | 低质量率: 0%
2026-07-27 01:27:17 | INFO     | 
🔍 [正在处理] ANS_CO_1430 | 启动 3WD 流水线...
2026-07-27 01:27:17 | INFO     | 📢 [总进度] 99/144 份试卷已归档。
2026-07-27 01:27:38 | INFO     | ✅ [批改完成] ANS_CO_1429 | 路由: BND | 最终分: 3.3 | 风险: P0.10/U0.02/F0.80/H0/L1 | 提取质量: 🟢high | 留白率: 0% | 低质量率: 0%
2026-07-27 01:27:38 | INFO     | 
🔍 [正在处理] ANS_CO_1433 | 启动 3WD 流水线...
2026-07-27 01:27:38 | INFO     | 📢 [总进度] 100/144 份试卷已归档。
2026-07-27 01:28:10 | INFO     | ✅ [批改完成] ANS_CO_1430 | 路由: BND | 最终分: 19.8 | 风险: P0.00/U0.09/F0.16/H0/L0 | 提取质量: 🟢high | 留白率: 0% | 低质量率: 0%
2026-07-27 01:28:10 | INFO     | 
🔍 [正在处理] ANS_CO_1434 | 启动 3WD 流水线...
2026-07-27 01:28:10 | INFO     | 📢 [总进度] 101/144 份试卷已归档。
2026-07-27 01:28:17 | INFO     | ✅ [批改完成] ANS_CO_1433 | 路由: BND | 最终分: 1.0 | 风险: P0.40/U0.00/F0.32/H0/L0 | 提取质量: 🟡low | 留白率: 50% | 低质量率: 0%
2026-07-27 01:28:17 | INFO     | 
🔍 [正在处理] ANS_CO_1435 | 启动 3WD 流水线...
2026-07-27 01:28:17 | INFO     | 📢 [总进度] 102/144 份试卷已归档。
2026-07-27 01:29:06 | INFO     | ✅ [批改完成] ANS_CO_1434 | 路由: BND | 最终分: 25.0 | 风险: P0.00/U0.09/F0.00/H0/L0 | 提取质量: 🟢high | 留白率: 0% | 低质量率: 0%
2026-07-27 01:29:06 | INFO     | 
🔍 [正在处理] ANS_CO_1436 | 启动 3WD 流水线...
2026-07-27 01:29:06 | INFO     | 📢 [总进度] 103/144 份试卷已归档。
2026-07-27 01:29:06 | INFO     | ✅ [批改完成] ANS_CO_1435 | 路由: BND | 最终分: 21.8 | 风险: P0.00/U0.07/F0.00/H0/L0 | 提取质量: 🟢high | 留白率: 0% | 低质量率: 0%
2026-07-27 01:29:06 | INFO     | 
🔍 [正在处理] ANS_CO_1437 | 启动 3WD 流水线...
2026-07-27 01:29:06 | INFO     | 📢 [总进度] 104/144 份试卷已归档。
2026-07-27 01:29:52 | INFO     | ✅ [批改完成] ANS_CO_1437 | 路由: BND | 最终分: 8.7 | 风险: P0.10/U0.04/F0.32/H0/L1 | 提取质量: 🟢high | 留白率: 0% | 低质量率: 0%
2026-07-27 01:29:52 | INFO     | 
🔍 [正在处理] ANS_CO_1438 | 启动 3WD 流水线...
2026-07-27 01:29:52 | INFO     | 📢 [总进度] 105/144 份试卷已归档。
2026-07-27 01:30:28 | INFO     | ✅ [批改完成] ANS_CO_1436 | 路由: POS | 最终分: 25.0 | 风险: P0.10/U0.00/F0.00/H0/L0 | 提取质量: 🟢high | 留白率: 0% | 低质量率: 0%
2026-07-27 01:30:28 | INFO     | 
🔍 [正在处理] ANS_CO_1441 | 启动 3WD 流水线...
2026-07-27 01:30:28 | INFO     | 📢 [总进度] 106/144 份试卷已归档。
2026-07-27 01:31:13 | INFO     | ✅ [批改完成] ANS_CO_1441 | 路由: BND | 最终分: 21.3 | 风险: P0.00/U0.07/F0.00/H0/L0 | 提取质量: 🟢high | 留白率: 0% | 低质量率: 0%
2026-07-27 01:31:13 | INFO     | 
🔍 [正在处理] ANS_CO_1444 | 启动 3WD 流水线...
2026-07-27 01:31:13 | INFO     | 📢 [总进度] 107/144 份试卷已归档。
2026-07-27 01:31:28 | INFO     | ✅ [批改完成] ANS_CO_1438 | 路由: BND | 最终分: 11.5 | 风险: P0.00/U0.04/F0.00/H0/L1 | 提取质量: 🟢high | 留白率: 0% | 低质量率: 0%
2026-07-27 01:31:28 | INFO     | 
🔍 [正在处理] ANS_CO_1445 | 启动 3WD 流水线...
2026-07-27 01:31:28 | INFO     | 📢 [总进度] 108/144 份试卷已归档。
2026-07-27 01:32:05 | INFO     | ✅ [批改完成] ANS_CO_1444 | 路由: BND | 最终分: 5.8 | 风险: P0.27/U0.07/F0.16/H0/L1 | 提取质量: 🟢high | 留白率: 33% | 低质量率: 0%
2026-07-27 01:32:05 | INFO     | 
🔍 [正在处理] ANS_CO_1447 | 启动 3WD 流水线...
2026-07-27 01:32:05 | INFO     | 📢 [总进度] 109/144 份试卷已归档。
2026-07-27 01:32:30 | INFO     | ✅ [批改完成] ANS_CO_1445 | 路由: BND | 最终分: 9.2 | 风险: P0.05/U0.04/F0.16/H0/L1 | 提取质量: 🟢high | 留白率: 0% | 低质量率: 0%
2026-07-27 01:32:30 | INFO     | 
🔍 [正在处理] ANS_CO_1448 | 启动 3WD 流水线...
2026-07-27 01:32:30 | INFO     | 📢 [总进度] 110/144 份试卷已归档。
2026-07-27 01:32:48 | INFO     | ✅ [批改完成] ANS_CO_1447 | 路由: BND | 最终分: 9.8 | 风险: P0.13/U0.09/F0.00/H0/L1 | 提取质量: 🟢high | 留白率: 17% | 低质量率: 0%
2026-07-27 01:32:48 | INFO     | 
🔍 [正在处理] ANS_CO_1449 | 启动 3WD 流水线...
2026-07-27 01:32:48 | INFO     | 📢 [总进度] 111/144 份试卷已归档。
2026-07-27 01:33:20 | INFO     | ✅ [批改完成] ANS_CO_1448 | 路由: BND | 最终分: 2.3 | 风险: P0.00/U0.17/F0.52/H0/L1 | 提取质量: 🟢high | 留白率: 0% | 低质量率: 0%
2026-07-27 01:33:20 | INFO     | 
🔍 [正在处理] ANS_CO_1451 | 启动 3WD 流水线...
2026-07-27 01:33:20 | INFO     | 📢 [总进度] 112/144 份试卷已归档。
2026-07-27 01:33:23 | INFO     | ✅ [批改完成] ANS_CO_1449 | 路由: BND | 最终分: 5.7 | 风险: P0.40/U0.04/F0.16/H0/L0 | 提取质量: 🟡low | 留白率: 50% | 低质量率: 0%
2026-07-27 01:33:23 | INFO     | 
🔍 [正在处理] ANS_CO_1452 | 启动 3WD 流水线...
2026-07-27 01:33:23 | INFO     | 📢 [总进度] 113/144 份试卷已归档。
2026-07-27 01:34:09 | INFO     | ✅ [批改完成] ANS_CO_1452 | 路由: BND | 最终分: 5.3 | 风险: P0.05/U0.14/F0.80/H0/L1 | 提取质量: 🟢high | 留白率: 0% | 低质量率: 0%
2026-07-27 01:34:09 | INFO     | 
🔍 [正在处理] ANS_CO_1454 | 启动 3WD 流水线...
2026-07-27 01:34:09 | INFO     | 📢 [总进度] 114/144 份试卷已归档。
2026-07-27 01:34:23 | INFO     | ✅ [批改完成] ANS_CO_1451 | 路由: BND | 最终分: 9.7 | 风险: P0.00/U0.10/F0.00/H0/L1 | 提取质量: 🟢high | 留白率: 0% | 低质量率: 0%
2026-07-27 01:34:23 | INFO     | 
🔍 [正在处理] ANS_CO_1455 | 启动 3WD 流水线...
2026-07-27 01:34:23 | INFO     | 📢 [总进度] 115/144 份试卷已归档。
2026-07-27 01:35:11 | INFO     | ✅ [批改完成] ANS_CO_1455 | 路由: BND | 最终分: 21.5 | 风险: P0.05/U0.06/F0.00/H0/L0 | 提取质量: 🟢high | 留白率: 0% | 低质量率: 0%
2026-07-27 01:35:11 | INFO     | 
🔍 [正在处理] ANS_CO_1456 | 启动 3WD 流水线...
2026-07-27 01:35:11 | INFO     | 📢 [总进度] 116/144 份试卷已归档。
2026-07-27 01:35:36 | INFO     | ✅ [批改完成] ANS_CO_1454 | 路由: BND | 最终分: 22.3 | 风险: P0.00/U0.07/F0.00/H0/L0 | 提取质量: 🟢high | 留白率: 0% | 低质量率: 0%
2026-07-27 01:35:36 | INFO     | 
🔍 [正在处理] ANS_CO_1457 | 启动 3WD 流水线...
2026-07-27 01:35:36 | INFO     | 📢 [总进度] 117/144 份试卷已归档。
2026-07-27 01:36:21 | INFO     | ✅ [批改完成] ANS_CO_1457 | 路由: BND | 最终分: 23.7 | 风险: P0.00/U0.05/F0.00/H0/L0 | 提取质量: 🟢high | 留白率: 0% | 低质量率: 0%
2026-07-27 01:36:21 | INFO     | 
🔍 [正在处理] ANS_CO_1458 | 启动 3WD 流水线...
2026-07-27 01:36:21 | INFO     | 📢 [总进度] 118/144 份试卷已归档。
2026-07-27 01:37:01 | INFO     | ✅ [批改完成] ANS_CO_1458 | 路由: BND | 最终分: 23.7 | 风险: P0.00/U0.05/F0.00/H0/L0 | 提取质量: 🟢high | 留白率: 0% | 低质量率: 0%
2026-07-27 01:37:01 | INFO     | 
🔍 [正在处理] ANS_CO_1459 | 启动 3WD 流水线...
2026-07-27 01:37:01 | INFO     | 📢 [总进度] 119/144 份试卷已归档。
2026-07-27 01:37:02 | INFO     | ✅ [批改完成] ANS_CO_1456 | 路由: BND | 最终分: 17.7 | 风险: P0.00/U0.05/F0.00/H0/L0 | 提取质量: 🟢high | 留白率: 0% | 低质量率: 0%
2026-07-27 01:37:02 | INFO     | 
🔍 [正在处理] ANS_CO_1460 | 启动 3WD 流水线...
2026-07-27 01:37:02 | INFO     | 📢 [总进度] 120/144 份试卷已归档。
2026-07-27 01:37:48 | INFO     | ✅ [批改完成] ANS_CO_1459 | 路由: BND | 最终分: 17.05 | 风险: P0.05/U0.08/F0.00/H0/L0 | 提取质量: 🟢high | 留白率: 0% | 低质量率: 0%
2026-07-27 01:37:48 | INFO     | 
🔍 [正在处理] ANS_CO_1461 | 启动 3WD 流水线...
2026-07-27 01:37:48 | INFO     | 📢 [总进度] 121/144 份试卷已归档。
2026-07-27 01:38:36 | INFO     | ✅ [批改完成] ANS_CO_1460 | 路由: BND | 最终分: 6.0 | 风险: P0.05/U0.09/F0.16/H0/L1 | 提取质量: 🟢high | 留白率: 0% | 低质量率: 0%
2026-07-27 01:38:36 | INFO     | 
🔍 [正在处理] ANS_CO_1462 | 启动 3WD 流水线...
2026-07-27 01:38:36 | INFO     | 📢 [总进度] 122/144 份试卷已归档。
2026-07-27 01:38:42 | INFO     | ✅ [批改完成] ANS_CO_1461 | 路由: BND | 最终分: 19.3 | 风险: P0.00/U0.10/F0.00/H0/L0 | 提取质量: 🟢high | 留白率: 0% | 低质量率: 0%
2026-07-27 01:38:42 | INFO     | 
🔍 [正在处理] ANS_CO_1464 | 启动 3WD 流水线...
2026-07-27 01:38:42 | INFO     | 📢 [总进度] 123/144 份试卷已归档。
2026-07-27 01:39:19 | INFO     | ✅ [批改完成] ANS_CO_1462 | 路由: POS | 最终分: 14.0 | 风险: P0.00/U0.03/F0.16/H0/L1 | 提取质量: 🟢high | 留白率: 0% | 低质量率: 0%
2026-07-27 01:39:19 | INFO     | 
🔍 [正在处理] ANS_CO_1465 | 启动 3WD 流水线...
2026-07-27 01:39:19 | INFO     | 📢 [总进度] 124/144 份试卷已归档。
2026-07-27 01:39:28 | INFO     | ✅ [批改完成] ANS_CO_1464 | 路由: POS | 最终分: 21.3 | 风险: P0.00/U0.04/F0.16/H0/L0 | 提取质量: 🟢high | 留白率: 0% | 低质量率: 0%
2026-07-27 01:39:28 | INFO     | 
🔍 [正在处理] ANS_CO_1466 | 启动 3WD 流水线...
2026-07-27 01:39:28 | INFO     | 📢 [总进度] 125/144 份试卷已归档。
2026-07-27 01:40:13 | INFO     | ✅ [批改完成] ANS_CO_1465 | 路由: BND | 最终分: 12.0 | 风险: P0.00/U0.10/F0.16/H0/L1 | 提取质量: 🟢high | 留白率: 0% | 低质量率: 0%
2026-07-27 01:40:13 | INFO     | 
🔍 [正在处理] ANS_CO_1467 | 启动 3WD 流水线...
2026-07-27 01:40:13 | INFO     | 📢 [总进度] 126/144 份试卷已归档。
2026-07-27 01:40:17 | INFO     | ✅ [批改完成] ANS_CO_1466 | 路由: BND | 最终分: 13.7 | 风险: P0.05/U0.05/F0.00/H0/L1 | 提取质量: 🟢high | 留白率: 0% | 低质量率: 0%
2026-07-27 01:40:17 | INFO     | 
🔍 [正在处理] ANS_CO_1469 | 启动 3WD 流水线...
2026-07-27 01:40:17 | INFO     | 📢 [总进度] 127/144 份试卷已归档。
2026-07-27 01:41:13 | INFO     | ✅ [批改完成] ANS_CO_1469 | 路由: BND | 最终分: 18.5 | 风险: P0.05/U0.06/F0.00/H0/L0 | 提取质量: 🟢high | 留白率: 0% | 低质量率: 0%
2026-07-27 01:41:13 | INFO     | 
🔍 [正在处理] ANS_CO_1470 | 启动 3WD 流水线...
2026-07-27 01:41:13 | INFO     | 📢 [总进度] 128/144 份试卷已归档。
2026-07-27 01:41:27 | INFO     | ✅ [批改完成] ANS_CO_1467 | 路由: POS | 最终分: 15.8 | 风险: P0.00/U0.01/F0.16/H0/L0 | 提取质量: 🟢high | 留白率: 0% | 低质量率: 0%
2026-07-27 01:41:27 | INFO     | 
🔍 [正在处理] ANS_CO_1471 | 启动 3WD 流水线...
2026-07-27 01:41:27 | INFO     | 📢 [总进度] 129/144 份试卷已归档。
2026-07-27 01:42:34 | INFO     | ✅ [批改完成] ANS_CO_1470 | 路由: BND | 最终分: 8.8 | 风险: P0.00/U0.05/F0.36/H0/L1 | 提取质量: 🟢high | 留白率: 0% | 低质量率: 0%
2026-07-27 01:42:34 | INFO     | 
🔍 [正在处理] ANS_CO_1472 | 启动 3WD 流水线...
2026-07-27 01:42:34 | INFO     | 📢 [总进度] 130/144 份试卷已归档。
2026-07-27 01:42:55 | INFO     | ✅ [批改完成] ANS_CO_1471 | 路由: BND | 最终分: 22.7 | 风险: P0.05/U0.10/F0.00/H0/L0 | 提取质量: 🟢high | 留白率: 0% | 低质量率: 0%
2026-07-27 01:42:55 | INFO     | 
🔍 [正在处理] ANS_CO_1474 | 启动 3WD 流水线...
2026-07-27 01:42:55 | INFO     | 📢 [总进度] 131/144 份试卷已归档。
2026-07-27 01:43:27 | INFO     | ✅ [批改完成] ANS_CO_1472 | 路由: BND | 最终分: 20.7 | 风险: P0.00/U0.05/F0.00/H0/L0 | 提取质量: 🟢high | 留白率: 0% | 低质量率: 0%
2026-07-27 01:43:27 | INFO     | 
🔍 [正在处理] ANS_CO_1475 | 启动 3WD 流水线...
2026-07-27 01:43:27 | INFO     | 📢 [总进度] 132/144 份试卷已归档。
2026-07-27 01:44:09 | INFO     | ✅ [批改完成] ANS_CO_1474 | 路由: BND | 最终分: 20.2 | 风险: P0.05/U0.07/F0.00/H0/L0 | 提取质量: 🟢high | 留白率: 0% | 低质量率: 0%
2026-07-27 01:44:09 | INFO     | 
🔍 [正在处理] ANS_CO_1476 | 启动 3WD 流水线...
2026-07-27 01:44:09 | INFO     | 📢 [总进度] 133/144 份试卷已归档。
2026-07-27 01:44:50 | INFO     | ✅ [批改完成] ANS_CO_1475 | 路由: BND | 最终分: 20.3 | 风险: P0.05/U0.10/F0.00/H0/L0 | 提取质量: 🟢high | 留白率: 0% | 低质量率: 0%
2026-07-27 01:44:50 | INFO     | 
🔍 [正在处理] ANS_CO_1477 | 启动 3WD 流水线...
2026-07-27 01:44:50 | INFO     | 📢 [总进度] 134/144 份试卷已归档。
2026-07-27 01:45:20 | INFO     | ✅ [批改完成] ANS_CO_1476 | 路由: POS | 最终分: 16.0 | 风险: P0.05/U0.03/F0.16/H0/L0 | 提取质量: 🟢high | 留白率: 0% | 低质量率: 0%
2026-07-27 01:45:20 | INFO     | 
🔍 [正在处理] ANS_CO_1478 | 启动 3WD 流水线...
2026-07-27 01:45:20 | INFO     | 📢 [总进度] 135/144 份试卷已归档。
2026-07-27 01:45:50 | INFO     | ✅ [批改完成] ANS_CO_1477 | 路由: BND | 最终分: 21.8 | 风险: P0.00/U0.09/F0.00/H0/L0 | 提取质量: 🟢high | 留白率: 0% | 低质量率: 0%
2026-07-27 01:45:50 | INFO     | 
🔍 [正在处理] ANS_CO_1479 | 启动 3WD 流水线...
2026-07-27 01:45:50 | INFO     | 📢 [总进度] 136/144 份试卷已归档。
2026-07-27 01:46:31 | INFO     | ✅ [批改完成] ANS_CO_1479 | 路由: POS | 最终分: 19.7 | 风险: P0.00/U0.02/F0.00/H0/L0 | 提取质量: 🟢high | 留白率: 0% | 低质量率: 0%
2026-07-27 01:46:31 | INFO     | 
🔍 [正在处理] ANS_CO_1480 | 启动 3WD 流水线...
2026-07-27 01:46:31 | INFO     | 📢 [总进度] 137/144 份试卷已归档。
2026-07-27 01:46:40 | INFO     | ✅ [批改完成] ANS_CO_1478 | 路由: POS | 最终分: 13.7 | 风险: P0.00/U0.05/F0.16/H0/L1 | 提取质量: 🟢high | 留白率: 0% | 低质量率: 0%
2026-07-27 01:46:40 | INFO     | 
🔍 [正在处理] ANS_CO_1481 | 启动 3WD 流水线...
2026-07-27 01:46:40 | INFO     | 📢 [总进度] 138/144 份试卷已归档。
2026-07-27 01:47:47 | INFO     | ✅ [批改完成] ANS_CO_1481 | 路由: BND | 最终分: 5.8 | 风险: P0.00/U0.14/F0.00/H0/L1 | 提取质量: 🟢high | 留白率: 0% | 低质量率: 0%
2026-07-27 01:47:47 | INFO     | 
🔍 [正在处理] ANS_CO_1482 | 启动 3WD 流水线...
2026-07-27 01:47:47 | INFO     | 📢 [总进度] 139/144 份试卷已归档。
2026-07-27 01:48:08 | INFO     | ✅ [批改完成] ANS_CO_1480 | 路由: POS | 最终分: 21.3 | 风险: P0.00/U0.02/F0.00/H0/L0 | 提取质量: 🟢high | 留白率: 0% | 低质量率: 0%
2026-07-27 01:48:08 | INFO     | 
🔍 [正在处理] ANS_CO_1485 | 启动 3WD 流水线...
2026-07-27 01:48:08 | INFO     | 📢 [总进度] 140/144 份试卷已归档。
2026-07-27 01:48:46 | INFO     | ✅ [批改完成] ANS_CO_1482 | 路由: BND | 最终分: 16.7 | 风险: P0.05/U0.05/F0.00/H0/L0 | 提取质量: 🟢high | 留白率: 0% | 低质量率: 0%
2026-07-27 01:48:46 | INFO     | 
🔍 [正在处理] ANS_CO_1486 | 启动 3WD 流水线...
2026-07-27 01:48:46 | INFO     | 📢 [总进度] 141/144 份试卷已归档。
2026-07-27 01:49:43 | INFO     | ✅ [批改完成] ANS_CO_1485 | 路由: BND | 最终分: 13.25 | 风险: P0.05/U0.07/F0.16/H0/L1 | 提取质量: 🟢high | 留白率: 0% | 低质量率: 0%
2026-07-27 01:49:43 | INFO     | 
🔍 [正在处理] ANS_CO_1487 | 启动 3WD 流水线...
2026-07-27 01:49:43 | INFO     | 📢 [总进度] 142/144 份试卷已归档。
2026-07-27 01:49:49 | INFO     | ✅ [批改完成] ANS_CO_1486 | 路由: BND | 最终分: 11.5 | 风险: P0.00/U0.15/F0.16/H0/L0 | 提取质量: 🟢high | 留白率: 0% | 低质量率: 0%
2026-07-27 01:49:49 | INFO     | 📢 [总进度] 143/144 份试卷已归档。
2026-07-27 01:51:28 | INFO     | ✅ [批改完成] ANS_CO_1487 | 路由: BND | 最终分: 18.5 | 风险: P0.05/U0.11/F0.00/H0/L0 | 提取质量: 🟢high | 留白率: 0% | 低质量率: 0%
2026-07-27 01:51:28 | INFO     | 📢 [总进度] 144/144 份试卷已归档。
2026-07-27 01:51:28 | INFO     | 🗂️ 所有线程交卷完毕，正在整理数据... (共收集 144/144 份结果)
2026-07-27 01:51:29 | INFO     | 💾 正常批改结果已保存: D:\users\王鑫020420\Desktop\refgrader-main\results_runs\csbench_co10_co11_co12_co13_co8_co9_all\runs\teacher_audit_co_8_13_20260725_192008\CO_12_graded_results.json (143 人)
2026-07-27 01:51:29 | INFO     | 🛑 拒绝域结果已单独保存: D:\users\王鑫020420\Desktop\refgrader-main\results_runs\csbench_co10_co11_co12_co13_co8_co9_all\runs\teacher_audit_co_8_13_20260725_192008\CO_12_rejected.json (1 人)
2026-07-27 01:51:29 | INFO     | [result consistency] CO_12: checkpoint=144, graded=143, rejected=1, failed=0, expected=144
2026-07-27 01:51:29 | INFO     | 
🚀 [标准模式] 开始处理: CO_13
2026-07-27 01:51:29 | INFO     | ⚡ 已加载本地标准: D:\users\王鑫020420\Desktop\refgrader-main\data\csbench\rubrics\optimized\CO\CO_13_rubric_standard.json
2026-07-27 01:51:29 | INFO     | [PaddleOCR] preparing 125/126 visual-answer cache entries...
2026-07-27 01:51:49 | INFO     | Initialize PaddleOCR | device=cpu | lang=ch | pending=1/1 | model_cache=D:\paddlex_cache
[1/1] completed: ANS_CO_1488.jpg | tokens=24 | mean_conf=0.980285 | output=D:\users\王鑫020420\Desktop\refgrader-main\ocr_cache\csbench\CO_13\ANS_CO_1488.json
summary: completed=1, skipped=0, failed=0
2026-07-27 01:52:11 | INFO     | Initialize PaddleOCR | device=cpu | lang=ch | pending=1/1 | model_cache=D:\paddlex_cache
[1/1] completed: ANS_CO_1489.jpg | tokens=37 | mean_conf=0.957888 | output=D:\users\王鑫020420\Desktop\refgrader-main\ocr_cache\csbench\CO_13\ANS_CO_1489.json
summary: completed=1, skipped=0, failed=0
2026-07-27 01:52:28 | INFO     | Initialize PaddleOCR | device=cpu | lang=ch | pending=1/1 | model_cache=D:\paddlex_cache
[1/1] completed: ANS_CO_1490.jpg | tokens=16 | mean_conf=0.925134 | output=D:\users\王鑫020420\Desktop\refgrader-main\ocr_cache\csbench\CO_13\ANS_CO_1490.json
summary: completed=1, skipped=0, failed=0
2026-07-27 01:52:45 | INFO     | Initialize PaddleOCR | device=cpu | lang=ch | pending=1/1 | model_cache=D:\paddlex_cache
[1/1] completed: ANS_CO_1493.jpg | tokens=15 | mean_conf=0.961989 | output=D:\users\王鑫020420\Desktop\refgrader-main\ocr_cache\csbench\CO_13\ANS_CO_1493.json
summary: completed=1, skipped=0, failed=0
2026-07-27 01:53:09 | INFO     | Initialize PaddleOCR | device=cpu | lang=ch | pending=1/1 | model_cache=D:\paddlex_cache
[1/1] completed: ANS_CO_1494.jpg | tokens=47 | mean_conf=0.912777 | output=D:\users\王鑫020420\Desktop\refgrader-main\ocr_cache\csbench\CO_13\ANS_CO_1494.json
summary: completed=1, skipped=0, failed=0
2026-07-27 01:53:30 | INFO     | Initialize PaddleOCR | device=cpu | lang=ch | pending=1/1 | model_cache=D:\paddlex_cache
[1/1] completed: ANS_CO_1496.jpg | tokens=29 | mean_conf=0.969656 | output=D:\users\王鑫020420\Desktop\refgrader-main\ocr_cache\csbench\CO_13\ANS_CO_1496.json
summary: completed=1, skipped=0, failed=0
2026-07-27 01:53:51 | INFO     | Initialize PaddleOCR | device=cpu | lang=ch | pending=1/1 | model_cache=D:\paddlex_cache
[1/1] completed: ANS_CO_1497.jpg | tokens=26 | mean_conf=0.921309 | output=D:\users\王鑫020420\Desktop\refgrader-main\ocr_cache\csbench\CO_13\ANS_CO_1497.json
summary: completed=1, skipped=0, failed=0
2026-07-27 01:53:54 | INFO     | [1/1] cache hit: ANS_CO_1500.jpg
summary: completed=0, skipped=1, failed=0
2026-07-27 01:54:16 | INFO     | Initialize PaddleOCR | device=cpu | lang=ch | pending=1/1 | model_cache=D:\paddlex_cache
[1/1] completed: ANS_CO_1501.jpg | tokens=35 | mean_conf=0.87656 | output=D:\users\王鑫020420\Desktop\refgrader-main\ocr_cache\csbench\CO_13\ANS_CO_1501.json
summary: completed=1, skipped=0, failed=0
2026-07-27 01:54:37 | INFO     | Initialize PaddleOCR | device=cpu | lang=ch | pending=1/1 | model_cache=D:\paddlex_cache
[1/1] completed: ANS_CO_1503.jpg | tokens=26 | mean_conf=0.942538 | output=D:\users\王鑫020420\Desktop\refgrader-main\ocr_cache\csbench\CO_13\ANS_CO_1503.json
summary: completed=1, skipped=0, failed=0
2026-07-27 01:55:03 | INFO     | Initialize PaddleOCR | device=cpu | lang=ch | pending=1/1 | model_cache=D:\paddlex_cache
[1/1] completed: ANS_CO_1504.jpg | tokens=42 | mean_conf=0.893151 | output=D:\users\王鑫020420\Desktop\refgrader-main\ocr_cache\csbench\CO_13\ANS_CO_1504.json
summary: completed=1, skipped=0, failed=0
2026-07-27 01:55:23 | INFO     | Initialize PaddleOCR | device=cpu | lang=ch | pending=1/1 | model_cache=D:\paddlex_cache
[1/1] completed: ANS_CO_1506.jpg | tokens=38 | mean_conf=0.933771 | output=D:\users\王鑫020420\Desktop\refgrader-main\ocr_cache\csbench\CO_13\ANS_CO_1506.json
summary: completed=1, skipped=0, failed=0
2026-07-27 01:55:43 | INFO     | Initialize PaddleOCR | device=cpu | lang=ch | pending=1/1 | model_cache=D:\paddlex_cache
[1/1] completed: ANS_CO_1508.jpg | tokens=22 | mean_conf=0.887358 | output=D:\users\王鑫020420\Desktop\refgrader-main\ocr_cache\csbench\CO_13\ANS_CO_1508.json
summary: completed=1, skipped=0, failed=0
2026-07-27 01:56:02 | INFO     | Initialize PaddleOCR | device=cpu | lang=ch | pending=1/1 | model_cache=D:\paddlex_cache
[1/1] completed: ANS_CO_1509.jpg | tokens=18 | mean_conf=0.878228 | output=D:\users\王鑫020420\Desktop\refgrader-main\ocr_cache\csbench\CO_13\ANS_CO_1509.json
summary: completed=1, skipped=0, failed=0
2026-07-27 01:56:06 | INFO     | [1/1] cache hit: ANS_CO_1510.jpg
summary: completed=0, skipped=1, failed=0
2026-07-27 01:56:26 | INFO     | Initialize PaddleOCR | device=cpu | lang=ch | pending=1/1 | model_cache=D:\paddlex_cache
[1/1] completed: ANS_CO_1511.jpg | tokens=26 | mean_conf=0.952639 | output=D:\users\王鑫020420\Desktop\refgrader-main\ocr_cache\csbench\CO_13\ANS_CO_1511.json
summary: completed=1, skipped=0, failed=0
2026-07-27 01:56:46 | INFO     | Initialize PaddleOCR | device=cpu | lang=ch | pending=1/1 | model_cache=D:\paddlex_cache
[1/1] completed: ANS_CO_1512.jpg | tokens=24 | mean_conf=0.917391 | output=D:\users\王鑫020420\Desktop\refgrader-main\ocr_cache\csbench\CO_13\ANS_CO_1512.json
summary: completed=1, skipped=0, failed=0
2026-07-27 01:56:49 | INFO     | [1/1] cache hit: ANS_CO_1513.jpg
summary: completed=0, skipped=1, failed=0
2026-07-27 01:57:05 | INFO     | Initialize PaddleOCR | device=cpu | lang=ch | pending=1/1 | model_cache=D:\paddlex_cache
[1/1] completed: ANS_CO_1515.jpg | tokens=13 | mean_conf=0.909277 | output=D:\users\王鑫020420\Desktop\refgrader-main\ocr_cache\csbench\CO_13\ANS_CO_1515.json
summary: completed=1, skipped=0, failed=0
2026-07-27 01:57:25 | INFO     | Initialize PaddleOCR | device=cpu | lang=ch | pending=1/1 | model_cache=D:\paddlex_cache
[1/1] completed: ANS_CO_1516.jpg | tokens=25 | mean_conf=0.896336 | output=D:\users\王鑫020420\Desktop\refgrader-main\ocr_cache\csbench\CO_13\ANS_CO_1516.json
summary: completed=1, skipped=0, failed=0
2026-07-27 01:57:43 | INFO     | Initialize PaddleOCR | device=cpu | lang=ch | pending=1/1 | model_cache=D:\paddlex_cache
[1/1] completed: ANS_CO_1517.jpg | tokens=19 | mean_conf=0.89003 | output=D:\users\王鑫020420\Desktop\refgrader-main\ocr_cache\csbench\CO_13\ANS_CO_1517.json
summary: completed=1, skipped=0, failed=0
2026-07-27 01:58:04 | INFO     | Initialize PaddleOCR | device=cpu | lang=ch | pending=1/1 | model_cache=D:\paddlex_cache
[1/1] completed: ANS_CO_1518.jpg | tokens=38 | mean_conf=0.968909 | output=D:\users\王鑫020420\Desktop\refgrader-main\ocr_cache\csbench\CO_13\ANS_CO_1518.json
summary: completed=1, skipped=0, failed=0
2026-07-27 01:58:29 | INFO     | Initialize PaddleOCR | device=cpu | lang=ch | pending=1/1 | model_cache=D:\paddlex_cache
[1/1] completed: ANS_CO_1519.jpg | tokens=45 | mean_conf=0.929711 | output=D:\users\王鑫020420\Desktop\refgrader-main\ocr_cache\csbench\CO_13\ANS_CO_1519.json
summary: completed=1, skipped=0, failed=0
2026-07-27 01:58:47 | INFO     | Initialize PaddleOCR | device=cpu | lang=ch | pending=1/1 | model_cache=D:\paddlex_cache
[1/1] completed: ANS_CO_1520.jpg | tokens=16 | mean_conf=0.895878 | output=D:\users\王鑫020420\Desktop\refgrader-main\ocr_cache\csbench\CO_13\ANS_CO_1520.json
summary: completed=1, skipped=0, failed=0
2026-07-27 01:59:05 | INFO     | Initialize PaddleOCR | device=cpu | lang=ch | pending=1/1 | model_cache=D:\paddlex_cache
[1/1] completed: ANS_CO_1521.jpg | tokens=18 | mean_conf=0.928547 | output=D:\users\王鑫020420\Desktop\refgrader-main\ocr_cache\csbench\CO_13\ANS_CO_1521.json
summary: completed=1, skipped=0, failed=0
2026-07-27 01:59:24 | INFO     | Initialize PaddleOCR | device=cpu | lang=ch | pending=1/1 | model_cache=D:\paddlex_cache
[1/1] completed: ANS_CO_1522.jpg | tokens=29 | mean_conf=0.920856 | output=D:\users\王鑫020420\Desktop\refgrader-main\ocr_cache\csbench\CO_13\ANS_CO_1522.json
summary: completed=1, skipped=0, failed=0
2026-07-27 01:59:46 | INFO     | Initialize PaddleOCR | device=cpu | lang=ch | pending=1/1 | model_cache=D:\paddlex_cache
[1/1] completed: ANS_CO_1524.jpg | tokens=35 | mean_conf=0.92948 | output=D:\users\王鑫020420\Desktop\refgrader-main\ocr_cache\csbench\CO_13\ANS_CO_1524.json
summary: completed=1, skipped=0, failed=0
2026-07-27 02:00:06 | INFO     | Initialize PaddleOCR | device=cpu | lang=ch | pending=1/1 | model_cache=D:\paddlex_cache
[1/1] completed: ANS_CO_1525.jpg | tokens=27 | mean_conf=0.896215 | output=D:\users\王鑫020420\Desktop\refgrader-main\ocr_cache\csbench\CO_13\ANS_CO_1525.json
summary: completed=1, skipped=0, failed=0
2026-07-27 02:00:25 | INFO     | Initialize PaddleOCR | device=cpu | lang=ch | pending=1/1 | model_cache=D:\paddlex_cache
[1/1] completed: ANS_CO_1528.jpg | tokens=18 | mean_conf=0.901166 | output=D:\users\王鑫020420\Desktop\refgrader-main\ocr_cache\csbench\CO_13\ANS_CO_1528.json
summary: completed=1, skipped=0, failed=0
2026-07-27 02:00:44 | INFO     | Initialize PaddleOCR | device=cpu | lang=ch | pending=1/1 | model_cache=D:\paddlex_cache
[1/1] completed: ANS_CO_1529.jpg | tokens=18 | mean_conf=0.961591 | output=D:\users\王鑫020420\Desktop\refgrader-main\ocr_cache\csbench\CO_13\ANS_CO_1529.json
summary: completed=1, skipped=0, failed=0
2026-07-27 02:01:00 | INFO     | Initialize PaddleOCR | device=cpu | lang=ch | pending=1/1 | model_cache=D:\paddlex_cache
[1/1] completed: ANS_CO_1530.jpg | tokens=13 | mean_conf=0.895898 | output=D:\users\王鑫020420\Desktop\refgrader-main\ocr_cache\csbench\CO_13\ANS_CO_1530.json
summary: completed=1, skipped=0, failed=0
2026-07-27 02:01:21 | INFO     | Initialize PaddleOCR | device=cpu | lang=ch | pending=1/1 | model_cache=D:\paddlex_cache
[1/1] completed: ANS_CO_1531.jpg | tokens=30 | mean_conf=0.987017 | output=D:\users\王鑫020420\Desktop\refgrader-main\ocr_cache\csbench\CO_13\ANS_CO_1531.json
summary: completed=1, skipped=0, failed=0
2026-07-27 02:01:40 | INFO     | Initialize PaddleOCR | device=cpu | lang=ch | pending=1/1 | model_cache=D:\paddlex_cache
[1/1] completed: ANS_CO_1534.jpg | tokens=19 | mean_conf=0.932834 | output=D:\users\王鑫020420\Desktop\refgrader-main\ocr_cache\csbench\CO_13\ANS_CO_1534.json
summary: completed=1, skipped=0, failed=0
2026-07-27 02:01:57 | INFO     | Initialize PaddleOCR | device=cpu | lang=ch | pending=1/1 | model_cache=D:\paddlex_cache
[1/1] completed: ANS_CO_1535.jpg | tokens=17 | mean_conf=0.912521 | output=D:\users\王鑫020420\Desktop\refgrader-main\ocr_cache\csbench\CO_13\ANS_CO_1535.json
summary: completed=1, skipped=0, failed=0
2026-07-27 02:02:16 | INFO     | Initialize PaddleOCR | device=cpu | lang=ch | pending=1/1 | model_cache=D:\paddlex_cache
[1/1] completed: ANS_CO_1536.jpg | tokens=23 | mean_conf=0.902463 | output=D:\users\王鑫020420\Desktop\refgrader-main\ocr_cache\csbench\CO_13\ANS_CO_1536.json
summary: completed=1, skipped=0, failed=0
2026-07-27 02:02:38 | INFO     | Initialize PaddleOCR | device=cpu | lang=ch | pending=1/1 | model_cache=D:\paddlex_cache
[1/1] completed: ANS_CO_1537.jpg | tokens=39 | mean_conf=0.89425 | output=D:\users\王鑫020420\Desktop\refgrader-main\ocr_cache\csbench\CO_13\ANS_CO_1537.json
summary: completed=1, skipped=0, failed=0
2026-07-27 02:02:55 | INFO     | Initialize PaddleOCR | device=cpu | lang=ch | pending=1/1 | model_cache=D:\paddlex_cache
[1/1] completed: ANS_CO_1538.jpg | tokens=10 | mean_conf=0.869758 | output=D:\users\王鑫020420\Desktop\refgrader-main\ocr_cache\csbench\CO_13\ANS_CO_1538.json
summary: completed=1, skipped=0, failed=0
2026-07-27 02:03:13 | INFO     | Initialize PaddleOCR | device=cpu | lang=ch | pending=1/1 | model_cache=D:\paddlex_cache
[1/1] completed: ANS_CO_1539.jpg | tokens=17 | mean_conf=0.937478 | output=D:\users\王鑫020420\Desktop\refgrader-main\ocr_cache\csbench\CO_13\ANS_CO_1539.json
summary: completed=1, skipped=0, failed=0
2026-07-27 02:03:38 | INFO     | Initialize PaddleOCR | device=cpu | lang=ch | pending=1/1 | model_cache=D:\paddlex_cache
[1/1] completed: ANS_CO_1540.jpg | tokens=53 | mean_conf=0.948871 | output=D:\users\王鑫020420\Desktop\refgrader-main\ocr_cache\csbench\CO_13\ANS_CO_1540.json
summary: completed=1, skipped=0, failed=0
2026-07-27 02:03:42 | INFO     | [1/1] cache hit: ANS_CO_1542.jpg
summary: completed=0, skipped=1, failed=0
2026-07-27 02:03:58 | INFO     | Initialize PaddleOCR | device=cpu | lang=ch | pending=1/1 | model_cache=D:\paddlex_cache
[1/1] completed: ANS_CO_1543.jpg | tokens=13 | mean_conf=0.939824 | output=D:\users\王鑫020420\Desktop\refgrader-main\ocr_cache\csbench\CO_13\ANS_CO_1543.json
summary: completed=1, skipped=0, failed=0
2026-07-27 02:04:19 | INFO     | Initialize PaddleOCR | device=cpu | lang=ch | pending=1/1 | model_cache=D:\paddlex_cache
[1/1] completed: ANS_CO_1544.jpg | tokens=38 | mean_conf=0.937777 | output=D:\users\王鑫020420\Desktop\refgrader-main\ocr_cache\csbench\CO_13\ANS_CO_1544.json
summary: completed=1, skipped=0, failed=0
2026-07-27 02:04:23 | INFO     | [1/1] cache hit: ANS_CO_1546.jpg
summary: completed=0, skipped=1, failed=0
2026-07-27 02:04:45 | INFO     | Initialize PaddleOCR | device=cpu | lang=ch | pending=1/1 | model_cache=D:\paddlex_cache
[1/1] completed: ANS_CO_1547.jpg | tokens=36 | mean_conf=0.978797 | output=D:\users\王鑫020420\Desktop\refgrader-main\ocr_cache\csbench\CO_13\ANS_CO_1547.json
summary: completed=1, skipped=0, failed=0
2026-07-27 02:05:05 | INFO     | Initialize PaddleOCR | device=cpu | lang=ch | pending=1/1 | model_cache=D:\paddlex_cache
[1/1] completed: ANS_CO_1548.jpg | tokens=32 | mean_conf=0.897227 | output=D:\users\王鑫020420\Desktop\refgrader-main\ocr_cache\csbench\CO_13\ANS_CO_1548.json
summary: completed=1, skipped=0, failed=0
2026-07-27 02:05:25 | INFO     | Initialize PaddleOCR | device=cpu | lang=ch | pending=1/1 | model_cache=D:\paddlex_cache
[1/1] completed: ANS_CO_1549.jpg | tokens=29 | mean_conf=0.934397 | output=D:\users\王鑫020420\Desktop\refgrader-main\ocr_cache\csbench\CO_13\ANS_CO_1549.json
summary: completed=1, skipped=0, failed=0
2026-07-27 02:05:44 | INFO     | Initialize PaddleOCR | device=cpu | lang=ch | pending=1/1 | model_cache=D:\paddlex_cache
[1/1] completed: ANS_CO_1550.jpg | tokens=15 | mean_conf=0.952051 | output=D:\users\王鑫020420\Desktop\refgrader-main\ocr_cache\csbench\CO_13\ANS_CO_1550.json
summary: completed=1, skipped=0, failed=0
2026-07-27 02:06:02 | INFO     | Initialize PaddleOCR | device=cpu | lang=ch | pending=1/1 | model_cache=D:\paddlex_cache
[1/1] completed: ANS_CO_1551.jpg | tokens=17 | mean_conf=0.90729 | output=D:\users\王鑫020420\Desktop\refgrader-main\ocr_cache\csbench\CO_13\ANS_CO_1551.json
summary: completed=1, skipped=0, failed=0
2026-07-27 02:06:22 | INFO     | Initialize PaddleOCR | device=cpu | lang=ch | pending=1/1 | model_cache=D:\paddlex_cache
[1/1] completed: ANS_CO_1552.jpg | tokens=28 | mean_conf=0.962876 | output=D:\users\王鑫020420\Desktop\refgrader-main\ocr_cache\csbench\CO_13\ANS_CO_1552.json
summary: completed=1, skipped=0, failed=0
2026-07-27 02:06:41 | INFO     | Initialize PaddleOCR | device=cpu | lang=ch | pending=1/1 | model_cache=D:\paddlex_cache
[1/1] completed: ANS_CO_1553.jpg | tokens=22 | mean_conf=0.96515 | output=D:\users\王鑫020420\Desktop\refgrader-main\ocr_cache\csbench\CO_13\ANS_CO_1553.json
summary: completed=1, skipped=0, failed=0
2026-07-27 02:07:03 | INFO     | Initialize PaddleOCR | device=cpu | lang=ch | pending=1/1 | model_cache=D:\paddlex_cache
[1/1] completed: ANS_CO_1554.jpg | tokens=29 | mean_conf=0.951349 | output=D:\users\王鑫020420\Desktop\refgrader-main\ocr_cache\csbench\CO_13\ANS_CO_1554.json
summary: completed=1, skipped=0, failed=0
2026-07-27 02:07:23 | INFO     | Initialize PaddleOCR | device=cpu | lang=ch | pending=1/1 | model_cache=D:\paddlex_cache
[1/1] completed: ANS_CO_1555.jpg | tokens=34 | mean_conf=0.970487 | output=D:\users\王鑫020420\Desktop\refgrader-main\ocr_cache\csbench\CO_13\ANS_CO_1555.json
summary: completed=1, skipped=0, failed=0
2026-07-27 02:07:43 | INFO     | Initialize PaddleOCR | device=cpu | lang=ch | pending=1/1 | model_cache=D:\paddlex_cache
[1/1] completed: ANS_CO_1556.jpg | tokens=24 | mean_conf=0.981403 | output=D:\users\王鑫020420\Desktop\refgrader-main\ocr_cache\csbench\CO_13\ANS_CO_1556.json
summary: completed=1, skipped=0, failed=0
2026-07-27 02:08:04 | INFO     | Initialize PaddleOCR | device=cpu | lang=ch | pending=1/1 | model_cache=D:\paddlex_cache
[1/1] completed: ANS_CO_1557.jpg | tokens=34 | mean_conf=0.953407 | output=D:\users\王鑫020420\Desktop\refgrader-main\ocr_cache\csbench\CO_13\ANS_CO_1557.json
summary: completed=1, skipped=0, failed=0
2026-07-27 02:08:24 | INFO     | Initialize PaddleOCR | device=cpu | lang=ch | pending=1/1 | model_cache=D:\paddlex_cache
[1/1] completed: ANS_CO_1558.jpg | tokens=23 | mean_conf=0.892129 | output=D:\users\王鑫020420\Desktop\refgrader-main\ocr_cache\csbench\CO_13\ANS_CO_1558.json
summary: completed=1, skipped=0, failed=0
2026-07-27 02:08:43 | INFO     | Initialize PaddleOCR | device=cpu | lang=ch | pending=1/1 | model_cache=D:\paddlex_cache
[1/1] completed: ANS_CO_1559.jpg | tokens=16 | mean_conf=0.927918 | output=D:\users\王鑫020420\Desktop\refgrader-main\ocr_cache\csbench\CO_13\ANS_CO_1559.json
summary: completed=1, skipped=0, failed=0
2026-07-27 02:09:04 | INFO     | Initialize PaddleOCR | device=cpu | lang=ch | pending=1/1 | model_cache=D:\paddlex_cache
[1/1] completed: ANS_CO_1562.jpg | tokens=30 | mean_conf=0.924099 | output=D:\users\王鑫020420\Desktop\refgrader-main\ocr_cache\csbench\CO_13\ANS_CO_1562.json
summary: completed=1, skipped=0, failed=0
2026-07-27 02:09:25 | INFO     | Initialize PaddleOCR | device=cpu | lang=ch | pending=1/1 | model_cache=D:\paddlex_cache
[1/1] completed: ANS_CO_1563.jpg | tokens=26 | mean_conf=0.909401 | output=D:\users\王鑫020420\Desktop\refgrader-main\ocr_cache\csbench\CO_13\ANS_CO_1563.json
summary: completed=1, skipped=0, failed=0
2026-07-27 02:09:46 | INFO     | Initialize PaddleOCR | device=cpu | lang=ch | pending=1/1 | model_cache=D:\paddlex_cache
[1/1] completed: ANS_CO_1566.jpg | tokens=29 | mean_conf=0.951916 | output=D:\users\王鑫020420\Desktop\refgrader-main\ocr_cache\csbench\CO_13\ANS_CO_1566.json
summary: completed=1, skipped=0, failed=0
2026-07-27 02:10:09 | INFO     | Initialize PaddleOCR | device=cpu | lang=ch | pending=1/1 | model_cache=D:\paddlex_cache
[1/1] completed: ANS_CO_1567.jpg | tokens=32 | mean_conf=0.953231 | output=D:\users\王鑫020420\Desktop\refgrader-main\ocr_cache\csbench\CO_13\ANS_CO_1567.json
summary: completed=1, skipped=0, failed=0
2026-07-27 02:10:31 | INFO     | Initialize PaddleOCR | device=cpu | lang=ch | pending=1/1 | model_cache=D:\paddlex_cache
[1/1] completed: ANS_CO_1569.jpg | tokens=35 | mean_conf=0.970425 | output=D:\users\王鑫020420\Desktop\refgrader-main\ocr_cache\csbench\CO_13\ANS_CO_1569.json
summary: completed=1, skipped=0, failed=0
2026-07-27 02:10:52 | INFO     | Initialize PaddleOCR | device=cpu | lang=ch | pending=1/1 | model_cache=D:\paddlex_cache
[1/1] completed: ANS_CO_1571.jpg | tokens=35 | mean_conf=0.932423 | output=D:\users\王鑫020420\Desktop\refgrader-main\ocr_cache\csbench\CO_13\ANS_CO_1571.json
summary: completed=1, skipped=0, failed=0
2026-07-27 02:11:13 | INFO     | Initialize PaddleOCR | device=cpu | lang=ch | pending=1/1 | model_cache=D:\paddlex_cache
[1/1] completed: ANS_CO_1574.jpg | tokens=31 | mean_conf=0.900481 | output=D:\users\王鑫020420\Desktop\refgrader-main\ocr_cache\csbench\CO_13\ANS_CO_1574.json
summary: completed=1, skipped=0, failed=0
2026-07-27 02:11:31 | INFO     | Initialize PaddleOCR | device=cpu | lang=ch | pending=1/1 | model_cache=D:\paddlex_cache
[1/1] completed: ANS_CO_1575.jpg | tokens=17 | mean_conf=0.896958 | output=D:\users\王鑫020420\Desktop\refgrader-main\ocr_cache\csbench\CO_13\ANS_CO_1575.json
summary: completed=1, skipped=0, failed=0
2026-07-27 02:11:48 | INFO     | Initialize PaddleOCR | device=cpu | lang=ch | pending=1/1 | model_cache=D:\paddlex_cache
[1/1] completed: ANS_CO_1576.jpg | tokens=16 | mean_conf=0.901665 | output=D:\users\王鑫020420\Desktop\refgrader-main\ocr_cache\csbench\CO_13\ANS_CO_1576.json
summary: completed=1, skipped=0, failed=0
2026-07-27 02:12:09 | INFO     | Initialize PaddleOCR | device=cpu | lang=ch | pending=1/1 | model_cache=D:\paddlex_cache
[1/1] completed: ANS_CO_1578.jpg | tokens=30 | mean_conf=0.925126 | output=D:\users\王鑫020420\Desktop\refgrader-main\ocr_cache\csbench\CO_13\ANS_CO_1578.json
summary: completed=1, skipped=0, failed=0
2026-07-27 02:12:29 | INFO     | Initialize PaddleOCR | device=cpu | lang=ch | pending=1/1 | model_cache=D:\paddlex_cache
[1/1] completed: ANS_CO_1579.jpg | tokens=23 | mean_conf=0.897911 | output=D:\users\王鑫020420\Desktop\refgrader-main\ocr_cache\csbench\CO_13\ANS_CO_1579.json
summary: completed=1, skipped=0, failed=0
2026-07-27 02:12:45 | INFO     | Initialize PaddleOCR | device=cpu | lang=ch | pending=1/1 | model_cache=D:\paddlex_cache
[1/1] completed: ANS_CO_1580.jpg | tokens=16 | mean_conf=0.856151 | output=D:\users\王鑫020420\Desktop\refgrader-main\ocr_cache\csbench\CO_13\ANS_CO_1580.json
summary: completed=1, skipped=0, failed=0
2026-07-27 02:13:06 | INFO     | Initialize PaddleOCR | device=cpu | lang=ch | pending=1/1 | model_cache=D:\paddlex_cache
[1/1] completed: ANS_CO_1581.jpg | tokens=30 | mean_conf=0.961898 | output=D:\users\王鑫020420\Desktop\refgrader-main\ocr_cache\csbench\CO_13\ANS_CO_1581.json
summary: completed=1, skipped=0, failed=0
2026-07-27 02:13:28 | INFO     | Initialize PaddleOCR | device=cpu | lang=ch | pending=1/1 | model_cache=D:\paddlex_cache
[1/1] completed: ANS_CO_1582.jpg | tokens=34 | mean_conf=0.91447 | output=D:\users\王鑫020420\Desktop\refgrader-main\ocr_cache\csbench\CO_13\ANS_CO_1582.json
summary: completed=1, skipped=0, failed=0
2026-07-27 02:13:47 | INFO     | Initialize PaddleOCR | device=cpu | lang=ch | pending=1/1 | model_cache=D:\paddlex_cache
[1/1] completed: ANS_CO_1584.jpg | tokens=19 | mean_conf=0.941508 | output=D:\users\王鑫020420\Desktop\refgrader-main\ocr_cache\csbench\CO_13\ANS_CO_1584.json
summary: completed=1, skipped=0, failed=0
2026-07-27 02:14:05 | INFO     | Initialize PaddleOCR | device=cpu | lang=ch | pending=1/1 | model_cache=D:\paddlex_cache
[1/1] completed: ANS_CO_1585.jpg | tokens=17 | mean_conf=0.941831 | output=D:\users\王鑫020420\Desktop\refgrader-main\ocr_cache\csbench\CO_13\ANS_CO_1585.json
summary: completed=1, skipped=0, failed=0
2026-07-27 02:14:26 | INFO     | Initialize PaddleOCR | device=cpu | lang=ch | pending=1/1 | model_cache=D:\paddlex_cache
[1/1] completed: ANS_CO_1587.jpg | tokens=36 | mean_conf=0.956452 | output=D:\users\王鑫020420\Desktop\refgrader-main\ocr_cache\csbench\CO_13\ANS_CO_1587.json
summary: completed=1, skipped=0, failed=0
2026-07-27 02:14:50 | INFO     | Initialize PaddleOCR | device=cpu | lang=ch | pending=1/1 | model_cache=D:\paddlex_cache
[1/1] completed: ANS_CO_1588.jpg | tokens=43 | mean_conf=0.913414 | output=D:\users\王鑫020420\Desktop\refgrader-main\ocr_cache\csbench\CO_13\ANS_CO_1588.json
summary: completed=1, skipped=0, failed=0
2026-07-27 02:15:12 | INFO     | Initialize PaddleOCR | device=cpu | lang=ch | pending=1/1 | model_cache=D:\paddlex_cache
[1/1] completed: ANS_CO_1589.jpg | tokens=37 | mean_conf=0.921028 | output=D:\users\王鑫020420\Desktop\refgrader-main\ocr_cache\csbench\CO_13\ANS_CO_1589.json
summary: completed=1, skipped=0, failed=0
2026-07-27 02:15:34 | INFO     | Initialize PaddleOCR | device=cpu | lang=ch | pending=1/1 | model_cache=D:\paddlex_cache
[1/1] completed: ANS_CO_1590.jpg | tokens=39 | mean_conf=0.941666 | output=D:\users\王鑫020420\Desktop\refgrader-main\ocr_cache\csbench\CO_13\ANS_CO_1590.json
summary: completed=1, skipped=0, failed=0
2026-07-27 02:15:55 | INFO     | Initialize PaddleOCR | device=cpu | lang=ch | pending=1/1 | model_cache=D:\paddlex_cache
[1/1] completed: ANS_CO_1591.jpg | tokens=34 | mean_conf=0.906199 | output=D:\users\王鑫020420\Desktop\refgrader-main\ocr_cache\csbench\CO_13\ANS_CO_1591.json
summary: completed=1, skipped=0, failed=0
2026-07-27 02:16:15 | INFO     | Initialize PaddleOCR | device=cpu | lang=ch | pending=1/1 | model_cache=D:\paddlex_cache
[1/1] completed: ANS_CO_1592.jpg | tokens=31 | mean_conf=0.964803 | output=D:\users\王鑫020420\Desktop\refgrader-main\ocr_cache\csbench\CO_13\ANS_CO_1592.json
summary: completed=1, skipped=0, failed=0
2026-07-27 02:16:35 | INFO     | Initialize PaddleOCR | device=cpu | lang=ch | pending=1/1 | model_cache=D:\paddlex_cache
[1/1] completed: ANS_CO_1593.jpg | tokens=26 | mean_conf=0.957457 | output=D:\users\王鑫020420\Desktop\refgrader-main\ocr_cache\csbench\CO_13\ANS_CO_1593.json
summary: completed=1, skipped=0, failed=0
2026-07-27 02:16:56 | INFO     | Initialize PaddleOCR | device=cpu | lang=ch | pending=1/1 | model_cache=D:\paddlex_cache
[1/1] completed: ANS_CO_1595.jpg | tokens=30 | mean_conf=0.95269 | output=D:\users\王鑫020420\Desktop\refgrader-main\ocr_cache\csbench\CO_13\ANS_CO_1595.json
summary: completed=1, skipped=0, failed=0
2026-07-27 02:17:14 | INFO     | Initialize PaddleOCR | device=cpu | lang=ch | pending=1/1 | model_cache=D:\paddlex_cache
[1/1] completed: ANS_CO_1596.jpg | tokens=22 | mean_conf=0.893521 | output=D:\users\王鑫020420\Desktop\refgrader-main\ocr_cache\csbench\CO_13\ANS_CO_1596.json
summary: completed=1, skipped=0, failed=0
2026-07-27 02:17:33 | INFO     | Initialize PaddleOCR | device=cpu | lang=ch | pending=1/1 | model_cache=D:\paddlex_cache
[1/1] completed: ANS_CO_1597.jpg | tokens=22 | mean_conf=0.933828 | output=D:\users\王鑫020420\Desktop\refgrader-main\ocr_cache\csbench\CO_13\ANS_CO_1597.json
summary: completed=1, skipped=0, failed=0
2026-07-27 02:17:52 | INFO     | Initialize PaddleOCR | device=cpu | lang=ch | pending=1/1 | model_cache=D:\paddlex_cache
[1/1] completed: ANS_CO_1598.jpg | tokens=26 | mean_conf=0.906418 | output=D:\users\王鑫020420\Desktop\refgrader-main\ocr_cache\csbench\CO_13\ANS_CO_1598.json
summary: completed=1, skipped=0, failed=0
2026-07-27 02:18:10 | INFO     | Initialize PaddleOCR | device=cpu | lang=ch | pending=1/1 | model_cache=D:\paddlex_cache
[1/1] completed: ANS_CO_1599.jpg | tokens=19 | mean_conf=0.902009 | output=D:\users\王鑫020420\Desktop\refgrader-main\ocr_cache\csbench\CO_13\ANS_CO_1599.json
summary: completed=1, skipped=0, failed=0
2026-07-27 02:18:30 | INFO     | Initialize PaddleOCR | device=cpu | lang=ch | pending=1/1 | model_cache=D:\paddlex_cache
[1/1] completed: ANS_CO_1601.jpg | tokens=36 | mean_conf=0.970974 | output=D:\users\王鑫020420\Desktop\refgrader-main\ocr_cache\csbench\CO_13\ANS_CO_1601.json
summary: completed=1, skipped=0, failed=0
2026-07-27 02:18:51 | INFO     | Initialize PaddleOCR | device=cpu | lang=ch | pending=1/1 | model_cache=D:\paddlex_cache
[1/1] completed: ANS_CO_1602.jpg | tokens=29 | mean_conf=0.961989 | output=D:\users\王鑫020420\Desktop\refgrader-main\ocr_cache\csbench\CO_13\ANS_CO_1602.json
summary: completed=1, skipped=0, failed=0
2026-07-27 02:19:18 | INFO     | Initialize PaddleOCR | device=cpu | lang=ch | pending=1/1 | model_cache=D:\paddlex_cache
[1/1] completed: ANS_CO_1603.jpg | tokens=48 | mean_conf=0.969873 | output=D:\users\王鑫020420\Desktop\refgrader-main\ocr_cache\csbench\CO_13\ANS_CO_1603.json
summary: completed=1, skipped=0, failed=0
2026-07-27 02:19:40 | INFO     | Initialize PaddleOCR | device=cpu | lang=ch | pending=1/1 | model_cache=D:\paddlex_cache
[1/1] completed: ANS_CO_1604.jpg | tokens=44 | mean_conf=0.931963 | output=D:\users\王鑫020420\Desktop\refgrader-main\ocr_cache\csbench\CO_13\ANS_CO_1604.json
summary: completed=1, skipped=0, failed=0
2026-07-27 02:19:58 | INFO     | Initialize PaddleOCR | device=cpu | lang=ch | pending=1/1 | model_cache=D:\paddlex_cache
[1/1] completed: ANS_CO_1605.jpg | tokens=16 | mean_conf=0.919129 | output=D:\users\王鑫020420\Desktop\refgrader-main\ocr_cache\csbench\CO_13\ANS_CO_1605.json
summary: completed=1, skipped=0, failed=0
2026-07-27 02:20:18 | INFO     | Initialize PaddleOCR | device=cpu | lang=ch | pending=1/1 | model_cache=D:\paddlex_cache
[1/1] completed: ANS_CO_1607.jpg | tokens=37 | mean_conf=0.953674 | output=D:\users\王鑫020420\Desktop\refgrader-main\ocr_cache\csbench\CO_13\ANS_CO_1607.json
summary: completed=1, skipped=0, failed=0
2026-07-27 02:20:40 | INFO     | Initialize PaddleOCR | device=cpu | lang=ch | pending=1/1 | model_cache=D:\paddlex_cache
[1/1] completed: ANS_CO_1608.jpg | tokens=28 | mean_conf=0.927664 | output=D:\users\王鑫020420\Desktop\refgrader-main\ocr_cache\csbench\CO_13\ANS_CO_1608.json
summary: completed=1, skipped=0, failed=0
2026-07-27 02:20:59 | INFO     | Initialize PaddleOCR | device=cpu | lang=ch | pending=1/1 | model_cache=D:\paddlex_cache
[1/1] completed: ANS_CO_1609.jpg | tokens=18 | mean_conf=0.91277 | output=D:\users\王鑫020420\Desktop\refgrader-main\ocr_cache\csbench\CO_13\ANS_CO_1609.json
summary: completed=1, skipped=0, failed=0
2026-07-27 02:21:16 | INFO     | Initialize PaddleOCR | device=cpu | lang=ch | pending=1/1 | model_cache=D:\paddlex_cache
[1/1] completed: ANS_CO_1610.jpg | tokens=16 | mean_conf=0.88439 | output=D:\users\王鑫020420\Desktop\refgrader-main\ocr_cache\csbench\CO_13\ANS_CO_1610.json
summary: completed=1, skipped=0, failed=0
2026-07-27 02:21:35 | INFO     | Initialize PaddleOCR | device=cpu | lang=ch | pending=1/1 | model_cache=D:\paddlex_cache
[1/1] completed: ANS_CO_1611.jpg | tokens=15 | mean_conf=0.947545 | output=D:\users\王鑫020420\Desktop\refgrader-main\ocr_cache\csbench\CO_13\ANS_CO_1611.json
summary: completed=1, skipped=0, failed=0
2026-07-27 02:21:52 | INFO     | Initialize PaddleOCR | device=cpu | lang=ch | pending=1/1 | model_cache=D:\paddlex_cache
[1/1] completed: ANS_CO_1612.jpg | tokens=15 | mean_conf=0.93667 | output=D:\users\王鑫020420\Desktop\refgrader-main\ocr_cache\csbench\CO_13\ANS_CO_1612.json
summary: completed=1, skipped=0, failed=0
2026-07-27 02:22:12 | INFO     | Initialize PaddleOCR | device=cpu | lang=ch | pending=1/1 | model_cache=D:\paddlex_cache
[1/1] completed: ANS_CO_1614.jpg | tokens=34 | mean_conf=0.922337 | output=D:\users\王鑫020420\Desktop\refgrader-main\ocr_cache\csbench\CO_13\ANS_CO_1614.json
summary: completed=1, skipped=0, failed=0
2026-07-27 02:22:31 | INFO     | Initialize PaddleOCR | device=cpu | lang=ch | pending=1/1 | model_cache=D:\paddlex_cache
[1/1] completed: ANS_CO_1615.jpg | tokens=17 | mean_conf=0.884773 | output=D:\users\王鑫020420\Desktop\refgrader-main\ocr_cache\csbench\CO_13\ANS_CO_1615.json
summary: completed=1, skipped=0, failed=0
2026-07-27 02:22:51 | INFO     | Initialize PaddleOCR | device=cpu | lang=ch | pending=1/1 | model_cache=D:\paddlex_cache
[1/1] completed: ANS_CO_1616.jpg | tokens=32 | mean_conf=0.945716 | output=D:\users\王鑫020420\Desktop\refgrader-main\ocr_cache\csbench\CO_13\ANS_CO_1616.json
summary: completed=1, skipped=0, failed=0
2026-07-27 02:23:11 | INFO     | Initialize PaddleOCR | device=cpu | lang=ch | pending=1/1 | model_cache=D:\paddlex_cache
[1/1] completed: ANS_CO_1617.jpg | tokens=22 | mean_conf=0.916666 | output=D:\users\王鑫020420\Desktop\refgrader-main\ocr_cache\csbench\CO_13\ANS_CO_1617.json
summary: completed=1, skipped=0, failed=0
2026-07-27 02:23:30 | INFO     | Initialize PaddleOCR | device=cpu | lang=ch | pending=1/1 | model_cache=D:\paddlex_cache
[1/1] completed: ANS_CO_1618.jpg | tokens=18 | mean_conf=0.916911 | output=D:\users\王鑫020420\Desktop\refgrader-main\ocr_cache\csbench\CO_13\ANS_CO_1618.json
summary: completed=1, skipped=0, failed=0
2026-07-27 02:23:53 | INFO     | Initialize PaddleOCR | device=cpu | lang=ch | pending=1/1 | model_cache=D:\paddlex_cache
[1/1] completed: ANS_CO_1620.jpg | tokens=31 | mean_conf=0.938106 | output=D:\users\王鑫020420\Desktop\refgrader-main\ocr_cache\csbench\CO_13\ANS_CO_1620.json
summary: completed=1, skipped=0, failed=0
2026-07-27 02:24:12 | INFO     | Initialize PaddleOCR | device=cpu | lang=ch | pending=1/1 | model_cache=D:\paddlex_cache
[1/1] completed: ANS_CO_1622.jpg | tokens=18 | mean_conf=0.955301 | output=D:\users\王鑫020420\Desktop\refgrader-main\ocr_cache\csbench\CO_13\ANS_CO_1622.json
summary: completed=1, skipped=0, failed=0
2026-07-27 02:24:33 | INFO     | Initialize PaddleOCR | device=cpu | lang=ch | pending=1/1 | model_cache=D:\paddlex_cache
[1/1] completed: ANS_CO_1623.jpg | tokens=33 | mean_conf=0.951214 | output=D:\users\王鑫020420\Desktop\refgrader-main\ocr_cache\csbench\CO_13\ANS_CO_1623.json
summary: completed=1, skipped=0, failed=0
2026-07-27 02:24:53 | INFO     | Initialize PaddleOCR | device=cpu | lang=ch | pending=1/1 | model_cache=D:\paddlex_cache
[1/1] completed: ANS_CO_1625.jpg | tokens=25 | mean_conf=0.935041 | output=D:\users\王鑫020420\Desktop\refgrader-main\ocr_cache\csbench\CO_13\ANS_CO_1625.json
summary: completed=1, skipped=0, failed=0
2026-07-27 02:25:16 | INFO     | Initialize PaddleOCR | device=cpu | lang=ch | pending=1/1 | model_cache=D:\paddlex_cache
[1/1] completed: ANS_CO_1626.jpg | tokens=37 | mean_conf=0.979534 | output=D:\users\王鑫020420\Desktop\refgrader-main\ocr_cache\csbench\CO_13\ANS_CO_1626.json
summary: completed=1, skipped=0, failed=0
2026-07-27 02:25:37 | INFO     | Initialize PaddleOCR | device=cpu | lang=ch | pending=1/1 | model_cache=D:\paddlex_cache
[1/1] completed: ANS_CO_1628.jpg | tokens=30 | mean_conf=0.94759 | output=D:\users\王鑫020420\Desktop\refgrader-main\ocr_cache\csbench\CO_13\ANS_CO_1628.json
summary: completed=1, skipped=0, failed=0
2026-07-27 02:26:00 | INFO     | Initialize PaddleOCR | device=cpu | lang=ch | pending=1/1 | model_cache=D:\paddlex_cache
[1/1] completed: ANS_CO_1629.jpg | tokens=41 | mean_conf=0.931 | output=D:\users\王鑫020420\Desktop\refgrader-main\ocr_cache\csbench\CO_13\ANS_CO_1629.json
summary: completed=1, skipped=0, failed=0
2026-07-27 02:26:18 | INFO     | Initialize PaddleOCR | device=cpu | lang=ch | pending=1/1 | model_cache=D:\paddlex_cache
[1/1] completed: ANS_CO_1630.jpg | tokens=21 | mean_conf=0.911333 | output=D:\users\王鑫020420\Desktop\refgrader-main\ocr_cache\csbench\CO_13\ANS_CO_1630.json
summary: completed=1, skipped=0, failed=0
2026-07-27 02:26:37 | INFO     | Initialize PaddleOCR | device=cpu | lang=ch | pending=1/1 | model_cache=D:\paddlex_cache
[1/1] completed: ANS_CO_1632.jpg | tokens=23 | mean_conf=0.935227 | output=D:\users\王鑫020420\Desktop\refgrader-main\ocr_cache\csbench\CO_13\ANS_CO_1632.json
summary: completed=1, skipped=0, failed=0
2026-07-27 02:26:55 | INFO     | Initialize PaddleOCR | device=cpu | lang=ch | pending=1/1 | model_cache=D:\paddlex_cache
[1/1] completed: ANS_CO_1633.jpg | tokens=21 | mean_conf=0.945816 | output=D:\users\王鑫020420\Desktop\refgrader-main\ocr_cache\csbench\CO_13\ANS_CO_1633.json
summary: completed=1, skipped=0, failed=0
2026-07-27 02:27:20 | INFO     | Initialize PaddleOCR | device=cpu | lang=ch | pending=1/1 | model_cache=D:\paddlex_cache
[1/1] completed: ANS_CO_1634.jpg | tokens=44 | mean_conf=0.968331 | output=D:\users\王鑫020420\Desktop\refgrader-main\ocr_cache\csbench\CO_13\ANS_CO_1634.json
summary: completed=1, skipped=0, failed=0
2026-07-27 02:27:41 | INFO     | Initialize PaddleOCR | device=cpu | lang=ch | pending=1/1 | model_cache=D:\paddlex_cache
[1/1] completed: ANS_CO_1635.jpg | tokens=34 | mean_conf=0.939789 | output=D:\users\王鑫020420\Desktop\refgrader-main\ocr_cache\csbench\CO_13\ANS_CO_1635.json
summary: completed=1, skipped=0, failed=0
2026-07-27 02:28:02 | INFO     | Initialize PaddleOCR | device=cpu | lang=ch | pending=1/1 | model_cache=D:\paddlex_cache
[1/1] completed: ANS_CO_1636.jpg | tokens=31 | mean_conf=0.955128 | output=D:\users\王鑫020420\Desktop\refgrader-main\ocr_cache\csbench\CO_13\ANS_CO_1636.json
summary: completed=1, skipped=0, failed=0
2026-07-27 02:28:21 | INFO     | Initialize PaddleOCR | device=cpu | lang=ch | pending=1/1 | model_cache=D:\paddlex_cache
[1/1] completed: ANS_CO_1637.jpg | tokens=19 | mean_conf=0.945408 | output=D:\users\王鑫020420\Desktop\refgrader-main\ocr_cache\csbench\CO_13\ANS_CO_1637.json
summary: completed=1, skipped=0, failed=0
2026-07-27 02:28:42 | INFO     | Initialize PaddleOCR | device=cpu | lang=ch | pending=1/1 | model_cache=D:\paddlex_cache
[1/1] completed: ANS_CO_1640.jpg | tokens=31 | mean_conf=0.915607 | output=D:\users\王鑫020420\Desktop\refgrader-main\ocr_cache\csbench\CO_13\ANS_CO_1640.json
summary: completed=1, skipped=0, failed=0
2026-07-27 02:29:00 | INFO     | Initialize PaddleOCR | device=cpu | lang=ch | pending=1/1 | model_cache=D:\paddlex_cache
[1/1] completed: ANS_CO_1641.jpg | tokens=16 | mean_conf=0.925812 | output=D:\users\王鑫020420\Desktop\refgrader-main\ocr_cache\csbench\CO_13\ANS_CO_1641.json
summary: completed=1, skipped=0, failed=0
2026-07-27 02:29:21 | INFO     | Initialize PaddleOCR | device=cpu | lang=ch | pending=1/1 | model_cache=D:\paddlex_cache
[1/1] completed: ANS_CO_1642.jpg | tokens=28 | mean_conf=0.957019 | output=D:\users\王鑫020420\Desktop\refgrader-main\ocr_cache\csbench\CO_13\ANS_CO_1642.json
summary: completed=1, skipped=0, failed=0
2026-07-27 02:29:38 | INFO     | Initialize PaddleOCR | device=cpu | lang=ch | pending=1/1 | model_cache=D:\paddlex_cache
[1/1] completed: ANS_CO_1643.jpg | tokens=19 | mean_conf=0.9569 | output=D:\users\王鑫020420\Desktop\refgrader-main\ocr_cache\csbench\CO_13\ANS_CO_1643.json
summary: completed=1, skipped=0, failed=0
2026-07-27 02:30:00 | INFO     | Initialize PaddleOCR | device=cpu | lang=ch | pending=1/1 | model_cache=D:\paddlex_cache
[1/1] completed: ANS_CO_1644.jpg | tokens=33 | mean_conf=0.98186 | output=D:\users\王鑫020420\Desktop\refgrader-main\ocr_cache\csbench\CO_13\ANS_CO_1644.json
summary: completed=1, skipped=0, failed=0
2026-07-27 02:30:24 | INFO     | Initialize PaddleOCR | device=cpu | lang=ch | pending=1/1 | model_cache=D:\paddlex_cache
[1/1] completed: ANS_CO_1646.jpg | tokens=45 | mean_conf=0.954921 | output=D:\users\王鑫020420\Desktop\refgrader-main\ocr_cache\csbench\CO_13\ANS_CO_1646.json
summary: completed=1, skipped=0, failed=0
2026-07-27 02:30:46 | INFO     | Initialize PaddleOCR | device=cpu | lang=ch | pending=1/1 | model_cache=D:\paddlex_cache
[1/1] completed: ANS_CO_1647.jpg | tokens=32 | mean_conf=0.92245 | output=D:\users\王鑫020420\Desktop\refgrader-main\ocr_cache\csbench\CO_13\ANS_CO_1647.json
summary: completed=1, skipped=0, failed=0
2026-07-27 02:31:09 | INFO     | Initialize PaddleOCR | device=cpu | lang=ch | pending=1/1 | model_cache=D:\paddlex_cache
[1/1] completed: ANS_CO_1651.jpg | tokens=51 | mean_conf=0.968793 | output=D:\users\王鑫020420\Desktop\refgrader-main\ocr_cache\csbench\CO_13\ANS_CO_1651.json
summary: completed=1, skipped=0, failed=0
2026-07-27 02:31:26 | INFO     | Initialize PaddleOCR | device=cpu | lang=ch | pending=1/1 | model_cache=D:\paddlex_cache
[1/1] completed: ANS_CO_1652.jpg | tokens=14 | mean_conf=0.959555 | output=D:\users\王鑫020420\Desktop\refgrader-main\ocr_cache\csbench\CO_13\ANS_CO_1652.json
summary: completed=1, skipped=0, failed=0
2026-07-27 02:31:44 | INFO     | Initialize PaddleOCR | device=cpu | lang=ch | pending=1/1 | model_cache=D:\paddlex_cache
[1/1] completed: ANS_CO_1653.jpg | tokens=17 | mean_conf=0.934103 | output=D:\users\王鑫020420\Desktop\refgrader-main\ocr_cache\csbench\CO_13\ANS_CO_1653.json
summary: completed=1, skipped=0, failed=0
2026-07-27 02:32:05 | INFO     | Initialize PaddleOCR | device=cpu | lang=ch | pending=1/1 | model_cache=D:\paddlex_cache
[1/1] completed: ANS_CO_1654.jpg | tokens=36 | mean_conf=0.966461 | output=D:\users\王鑫020420\Desktop\refgrader-main\ocr_cache\csbench\CO_13\ANS_CO_1654.json
summary: completed=1, skipped=0, failed=0
2026-07-27 02:32:11 | INFO     | ⚡ 脱敏清单已预生成，126 名学生共享复用。
2026-07-27 02:32:11 | INFO     | 🏃 开始批改 126 张试卷 (⚡ 开启多线程模式)...
2026-07-27 02:32:11 | INFO     | 
🔍 [正在处理] ANS_CO_1488 | 启动 3WD 流水线...
2026-07-27 02:32:11 | INFO     | 
🔍 [正在处理] ANS_CO_1489 | 启动 3WD 流水线...
2026-07-27 02:32:11 | INFO     | ⏳ [主线程] 已提交 126 个任务，等待结果回收...
2026-07-27 02:33:09 | INFO     | ✅ [批改完成] ANS_CO_1488 | 路由: BND | 最终分: 19.0 | 风险: P0.00/U0.04/F0.00/H0/L0 | 提取质量: 🟢high | 留白率: 0% | 低质量率: 0%
2026-07-27 02:33:09 | INFO     | 
🔍 [正在处理] ANS_CO_1490 | 启动 3WD 流水线...
2026-07-27 02:33:09 | INFO     | 📢 [总进度] 1/126 份试卷已归档。
2026-07-27 02:33:09 | INFO     | ✅ [批改完成] ANS_CO_1489 | 路由: BND | 最终分: 12.7 | 风险: P0.00/U0.11/F0.00/H0/L1 | 提取质量: 🟢high | 留白率: 0% | 低质量率: 0%
2026-07-27 02:33:09 | INFO     | 
🔍 [正在处理] ANS_CO_1491 | 启动 3WD 流水线...
2026-07-27 02:33:09 | INFO     | 📢 [总进度] 2/126 份试卷已归档。
2026-07-27 02:33:28 | INFO     | ✅ [批改完成] ANS_CO_1491 | 路由: NEG | 最终分: 0 | 风险: P0.80/U0.00/F0.00/H0/L0 | 提取质量: 🟡low | 留白率: 100% | 低质量率: 0%
2026-07-27 02:33:28 | INFO     | 
🔍 [正在处理] ANS_CO_1493 | 启动 3WD 流水线...
2026-07-27 02:33:28 | INFO     | 📢 [总进度] 3/126 份试卷已归档 [NEG-拒绝]。
2026-07-27 02:34:04 | INFO     | ✅ [批改完成] ANS_CO_1490 | 路由: BND | 最终分: 6.5 | 风险: P0.00/U0.06/F0.00/H0/L1 | 提取质量: 🟢high | 留白率: 0% | 低质量率: 0%
2026-07-27 02:34:04 | INFO     | 
🔍 [正在处理] ANS_CO_1494 | 启动 3WD 流水线...
2026-07-27 02:34:04 | INFO     | 📢 [总进度] 4/126 份试卷已归档。
2026-07-27 02:34:14 | INFO     | ✅ [批改完成] ANS_CO_1493 | 路由: POS | 最终分: 16.2 | 风险: P0.00/U0.01/F0.00/H0/L0 | 提取质量: 🟢high | 留白率: 0% | 低质量率: 0%
2026-07-27 02:34:14 | INFO     | 
🔍 [正在处理] ANS_CO_1496 | 启动 3WD 流水线...
2026-07-27 02:34:14 | INFO     | 📢 [总进度] 5/126 份试卷已归档。
2026-07-27 02:35:02 | INFO     | ✅ [批改完成] ANS_CO_1496 | 路由: BND | 最终分: 18.3 | 风险: P0.00/U0.06/F0.00/H0/L0 | 提取质量: 🟢high | 留白率: 0% | 低质量率: 0%
2026-07-27 02:35:02 | INFO     | 
🔍 [正在处理] ANS_CO_1497 | 启动 3WD 流水线...
2026-07-27 02:35:02 | INFO     | 📢 [总进度] 6/126 份试卷已归档。
2026-07-27 02:35:21 | INFO     | ✅ [批改完成] ANS_CO_1494 | 路由: BND | 最终分: 5.7 | 风险: P0.00/U0.22/F0.40/H0/L1 | 提取质量: 🟢high | 留白率: 0% | 低质量率: 0%
2026-07-27 02:35:21 | INFO     | 
🔍 [正在处理] ANS_CO_1500 | 启动 3WD 流水线...
2026-07-27 02:35:21 | INFO     | 📢 [总进度] 7/126 份试卷已归档。
2026-07-27 02:36:32 | INFO     | ✅ [批改完成] ANS_CO_1497 | 路由: BND | 最终分: 12.0 | 风险: P0.00/U0.26/F0.00/H0/L1 | 提取质量: 🟢high | 留白率: 0% | 低质量率: 0%
2026-07-27 02:36:32 | INFO     | 
🔍 [正在处理] ANS_CO_1501 | 启动 3WD 流水线...
2026-07-27 02:36:32 | INFO     | 📢 [总进度] 8/126 份试卷已归档。
2026-07-27 02:36:43 | INFO     | ✅ [批改完成] ANS_CO_1500 | 路由: POS | 最终分: 16.3 | 风险: P0.00/U0.01/F0.00/H0/L0 | 提取质量: 🟢high | 留白率: 0% | 低质量率: 0%
2026-07-27 02:36:43 | INFO     | 
🔍 [正在处理] ANS_CO_1503 | 启动 3WD 流水线...
2026-07-27 02:36:43 | INFO     | 📢 [总进度] 9/126 份试卷已归档。
2026-07-27 02:37:32 | INFO     | ✅ [批改完成] ANS_CO_1501 | 路由: BND | 最终分: 8.7 | 风险: P0.00/U0.09/F0.00/H0/L1 | 提取质量: 🟢high | 留白率: 0% | 低质量率: 0%
2026-07-27 02:37:32 | INFO     | 
🔍 [正在处理] ANS_CO_1504 | 启动 3WD 流水线...
2026-07-27 02:37:32 | INFO     | 📢 [总进度] 10/126 份试卷已归档。
2026-07-27 02:37:33 | INFO     | ✅ [批改完成] ANS_CO_1503 | 路由: BND | 最终分: 18.3 | 风险: P0.00/U0.05/F0.00/H0/L0 | 提取质量: 🟢high | 留白率: 0% | 低质量率: 0%
2026-07-27 02:37:33 | INFO     | 
🔍 [正在处理] ANS_CO_1506 | 启动 3WD 流水线...
2026-07-27 02:37:33 | INFO     | 📢 [总进度] 11/126 份试卷已归档。
2026-07-27 02:38:27 | INFO     | ✅ [批改完成] ANS_CO_1506 | 路由: BND | 最终分: 16.8 | 风险: P0.00/U0.08/F0.00/H0/L0 | 提取质量: 🟢high | 留白率: 0% | 低质量率: 0%
2026-07-27 02:38:27 | INFO     | 
🔍 [正在处理] ANS_CO_1508 | 启动 3WD 流水线...
2026-07-27 02:38:27 | INFO     | 📢 [总进度] 12/126 份试卷已归档。
2026-07-27 02:38:31 | INFO     | ✅ [批改完成] ANS_CO_1504 | 路由: POS | 最终分: 17.5 | 风险: P0.00/U0.04/F0.00/H0/L0 | 提取质量: 🟢high | 留白率: 0% | 低质量率: 0%
2026-07-27 02:38:31 | INFO     | 
🔍 [正在处理] ANS_CO_1509 | 启动 3WD 流水线...
2026-07-27 02:38:31 | INFO     | 📢 [总进度] 13/126 份试卷已归档。
2026-07-27 02:39:27 | INFO     | ✅ [批改完成] ANS_CO_1509 | 路由: BND | 最终分: 10.3 | 风险: P0.10/U0.17/F0.00/H0/L1 | 提取质量: 🟢high | 留白率: 0% | 低质量率: 0%
2026-07-27 02:39:27 | INFO     | 
🔍 [正在处理] ANS_CO_1510 | 启动 3WD 流水线...
2026-07-27 02:39:27 | INFO     | 📢 [总进度] 14/126 份试卷已归档。
2026-07-27 02:39:33 | INFO     | ✅ [批改完成] ANS_CO_1508 | 路由: BND | 最终分: 17.2 | 风险: P0.00/U0.10/F0.00/H0/L0 | 提取质量: 🟢high | 留白率: 0% | 低质量率: 0%
2026-07-27 02:39:33 | INFO     | 
🔍 [正在处理] ANS_CO_1511 | 启动 3WD 流水线...
2026-07-27 02:39:33 | INFO     | 📢 [总进度] 15/126 份试卷已归档。
2026-07-27 02:40:32 | INFO     | ✅ [批改完成] ANS_CO_1510 | 路由: BND | 最终分: 16.2 | 风险: P0.00/U0.13/F0.00/H0/L0 | 提取质量: 🟢high | 留白率: 0% | 低质量率: 0%
2026-07-27 02:40:32 | INFO     | 
🔍 [正在处理] ANS_CO_1512 | 启动 3WD 流水线...
2026-07-27 02:40:32 | INFO     | 📢 [总进度] 16/126 份试卷已归档。
2026-07-27 02:40:43 | INFO     | ✅ [批改完成] ANS_CO_1511 | 路由: BND | 最终分: 17.5 | 风险: P0.00/U0.06/F0.00/H0/L0 | 提取质量: 🟢high | 留白率: 0% | 低质量率: 0%
2026-07-27 02:40:43 | INFO     | 
🔍 [正在处理] ANS_CO_1513 | 启动 3WD 流水线...
2026-07-27 02:40:43 | INFO     | 📢 [总进度] 17/126 份试卷已归档。
2026-07-27 02:41:33 | INFO     | ✅ [批改完成] ANS_CO_1512 | 路由: BND | 最终分: 10.7 | 风险: P0.00/U0.25/F0.40/H0/L1 | 提取质量: 🟢high | 留白率: 0% | 低质量率: 0%
2026-07-27 02:41:33 | INFO     | 
🔍 [正在处理] ANS_CO_1515 | 启动 3WD 流水线...
2026-07-27 02:41:33 | INFO     | 📢 [总进度] 18/126 份试卷已归档。
2026-07-27 02:41:43 | INFO     | ✅ [批改完成] ANS_CO_1513 | 路由: POS | 最终分: 15.0 | 风险: P0.00/U0.00/F0.00/H0/L0 | 提取质量: 🟢high | 留白率: 0% | 低质量率: 0%
2026-07-27 02:41:43 | INFO     | 
🔍 [正在处理] ANS_CO_1516 | 启动 3WD 流水线...
2026-07-27 02:41:43 | INFO     | 📢 [总进度] 19/126 份试卷已归档。
2026-07-27 02:42:39 | INFO     | ✅ [批改完成] ANS_CO_1515 | 路由: BND | 最终分: 3.0 | 风险: P0.00/U0.22/F0.00/H0/L1 | 提取质量: 🟢high | 留白率: 0% | 低质量率: 0%
2026-07-27 02:42:39 | INFO     | 
🔍 [正在处理] ANS_CO_1517 | 启动 3WD 流水线...
2026-07-27 02:42:39 | INFO     | 📢 [总进度] 20/126 份试卷已归档。
2026-07-27 02:42:47 | INFO     | ✅ [批改完成] ANS_CO_1516 | 路由: BND | 最终分: 13.7 | 风险: P0.00/U0.06/F0.00/H0/L1 | 提取质量: 🟢high | 留白率: 0% | 低质量率: 0%
2026-07-27 02:42:47 | INFO     | 
🔍 [正在处理] ANS_CO_1518 | 启动 3WD 流水线...
2026-07-27 02:42:47 | INFO     | 📢 [总进度] 21/126 份试卷已归档。
2026-07-27 02:43:41 | INFO     | ✅ [批改完成] ANS_CO_1517 | 路由: BND | 最终分: 11.0 | 风险: P0.00/U0.02/F0.00/H0/L1 | 提取质量: 🟢high | 留白率: 0% | 低质量率: 0%
2026-07-27 02:43:41 | INFO     | 
🔍 [正在处理] ANS_CO_1519 | 启动 3WD 流水线...
2026-07-27 02:43:41 | INFO     | 📢 [总进度] 22/126 份试卷已归档。
2026-07-27 02:43:52 | INFO     | ✅ [批改完成] ANS_CO_1518 | 路由: BND | 最终分: 16.0 | 风险: P0.00/U0.05/F0.00/H0/L0 | 提取质量: 🟢high | 留白率: 0% | 低质量率: 0%
2026-07-27 02:43:52 | INFO     | 
🔍 [正在处理] ANS_CO_1520 | 启动 3WD 流水线...
2026-07-27 02:43:52 | INFO     | 📢 [总进度] 23/126 份试卷已归档。
2026-07-27 02:44:33 | INFO     | ✅ [批改完成] ANS_CO_1519 | 路由: BND | 最终分: 16.0 | 风险: P0.00/U0.06/F0.00/H0/L0 | 提取质量: 🟢high | 留白率: 0% | 低质量率: 0%
2026-07-27 02:44:33 | INFO     | 
🔍 [正在处理] ANS_CO_1521 | 启动 3WD 流水线...
2026-07-27 02:44:33 | INFO     | 📢 [总进度] 24/126 份试卷已归档。
2026-07-27 02:44:51 | INFO     | ✅ [批改完成] ANS_CO_1520 | 路由: BND | 最终分: 7.3 | 风险: P0.00/U0.12/F0.40/H0/L1 | 提取质量: 🟢high | 留白率: 0% | 低质量率: 0%
2026-07-27 02:44:51 | INFO     | 
🔍 [正在处理] ANS_CO_1522 | 启动 3WD 流水线...
2026-07-27 02:44:51 | INFO     | 📢 [总进度] 25/126 份试卷已归档。
2026-07-27 02:45:37 | INFO     | ✅ [批改完成] ANS_CO_1521 | 路由: BND | 最终分: 5.8 | 风险: P0.00/U0.33/F0.00/H0/L1 | 提取质量: 🟢high | 留白率: 0% | 低质量率: 0%
2026-07-27 02:45:37 | INFO     | 
🔍 [正在处理] ANS_CO_1524 | 启动 3WD 流水线...
2026-07-27 02:45:37 | INFO     | 📢 [总进度] 26/126 份试卷已归档。
2026-07-27 02:45:51 | INFO     | ✅ [批改完成] ANS_CO_1522 | 路由: BND | 最终分: 6.2 | 风险: P0.00/U0.24/F0.00/H0/L1 | 提取质量: 🟢high | 留白率: 0% | 低质量率: 0%
2026-07-27 02:45:51 | INFO     | 
🔍 [正在处理] ANS_CO_1525 | 启动 3WD 流水线...
2026-07-27 02:45:51 | INFO     | 📢 [总进度] 27/126 份试卷已归档。
2026-07-27 02:46:43 | INFO     | ✅ [批改完成] ANS_CO_1524 | 路由: BND | 最终分: 12.3 | 风险: P0.10/U0.08/F0.00/H0/L0 | 提取质量: 🟢high | 留白率: 0% | 低质量率: 0%
2026-07-27 02:46:43 | INFO     | 
🔍 [正在处理] ANS_CO_1528 | 启动 3WD 流水线...
2026-07-27 02:46:43 | INFO     | 📢 [总进度] 28/126 份试卷已归档。
2026-07-27 02:46:59 | INFO     | ✅ [批改完成] ANS_CO_1525 | 路由: BND | 最终分: 13.7 | 风险: P0.00/U0.17/F0.00/H0/L0 | 提取质量: 🟢high | 留白率: 0% | 低质量率: 0%
2026-07-27 02:46:59 | INFO     | 
🔍 [正在处理] ANS_CO_1529 | 启动 3WD 流水线...
2026-07-27 02:46:59 | INFO     | 📢 [总进度] 29/126 份试卷已归档。
2026-07-27 02:47:44 | INFO     | ✅ [批改完成] ANS_CO_1528 | 路由: BND | 最终分: 8.7 | 风险: P0.00/U0.24/F0.40/H0/L1 | 提取质量: 🟢high | 留白率: 0% | 低质量率: 0%
2026-07-27 02:47:44 | INFO     | 
🔍 [正在处理] ANS_CO_1530 | 启动 3WD 流水线...
2026-07-27 02:47:44 | INFO     | 📢 [总进度] 30/126 份试卷已归档。
2026-07-27 02:47:59 | INFO     | ✅ [批改完成] ANS_CO_1529 | 路由: BND | 最终分: 5.3 | 风险: P0.00/U0.09/F0.00/H0/L1 | 提取质量: 🟢high | 留白率: 0% | 低质量率: 0%
2026-07-27 02:47:59 | INFO     | 
🔍 [正在处理] ANS_CO_1531 | 启动 3WD 流水线...
2026-07-27 02:47:59 | INFO     | 📢 [总进度] 31/126 份试卷已归档。
2026-07-27 02:48:48 | INFO     | ✅ [批改完成] ANS_CO_1530 | 路由: BND | 最终分: 12.7 | 风险: P0.00/U0.24/F0.00/H0/L0 | 提取质量: 🟢high | 留白率: 0% | 低质量率: 0%
2026-07-27 02:48:48 | INFO     | 
🔍 [正在处理] ANS_CO_1534 | 启动 3WD 流水线...
2026-07-27 02:48:48 | INFO     | 📢 [总进度] 32/126 份试卷已归档。
2026-07-27 02:49:04 | INFO     | ✅ [批改完成] ANS_CO_1531 | 路由: BND | 最终分: 17.5 | 风险: P0.00/U0.18/F0.00/H0/L0 | 提取质量: 🟢high | 留白率: 0% | 低质量率: 0%
2026-07-27 02:49:04 | INFO     | 
🔍 [正在处理] ANS_CO_1535 | 启动 3WD 流水线...
2026-07-27 02:49:04 | INFO     | 📢 [总进度] 33/126 份试卷已归档。
2026-07-27 02:49:59 | INFO     | ✅ [批改完成] ANS_CO_1535 | 路由: BND | 最终分: 10.0 | 风险: P0.00/U0.09/F0.00/H0/L1 | 提取质量: 🟢high | 留白率: 0% | 低质量率: 0%
2026-07-27 02:49:59 | INFO     | 
🔍 [正在处理] ANS_CO_1536 | 启动 3WD 流水线...
2026-07-27 02:49:59 | INFO     | 📢 [总进度] 34/126 份试卷已归档。
2026-07-27 02:51:14 | INFO     | ✅ [批改完成] ANS_CO_1536 | 路由: BND | 最终分: 14.3 | 风险: P0.00/U0.08/F0.00/H0/L0 | 提取质量: 🟢high | 留白率: 0% | 低质量率: 0%
2026-07-27 02:51:14 | INFO     | 
🔍 [正在处理] ANS_CO_1537 | 启动 3WD 流水线...
2026-07-27 02:51:14 | INFO     | 📢 [总进度] 35/126 份试卷已归档。
2026-07-27 02:52:15 | INFO     | ✅ [批改完成] ANS_CO_1534 | 路由: BND | 最终分: 13.5 | 风险: P0.00/U0.19/F0.00/H0/L0 | 提取质量: 🟢high | 留白率: 0% | 低质量率: 0%
2026-07-27 02:52:15 | INFO     | 
🔍 [正在处理] ANS_CO_1538 | 启动 3WD 流水线...
2026-07-27 02:52:15 | INFO     | 📢 [总进度] 36/126 份试卷已归档。
2026-07-27 02:52:56 | INFO     | ✅ [批改完成] ANS_CO_1537 | 路由: BND | 最终分: 10.2 | 风险: P0.00/U0.17/F0.00/H0/L1 | 提取质量: 🟢high | 留白率: 0% | 低质量率: 0%
2026-07-27 02:52:56 | INFO     | 
🔍 [正在处理] ANS_CO_1539 | 启动 3WD 流水线...
2026-07-27 02:52:56 | INFO     | 📢 [总进度] 37/126 份试卷已归档。
2026-07-27 02:53:07 | INFO     | ✅ [批改完成] ANS_CO_1538 | 路由: BND | 最终分: 1.3 | 风险: P0.10/U0.02/F0.00/H0/L1 | 提取质量: 🟢high | 留白率: 0% | 低质量率: 0%
2026-07-27 02:53:07 | INFO     | 
🔍 [正在处理] ANS_CO_1540 | 启动 3WD 流水线...
2026-07-27 02:53:07 | INFO     | 📢 [总进度] 38/126 份试卷已归档。
2026-07-27 02:53:49 | INFO     | ✅ [批改完成] ANS_CO_1539 | 路由: POS | 最终分: 1.0 | 风险: P0.00/U0.00/F0.40/H0/L1 | 提取质量: 🟢high | 留白率: 0% | 低质量率: 0%
2026-07-27 02:53:49 | INFO     | 
🔍 [正在处理] ANS_CO_1542 | 启动 3WD 流水线...
2026-07-27 02:53:49 | INFO     | 📢 [总进度] 39/126 份试卷已归档。
2026-07-27 02:54:17 | INFO     | ✅ [批改完成] ANS_CO_1540 | 路由: POS | 最终分: 18.2 | 风险: P0.00/U0.04/F0.00/H0/L0 | 提取质量: 🟢high | 留白率: 0% | 低质量率: 0%
2026-07-27 02:54:17 | INFO     | 
🔍 [正在处理] ANS_CO_1543 | 启动 3WD 流水线...
2026-07-27 02:54:17 | INFO     | 📢 [总进度] 40/126 份试卷已归档。
2026-07-27 02:54:51 | INFO     | ✅ [批改完成] ANS_CO_1542 | 路由: BND | 最终分: 17.5 | 风险: P0.00/U0.11/F0.00/H0/L0 | 提取质量: 🟢high | 留白率: 0% | 低质量率: 0%
2026-07-27 02:54:51 | INFO     | 
🔍 [正在处理] ANS_CO_1544 | 启动 3WD 流水线...
2026-07-27 02:54:51 | INFO     | 📢 [总进度] 41/126 份试卷已归档。
2026-07-27 02:55:14 | INFO     | ✅ [批改完成] ANS_CO_1543 | 路由: BND | 最终分: 1.0 | 风险: P0.10/U0.00/F0.00/H0/L1 | 提取质量: 🟢high | 留白率: 0% | 低质量率: 0%
2026-07-27 02:55:14 | INFO     | 
🔍 [正在处理] ANS_CO_1546 | 启动 3WD 流水线...
2026-07-27 02:55:14 | INFO     | 📢 [总进度] 42/126 份试卷已归档。
2026-07-27 02:56:05 | INFO     | ✅ [批改完成] ANS_CO_1544 | 路由: BND | 最终分: 11.7 | 风险: P0.00/U0.10/F0.00/H0/L1 | 提取质量: 🟢high | 留白率: 0% | 低质量率: 0%
2026-07-27 02:56:05 | INFO     | 
🔍 [正在处理] ANS_CO_1547 | 启动 3WD 流水线...
2026-07-27 02:56:05 | INFO     | 📢 [总进度] 43/126 份试卷已归档。
2026-07-27 02:56:17 | INFO     | ✅ [批改完成] ANS_CO_1546 | 路由: BND | 最终分: 8.8 | 风险: P0.00/U0.11/F0.00/H0/L1 | 提取质量: 🟢high | 留白率: 0% | 低质量率: 0%
2026-07-27 02:56:17 | INFO     | 
🔍 [正在处理] ANS_CO_1548 | 启动 3WD 流水线...
2026-07-27 02:56:17 | INFO     | 📢 [总进度] 44/126 份试卷已归档。
2026-07-27 02:57:15 | INFO     | ✅ [批改完成] ANS_CO_1547 | 路由: BND | 最终分: 17.8 | 风险: P0.00/U0.16/F0.00/H0/L0 | 提取质量: 🟢high | 留白率: 0% | 低质量率: 0%
2026-07-27 02:57:15 | INFO     | 
🔍 [正在处理] ANS_CO_1549 | 启动 3WD 流水线...
2026-07-27 02:57:15 | INFO     | 📢 [总进度] 45/126 份试卷已归档。
2026-07-27 02:57:18 | INFO     | ✅ [批改完成] ANS_CO_1548 | 路由: BND | 最终分: 8.7 | 风险: P0.00/U0.24/F0.00/H0/L1 | 提取质量: 🟢high | 留白率: 0% | 低质量率: 0%
2026-07-27 02:57:18 | INFO     | 
🔍 [正在处理] ANS_CO_1550 | 启动 3WD 流水线...
2026-07-27 02:57:18 | INFO     | 📢 [总进度] 46/126 份试卷已归档。
2026-07-27 02:58:28 | INFO     | ✅ [批改完成] ANS_CO_1550 | 路由: BND | 最终分: 17.7 | 风险: P0.00/U0.13/F0.00/H0/L0 | 提取质量: 🟢high | 留白率: 0% | 低质量率: 0%
2026-07-27 02:58:28 | INFO     | 
🔍 [正在处理] ANS_CO_1551 | 启动 3WD 流水线...
2026-07-27 02:58:28 | INFO     | 📢 [总进度] 47/126 份试卷已归档。
2026-07-27 02:58:43 | INFO     | ✅ [批改完成] ANS_CO_1549 | 路由: BND | 最终分: 11.3 | 风险: P0.00/U0.05/F0.00/H0/L0 | 提取质量: 🟢high | 留白率: 0% | 低质量率: 0%
2026-07-27 02:58:43 | INFO     | 
🔍 [正在处理] ANS_CO_1552 | 启动 3WD 流水线...
2026-07-27 02:58:43 | INFO     | 📢 [总进度] 48/126 份试卷已归档。
2026-07-27 02:59:24 | INFO     | ✅ [批改完成] ANS_CO_1551 | 路由: POS | 最终分: 11.3 | 风险: P0.00/U0.05/F0.00/H0/L1 | 提取质量: 🟢high | 留白率: 0% | 低质量率: 0%
2026-07-27 02:59:24 | INFO     | 
🔍 [正在处理] ANS_CO_1553 | 启动 3WD 流水线...
2026-07-27 02:59:24 | INFO     | 📢 [总进度] 49/126 份试卷已归档。
2026-07-27 02:59:57 | INFO     | ✅ [批改完成] ANS_CO_1552 | 路由: BND | 最终分: 13.3 | 风险: P0.00/U0.19/F0.00/H0/L0 | 提取质量: 🟢high | 留白率: 0% | 低质量率: 0%
2026-07-27 02:59:57 | INFO     | 
🔍 [正在处理] ANS_CO_1554 | 启动 3WD 流水线...
2026-07-27 02:59:57 | INFO     | 📢 [总进度] 50/126 份试卷已归档。
2026-07-27 03:00:35 | INFO     | ✅ [批改完成] ANS_CO_1553 | 路由: BND | 最终分: 10.3 | 风险: P0.00/U0.17/F0.00/H0/L1 | 提取质量: 🟢high | 留白率: 0% | 低质量率: 0%
2026-07-27 03:00:35 | INFO     | 
🔍 [正在处理] ANS_CO_1555 | 启动 3WD 流水线...
2026-07-27 03:00:35 | INFO     | 📢 [总进度] 51/126 份试卷已归档。
2026-07-27 03:00:57 | INFO     | ✅ [批改完成] ANS_CO_1554 | 路由: BND | 最终分: 10.7 | 风险: P0.00/U0.34/F0.00/H0/L1 | 提取质量: 🟢high | 留白率: 0% | 低质量率: 0%
2026-07-27 03:00:57 | INFO     | 
🔍 [正在处理] ANS_CO_1556 | 启动 3WD 流水线...
2026-07-27 03:00:57 | INFO     | 📢 [总进度] 52/126 份试卷已归档。
2026-07-27 03:01:37 | INFO     | ✅ [批改完成] ANS_CO_1555 | 路由: BND | 最终分: 14.5 | 风险: P0.00/U0.30/F0.00/H0/L1 | 提取质量: 🟢high | 留白率: 0% | 低质量率: 0%
2026-07-27 03:01:37 | INFO     | 
🔍 [正在处理] ANS_CO_1557 | 启动 3WD 流水线...
2026-07-27 03:01:37 | INFO     | 📢 [总进度] 53/126 份试卷已归档。
2026-07-27 03:01:54 | INFO     | ✅ [批改完成] ANS_CO_1556 | 路由: BND | 最终分: 13.4 | 风险: P0.00/U0.15/F0.00/H0/L1 | 提取质量: 🟢high | 留白率: 0% | 低质量率: 0%
2026-07-27 03:01:54 | INFO     | 
🔍 [正在处理] ANS_CO_1558 | 启动 3WD 流水线...
2026-07-27 03:01:54 | INFO     | 📢 [总进度] 54/126 份试卷已归档。
2026-07-27 03:02:49 | INFO     | ✅ [批改完成] ANS_CO_1557 | 路由: BND | 最终分: 11.5 | 风险: P0.00/U0.05/F0.00/H0/L1 | 提取质量: 🟢high | 留白率: 0% | 低质量率: 0%
2026-07-27 03:02:49 | INFO     | 
🔍 [正在处理] ANS_CO_1559 | 启动 3WD 流水线...
2026-07-27 03:02:49 | INFO     | 📢 [总进度] 55/126 份试卷已归档。
2026-07-27 03:02:58 | INFO     | ✅ [批改完成] ANS_CO_1558 | 路由: BND | 最终分: 14.5 | 风险: P0.00/U0.05/F0.00/H0/L0 | 提取质量: 🟢high | 留白率: 0% | 低质量率: 0%
2026-07-27 03:02:58 | INFO     | 
🔍 [正在处理] ANS_CO_1562 | 启动 3WD 流水线...
2026-07-27 03:02:58 | INFO     | 📢 [总进度] 56/126 份试卷已归档。
2026-07-27 03:04:07 | INFO     | ✅ [批改完成] ANS_CO_1562 | 路由: BND | 最终分: 12.3 | 风险: P0.00/U0.05/F0.00/H0/L0 | 提取质量: 🟢high | 留白率: 0% | 低质量率: 0%
2026-07-27 03:04:07 | INFO     | 
🔍 [正在处理] ANS_CO_1563 | 启动 3WD 流水线...
2026-07-27 03:04:07 | INFO     | 📢 [总进度] 57/126 份试卷已归档。
2026-07-27 03:05:30 | INFO     | ✅ [批改完成] ANS_CO_1563 | 路由: BND | 最终分: 14.8 | 风险: P0.00/U0.22/F0.00/H0/L0 | 提取质量: 🟢high | 留白率: 0% | 低质量率: 0%
2026-07-27 03:05:30 | INFO     | 
🔍 [正在处理] ANS_CO_1566 | 启动 3WD 流水线...
2026-07-27 03:05:30 | INFO     | 📢 [总进度] 58/126 份试卷已归档。
2026-07-27 03:06:06 | INFO     | ✅ [批改完成] ANS_CO_1559 | 路由: POS | 最终分: 9.2 | 风险: P0.00/U0.01/F0.00/H0/L1 | 提取质量: 🟢high | 留白率: 0% | 低质量率: 0%
2026-07-27 03:06:06 | INFO     | 
🔍 [正在处理] ANS_CO_1567 | 启动 3WD 流水线...
2026-07-27 03:06:06 | INFO     | 📢 [总进度] 59/126 份试卷已归档。
2026-07-27 03:06:29 | INFO     | ✅ [批改完成] ANS_CO_1566 | 路由: POS | 最终分: 11.3 | 风险: P0.00/U0.03/F0.00/H0/L1 | 提取质量: 🟢high | 留白率: 0% | 低质量率: 0%
2026-07-27 03:06:29 | INFO     | 
🔍 [正在处理] ANS_CO_1569 | 启动 3WD 流水线...
2026-07-27 03:06:29 | INFO     | 📢 [总进度] 60/126 份试卷已归档。
2026-07-27 03:10:01 | INFO     | ✅ [批改完成] ANS_CO_1567 | 路由: BND | 最终分: 9.8 | 风险: P0.00/U0.10/F0.00/H0/L1 | 提取质量: 🟢high | 留白率: 0% | 低质量率: 0%
2026-07-27 03:10:01 | INFO     | 
🔍 [正在处理] ANS_CO_1571 | 启动 3WD 流水线...
2026-07-27 03:10:01 | INFO     | 📢 [总进度] 61/126 份试卷已归档。
2026-07-27 03:10:13 | INFO     | ✅ [批改完成] ANS_CO_1569 | 路由: POS | 最终分: 20.0 | 风险: P0.00/U0.00/F0.00/H0/L0 | 提取质量: 🟢high | 留白率: 0% | 低质量率: 0%
2026-07-27 03:10:14 | INFO     | 
🔍 [正在处理] ANS_CO_1574 | 启动 3WD 流水线...
2026-07-27 03:10:14 | INFO     | 📢 [总进度] 62/126 份试卷已归档。
2026-07-27 03:11:33 | INFO     | ✅ [批改完成] ANS_CO_1571 | 路由: BND | 最终分: 14.0 | 风险: P0.00/U0.12/F0.00/H0/L0 | 提取质量: 🟢high | 留白率: 0% | 低质量率: 0%
2026-07-27 03:11:33 | INFO     | 
🔍 [正在处理] ANS_CO_1575 | 启动 3WD 流水线...
2026-07-27 03:11:33 | INFO     | 📢 [总进度] 63/126 份试卷已归档。
2026-07-27 03:11:36 | INFO     | ✅ [批改完成] ANS_CO_1574 | 路由: BND | 最终分: 16.0 | 风险: P0.00/U0.07/F0.00/H0/L1 | 提取质量: 🟢high | 留白率: 0% | 低质量率: 0%
2026-07-27 03:11:36 | INFO     | 
🔍 [正在处理] ANS_CO_1576 | 启动 3WD 流水线...
2026-07-27 03:11:36 | INFO     | 📢 [总进度] 64/126 份试卷已归档。
2026-07-27 03:12:42 | INFO     | ✅ [批改完成] ANS_CO_1575 | 路由: BND | 最终分: 12.8 | 风险: P0.10/U0.08/F0.00/H0/L0 | 提取质量: 🟢high | 留白率: 0% | 低质量率: 0%
2026-07-27 03:12:42 | INFO     | 
🔍 [正在处理] ANS_CO_1578 | 启动 3WD 流水线...
2026-07-27 03:12:42 | INFO     | 📢 [总进度] 65/126 份试卷已归档。
2026-07-27 03:14:12 | INFO     | ✅ [批改完成] ANS_CO_1578 | 路由: BND | 最终分: 5.2 | 风险: P0.00/U0.11/F0.00/H0/L1 | 提取质量: 🟢high | 留白率: 0% | 低质量率: 0%
2026-07-27 03:14:12 | INFO     | 
🔍 [正在处理] ANS_CO_1579 | 启动 3WD 流水线...
2026-07-27 03:14:12 | INFO     | 📢 [总进度] 66/126 份试卷已归档。
2026-07-27 03:14:50 | INFO     | ✅ [批改完成] ANS_CO_1576 | 路由: BND | 最终分: 12.0 | 风险: P0.00/U0.04/F0.00/H0/L1 | 提取质量: 🟢high | 留白率: 0% | 低质量率: 0%
2026-07-27 03:14:50 | INFO     | 
🔍 [正在处理] ANS_CO_1580 | 启动 3WD 流水线...
2026-07-27 03:14:50 | INFO     | 📢 [总进度] 67/126 份试卷已归档。
2026-07-27 03:15:58 | INFO     | ✅ [批改完成] ANS_CO_1580 | 路由: POS | 最终分: 8.0 | 风险: P0.00/U0.00/F0.00/H0/L1 | 提取质量: 🟢high | 留白率: 0% | 低质量率: 0%
2026-07-27 03:15:58 | INFO     | 
🔍 [正在处理] ANS_CO_1581 | 启动 3WD 流水线...
2026-07-27 03:15:58 | INFO     | 📢 [总进度] 68/126 份试卷已归档。
2026-07-27 03:16:02 | INFO     | ✅ [批改完成] ANS_CO_1579 | 路由: BND | 最终分: 13.0 | 风险: P0.00/U0.07/F0.00/H0/L1 | 提取质量: 🟢high | 留白率: 0% | 低质量率: 0%
2026-07-27 03:16:02 | INFO     | 
🔍 [正在处理] ANS_CO_1582 | 启动 3WD 流水线...
2026-07-27 03:16:02 | INFO     | 📢 [总进度] 69/126 份试卷已归档。
2026-07-27 03:17:18 | INFO     | ✅ [批改完成] ANS_CO_1582 | 路由: BND | 最终分: 17.2 | 风险: P0.00/U0.05/F0.00/H0/L0 | 提取质量: 🟢high | 留白率: 0% | 低质量率: 0%
2026-07-27 03:17:18 | INFO     | 
🔍 [正在处理] ANS_CO_1584 | 启动 3WD 流水线...
2026-07-27 03:17:18 | INFO     | 📢 [总进度] 70/126 份试卷已归档。
2026-07-27 03:17:29 | INFO     | ✅ [批改完成] ANS_CO_1581 | 路由: BND | 最终分: 18.3 | 风险: P0.00/U0.06/F0.00/H0/L0 | 提取质量: 🟢high | 留白率: 0% | 低质量率: 0%
2026-07-27 03:17:29 | INFO     | 
🔍 [正在处理] ANS_CO_1585 | 启动 3WD 流水线...
2026-07-27 03:17:29 | INFO     | 📢 [总进度] 71/126 份试卷已归档。
2026-07-27 03:18:50 | INFO     | ✅ [批改完成] ANS_CO_1585 | 路由: BND | 最终分: 12.3 | 风险: P0.00/U0.28/F0.00/H0/L0 | 提取质量: 🟢high | 留白率: 0% | 低质量率: 0%
2026-07-27 03:18:50 | INFO     | 
🔍 [正在处理] ANS_CO_1587 | 启动 3WD 流水线...
2026-07-27 03:18:50 | INFO     | 📢 [总进度] 72/126 份试卷已归档。
2026-07-27 03:19:25 | INFO     | ✅ [批改完成] ANS_CO_1584 | 路由: BND | 最终分: 6.3 | 风险: P0.00/U0.14/F0.40/H0/L1 | 提取质量: 🟢high | 留白率: 0% | 低质量率: 0%
2026-07-27 03:19:25 | INFO     | 
🔍 [正在处理] ANS_CO_1588 | 启动 3WD 流水线...
2026-07-27 03:19:25 | INFO     | 📢 [总进度] 73/126 份试卷已归档。
2026-07-27 03:20:30 | INFO     | ✅ [批改完成] ANS_CO_1587 | 路由: BND | 最终分: 16.2 | 风险: P0.00/U0.08/F0.00/H0/L0 | 提取质量: 🟢high | 留白率: 0% | 低质量率: 0%
2026-07-27 03:20:30 | INFO     | 
🔍 [正在处理] ANS_CO_1589 | 启动 3WD 流水线...
2026-07-27 03:20:30 | INFO     | 📢 [总进度] 74/126 份试卷已归档。
2026-07-27 03:22:23 | INFO     | ✅ [批改完成] ANS_CO_1588 | 路由: BND | 最终分: 15.3 | 风险: P0.00/U0.15/F0.00/H0/L0 | 提取质量: 🟢high | 留白率: 0% | 低质量率: 0%
2026-07-27 03:22:23 | INFO     | 
🔍 [正在处理] ANS_CO_1590 | 启动 3WD 流水线...
2026-07-27 03:22:23 | INFO     | 📢 [总进度] 75/126 份试卷已归档。
2026-07-27 03:22:33 | INFO     | ✅ [批改完成] ANS_CO_1589 | 路由: POS | 最终分: 16.8 | 风险: P0.00/U0.03/F0.00/H0/L0 | 提取质量: 🟢high | 留白率: 0% | 低质量率: 0%
2026-07-27 03:22:33 | INFO     | 
🔍 [正在处理] ANS_CO_1591 | 启动 3WD 流水线...
2026-07-27 03:22:33 | INFO     | 📢 [总进度] 76/126 份试卷已归档。
2026-07-27 03:24:07 | INFO     | ✅ [批改完成] ANS_CO_1590 | 路由: BND | 最终分: 10.8 | 风险: P0.00/U0.12/F0.40/H0/L1 | 提取质量: 🟢high | 留白率: 0% | 低质量率: 0%
2026-07-27 03:24:07 | INFO     | 
🔍 [正在处理] ANS_CO_1592 | 启动 3WD 流水线...
2026-07-27 03:24:07 | INFO     | 📢 [总进度] 77/126 份试卷已归档。
2026-07-27 03:24:31 | INFO     | ✅ [批改完成] ANS_CO_1591 | 路由: BND | 最终分: 14.3 | 风险: P0.00/U0.14/F0.00/H0/L0 | 提取质量: 🟢high | 留白率: 0% | 低质量率: 0%
2026-07-27 03:24:31 | INFO     | 
🔍 [正在处理] ANS_CO_1593 | 启动 3WD 流水线...
2026-07-27 03:24:31 | INFO     | 📢 [总进度] 78/126 份试卷已归档。
2026-07-27 03:25:08 | INFO     | ✅ [批改完成] ANS_CO_1592 | 路由: POS | 最终分: 10.0 | 风险: P0.00/U0.04/F0.40/H0/L1 | 提取质量: 🟢high | 留白率: 0% | 低质量率: 0%
2026-07-27 03:25:08 | INFO     | 
🔍 [正在处理] ANS_CO_1595 | 启动 3WD 流水线...
2026-07-27 03:25:08 | INFO     | 📢 [总进度] 79/126 份试卷已归档。
2026-07-27 03:25:49 | INFO     | ✅ [批改完成] ANS_CO_1593 | 路由: BND | 最终分: 17.7 | 风险: P0.00/U0.08/F0.00/H0/L0 | 提取质量: 🟢high | 留白率: 0% | 低质量率: 0%
2026-07-27 03:25:49 | INFO     | 
🔍 [正在处理] ANS_CO_1596 | 启动 3WD 流水线...
2026-07-27 03:25:49 | INFO     | 📢 [总进度] 80/126 份试卷已归档。
2026-07-27 03:27:24 | INFO     | ✅ [批改完成] ANS_CO_1595 | 路由: BND | 最终分: 12.2 | 风险: P0.00/U0.11/F0.40/H0/L1 | 提取质量: 🟢high | 留白率: 0% | 低质量率: 0%
2026-07-27 03:27:24 | INFO     | 
🔍 [正在处理] ANS_CO_1597 | 启动 3WD 流水线...
2026-07-27 03:27:24 | INFO     | 📢 [总进度] 81/126 份试卷已归档。
2026-07-27 03:27:28 | INFO     | ✅ [批改完成] ANS_CO_1596 | 路由: BND | 最终分: 6.0 | 风险: P0.00/U0.09/F0.00/H0/L1 | 提取质量: 🟢high | 留白率: 0% | 低质量率: 0%
2026-07-27 03:27:28 | INFO     | 
🔍 [正在处理] ANS_CO_1598 | 启动 3WD 流水线...
2026-07-27 03:27:28 | INFO     | 📢 [总进度] 82/126 份试卷已归档。
2026-07-27 03:28:40 | INFO     | ✅ [批改完成] ANS_CO_1597 | 路由: BND | 最终分: 8.8 | 风险: P0.00/U0.21/F0.00/H0/L1 | 提取质量: 🟢high | 留白率: 0% | 低质量率: 0%
2026-07-27 03:28:40 | INFO     | 
🔍 [正在处理] ANS_CO_1599 | 启动 3WD 流水线...
2026-07-27 03:28:40 | INFO     | 📢 [总进度] 83/126 份试卷已归档。
2026-07-27 03:28:40 | INFO     | ✅ [批改完成] ANS_CO_1598 | 路由: BND | 最终分: 11.0 | 风险: P0.10/U0.08/F0.00/H0/L1 | 提取质量: 🟢high | 留白率: 0% | 低质量率: 0%
2026-07-27 03:28:40 | INFO     | 
🔍 [正在处理] ANS_CO_1601 | 启动 3WD 流水线...
2026-07-27 03:28:40 | INFO     | 📢 [总进度] 84/126 份试卷已归档。
2026-07-27 03:29:39 | INFO     | ✅ [批改完成] ANS_CO_1601 | 路由: POS | 最终分: 20.0 | 风险: P0.00/U0.00/F0.00/H0/L0 | 提取质量: 🟢high | 留白率: 0% | 低质量率: 0%
2026-07-27 03:29:39 | INFO     | 
🔍 [正在处理] ANS_CO_1602 | 启动 3WD 流水线...
2026-07-27 03:29:39 | INFO     | 📢 [总进度] 85/126 份试卷已归档。
2026-07-27 03:29:46 | INFO     | ✅ [批改完成] ANS_CO_1599 | 路由: POS | 最终分: 16.5 | 风险: P0.00/U0.04/F0.00/H0/L0 | 提取质量: 🟢high | 留白率: 0% | 低质量率: 0%
2026-07-27 03:29:46 | INFO     | 
🔍 [正在处理] ANS_CO_1603 | 启动 3WD 流水线...
2026-07-27 03:29:46 | INFO     | 📢 [总进度] 86/126 份试卷已归档。
2026-07-27 03:30:49 | INFO     | ✅ [批改完成] ANS_CO_1602 | 路由: BND | 最终分: 6.5 | 风险: P0.00/U0.07/F0.40/H0/L1 | 提取质量: 🟢high | 留白率: 0% | 低质量率: 0%
2026-07-27 03:30:49 | INFO     | 
🔍 [正在处理] ANS_CO_1604 | 启动 3WD 流水线...
2026-07-27 03:30:49 | INFO     | 📢 [总进度] 87/126 份试卷已归档。
2026-07-27 03:31:04 | INFO     | ✅ [批改完成] ANS_CO_1603 | 路由: BND | 最终分: 20.0 | 风险: P0.00/U0.09/F0.00/H0/L0 | 提取质量: 🟢high | 留白率: 0% | 低质量率: 0%
2026-07-27 03:31:04 | INFO     | 
🔍 [正在处理] ANS_CO_1605 | 启动 3WD 流水线...
2026-07-27 03:31:04 | INFO     | 📢 [总进度] 88/126 份试卷已归档。
2026-07-27 03:32:02 | INFO     | ✅ [批改完成] ANS_CO_1604 | 路由: BND | 最终分: 2.0 | 风险: P0.10/U0.15/F0.00/H0/L1 | 提取质量: 🟢high | 留白率: 0% | 低质量率: 0%
2026-07-27 03:32:02 | INFO     | 
🔍 [正在处理] ANS_CO_1607 | 启动 3WD 流水线...
2026-07-27 03:32:02 | INFO     | 📢 [总进度] 89/126 份试卷已归档。
2026-07-27 03:32:07 | INFO     | ✅ [批改完成] ANS_CO_1605 | 路由: BND | 最终分: 9.0 | 风险: P0.00/U0.16/F0.00/H0/L1 | 提取质量: 🟢high | 留白率: 0% | 低质量率: 0%
2026-07-27 03:32:07 | INFO     | 
🔍 [正在处理] ANS_CO_1608 | 启动 3WD 流水线...
2026-07-27 03:32:07 | INFO     | 📢 [总进度] 90/126 份试卷已归档。
2026-07-27 03:32:46 | INFO     | ✅ [批改完成] ANS_CO_1607 | 路由: POS | 最终分: 18.5 | 风险: P0.00/U0.04/F0.00/H0/L0 | 提取质量: 🟢high | 留白率: 0% | 低质量率: 0%
2026-07-27 03:32:46 | INFO     | 
🔍 [正在处理] ANS_CO_1609 | 启动 3WD 流水线...
2026-07-27 03:32:46 | INFO     | 📢 [总进度] 91/126 份试卷已归档。
2026-07-27 03:32:56 | INFO     | ✅ [批改完成] ANS_CO_1608 | 路由: POS | 最终分: 13.0 | 风险: P0.00/U0.00/F0.00/H0/L0 | 提取质量: 🟢high | 留白率: 0% | 低质量率: 0%
2026-07-27 03:32:56 | INFO     | 
🔍 [正在处理] ANS_CO_1610 | 启动 3WD 流水线...
2026-07-27 03:32:56 | INFO     | 📢 [总进度] 92/126 份试卷已归档。
2026-07-27 03:33:59 | INFO     | ✅ [批改完成] ANS_CO_1609 | 路由: BND | 最终分: 5.5 | 风险: P0.00/U0.15/F0.00/H0/L1 | 提取质量: 🟢high | 留白率: 0% | 低质量率: 0%
2026-07-27 03:33:59 | INFO     | 
🔍 [正在处理] ANS_CO_1611 | 启动 3WD 流水线...
2026-07-27 03:33:59 | INFO     | 📢 [总进度] 93/126 份试卷已归档。
2026-07-27 03:33:59 | INFO     | ✅ [批改完成] ANS_CO_1610 | 路由: BND | 最终分: 11.2 | 风险: P0.00/U0.21/F0.40/H0/L1 | 提取质量: 🟢high | 留白率: 0% | 低质量率: 0%
2026-07-27 03:33:59 | INFO     | 
🔍 [正在处理] ANS_CO_1612 | 启动 3WD 流水线...
2026-07-27 03:33:59 | INFO     | 📢 [总进度] 94/126 份试卷已归档。
2026-07-27 03:35:00 | INFO     | ✅ [批改完成] ANS_CO_1612 | 路由: BND | 最终分: 13.2 | 风险: P0.00/U0.12/F0.00/H0/L0 | 提取质量: 🟢high | 留白率: 0% | 低质量率: 0%
2026-07-27 03:35:00 | INFO     | 
🔍 [正在处理] ANS_CO_1614 | 启动 3WD 流水线...
2026-07-27 03:35:00 | INFO     | 📢 [总进度] 95/126 份试卷已归档。
2026-07-27 03:36:00 | INFO     | ✅ [批改完成] ANS_CO_1614 | 路由: BND | 最终分: 10.3 | 风险: P0.00/U0.12/F0.00/H0/L1 | 提取质量: 🟢high | 留白率: 0% | 低质量率: 0%
2026-07-27 03:36:00 | INFO     | 
🔍 [正在处理] ANS_CO_1615 | 启动 3WD 流水线...
2026-07-27 03:36:00 | INFO     | 📢 [总进度] 96/126 份试卷已归档。
2026-07-27 03:37:09 | INFO     | ✅ [批改完成] ANS_CO_1615 | 路由: BND | 最终分: 10.5 | 风险: P0.00/U0.13/F0.00/H0/L1 | 提取质量: 🟢high | 留白率: 0% | 低质量率: 0%
2026-07-27 03:37:09 | INFO     | 
🔍 [正在处理] ANS_CO_1616 | 启动 3WD 流水线...
2026-07-27 03:37:09 | INFO     | 📢 [总进度] 97/126 份试卷已归档。
2026-07-27 03:37:29 | INFO     | ✅ [批改完成] ANS_CO_1611 | 路由: BND | 最终分: 9.2 | 风险: P0.00/U0.10/F0.00/H0/L1 | 提取质量: 🟢high | 留白率: 0% | 低质量率: 0%
2026-07-27 03:37:29 | INFO     | 
🔍 [正在处理] ANS_CO_1617 | 启动 3WD 流水线...
2026-07-27 03:37:29 | INFO     | 📢 [总进度] 98/126 份试卷已归档。
2026-07-27 03:38:05 | INFO     | ✅ [批改完成] ANS_CO_1616 | 路由: BND | 最终分: 8.3 | 风险: P0.27/U0.05/F0.00/H0/L1 | 提取质量: 🟢high | 留白率: 33% | 低质量率: 0%
2026-07-27 03:38:05 | INFO     | 
🔍 [正在处理] ANS_CO_1618 | 启动 3WD 流水线...
2026-07-27 03:38:05 | INFO     | 📢 [总进度] 99/126 份试卷已归档。
2026-07-27 03:38:20 | INFO     | ✅ [批改完成] ANS_CO_1617 | 路由: BND | 最终分: 13.0 | 风险: P0.00/U0.25/F0.40/H0/L0 | 提取质量: 🟢high | 留白率: 0% | 低质量率: 0%
2026-07-27 03:38:20 | INFO     | 
🔍 [正在处理] ANS_CO_1620 | 启动 3WD 流水线...
2026-07-27 03:38:20 | INFO     | 📢 [总进度] 100/126 份试卷已归档。
2026-07-27 03:39:04 | INFO     | ✅ [批改完成] ANS_CO_1618 | 路由: BND | 最终分: 15.8 | 风险: P0.00/U0.07/F0.00/H0/L0 | 提取质量: 🟢high | 留白率: 0% | 低质量率: 0%
2026-07-27 03:39:04 | INFO     | 
🔍 [正在处理] ANS_CO_1622 | 启动 3WD 流水线...
2026-07-27 03:39:04 | INFO     | 📢 [总进度] 101/126 份试卷已归档。
2026-07-27 03:39:26 | INFO     | ✅ [批改完成] ANS_CO_1620 | 路由: BND | 最终分: 10.8 | 风险: P0.00/U0.37/F0.00/H0/L0 | 提取质量: 🟢high | 留白率: 0% | 低质量率: 0%
2026-07-27 03:39:26 | INFO     | 
🔍 [正在处理] ANS_CO_1623 | 启动 3WD 流水线...
2026-07-27 03:39:26 | INFO     | 📢 [总进度] 102/126 份试卷已归档。
2026-07-27 03:40:23 | INFO     | ✅ [批改完成] ANS_CO_1622 | 路由: BND | 最终分: 16.2 | 风险: P0.00/U0.17/F0.40/H0/L0 | 提取质量: 🟢high | 留白率: 0% | 低质量率: 0%
2026-07-27 03:40:23 | INFO     | 
🔍 [正在处理] ANS_CO_1625 | 启动 3WD 流水线...
2026-07-27 03:40:23 | INFO     | 📢 [总进度] 103/126 份试卷已归档。
2026-07-27 03:40:33 | INFO     | ✅ [批改完成] ANS_CO_1623 | 路由: BND | 最终分: 14.3 | 风险: P0.00/U0.03/F0.00/H0/L0 | 提取质量: 🟢high | 留白率: 0% | 低质量率: 0%
2026-07-27 03:40:33 | INFO     | 
🔍 [正在处理] ANS_CO_1626 | 启动 3WD 流水线...
2026-07-27 03:40:33 | INFO     | 📢 [总进度] 104/126 份试卷已归档。
2026-07-27 03:41:38 | INFO     | ✅ [批改完成] ANS_CO_1626 | 路由: BND | 最终分: 18.3 | 风险: P0.00/U0.10/F0.00/H0/L0 | 提取质量: 🟢high | 留白率: 0% | 低质量率: 0%
2026-07-27 03:41:38 | INFO     | 
🔍 [正在处理] ANS_CO_1628 | 启动 3WD 流水线...
2026-07-27 03:41:38 | INFO     | 📢 [总进度] 105/126 份试卷已归档。
2026-07-27 03:41:57 | INFO     | ✅ [批改完成] ANS_CO_1625 | 路由: BND | 最终分: 14.3 | 风险: P0.00/U0.13/F0.00/H0/L0 | 提取质量: 🟢high | 留白率: 0% | 低质量率: 0%
2026-07-27 03:41:57 | INFO     | 
🔍 [正在处理] ANS_CO_1629 | 启动 3WD 流水线...
2026-07-27 03:41:57 | INFO     | 📢 [总进度] 106/126 份试卷已归档。
2026-07-27 03:42:37 | INFO     | ✅ [批改完成] ANS_CO_1628 | 路由: BND | 最终分: 12.3 | 风险: P0.00/U0.17/F0.00/H0/L1 | 提取质量: 🟢high | 留白率: 0% | 低质量率: 0%
2026-07-27 03:42:37 | INFO     | 
🔍 [正在处理] ANS_CO_1630 | 启动 3WD 流水线...
2026-07-27 03:42:37 | INFO     | 📢 [总进度] 107/126 份试卷已归档。
2026-07-27 03:42:55 | INFO     | ✅ [批改完成] ANS_CO_1629 | 路由: BND | 最终分: 6.7 | 风险: P0.00/U0.15/F0.00/H0/L1 | 提取质量: 🟢high | 留白率: 0% | 低质量率: 0%
2026-07-27 03:42:55 | INFO     | 
🔍 [正在处理] ANS_CO_1632 | 启动 3WD 流水线...
2026-07-27 03:42:55 | INFO     | 📢 [总进度] 108/126 份试卷已归档。
2026-07-27 03:44:03 | INFO     | ✅ [批改完成] ANS_CO_1632 | 路由: BND | 最终分: 11.2 | 风险: P0.00/U0.11/F0.00/H0/L1 | 提取质量: 🟢high | 留白率: 0% | 低质量率: 0%
2026-07-27 03:44:03 | INFO     | 
🔍 [正在处理] ANS_CO_1633 | 启动 3WD 流水线...
2026-07-27 03:44:03 | INFO     | 📢 [总进度] 109/126 份试卷已归档。
2026-07-27 03:44:13 | INFO     | ✅ [批改完成] ANS_CO_1630 | 路由: BND | 最终分: 2.8 | 风险: P0.00/U0.11/F0.40/H0/L1 | 提取质量: 🟢high | 留白率: 0% | 低质量率: 0%
2026-07-27 03:44:13 | INFO     | 
🔍 [正在处理] ANS_CO_1634 | 启动 3WD 流水线...
2026-07-27 03:44:13 | INFO     | 📢 [总进度] 110/126 份试卷已归档。
2026-07-27 03:44:49 | INFO     | ✅ [批改完成] ANS_CO_1633 | 路由: BND | 最终分: 3.0 | 风险: P0.00/U0.08/F0.00/H0/L1 | 提取质量: 🟢high | 留白率: 0% | 低质量率: 0%
2026-07-27 03:44:49 | INFO     | 
🔍 [正在处理] ANS_CO_1635 | 启动 3WD 流水线...
2026-07-27 03:44:49 | INFO     | 📢 [总进度] 111/126 份试卷已归档。
2026-07-27 03:45:22 | INFO     | ✅ [批改完成] ANS_CO_1634 | 路由: BND | 最终分: 15.8 | 风险: P0.00/U0.16/F0.00/H0/L0 | 提取质量: 🟢high | 留白率: 0% | 低质量率: 0%
2026-07-27 03:45:22 | INFO     | 
🔍 [正在处理] ANS_CO_1636 | 启动 3WD 流水线...
2026-07-27 03:45:22 | INFO     | 📢 [总进度] 112/126 份试卷已归档。
2026-07-27 03:45:36 | INFO     | ✅ [批改完成] ANS_CO_1635 | 路由: BND | 最终分: 15.0 | 风险: P0.00/U0.04/F0.00/H0/L0 | 提取质量: 🟢high | 留白率: 0% | 低质量率: 0%
2026-07-27 03:45:36 | INFO     | 
🔍 [正在处理] ANS_CO_1637 | 启动 3WD 流水线...
2026-07-27 03:45:36 | INFO     | 📢 [总进度] 113/126 份试卷已归档。
2026-07-27 03:46:43 | INFO     | ✅ [批改完成] ANS_CO_1637 | 路由: BND | 最终分: 13.3 | 风险: P0.00/U0.14/F0.00/H0/L0 | 提取质量: 🟢high | 留白率: 0% | 低质量率: 0%
2026-07-27 03:46:43 | INFO     | 
🔍 [正在处理] ANS_CO_1640 | 启动 3WD 流水线...
2026-07-27 03:46:43 | INFO     | 📢 [总进度] 114/126 份试卷已归档。
2026-07-27 03:46:44 | INFO     | ✅ [批改完成] ANS_CO_1636 | 路由: BND | 最终分: 18.7 | 风险: P0.00/U0.05/F0.00/H0/L0 | 提取质量: 🟢high | 留白率: 0% | 低质量率: 0%
2026-07-27 03:46:44 | INFO     | 
🔍 [正在处理] ANS_CO_1641 | 启动 3WD 流水线...
2026-07-27 03:46:44 | INFO     | 📢 [总进度] 115/126 份试卷已归档。
2026-07-27 03:47:34 | INFO     | ✅ [批改完成] ANS_CO_1641 | 路由: BND | 最终分: 15.3 | 风险: P0.00/U0.08/F0.00/H0/L0 | 提取质量: 🟢high | 留白率: 0% | 低质量率: 0%
2026-07-27 03:47:34 | INFO     | 
🔍 [正在处理] ANS_CO_1642 | 启动 3WD 流水线...
2026-07-27 03:47:34 | INFO     | 📢 [总进度] 116/126 份试卷已归档。
2026-07-27 03:47:51 | INFO     | ✅ [批改完成] ANS_CO_1640 | 路由: BND | 最终分: 1.5 | 风险: P0.20/U0.02/F0.00/H0/L1 | 提取质量: 🟢high | 留白率: 0% | 低质量率: 0%
2026-07-27 03:47:51 | INFO     | 
🔍 [正在处理] ANS_CO_1643 | 启动 3WD 流水线...
2026-07-27 03:47:51 | INFO     | 📢 [总进度] 117/126 份试卷已归档。
2026-07-27 03:48:32 | INFO     | ✅ [批改完成] ANS_CO_1642 | 路由: BND | 最终分: 15.3 | 风险: P0.00/U0.11/F0.00/H0/L0 | 提取质量: 🟢high | 留白率: 0% | 低质量率: 0%
2026-07-27 03:48:32 | INFO     | 
🔍 [正在处理] ANS_CO_1644 | 启动 3WD 流水线...
2026-07-27 03:48:32 | INFO     | 📢 [总进度] 118/126 份试卷已归档。
2026-07-27 03:48:55 | INFO     | ✅ [批改完成] ANS_CO_1643 | 路由: BND | 最终分: 9.8 | 风险: P0.00/U0.27/F0.00/H0/L1 | 提取质量: 🟢high | 留白率: 0% | 低质量率: 0%
2026-07-27 03:48:55 | INFO     | 
🔍 [正在处理] ANS_CO_1646 | 启动 3WD 流水线...
2026-07-27 03:48:55 | INFO     | 📢 [总进度] 119/126 份试卷已归档。
2026-07-27 03:49:25 | INFO     | ✅ [批改完成] ANS_CO_1644 | 路由: POS | 最终分: 19.0 | 风险: P0.00/U0.04/F0.00/H0/L0 | 提取质量: 🟢high | 留白率: 0% | 低质量率: 0%
2026-07-27 03:49:25 | INFO     | 
🔍 [正在处理] ANS_CO_1647 | 启动 3WD 流水线...
2026-07-27 03:49:25 | INFO     | 📢 [总进度] 120/126 份试卷已归档。
2026-07-27 03:49:51 | INFO     | ✅ [批改完成] ANS_CO_1646 | 路由: BND | 最终分: 9.3 | 风险: P0.00/U0.10/F0.00/H0/L0 | 提取质量: 🟢high | 留白率: 0% | 低质量率: 0%
2026-07-27 03:49:51 | INFO     | 
🔍 [正在处理] ANS_CO_1651 | 启动 3WD 流水线...
2026-07-27 03:49:51 | INFO     | 📢 [总进度] 121/126 份试卷已归档。
2026-07-27 03:50:20 | INFO     | ✅ [批改完成] ANS_CO_1647 | 路由: BND | 最终分: 12.5 | 风险: P0.00/U0.09/F0.00/H0/L0 | 提取质量: 🟢high | 留白率: 0% | 低质量率: 0%
2026-07-27 03:50:20 | INFO     | 
🔍 [正在处理] ANS_CO_1652 | 启动 3WD 流水线...
2026-07-27 03:50:20 | INFO     | 📢 [总进度] 122/126 份试卷已归档。
2026-07-27 03:51:03 | INFO     | ✅ [批改完成] ANS_CO_1651 | 路由: BND | 最终分: 19.2 | 风险: P0.00/U0.06/F0.00/H0/L0 | 提取质量: 🟢high | 留白率: 0% | 低质量率: 0%
2026-07-27 03:51:03 | INFO     | 
🔍 [正在处理] ANS_CO_1653 | 启动 3WD 流水线...
2026-07-27 03:51:03 | INFO     | 📢 [总进度] 123/126 份试卷已归档。
2026-07-27 03:51:11 | INFO     | ✅ [批改完成] ANS_CO_1652 | 路由: BND | 最终分: 14.3 | 风险: P0.00/U0.08/F0.00/H0/L0 | 提取质量: 🟢high | 留白率: 0% | 低质量率: 0%
2026-07-27 03:51:11 | INFO     | 
🔍 [正在处理] ANS_CO_1654 | 启动 3WD 流水线...
2026-07-27 03:51:11 | INFO     | 📢 [总进度] 124/126 份试卷已归档。
2026-07-27 03:51:58 | INFO     | ✅ [批改完成] ANS_CO_1654 | 路由: POS | 最终分: 20.0 | 风险: P0.00/U0.00/F0.00/H0/L0 | 提取质量: 🟢high | 留白率: 0% | 低质量率: 0%
2026-07-27 03:51:58 | INFO     | 📢 [总进度] 125/126 份试卷已归档。
2026-07-27 03:52:04 | INFO     | ✅ [批改完成] ANS_CO_1653 | 路由: BND | 最终分: 11.5 | 风险: P0.00/U0.09/F0.00/H0/L1 | 提取质量: 🟢high | 留白率: 0% | 低质量率: 0%
2026-07-27 03:52:04 | INFO     | 📢 [总进度] 126/126 份试卷已归档。
2026-07-27 03:52:04 | INFO     | 🗂️ 所有线程交卷完毕，正在整理数据... (共收集 126/126 份结果)
2026-07-27 03:52:04 | INFO     | 💾 正常批改结果已保存: D:\users\王鑫020420\Desktop\refgrader-main\results_runs\csbench_co10_co11_co12_co13_co8_co9_all\runs\teacher_audit_co_8_13_20260725_192008\CO_13_graded_results.json (125 人)
2026-07-27 03:52:04 | INFO     | 🛑 拒绝域结果已单独保存: D:\users\王鑫020420\Desktop\refgrader-main\results_runs\csbench_co10_co11_co12_co13_co8_co9_all\runs\teacher_audit_co_8_13_20260725_192008\CO_13_rejected.json (1 人)
2026-07-27 03:52:04 | INFO     | [result consistency] CO_13: checkpoint=126, graded=125, rejected=1, failed=0, expected=126
2026-07-27 03:52:04 | INFO     | 
🚀 [标准模式] 开始处理: CO_8
2026-07-27 03:52:04 | INFO     | ⚡ 已加载本地标准: D:\users\王鑫020420\Desktop\refgrader-main\data\csbench\rubrics\optimized\CO\CO_8_rubric_standard.json
2026-07-27 03:52:10 | INFO     | ⚡ 脱敏清单已预生成，148 名学生共享复用。
2026-07-27 03:52:10 | INFO     | 🏃 开始批改 148 张试卷 (⚡ 开启多线程模式)...
2026-07-27 03:52:10 | INFO     | 
🔍 [正在处理] ANS_CO_761 | 启动 3WD 流水线...
2026-07-27 03:52:10 | INFO     | 
🔍 [正在处理] ANS_CO_762 | 启动 3WD 流水线...
2026-07-27 03:52:10 | INFO     | ⏳ [主线程] 已提交 148 个任务，等待结果回收...
2026-07-27 03:52:33 | INFO     | ✅ [批改完成] ANS_CO_761 | 路由: POS | 最终分: 10.0 | 风险: P0.00/U0.00/F0.00/H0/L0 | 提取质量: 🟢high | 留白率: 0% | 低质量率: 0%
2026-07-27 03:52:33 | INFO     | 
🔍 [正在处理] ANS_CO_763 | 启动 3WD 流水线...
2026-07-27 03:52:33 | INFO     | 📢 [总进度] 1/148 份试卷已归档。
2026-07-27 03:52:44 | INFO     | ✅ [批改完成] ANS_CO_762 | 路由: BND | 最终分: 2.7 | 风险: P0.00/U0.07/F0.75/H0/L1 | 提取质量: 🟢high | 留白率: 0% | 低质量率: 0%
2026-07-27 03:52:44 | INFO     | 
🔍 [正在处理] ANS_CO_764 | 启动 3WD 流水线...
2026-07-27 03:52:44 | INFO     | 📢 [总进度] 2/148 份试卷已归档。
2026-07-27 03:52:57 | INFO     | ✅ [批改完成] ANS_CO_763 | 路由: BND | 最终分: 0.8 | 风险: P0.40/U0.06/F0.25/H0/L0 | 提取质量: 🟡low | 留白率: 50% | 低质量率: 0%
2026-07-27 03:52:57 | INFO     | 
🔍 [正在处理] ANS_CO_765 | 启动 3WD 流水线...
2026-07-27 03:52:57 | INFO     | 📢 [总进度] 3/148 份试卷已归档。
2026-07-27 03:53:06 | INFO     | ✅ [批改完成] ANS_CO_764 | 路由: POS | 最终分: 10.0 | 风险: P0.00/U0.00/F0.00/H0/L0 | 提取质量: 🟢high | 留白率: 0% | 低质量率: 0%
2026-07-27 03:53:06 | INFO     | 
🔍 [正在处理] ANS_CO_767 | 启动 3WD 流水线...
2026-07-27 03:53:06 | INFO     | 📢 [总进度] 4/148 份试卷已归档。
2026-07-27 03:53:30 | INFO     | ✅ [批改完成] ANS_CO_765 | 路由: BND | 最终分: 9.3 | 风险: P0.00/U0.09/F0.00/H0/L0 | 提取质量: 🟢high | 留白率: 0% | 低质量率: 0%
2026-07-27 03:53:30 | INFO     | 
🔍 [正在处理] ANS_CO_768 | 启动 3WD 流水线...
2026-07-27 03:53:30 | INFO     | 📢 [总进度] 5/148 份试卷已归档。
2026-07-27 03:53:46 | INFO     | ✅ [批改完成] ANS_CO_767 | 路由: BND | 最终分: 0.45 | 风险: P0.00/U0.06/F0.75/H0/L1 | 提取质量: 🟢high | 留白率: 0% | 低质量率: 0%
2026-07-27 03:53:46 | INFO     | 
🔍 [正在处理] ANS_CO_769 | 启动 3WD 流水线...
2026-07-27 03:53:46 | INFO     | 📢 [总进度] 6/148 份试卷已归档。
2026-07-27 03:54:02 | INFO     | ✅ [批改完成] ANS_CO_768 | 路由: BND | 最终分: 5.4 | 风险: P0.00/U0.06/F0.25/H0/L1 | 提取质量: 🟢high | 留白率: 0% | 低质量率: 0%
2026-07-27 03:54:02 | INFO     | 
🔍 [正在处理] ANS_CO_770 | 启动 3WD 流水线...
2026-07-27 03:54:02 | INFO     | 📢 [总进度] 7/148 份试卷已归档。
2026-07-27 03:54:08 | INFO     | ✅ [批改完成] ANS_CO_769 | 路由: POS | 最终分: 10.0 | 风险: P0.00/U0.00/F0.00/H0/L0 | 提取质量: 🟢high | 留白率: 0% | 低质量率: 0%
2026-07-27 03:54:08 | INFO     | 
🔍 [正在处理] ANS_CO_773 | 启动 3WD 流水线...
2026-07-27 03:54:08 | INFO     | 📢 [总进度] 8/148 份试卷已归档。
2026-07-27 03:54:40 | INFO     | ✅ [批改完成] ANS_CO_770 | 路由: BND | 最终分: 5.9 | 风险: P0.00/U0.16/F0.00/H0/L0 | 提取质量: 🟢high | 留白率: 0% | 低质量率: 0%
2026-07-27 03:54:40 | INFO     | 
🔍 [正在处理] ANS_CO_774 | 启动 3WD 流水线...
2026-07-27 03:54:40 | INFO     | 📢 [总进度] 9/148 份试卷已归档。
2026-07-27 03:54:44 | INFO     | ✅ [批改完成] ANS_CO_773 | 路由: BND | 最终分: 0.1 | 风险: P0.00/U0.12/F0.75/H0/L1 | 提取质量: 🟢high | 留白率: 0% | 低质量率: 0%
2026-07-27 03:54:44 | INFO     | 
🔍 [正在处理] ANS_CO_775 | 启动 3WD 流水线...
2026-07-27 03:54:44 | INFO     | 📢 [总进度] 10/148 份试卷已归档。
2026-07-27 03:55:06 | INFO     | ✅ [批改完成] ANS_CO_774 | 路由: BND | 最终分: 0 | 风险: P0.40/U0.00/F0.50/H0/L0 | 提取质量: 🟡low | 留白率: 50% | 低质量率: 0%
2026-07-27 03:55:06 | INFO     | 
🔍 [正在处理] ANS_CO_776 | 启动 3WD 流水线...
2026-07-27 03:55:06 | INFO     | 📢 [总进度] 11/148 份试卷已归档。
2026-07-27 03:55:08 | INFO     | ✅ [批改完成] ANS_CO_775 | 路由: POS | 最终分: 10.0 | 风险: P0.00/U0.00/F0.00/H0/L0 | 提取质量: 🟢high | 留白率: 0% | 低质量率: 0%
2026-07-27 03:55:08 | INFO     | 
🔍 [正在处理] ANS_CO_777 | 启动 3WD 流水线...
2026-07-27 03:55:08 | INFO     | 📢 [总进度] 12/148 份试卷已归档。
2026-07-27 03:55:29 | INFO     | ✅ [批改完成] ANS_CO_776 | 路由: POS | 最终分: 10.0 | 风险: P0.00/U0.00/F0.00/H0/L0 | 提取质量: 🟢high | 留白率: 0% | 低质量率: 0%
2026-07-27 03:55:29 | INFO     | 
🔍 [正在处理] ANS_CO_778 | 启动 3WD 流水线...
2026-07-27 03:55:29 | INFO     | 📢 [总进度] 13/148 份试卷已归档。
2026-07-27 03:55:40 | INFO     | ✅ [批改完成] ANS_CO_777 | 路由: BND | 最终分: 8.3 | 风险: P0.00/U0.16/F0.00/H0/L0 | 提取质量: 🟢high | 留白率: 0% | 低质量率: 0%
2026-07-27 03:55:40 | INFO     | 
🔍 [正在处理] ANS_CO_779 | 启动 3WD 流水线...
2026-07-27 03:55:40 | INFO     | 📢 [总进度] 14/148 份试卷已归档。
2026-07-27 03:55:57 | INFO     | ✅ [批改完成] ANS_CO_778 | 路由: POS | 最终分: 10.0 | 风险: P0.00/U0.00/F0.00/H0/L0 | 提取质量: 🟢high | 留白率: 0% | 低质量率: 0%
2026-07-27 03:55:57 | INFO     | 
🔍 [正在处理] ANS_CO_783 | 启动 3WD 流水线...
2026-07-27 03:55:57 | INFO     | 📢 [总进度] 15/148 份试卷已归档。
2026-07-27 03:56:10 | INFO     | ✅ [批改完成] ANS_CO_779 | 路由: POS | 最终分: 10.0 | 风险: P0.00/U0.00/F0.00/H0/L0 | 提取质量: 🟢high | 留白率: 0% | 低质量率: 0%
2026-07-27 03:56:10 | INFO     | 
🔍 [正在处理] ANS_CO_784 | 启动 3WD 流水线...
2026-07-27 03:56:10 | INFO     | 📢 [总进度] 16/148 份试卷已归档。
2026-07-27 03:56:20 | INFO     | ✅ [批改完成] ANS_CO_783 | 路由: POS | 最终分: 10.0 | 风险: P0.00/U0.00/F0.00/H0/L0 | 提取质量: 🟢high | 留白率: 0% | 低质量率: 0%
2026-07-27 03:56:20 | INFO     | 
🔍 [正在处理] ANS_CO_785 | 启动 3WD 流水线...
2026-07-27 03:56:20 | INFO     | 📢 [总进度] 17/148 份试卷已归档。
2026-07-27 03:56:31 | INFO     | ✅ [批改完成] ANS_CO_784 | 路由: NEG | 最终分: 0.8 | 风险: P0.60/U0.06/F0.00/H0/L0 | 提取质量: 🟡low | 留白率: 75% | 低质量率: 0%
2026-07-27 03:56:31 | INFO     | 
🔍 [正在处理] ANS_CO_786 | 启动 3WD 流水线...
2026-07-27 03:56:31 | INFO     | 📢 [总进度] 18/148 份试卷已归档 [NEG-拒绝]。
2026-07-27 03:56:50 | INFO     | ✅ [批改完成] ANS_CO_785 | 路由: BND | 最终分: 5.8 | 风险: P0.00/U0.06/F0.25/H0/L1 | 提取质量: 🟢high | 留白率: 0% | 低质量率: 0%
2026-07-27 03:56:50 | INFO     | 
🔍 [正在处理] ANS_CO_787 | 启动 3WD 流水线...
2026-07-27 03:56:50 | INFO     | 📢 [总进度] 19/148 份试卷已归档。
2026-07-27 03:57:08 | INFO     | ✅ [批改完成] ANS_CO_786 | 路由: BND | 最终分: 0.8 | 风险: P0.00/U0.12/F1.00/H0/L1 | 提取质量: 🟢high | 留白率: 0% | 低质量率: 0%
2026-07-27 03:57:08 | INFO     | 
🔍 [正在处理] ANS_CO_788 | 启动 3WD 流水线...
2026-07-27 03:57:08 | INFO     | 📢 [总进度] 20/148 份试卷已归档。
2026-07-27 03:57:31 | INFO     | ✅ [批改完成] ANS_CO_788 | 路由: POS | 最终分: 10.0 | 风险: P0.00/U0.00/F0.00/H0/L0 | 提取质量: 🟢high | 留白率: 0% | 低质量率: 0%
2026-07-27 03:57:31 | INFO     | 
🔍 [正在处理] ANS_CO_789 | 启动 3WD 流水线...
2026-07-27 03:57:31 | INFO     | 📢 [总进度] 21/148 份试卷已归档。
2026-07-27 03:57:34 | INFO     | ✅ [批改完成] ANS_CO_787 | 路由: BND | 最终分: 3.26 | 风险: P0.00/U0.16/F0.50/H0/L1 | 提取质量: 🟢high | 留白率: 0% | 低质量率: 0%
2026-07-27 03:57:34 | INFO     | 
🔍 [正在处理] ANS_CO_790 | 启动 3WD 流水线...
2026-07-27 03:57:34 | INFO     | 📢 [总进度] 22/148 份试卷已归档。
2026-07-27 03:57:55 | INFO     | ✅ [批改完成] ANS_CO_789 | 路由: POS | 最终分: 10.0 | 风险: P0.00/U0.00/F0.00/H0/L0 | 提取质量: 🟢high | 留白率: 0% | 低质量率: 0%
2026-07-27 03:57:55 | INFO     | 
🔍 [正在处理] ANS_CO_791 | 启动 3WD 流水线...
2026-07-27 03:57:55 | INFO     | 📢 [总进度] 23/148 份试卷已归档。
2026-07-27 03:57:57 | INFO     | ✅ [批改完成] ANS_CO_790 | 路由: POS | 最终分: 10.0 | 风险: P0.00/U0.00/F0.00/H0/L0 | 提取质量: 🟢high | 留白率: 0% | 低质量率: 0%
2026-07-27 03:57:57 | INFO     | 
🔍 [正在处理] ANS_CO_792 | 启动 3WD 流水线...
2026-07-27 03:57:57 | INFO     | 📢 [总进度] 24/148 份试卷已归档。
2026-07-27 03:58:33 | INFO     | ✅ [批改完成] ANS_CO_792 | 路由: BND | 最终分: 7.2 | 风险: P0.00/U0.12/F0.00/H0/L0 | 提取质量: 🟢high | 留白率: 0% | 低质量率: 0%
2026-07-27 03:58:33 | INFO     | 
🔍 [正在处理] ANS_CO_793 | 启动 3WD 流水线...
2026-07-27 03:58:33 | INFO     | 📢 [总进度] 25/148 份试卷已归档。
2026-07-27 03:58:40 | INFO     | ✅ [批改完成] ANS_CO_791 | 路由: BND | 最终分: 5.2 | 风险: P0.00/U0.11/F0.00/H0/L1 | 提取质量: 🟢high | 留白率: 0% | 低质量率: 0%
2026-07-27 03:58:40 | INFO     | 
🔍 [正在处理] ANS_CO_794 | 启动 3WD 流水线...
2026-07-27 03:58:40 | INFO     | 📢 [总进度] 26/148 份试卷已归档。
2026-07-27 03:58:56 | INFO     | ✅ [批改完成] ANS_CO_793 | 路由: POS | 最终分: 10.0 | 风险: P0.00/U0.00/F0.00/H0/L0 | 提取质量: 🟢high | 留白率: 0% | 低质量率: 0%
2026-07-27 03:58:56 | INFO     | 
🔍 [正在处理] ANS_CO_795 | 启动 3WD 流水线...
2026-07-27 03:58:56 | INFO     | 📢 [总进度] 27/148 份试卷已归档。
2026-07-27 03:59:02 | INFO     | ✅ [批改完成] ANS_CO_794 | 路由: POS | 最终分: 10.0 | 风险: P0.00/U0.00/F0.00/H0/L0 | 提取质量: 🟢high | 留白率: 0% | 低质量率: 0%
2026-07-27 03:59:02 | INFO     | 
🔍 [正在处理] ANS_CO_796 | 启动 3WD 流水线...
2026-07-27 03:59:02 | INFO     | 📢 [总进度] 28/148 份试卷已归档。
2026-07-27 03:59:17 | INFO     | ✅ [批改完成] ANS_CO_795 | 路由: POS | 最终分: 10.0 | 风险: P0.00/U0.00/F0.00/H0/L0 | 提取质量: 🟢high | 留白率: 0% | 低质量率: 0%
2026-07-27 03:59:17 | INFO     | 
🔍 [正在处理] ANS_CO_797 | 启动 3WD 流水线...
2026-07-27 03:59:17 | INFO     | 📢 [总进度] 29/148 份试卷已归档。
2026-07-27 03:59:39 | INFO     | ✅ [批改完成] ANS_CO_796 | 路由: BND | 最终分: 9.8 | 风险: P0.00/U0.14/F0.25/H0/L0 | 提取质量: 🟢high | 留白率: 0% | 低质量率: 0%
2026-07-27 03:59:39 | INFO     | 
🔍 [正在处理] ANS_CO_798 | 启动 3WD 流水线...
2026-07-27 03:59:39 | INFO     | 📢 [总进度] 30/148 份试卷已归档。
2026-07-27 03:59:49 | INFO     | ✅ [批改完成] ANS_CO_797 | 路由: BND | 最终分: 9.2 | 风险: P0.00/U0.12/F0.00/H0/L0 | 提取质量: 🟢high | 留白率: 0% | 低质量率: 0%
2026-07-27 03:59:49 | INFO     | 
🔍 [正在处理] ANS_CO_799 | 启动 3WD 流水线...
2026-07-27 03:59:49 | INFO     | 📢 [总进度] 31/148 份试卷已归档。
2026-07-27 04:00:01 | INFO     | ✅ [批改完成] ANS_CO_798 | 路由: POS | 最终分: 10.0 | 风险: P0.00/U0.00/F0.00/H0/L0 | 提取质量: 🟢high | 留白率: 0% | 低质量率: 0%
2026-07-27 04:00:01 | INFO     | 
🔍 [正在处理] ANS_CO_800 | 启动 3WD 流水线...
2026-07-27 04:00:01 | INFO     | 📢 [总进度] 32/148 份试卷已归档。
2026-07-27 04:00:20 | INFO     | ✅ [批改完成] ANS_CO_799 | 路由: BND | 最终分: 9.3 | 风险: P0.00/U0.09/F0.00/H0/L0 | 提取质量: 🟢high | 留白率: 0% | 低质量率: 0%
2026-07-27 04:00:20 | INFO     | 
🔍 [正在处理] ANS_CO_801 | 启动 3WD 流水线...
2026-07-27 04:00:20 | INFO     | 📢 [总进度] 33/148 份试卷已归档。
2026-07-27 04:01:02 | INFO     | ✅ [批改完成] ANS_CO_800 | 路由: POS | 最终分: 9.8 | 风险: P0.00/U0.02/F0.00/H0/L0 | 提取质量: 🟢high | 留白率: 0% | 低质量率: 0%
2026-07-27 04:01:02 | INFO     | 
🔍 [正在处理] ANS_CO_802 | 启动 3WD 流水线...
2026-07-27 04:01:02 | INFO     | 📢 [总进度] 34/148 份试卷已归档。
2026-07-27 04:01:12 | INFO     | ✅ [批改完成] ANS_CO_801 | 路由: POS | 最终分: 10.0 | 风险: P0.00/U0.00/F0.00/H0/L0 | 提取质量: 🟢high | 留白率: 0% | 低质量率: 0%
2026-07-27 04:01:12 | INFO     | 
🔍 [正在处理] ANS_CO_803 | 启动 3WD 流水线...
2026-07-27 04:01:12 | INFO     | 📢 [总进度] 35/148 份试卷已归档。
2026-07-27 04:01:36 | INFO     | ✅ [批改完成] ANS_CO_802 | 路由: BND | 最终分: 6.8 | 风险: P0.00/U0.10/F0.00/H0/L0 | 提取质量: 🟢high | 留白率: 0% | 低质量率: 0%
2026-07-27 04:01:36 | INFO     | 
🔍 [正在处理] ANS_CO_804 | 启动 3WD 流水线...
2026-07-27 04:01:36 | INFO     | 📢 [总进度] 36/148 份试卷已归档。
2026-07-27 04:01:43 | INFO     | ✅ [批改完成] ANS_CO_803 | 路由: BND | 最终分: 3.4 | 风险: P0.20/U0.07/F0.25/H0/L1 | 提取质量: 🟢high | 留白率: 25% | 低质量率: 0%
2026-07-27 04:01:43 | INFO     | 
🔍 [正在处理] ANS_CO_806 | 启动 3WD 流水线...
2026-07-27 04:01:43 | INFO     | 📢 [总进度] 37/148 份试卷已归档。
2026-07-27 04:01:58 | INFO     | ✅ [批改完成] ANS_CO_804 | 路由: POS | 最终分: 10.0 | 风险: P0.00/U0.00/F0.00/H0/L0 | 提取质量: 🟢high | 留白率: 0% | 低质量率: 0%
2026-07-27 04:01:58 | INFO     | 
🔍 [正在处理] ANS_CO_807 | 启动 3WD 流水线...
2026-07-27 04:01:58 | INFO     | 📢 [总进度] 38/148 份试卷已归档。
2026-07-27 04:02:06 | INFO     | ✅ [批改完成] ANS_CO_806 | 路由: POS | 最终分: 10.0 | 风险: P0.00/U0.00/F0.00/H0/L0 | 提取质量: 🟢high | 留白率: 0% | 低质量率: 0%
2026-07-27 04:02:06 | INFO     | 
🔍 [正在处理] ANS_CO_808 | 启动 3WD 流水线...
2026-07-27 04:02:06 | INFO     | 📢 [总进度] 39/148 份试卷已归档。
2026-07-27 04:02:34 | INFO     | ✅ [批改完成] ANS_CO_808 | 路由: POS | 最终分: 10.0 | 风险: P0.00/U0.00/F0.00/H0/L0 | 提取质量: 🟢high | 留白率: 0% | 低质量率: 0%
2026-07-27 04:02:34 | INFO     | 
🔍 [正在处理] ANS_CO_809 | 启动 3WD 流水线...
2026-07-27 04:02:34 | INFO     | 📢 [总进度] 40/148 份试卷已归档。
2026-07-27 04:02:42 | INFO     | ✅ [批改完成] ANS_CO_807 | 路由: BND | 最终分: 6.35 | 风险: P0.00/U0.38/F0.25/H0/L1 | 提取质量: 🟢high | 留白率: 0% | 低质量率: 0%
2026-07-27 04:02:42 | INFO     | 
🔍 [正在处理] ANS_CO_812 | 启动 3WD 流水线...
2026-07-27 04:02:42 | INFO     | 📢 [总进度] 41/148 份试卷已归档。
2026-07-27 04:02:58 | INFO     | ✅ [批改完成] ANS_CO_809 | 路由: POS | 最终分: 10.0 | 风险: P0.00/U0.00/F0.00/H0/L0 | 提取质量: 🟢high | 留白率: 0% | 低质量率: 0%
2026-07-27 04:02:58 | INFO     | 
🔍 [正在处理] ANS_CO_813 | 启动 3WD 流水线...
2026-07-27 04:02:58 | INFO     | 📢 [总进度] 42/148 份试卷已归档。
2026-07-27 04:03:18 | INFO     | ✅ [批改完成] ANS_CO_812 | 路由: BND | 最终分: 1.3 | 风险: P0.00/U0.13/F0.75/H0/L1 | 提取质量: 🟢high | 留白率: 0% | 低质量率: 0%
2026-07-27 04:03:18 | INFO     | 
🔍 [正在处理] ANS_CO_814 | 启动 3WD 流水线...
2026-07-27 04:03:18 | INFO     | 📢 [总进度] 43/148 份试卷已归档。
2026-07-27 04:03:37 | INFO     | ✅ [批改完成] ANS_CO_813 | 路由: BND | 最终分: 2.1 | 风险: P0.00/U0.09/F0.75/H0/L1 | 提取质量: 🟢high | 留白率: 0% | 低质量率: 0%
2026-07-27 04:03:37 | INFO     | 
🔍 [正在处理] ANS_CO_815 | 启动 3WD 流水线...
2026-07-27 04:03:37 | INFO     | 📢 [总进度] 44/148 份试卷已归档。
2026-07-27 04:03:38 | INFO     | ✅ [批改完成] ANS_CO_814 | 路由: POS | 最终分: 10.0 | 风险: P0.00/U0.00/F0.00/H0/L0 | 提取质量: 🟢high | 留白率: 0% | 低质量率: 0%
2026-07-27 04:03:38 | INFO     | 
🔍 [正在处理] ANS_CO_816 | 启动 3WD 流水线...
2026-07-27 04:03:38 | INFO     | 📢 [总进度] 45/148 份试卷已归档。
2026-07-27 04:04:02 | INFO     | ✅ [批改完成] ANS_CO_815 | 路由: POS | 最终分: 10.0 | 风险: P0.00/U0.00/F0.00/H0/L0 | 提取质量: 🟢high | 留白率: 0% | 低质量率: 0%
2026-07-27 04:04:02 | INFO     | 
🔍 [正在处理] ANS_CO_817 | 启动 3WD 流水线...
2026-07-27 04:04:02 | INFO     | 📢 [总进度] 46/148 份试卷已归档。
2026-07-27 04:04:05 | INFO     | ✅ [批改完成] ANS_CO_816 | 路由: POS | 最终分: 10.0 | 风险: P0.00/U0.00/F0.00/H0/L0 | 提取质量: 🟢high | 留白率: 0% | 低质量率: 0%
2026-07-27 04:04:05 | INFO     | 
🔍 [正在处理] ANS_CO_818 | 启动 3WD 流水线...
2026-07-27 04:04:05 | INFO     | 📢 [总进度] 47/148 份试卷已归档。
2026-07-27 04:04:30 | INFO     | ✅ [批改完成] ANS_CO_817 | 路由: POS | 最终分: 1.2 | 风险: P0.00/U0.00/F0.75/H0/L1 | 提取质量: 🟢high | 留白率: 0% | 低质量率: 0%
2026-07-27 04:04:30 | INFO     | 
🔍 [正在处理] ANS_CO_819 | 启动 3WD 流水线...
2026-07-27 04:04:30 | INFO     | 📢 [总进度] 48/148 份试卷已归档。
2026-07-27 04:04:30 | INFO     | ✅ [批改完成] ANS_CO_818 | 路由: POS | 最终分: 0 | 风险: P0.00/U0.00/F1.00/H0/L1 | 提取质量: 🟢high | 留白率: 0% | 低质量率: 0%
2026-07-27 04:04:30 | INFO     | 
🔍 [正在处理] ANS_CO_820 | 启动 3WD 流水线...
2026-07-27 04:04:30 | INFO     | 📢 [总进度] 49/148 份试卷已归档。
2026-07-27 04:05:09 | INFO     | ✅ [批改完成] ANS_CO_819 | 路由: BND | 最终分: 3.2 | 风险: P0.00/U0.10/F0.75/H0/L1 | 提取质量: 🟢high | 留白率: 0% | 低质量率: 0%
2026-07-27 04:05:09 | INFO     | 
🔍 [正在处理] ANS_CO_822 | 启动 3WD 流水线...
2026-07-27 04:05:09 | INFO     | 📢 [总进度] 50/148 份试卷已归档。
2026-07-27 04:05:11 | INFO     | ✅ [批改完成] ANS_CO_820 | 路由: BND | 最终分: 0 | 风险: P0.00/U0.10/F1.00/H0/L1 | 提取质量: 🟢high | 留白率: 0% | 低质量率: 0%
2026-07-27 04:05:11 | INFO     | 
🔍 [正在处理] ANS_CO_823 | 启动 3WD 流水线...
2026-07-27 04:05:11 | INFO     | 📢 [总进度] 51/148 份试卷已归档。
2026-07-27 04:05:33 | INFO     | ✅ [批改完成] ANS_CO_822 | 路由: POS | 最终分: 10.0 | 风险: P0.00/U0.00/F0.00/H0/L0 | 提取质量: 🟢high | 留白率: 0% | 低质量率: 0%
2026-07-27 04:05:33 | INFO     | 
🔍 [正在处理] ANS_CO_824 | 启动 3WD 流水线...
2026-07-27 04:05:33 | INFO     | 📢 [总进度] 52/148 份试卷已归档。
2026-07-27 04:05:38 | INFO     | ✅ [批改完成] ANS_CO_823 | 路由: POS | 最终分: 10.0 | 风险: P0.00/U0.00/F0.00/H0/L0 | 提取质量: 🟢high | 留白率: 0% | 低质量率: 0%
2026-07-27 04:05:38 | INFO     | 
🔍 [正在处理] ANS_CO_825 | 启动 3WD 流水线...
2026-07-27 04:05:38 | INFO     | 📢 [总进度] 53/148 份试卷已归档。
2026-07-27 04:05:59 | INFO     | ✅ [批改完成] ANS_CO_825 | 路由: POS | 最终分: 10.0 | 风险: P0.00/U0.00/F0.00/H0/L0 | 提取质量: 🟢high | 留白率: 0% | 低质量率: 0%
2026-07-27 04:05:59 | INFO     | 
🔍 [正在处理] ANS_CO_826 | 启动 3WD 流水线...
2026-07-27 04:05:59 | INFO     | 📢 [总进度] 54/148 份试卷已归档。
2026-07-27 04:06:20 | INFO     | ✅ [批改完成] ANS_CO_824 | 路由: BND | 最终分: 8.8 | 风险: P0.00/U0.32/F0.00/H0/L0 | 提取质量: 🟢high | 留白率: 0% | 低质量率: 0%
2026-07-27 04:06:20 | INFO     | 
🔍 [正在处理] ANS_CO_827 | 启动 3WD 流水线...
2026-07-27 04:06:20 | INFO     | 📢 [总进度] 55/148 份试卷已归档。
2026-07-27 04:06:39 | INFO     | ✅ [批改完成] ANS_CO_826 | 路由: BND | 最终分: 8.65 | 风险: P0.00/U0.13/F0.00/H0/L0 | 提取质量: 🟢high | 留白率: 0% | 低质量率: 0%
2026-07-27 04:06:39 | INFO     | 
🔍 [正在处理] ANS_CO_828 | 启动 3WD 流水线...
2026-07-27 04:06:39 | INFO     | 📢 [总进度] 56/148 份试卷已归档。
2026-07-27 04:06:48 | INFO     | ✅ [批改完成] ANS_CO_827 | 路由: POS | 最终分: 10.0 | 风险: P0.00/U0.00/F0.00/H0/L0 | 提取质量: 🟢high | 留白率: 0% | 低质量率: 0%
2026-07-27 04:06:48 | INFO     | 
🔍 [正在处理] ANS_CO_829 | 启动 3WD 流水线...
2026-07-27 04:06:48 | INFO     | 📢 [总进度] 57/148 份试卷已归档。
2026-07-27 04:07:11 | INFO     | ✅ [批改完成] ANS_CO_829 | 路由: POS | 最终分: 10.0 | 风险: P0.00/U0.00/F0.00/H0/L0 | 提取质量: 🟢high | 留白率: 0% | 低质量率: 0%
2026-07-27 04:07:11 | INFO     | 
🔍 [正在处理] ANS_CO_830 | 启动 3WD 流水线...
2026-07-27 04:07:11 | INFO     | 📢 [总进度] 58/148 份试卷已归档。
2026-07-27 04:07:17 | INFO     | ✅ [批改完成] ANS_CO_828 | 路由: BND | 最终分: 5.26 | 风险: P0.00/U0.10/F0.25/H0/L0 | 提取质量: 🟢high | 留白率: 0% | 低质量率: 0%
2026-07-27 04:07:17 | INFO     | 
🔍 [正在处理] ANS_CO_831 | 启动 3WD 流水线...
2026-07-27 04:07:17 | INFO     | 📢 [总进度] 59/148 份试卷已归档。
2026-07-27 04:07:49 | INFO     | ✅ [批改完成] ANS_CO_830 | 路由: BND | 最终分: 10.0 | 风险: P0.00/U0.12/F0.00/H0/L0 | 提取质量: 🟢high | 留白率: 0% | 低质量率: 0%
2026-07-27 04:07:49 | INFO     | 
🔍 [正在处理] ANS_CO_832 | 启动 3WD 流水线...
2026-07-27 04:07:49 | INFO     | 📢 [总进度] 60/148 份试卷已归档。
2026-07-27 04:07:56 | INFO     | ✅ [批改完成] ANS_CO_831 | 路由: BND | 最终分: 5.6 | 风险: P0.00/U0.17/F0.25/H0/L0 | 提取质量: 🟢high | 留白率: 0% | 低质量率: 0%
2026-07-27 04:07:56 | INFO     | 
🔍 [正在处理] ANS_CO_833 | 启动 3WD 流水线...
2026-07-27 04:07:56 | INFO     | 📢 [总进度] 61/148 份试卷已归档。
2026-07-27 04:08:26 | INFO     | ✅ [批改完成] ANS_CO_833 | 路由: BND | 最终分: 4.95 | 风险: P0.00/U0.18/F0.00/H0/L0 | 提取质量: 🟢high | 留白率: 0% | 低质量率: 0%
2026-07-27 04:08:26 | INFO     | 
🔍 [正在处理] ANS_CO_834 | 启动 3WD 流水线...
2026-07-27 04:08:26 | INFO     | 📢 [总进度] 62/148 份试卷已归档。
2026-07-27 04:08:28 | INFO     | ✅ [批改完成] ANS_CO_832 | 路由: BND | 最终分: 6.7 | 风险: P0.00/U0.10/F0.25/H0/L0 | 提取质量: 🟢high | 留白率: 0% | 低质量率: 0%
2026-07-27 04:08:28 | INFO     | 
🔍 [正在处理] ANS_CO_835 | 启动 3WD 流水线...
2026-07-27 04:08:28 | INFO     | 📢 [总进度] 63/148 份试卷已归档。
2026-07-27 04:08:51 | INFO     | ✅ [批改完成] ANS_CO_835 | 路由: POS | 最终分: 7.5 | 风险: P0.00/U0.00/F0.25/H0/L0 | 提取质量: 🟢high | 留白率: 0% | 低质量率: 0%
2026-07-27 04:08:51 | INFO     | 
🔍 [正在处理] ANS_CO_836 | 启动 3WD 流水线...
2026-07-27 04:08:51 | INFO     | 📢 [总进度] 64/148 份试卷已归档。
2026-07-27 04:09:00 | INFO     | ✅ [批改完成] ANS_CO_834 | 路由: BND | 最终分: 5.76 | 风险: P0.00/U0.06/F0.25/H0/L0 | 提取质量: 🟢high | 留白率: 0% | 低质量率: 0%
2026-07-27 04:09:00 | INFO     | 
🔍 [正在处理] ANS_CO_837 | 启动 3WD 流水线...
2026-07-27 04:09:00 | INFO     | 📢 [总进度] 65/148 份试卷已归档。
2026-07-27 04:09:28 | INFO     | ✅ [批改完成] ANS_CO_837 | 路由: POS | 最终分: 10.0 | 风险: P0.00/U0.00/F0.00/H0/L0 | 提取质量: 🟢high | 留白率: 0% | 低质量率: 0%
2026-07-27 04:09:28 | INFO     | 
🔍 [正在处理] ANS_CO_838 | 启动 3WD 流水线...
2026-07-27 04:09:28 | INFO     | 📢 [总进度] 66/148 份试卷已归档。
2026-07-27 04:09:32 | INFO     | ✅ [批改完成] ANS_CO_836 | 路由: BND | 最终分: 9.9 | 风险: P0.00/U0.21/F0.00/H0/L0 | 提取质量: 🟢high | 留白率: 0% | 低质量率: 0%
2026-07-27 04:09:32 | INFO     | 
🔍 [正在处理] ANS_CO_839 | 启动 3WD 流水线...
2026-07-27 04:09:32 | INFO     | 📢 [总进度] 67/148 份试卷已归档。
2026-07-27 04:09:57 | INFO     | ✅ [批改完成] ANS_CO_838 | 路由: POS | 最终分: 10.0 | 风险: P0.00/U0.00/F0.00/H0/L0 | 提取质量: 🟢high | 留白率: 0% | 低质量率: 0%
2026-07-27 04:09:57 | INFO     | 
🔍 [正在处理] ANS_CO_840 | 启动 3WD 流水线...
2026-07-27 04:09:57 | INFO     | 📢 [总进度] 68/148 份试卷已归档。
2026-07-27 04:09:59 | INFO     | ✅ [批改完成] ANS_CO_839 | 路由: POS | 最终分: 10.0 | 风险: P0.00/U0.00/F0.00/H0/L0 | 提取质量: 🟢high | 留白率: 0% | 低质量率: 0%
2026-07-27 04:09:59 | INFO     | 
🔍 [正在处理] ANS_CO_841 | 启动 3WD 流水线...
2026-07-27 04:09:59 | INFO     | 📢 [总进度] 69/148 份试卷已归档。
2026-07-27 04:10:19 | INFO     | ✅ [批改完成] ANS_CO_840 | 路由: POS | 最终分: 10.0 | 风险: P0.00/U0.00/F0.00/H0/L0 | 提取质量: 🟢high | 留白率: 0% | 低质量率: 0%
2026-07-27 04:10:19 | INFO     | 
🔍 [正在处理] ANS_CO_842 | 启动 3WD 流水线...
2026-07-27 04:10:19 | INFO     | 📢 [总进度] 70/148 份试卷已归档。
2026-07-27 04:10:42 | INFO     | ✅ [批改完成] ANS_CO_841 | 路由: BND | 最终分: 4.5 | 风险: P0.00/U0.15/F0.25/H0/L1 | 提取质量: 🟢high | 留白率: 0% | 低质量率: 0%
2026-07-27 04:10:42 | INFO     | 
🔍 [正在处理] ANS_CO_843 | 启动 3WD 流水线...
2026-07-27 04:10:42 | INFO     | 📢 [总进度] 71/148 份试卷已归档。
2026-07-27 04:10:57 | INFO     | ✅ [批改完成] ANS_CO_842 | 路由: POS | 最终分: 4.0 | 风险: P0.00/U0.02/F0.25/H0/L1 | 提取质量: 🟢high | 留白率: 0% | 低质量率: 0%
2026-07-27 04:10:57 | INFO     | 
🔍 [正在处理] ANS_CO_844 | 启动 3WD 流水线...
2026-07-27 04:10:57 | INFO     | 📢 [总进度] 72/148 份试卷已归档。
2026-07-27 04:11:08 | INFO     | ✅ [批改完成] ANS_CO_843 | 路由: POS | 最终分: 10.0 | 风险: P0.00/U0.00/F0.00/H0/L0 | 提取质量: 🟢high | 留白率: 0% | 低质量率: 0%
2026-07-27 04:11:08 | INFO     | 
🔍 [正在处理] ANS_CO_845 | 启动 3WD 流水线...
2026-07-27 04:11:08 | INFO     | 📢 [总进度] 73/148 份试卷已归档。
2026-07-27 04:11:24 | INFO     | ✅ [批改完成] ANS_CO_844 | 路由: POS | 最终分: 10.0 | 风险: P0.00/U0.00/F0.00/H0/L0 | 提取质量: 🟢high | 留白率: 0% | 低质量率: 0%
2026-07-27 04:11:24 | INFO     | 
🔍 [正在处理] ANS_CO_846 | 启动 3WD 流水线...
2026-07-27 04:11:24 | INFO     | 📢 [总进度] 74/148 份试卷已归档。
2026-07-27 04:11:50 | INFO     | ✅ [批改完成] ANS_CO_845 | 路由: BND | 最终分: 0.9 | 风险: P0.00/U0.07/F0.75/H0/L1 | 提取质量: 🟢high | 留白率: 0% | 低质量率: 0%
2026-07-27 04:11:50 | INFO     | 
🔍 [正在处理] ANS_CO_847 | 启动 3WD 流水线...
2026-07-27 04:11:50 | INFO     | 📢 [总进度] 75/148 份试卷已归档。
2026-07-27 04:11:57 | INFO     | ✅ [批改完成] ANS_CO_846 | 路由: POS | 最终分: 1.7 | 风险: P0.00/U0.06/F0.75/H0/L1 | 提取质量: 🟢high | 留白率: 0% | 低质量率: 0%
2026-07-27 04:11:57 | INFO     | 
🔍 [正在处理] ANS_CO_848 | 启动 3WD 流水线...
2026-07-27 04:11:57 | INFO     | 📢 [总进度] 76/148 份试卷已归档。
2026-07-27 04:12:22 | INFO     | ✅ [批改完成] ANS_CO_847 | 路由: BND | 最终分: 7.45 | 风险: P0.00/U0.10/F0.25/H0/L0 | 提取质量: 🟢high | 留白率: 0% | 低质量率: 0%
2026-07-27 04:12:22 | INFO     | 
🔍 [正在处理] ANS_CO_849 | 启动 3WD 流水线...
2026-07-27 04:12:22 | INFO     | 📢 [总进度] 77/148 份试卷已归档。
2026-07-27 04:12:23 | INFO     | ✅ [批改完成] ANS_CO_848 | 路由: POS | 最终分: 10.0 | 风险: P0.00/U0.00/F0.00/H0/L0 | 提取质量: 🟢high | 留白率: 0% | 低质量率: 0%
2026-07-27 04:12:23 | INFO     | 
🔍 [正在处理] ANS_CO_850 | 启动 3WD 流水线...
2026-07-27 04:12:23 | INFO     | 📢 [总进度] 78/148 份试卷已归档。
2026-07-27 04:12:56 | INFO     | ✅ [批改完成] ANS_CO_849 | 路由: BND | 最终分: 9.6 | 风险: P0.00/U0.06/F0.00/H0/L0 | 提取质量: 🟢high | 留白率: 0% | 低质量率: 0%
2026-07-27 04:12:56 | INFO     | 
🔍 [正在处理] ANS_CO_851 | 启动 3WD 流水线...
2026-07-27 04:12:56 | INFO     | 📢 [总进度] 79/148 份试卷已归档。
2026-07-27 04:13:00 | INFO     | ✅ [批改完成] ANS_CO_850 | 路由: BND | 最终分: 6.8 | 风险: P0.00/U0.05/F0.25/H0/L0 | 提取质量: 🟢high | 留白率: 0% | 低质量率: 0%
2026-07-27 04:13:00 | INFO     | 
🔍 [正在处理] ANS_CO_852 | 启动 3WD 流水线...
2026-07-27 04:13:00 | INFO     | 📢 [总进度] 80/148 份试卷已归档。
2026-07-27 04:13:27 | INFO     | ✅ [批改完成] ANS_CO_851 | 路由: POS | 最终分: 10.0 | 风险: P0.00/U0.00/F0.00/H0/L0 | 提取质量: 🟢high | 留白率: 0% | 低质量率: 0%
2026-07-27 04:13:27 | INFO     | 
🔍 [正在处理] ANS_CO_853 | 启动 3WD 流水线...
2026-07-27 04:13:27 | INFO     | 📢 [总进度] 81/148 份试卷已归档。
2026-07-27 04:13:42 | INFO     | ✅ [批改完成] ANS_CO_852 | 路由: BND | 最终分: 4.7 | 风险: P0.00/U0.24/F0.00/H0/L0 | 提取质量: 🟢high | 留白率: 0% | 低质量率: 0%
2026-07-27 04:13:42 | INFO     | 
🔍 [正在处理] ANS_CO_854 | 启动 3WD 流水线...
2026-07-27 04:13:42 | INFO     | 📢 [总进度] 82/148 份试卷已归档。
2026-07-27 04:13:48 | INFO     | ✅ [批改完成] ANS_CO_853 | 路由: POS | 最终分: 10.0 | 风险: P0.00/U0.00/F0.00/H0/L0 | 提取质量: 🟢high | 留白率: 0% | 低质量率: 0%
2026-07-27 04:13:48 | INFO     | 
🔍 [正在处理] ANS_CO_855 | 启动 3WD 流水线...
2026-07-27 04:13:48 | INFO     | 📢 [总进度] 83/148 份试卷已归档。
2026-07-27 04:14:14 | INFO     | ✅ [批改完成] ANS_CO_854 | 路由: BND | 最终分: 2.5 | 风险: P0.20/U0.00/F0.50/H0/L1 | 提取质量: 🟢high | 留白率: 25% | 低质量率: 0%
2026-07-27 04:14:14 | INFO     | 
🔍 [正在处理] ANS_CO_856 | 启动 3WD 流水线...
2026-07-27 04:14:14 | INFO     | 📢 [总进度] 84/148 份试卷已归档。
2026-07-27 04:14:16 | INFO     | ✅ [批改完成] ANS_CO_855 | 路由: POS | 最终分: 10.0 | 风险: P0.00/U0.00/F0.00/H0/L0 | 提取质量: 🟢high | 留白率: 0% | 低质量率: 0%
2026-07-27 04:14:16 | INFO     | 
🔍 [正在处理] ANS_CO_858 | 启动 3WD 流水线...
2026-07-27 04:14:16 | INFO     | 📢 [总进度] 85/148 份试卷已归档。
2026-07-27 04:14:51 | INFO     | ✅ [批改完成] ANS_CO_858 | 路由: BND | 最终分: 6.92 | 风险: P0.00/U0.10/F0.00/H0/L0 | 提取质量: 🟢high | 留白率: 0% | 低质量率: 0%
2026-07-27 04:14:51 | INFO     | 
🔍 [正在处理] ANS_CO_859 | 启动 3WD 流水线...
2026-07-27 04:14:51 | INFO     | 📢 [总进度] 86/148 份试卷已归档。
2026-07-27 04:14:57 | INFO     | ✅ [批改完成] ANS_CO_856 | 路由: BND | 最终分: 7.65 | 风险: P0.00/U0.05/F0.25/H0/L0 | 提取质量: 🟢high | 留白率: 0% | 低质量率: 0%
2026-07-27 04:14:57 | INFO     | 
🔍 [正在处理] ANS_CO_860 | 启动 3WD 流水线...
2026-07-27 04:14:57 | INFO     | 📢 [总进度] 87/148 份试卷已归档。
2026-07-27 04:15:22 | INFO     | ✅ [批改完成] ANS_CO_859 | 路由: POS | 最终分: 6.3 | 风险: P0.00/U0.01/F0.25/H0/L0 | 提取质量: 🟢high | 留白率: 0% | 低质量率: 0%
2026-07-27 04:15:22 | INFO     | 
🔍 [正在处理] ANS_CO_861 | 启动 3WD 流水线...
2026-07-27 04:15:22 | INFO     | 📢 [总进度] 88/148 份试卷已归档。
2026-07-27 04:15:32 | INFO     | ✅ [批改完成] ANS_CO_860 | 路由: POS | 最终分: 1.2 | 风险: P0.00/U0.00/F0.75/H0/L1 | 提取质量: 🟢high | 留白率: 0% | 低质量率: 0%
2026-07-27 04:15:32 | INFO     | 
🔍 [正在处理] ANS_CO_862 | 启动 3WD 流水线...
2026-07-27 04:15:32 | INFO     | 📢 [总进度] 89/148 份试卷已归档。
2026-07-27 04:15:43 | INFO     | ✅ [批改完成] ANS_CO_861 | 路由: POS | 最终分: 10.0 | 风险: P0.00/U0.00/F0.00/H0/L0 | 提取质量: 🟢high | 留白率: 0% | 低质量率: 0%
2026-07-27 04:15:43 | INFO     | 
🔍 [正在处理] ANS_CO_863 | 启动 3WD 流水线...
2026-07-27 04:15:43 | INFO     | 📢 [总进度] 90/148 份试卷已归档。
2026-07-27 04:16:00 | INFO     | ✅ [批改完成] ANS_CO_862 | 路由: BND | 最终分: 0 | 风险: P0.40/U0.00/F0.50/H0/L0 | 提取质量: 🟡low | 留白率: 50% | 低质量率: 0%
2026-07-27 04:16:00 | INFO     | 
🔍 [正在处理] ANS_CO_864 | 启动 3WD 流水线...
2026-07-27 04:16:00 | INFO     | 📢 [总进度] 91/148 份试卷已归档。
2026-07-27 04:16:09 | INFO     | ✅ [批改完成] ANS_CO_863 | 路由: POS | 最终分: 10.0 | 风险: P0.00/U0.00/F0.00/H0/L0 | 提取质量: 🟢high | 留白率: 0% | 低质量率: 0%
2026-07-27 04:16:09 | INFO     | 
🔍 [正在处理] ANS_CO_865 | 启动 3WD 流水线...
2026-07-27 04:16:09 | INFO     | 📢 [总进度] 92/148 份试卷已归档。
2026-07-27 04:16:30 | INFO     | ✅ [批改完成] ANS_CO_864 | 路由: POS | 最终分: 10.0 | 风险: P0.00/U0.00/F0.00/H0/L0 | 提取质量: 🟢high | 留白率: 0% | 低质量率: 0%
2026-07-27 04:16:30 | INFO     | 
🔍 [正在处理] ANS_CO_866 | 启动 3WD 流水线...
2026-07-27 04:16:30 | INFO     | 📢 [总进度] 93/148 份试卷已归档。
2026-07-27 04:16:31 | INFO     | ✅ [批改完成] ANS_CO_865 | 路由: POS | 最终分: 10.0 | 风险: P0.00/U0.00/F0.00/H0/L0 | 提取质量: 🟢high | 留白率: 0% | 低质量率: 0%
2026-07-27 04:16:31 | INFO     | 
🔍 [正在处理] ANS_CO_867 | 启动 3WD 流水线...
2026-07-27 04:16:31 | INFO     | 📢 [总进度] 94/148 份试卷已归档。
2026-07-27 04:16:57 | INFO     | ✅ [批改完成] ANS_CO_867 | 路由: POS | 最终分: 5.0 | 风险: P0.00/U0.00/F0.00/H0/L1 | 提取质量: 🟢high | 留白率: 0% | 低质量率: 0%
2026-07-27 04:16:57 | INFO     | 
🔍 [正在处理] ANS_CO_868 | 启动 3WD 流水线...
2026-07-27 04:16:57 | INFO     | 📢 [总进度] 95/148 份试卷已归档。
2026-07-27 04:17:10 | INFO     | ✅ [批改完成] ANS_CO_866 | 路由: BND | 最终分: 1.7 | 风险: P0.00/U0.06/F0.75/H0/L1 | 提取质量: 🟢high | 留白率: 0% | 低质量率: 0%
2026-07-27 04:17:10 | INFO     | 
🔍 [正在处理] ANS_CO_869 | 启动 3WD 流水线...
2026-07-27 04:17:10 | INFO     | 📢 [总进度] 96/148 份试卷已归档。
2026-07-27 04:17:28 | INFO     | ✅ [批改完成] ANS_CO_868 | 路由: POS | 最终分: 6.3 | 风险: P0.00/U0.01/F0.25/H0/L0 | 提取质量: 🟢high | 留白率: 0% | 低质量率: 0%
2026-07-27 04:17:28 | INFO     | 
🔍 [正在处理] ANS_CO_870 | 启动 3WD 流水线...
2026-07-27 04:17:28 | INFO     | 📢 [总进度] 97/148 份试卷已归档。
2026-07-27 04:17:49 | INFO     | ✅ [批改完成] ANS_CO_869 | 路由: BND | 最终分: 2.1 | 风险: P0.00/U0.06/F0.75/H0/L1 | 提取质量: 🟢high | 留白率: 0% | 低质量率: 0%
2026-07-27 04:17:49 | INFO     | 
🔍 [正在处理] ANS_CO_871 | 启动 3WD 流水线...
2026-07-27 04:17:49 | INFO     | 📢 [总进度] 98/148 份试卷已归档。
2026-07-27 04:17:55 | INFO     | ✅ [批改完成] ANS_CO_870 | 路由: POS | 最终分: 10.0 | 风险: P0.00/U0.00/F0.00/H0/L0 | 提取质量: 🟢high | 留白率: 0% | 低质量率: 0%
2026-07-27 04:17:55 | INFO     | 
🔍 [正在处理] ANS_CO_872 | 启动 3WD 流水线...
2026-07-27 04:17:55 | INFO     | 📢 [总进度] 99/148 份试卷已归档。
2026-07-27 04:18:34 | INFO     | ✅ [批改完成] ANS_CO_871 | 路由: BND | 最终分: 4.5 | 风险: P0.00/U0.10/F0.75/H0/L1 | 提取质量: 🟢high | 留白率: 0% | 低质量率: 0%
2026-07-27 04:18:34 | INFO     | 
🔍 [正在处理] ANS_CO_873 | 启动 3WD 流水线...
2026-07-27 04:18:34 | INFO     | 📢 [总进度] 100/148 份试卷已归档。
2026-07-27 04:18:42 | INFO     | ✅ [批改完成] ANS_CO_872 | 路由: BND | 最终分: 8.8 | 风险: P0.00/U0.06/F0.25/H0/L0 | 提取质量: 🟢high | 留白率: 0% | 低质量率: 0%
2026-07-27 04:18:42 | INFO     | 
🔍 [正在处理] ANS_CO_874 | 启动 3WD 流水线...
2026-07-27 04:18:42 | INFO     | 📢 [总进度] 101/148 份试卷已归档。
2026-07-27 04:19:18 | INFO     | ✅ [批改完成] ANS_CO_873 | 路由: BND | 最终分: 1.05 | 风险: P0.20/U0.05/F0.25/H0/L1 | 提取质量: 🟢high | 留白率: 25% | 低质量率: 0%
2026-07-27 04:19:18 | INFO     | 
🔍 [正在处理] ANS_CO_875 | 启动 3WD 流水线...
2026-07-27 04:19:18 | INFO     | 📢 [总进度] 102/148 份试卷已归档。
2026-07-27 04:19:27 | INFO     | ✅ [批改完成] ANS_CO_874 | 路由: BND | 最终分: 2.95 | 风险: P0.00/U0.21/F0.00/H0/L1 | 提取质量: 🟢high | 留白率: 0% | 低质量率: 0%
2026-07-27 04:19:27 | INFO     | 
🔍 [正在处理] ANS_CO_876 | 启动 3WD 流水线...
2026-07-27 04:19:27 | INFO     | 📢 [总进度] 103/148 份试卷已归档。
2026-07-27 04:19:55 | INFO     | ✅ [批改完成] ANS_CO_875 | 路由: BND | 最终分: 7.95 | 风险: P0.00/U0.05/F0.00/H0/L0 | 提取质量: 🟢high | 留白率: 0% | 低质量率: 0%
2026-07-27 04:19:55 | INFO     | 
🔍 [正在处理] ANS_CO_877 | 启动 3WD 流水线...
2026-07-27 04:19:55 | INFO     | 📢 [总进度] 104/148 份试卷已归档。
2026-07-27 04:20:15 | INFO     | ✅ [批改完成] ANS_CO_876 | 路由: BND | 最终分: 2.1 | 风险: P0.00/U0.12/F0.75/H0/L1 | 提取质量: 🟢high | 留白率: 0% | 低质量率: 0%
2026-07-27 04:20:15 | INFO     | 
🔍 [正在处理] ANS_CO_878 | 启动 3WD 流水线...
2026-07-27 04:20:15 | INFO     | 📢 [总进度] 105/148 份试卷已归档。
2026-07-27 04:20:25 | INFO     | ✅ [批改完成] ANS_CO_877 | 路由: POS | 最终分: 10.0 | 风险: P0.00/U0.00/F0.00/H0/L0 | 提取质量: 🟢high | 留白率: 0% | 低质量率: 0%
2026-07-27 04:20:25 | INFO     | 
🔍 [正在处理] ANS_CO_879 | 启动 3WD 流水线...
2026-07-27 04:20:25 | INFO     | 📢 [总进度] 106/148 份试卷已归档。
2026-07-27 04:20:39 | INFO     | ✅ [批改完成] ANS_CO_878 | 路由: POS | 最终分: 10.0 | 风险: P0.00/U0.00/F0.00/H0/L0 | 提取质量: 🟢high | 留白率: 0% | 低质量率: 0%
2026-07-27 04:20:39 | INFO     | 
🔍 [正在处理] ANS_CO_880 | 启动 3WD 流水线...
2026-07-27 04:20:39 | INFO     | 📢 [总进度] 107/148 份试卷已归档。
2026-07-27 04:20:54 | INFO     | ✅ [批改完成] ANS_CO_879 | 路由: BND | 最终分: 1.2 | 风险: P0.20/U0.00/F0.50/H0/L1 | 提取质量: 🟢high | 留白率: 25% | 低质量率: 0%
2026-07-27 04:20:54 | INFO     | 
🔍 [正在处理] ANS_CO_881 | 启动 3WD 流水线...
2026-07-27 04:20:54 | INFO     | 📢 [总进度] 108/148 份试卷已归档。
2026-07-27 04:21:26 | INFO     | ✅ [批改完成] ANS_CO_880 | 路由: BND | 最终分: 7.2 | 风险: P0.00/U0.31/F0.00/H0/L0 | 提取质量: 🟢high | 留白率: 0% | 低质量率: 0%
2026-07-27 04:21:26 | INFO     | 
🔍 [正在处理] ANS_CO_882 | 启动 3WD 流水线...
2026-07-27 04:21:26 | INFO     | 📢 [总进度] 109/148 份试卷已归档。
2026-07-27 04:21:46 | INFO     | ✅ [批改完成] ANS_CO_881 | 路由: BND | 最终分: 1.9 | 风险: P0.00/U0.05/F1.00/H0/L1 | 提取质量: 🟢high | 留白率: 0% | 低质量率: 0%
2026-07-27 04:21:46 | INFO     | 
🔍 [正在处理] ANS_CO_883 | 启动 3WD 流水线...
2026-07-27 04:21:46 | INFO     | 📢 [总进度] 110/148 份试卷已归档。
2026-07-27 04:22:14 | INFO     | ✅ [批改完成] ANS_CO_882 | 路由: BND | 最终分: 1.3 | 风险: P0.00/U0.12/F0.25/H0/L1 | 提取质量: 🟢high | 留白率: 0% | 低质量率: 0%
2026-07-27 04:22:14 | INFO     | 
🔍 [正在处理] ANS_CO_884 | 启动 3WD 流水线...
2026-07-27 04:22:14 | INFO     | 📢 [总进度] 111/148 份试卷已归档。
2026-07-27 04:22:31 | INFO     | ✅ [批改完成] ANS_CO_883 | 路由: BND | 最终分: 3.84 | 风险: P0.00/U0.16/F0.25/H0/L1 | 提取质量: 🟢high | 留白率: 0% | 低质量率: 0%
2026-07-27 04:22:31 | INFO     | 
🔍 [正在处理] ANS_CO_885 | 启动 3WD 流水线...
2026-07-27 04:22:31 | INFO     | 📢 [总进度] 112/148 份试卷已归档。
2026-07-27 04:22:58 | INFO     | ✅ [批改完成] ANS_CO_884 | 路由: BND | 最终分: 4.65 | 风险: P0.00/U0.14/F0.25/H0/L1 | 提取质量: 🟢high | 留白率: 0% | 低质量率: 0%
2026-07-27 04:22:58 | INFO     | 
🔍 [正在处理] ANS_CO_886 | 启动 3WD 流水线...
2026-07-27 04:22:58 | INFO     | 📢 [总进度] 113/148 份试卷已归档。
2026-07-27 04:23:13 | INFO     | ✅ [批改完成] ANS_CO_885 | 路由: BND | 最终分: 4.7 | 风险: P0.00/U0.12/F0.00/H0/L0 | 提取质量: 🟢high | 留白率: 0% | 低质量率: 0%
2026-07-27 04:23:13 | INFO     | 
🔍 [正在处理] ANS_CO_888 | 启动 3WD 流水线...
2026-07-27 04:23:13 | INFO     | 📢 [总进度] 114/148 份试卷已归档。
2026-07-27 04:23:21 | INFO     | ✅ [批改完成] ANS_CO_886 | 路由: POS | 最终分: 10.0 | 风险: P0.00/U0.00/F0.00/H0/L0 | 提取质量: 🟢high | 留白率: 0% | 低质量率: 0%
2026-07-27 04:23:21 | INFO     | 
🔍 [正在处理] ANS_CO_889 | 启动 3WD 流水线...
2026-07-27 04:23:21 | INFO     | 📢 [总进度] 115/148 份试卷已归档。
2026-07-27 04:23:47 | INFO     | ✅ [批改完成] ANS_CO_889 | 路由: POS | 最终分: 10.0 | 风险: P0.00/U0.00/F0.00/H0/L0 | 提取质量: 🟢high | 留白率: 0% | 低质量率: 0%
2026-07-27 04:23:47 | INFO     | 
🔍 [正在处理] ANS_CO_890 | 启动 3WD 流水线...
2026-07-27 04:23:47 | INFO     | 📢 [总进度] 116/148 份试卷已归档。
2026-07-27 04:23:56 | INFO     | ✅ [批改完成] ANS_CO_888 | 路由: BND | 最终分: 3.7 | 风险: P0.00/U0.16/F0.25/H0/L1 | 提取质量: 🟢high | 留白率: 0% | 低质量率: 0%
2026-07-27 04:23:56 | INFO     | 
🔍 [正在处理] ANS_CO_891 | 启动 3WD 流水线...
2026-07-27 04:23:56 | INFO     | 📢 [总进度] 117/148 份试卷已归档。
2026-07-27 04:24:24 | INFO     | ✅ [批改完成] ANS_CO_890 | 路由: BND | 最终分: 3.3 | 风险: P0.00/U0.24/F0.25/H0/L1 | 提取质量: 🟢high | 留白率: 0% | 低质量率: 0%
2026-07-27 04:24:24 | INFO     | 
🔍 [正在处理] ANS_CO_892 | 启动 3WD 流水线...
2026-07-27 04:24:24 | INFO     | 📢 [总进度] 118/148 份试卷已归档。
2026-07-27 04:24:25 | INFO     | ✅ [批改完成] ANS_CO_891 | 路由: POS | 最终分: 1.6 | 风险: P0.00/U0.05/F0.75/H0/L1 | 提取质量: 🟢high | 留白率: 0% | 低质量率: 0%
2026-07-27 04:24:25 | INFO     | 
🔍 [正在处理] ANS_CO_893 | 启动 3WD 流水线...
2026-07-27 04:24:25 | INFO     | 📢 [总进度] 119/148 份试卷已归档。
2026-07-27 04:24:51 | INFO     | ✅ [批改完成] ANS_CO_892 | 路由: POS | 最终分: 7.5 | 风险: P0.00/U0.00/F0.00/H0/L0 | 提取质量: 🟢high | 留白率: 0% | 低质量率: 0%
2026-07-27 04:24:51 | INFO     | 
🔍 [正在处理] ANS_CO_894 | 启动 3WD 流水线...
2026-07-27 04:24:51 | INFO     | 📢 [总进度] 120/148 份试卷已归档。
2026-07-27 04:25:05 | INFO     | ✅ [批改完成] ANS_CO_893 | 路由: BND | 最终分: 2.7 | 风险: P0.00/U0.17/F0.25/H0/L1 | 提取质量: 🟢high | 留白率: 0% | 低质量率: 0%
2026-07-27 04:25:05 | INFO     | 
🔍 [正在处理] ANS_CO_895 | 启动 3WD 流水线...
2026-07-27 04:25:05 | INFO     | 📢 [总进度] 121/148 份试卷已归档。
2026-07-27 04:25:26 | INFO     | ✅ [批改完成] ANS_CO_894 | 路由: BND | 最终分: 2.1 | 风险: P0.00/U0.12/F0.50/H0/L1 | 提取质量: 🟢high | 留白率: 0% | 低质量率: 0%
2026-07-27 04:25:26 | INFO     | 
🔍 [正在处理] ANS_CO_896 | 启动 3WD 流水线...
2026-07-27 04:25:26 | INFO     | 📢 [总进度] 122/148 份试卷已归档。
2026-07-27 04:25:41 | INFO     | ✅ [批改完成] ANS_CO_895 | 路由: BND | 最终分: 6.3 | 风险: P0.00/U0.12/F0.25/H0/L0 | 提取质量: 🟢high | 留白率: 0% | 低质量率: 0%
2026-07-27 04:25:41 | INFO     | 
🔍 [正在处理] ANS_CO_897 | 启动 3WD 流水线...
2026-07-27 04:25:41 | INFO     | 📢 [总进度] 123/148 份试卷已归档。
2026-07-27 04:25:52 | INFO     | ✅ [批改完成] ANS_CO_896 | 路由: POS | 最终分: 10.0 | 风险: P0.00/U0.00/F0.00/H0/L0 | 提取质量: 🟢high | 留白率: 0% | 低质量率: 0%
2026-07-27 04:25:52 | INFO     | 
🔍 [正在处理] ANS_CO_898 | 启动 3WD 流水线...
2026-07-27 04:25:52 | INFO     | 📢 [总进度] 124/148 份试卷已归档。
2026-07-27 04:26:12 | INFO     | ✅ [批改完成] ANS_CO_897 | 路由: BND | 最终分: 9.2 | 风险: P0.00/U0.05/F0.00/H0/L0 | 提取质量: 🟢high | 留白率: 0% | 低质量率: 0%
2026-07-27 04:26:12 | INFO     | 
🔍 [正在处理] ANS_CO_899 | 启动 3WD 流水线...
2026-07-27 04:26:12 | INFO     | 📢 [总进度] 125/148 份试卷已归档。
2026-07-27 04:26:29 | INFO     | ✅ [批改完成] ANS_CO_898 | 路由: BND | 最终分: 4.2 | 风险: P0.00/U0.18/F0.25/H0/L0 | 提取质量: 🟢high | 留白率: 0% | 低质量率: 0%
2026-07-27 04:26:29 | INFO     | 
🔍 [正在处理] ANS_CO_900 | 启动 3WD 流水线...
2026-07-27 04:26:29 | INFO     | 📢 [总进度] 126/148 份试卷已归档。
2026-07-27 04:26:44 | INFO     | ✅ [批改完成] ANS_CO_899 | 路由: BND | 最终分: 10.0 | 风险: P0.00/U0.06/F0.00/H0/L0 | 提取质量: 🟢high | 留白率: 0% | 低质量率: 0%
2026-07-27 04:26:44 | INFO     | 
🔍 [正在处理] ANS_CO_901 | 启动 3WD 流水线...
2026-07-27 04:26:44 | INFO     | 📢 [总进度] 127/148 份试卷已归档。
2026-07-27 04:27:03 | INFO     | ✅ [批改完成] ANS_CO_900 | 路由: BND | 最终分: 6.2 | 风险: P0.00/U0.10/F0.25/H0/L0 | 提取质量: 🟢high | 留白率: 0% | 低质量率: 0%
2026-07-27 04:27:03 | INFO     | 
🔍 [正在处理] ANS_CO_902 | 启动 3WD 流水线...
2026-07-27 04:27:03 | INFO     | 📢 [总进度] 128/148 份试卷已归档。
2026-07-27 04:27:05 | INFO     | ✅ [批改完成] ANS_CO_901 | 路由: POS | 最终分: 10.0 | 风险: P0.00/U0.00/F0.00/H0/L0 | 提取质量: 🟢high | 留白率: 0% | 低质量率: 0%
2026-07-27 04:27:05 | INFO     | 
🔍 [正在处理] ANS_CO_903 | 启动 3WD 流水线...
2026-07-27 04:27:05 | INFO     | 📢 [总进度] 129/148 份试卷已归档。
2026-07-27 04:27:26 | INFO     | ✅ [批改完成] ANS_CO_902 | 路由: POS | 最终分: 0.4 | 风险: P0.00/U0.06/F1.00/H0/L1 | 提取质量: 🟢high | 留白率: 0% | 低质量率: 0%
2026-07-27 04:27:26 | INFO     | 
🔍 [正在处理] ANS_CO_904 | 启动 3WD 流水线...
2026-07-27 04:27:26 | INFO     | 📢 [总进度] 130/148 份试卷已归档。
2026-07-27 04:27:36 | INFO     | ✅ [批改完成] ANS_CO_903 | 路由: POS | 最终分: 0.8 | 风险: P0.00/U0.06/F1.00/H0/L1 | 提取质量: 🟢high | 留白率: 0% | 低质量率: 0%
2026-07-27 04:27:36 | INFO     | 
🔍 [正在处理] ANS_CO_905 | 启动 3WD 流水线...
2026-07-27 04:27:36 | INFO     | 📢 [总进度] 131/148 份试卷已归档。
2026-07-27 04:27:53 | INFO     | ✅ [批改完成] ANS_CO_904 | 路由: BND | 最终分: 1.7 | 风险: P0.20/U0.06/F0.50/H0/L1 | 提取质量: 🟢high | 留白率: 25% | 低质量率: 0%
2026-07-27 04:27:53 | INFO     | 
🔍 [正在处理] ANS_CO_906 | 启动 3WD 流水线...
2026-07-27 04:27:53 | INFO     | 📢 [总进度] 132/148 份试卷已归档。
2026-07-27 04:27:57 | INFO     | ✅ [批改完成] ANS_CO_905 | 路由: POS | 最终分: 10.0 | 风险: P0.00/U0.00/F0.00/H0/L0 | 提取质量: 🟢high | 留白率: 0% | 低质量率: 0%
2026-07-27 04:27:57 | INFO     | 
🔍 [正在处理] ANS_CO_907 | 启动 3WD 流水线...
2026-07-27 04:27:57 | INFO     | 📢 [总进度] 133/148 份试卷已归档。
2026-07-27 04:28:16 | INFO     | ✅ [批改完成] ANS_CO_906 | 路由: POS | 最终分: 10.0 | 风险: P0.00/U0.00/F0.00/H0/L0 | 提取质量: 🟢high | 留白率: 0% | 低质量率: 0%
2026-07-27 04:28:16 | INFO     | 
🔍 [正在处理] ANS_CO_908 | 启动 3WD 流水线...
2026-07-27 04:28:16 | INFO     | 📢 [总进度] 134/148 份试卷已归档。
2026-07-27 04:28:20 | INFO     | ✅ [批改完成] ANS_CO_907 | 路由: POS | 最终分: 10.0 | 风险: P0.00/U0.00/F0.00/H0/L0 | 提取质量: 🟢high | 留白率: 0% | 低质量率: 0%
2026-07-27 04:28:20 | INFO     | 
🔍 [正在处理] ANS_CO_909 | 启动 3WD 流水线...
2026-07-27 04:28:20 | INFO     | 📢 [总进度] 135/148 份试卷已归档。
2026-07-27 04:28:59 | INFO     | ✅ [批改完成] ANS_CO_909 | 路由: BND | 最终分: 1.3 | 风险: P0.00/U0.12/F0.75/H0/L1 | 提取质量: 🟢high | 留白率: 0% | 低质量率: 0%
2026-07-27 04:28:59 | INFO     | 
🔍 [正在处理] ANS_CO_910 | 启动 3WD 流水线...
2026-07-27 04:28:59 | INFO     | 📢 [总进度] 136/148 份试卷已归档。
2026-07-27 04:29:00 | INFO     | ✅ [批改完成] ANS_CO_908 | 路由: BND | 最终分: 2.41 | 风险: P0.00/U0.16/F1.00/H0/L1 | 提取质量: 🟢high | 留白率: 0% | 低质量率: 0%
2026-07-27 04:29:00 | INFO     | 
🔍 [正在处理] ANS_CO_911 | 启动 3WD 流水线...
2026-07-27 04:29:00 | INFO     | 📢 [总进度] 137/148 份试卷已归档。
2026-07-27 04:29:30 | INFO     | ✅ [批改完成] ANS_CO_910 | 路由: BND | 最终分: 3.66 | 风险: P0.00/U0.06/F0.25/H0/L1 | 提取质量: 🟢high | 留白率: 0% | 低质量率: 0%
2026-07-27 04:29:30 | INFO     | 
🔍 [正在处理] ANS_CO_912 | 启动 3WD 流水线...
2026-07-27 04:29:30 | INFO     | 📢 [总进度] 138/148 份试卷已归档。
2026-07-27 04:29:31 | INFO     | ✅ [批改完成] ANS_CO_911 | 路由: POS | 最终分: 9.7 | 风险: P0.00/U0.05/F0.00/H0/L0 | 提取质量: 🟢high | 留白率: 0% | 低质量率: 0%
2026-07-27 04:29:31 | INFO     | 
🔍 [正在处理] ANS_CO_913 | 启动 3WD 流水线...
2026-07-27 04:29:31 | INFO     | 📢 [总进度] 139/148 份试卷已归档。
2026-07-27 04:30:00 | INFO     | ✅ [批改完成] ANS_CO_912 | 路由: POS | 最终分: 2.1 | 风险: P0.00/U0.06/F0.75/H0/L1 | 提取质量: 🟢high | 留白率: 0% | 低质量率: 0%
2026-07-27 04:30:00 | INFO     | 
🔍 [正在处理] ANS_CO_914 | 启动 3WD 流水线...
2026-07-27 04:30:00 | INFO     | 📢 [总进度] 140/148 份试卷已归档。
2026-07-27 04:30:05 | INFO     | ✅ [批改完成] ANS_CO_913 | 路由: BND | 最终分: 2.5 | 风险: P0.20/U0.07/F0.50/H0/L1 | 提取质量: 🟢high | 留白率: 25% | 低质量率: 0%
2026-07-27 04:30:05 | INFO     | 
🔍 [正在处理] ANS_CO_915 | 启动 3WD 流水线...
2026-07-27 04:30:05 | INFO     | 📢 [总进度] 141/148 份试卷已归档。
2026-07-27 04:30:27 | INFO     | ✅ [批改完成] ANS_CO_914 | 路由: BND | 最终分: 0 | 风险: P0.40/U0.06/F0.25/H0/L0 | 提取质量: 🟡low | 留白率: 50% | 低质量率: 0%
2026-07-27 04:30:27 | INFO     | 
🔍 [正在处理] ANS_CO_916 | 启动 3WD 流水线...
2026-07-27 04:30:27 | INFO     | 📢 [总进度] 142/148 份试卷已归档。
2026-07-27 04:30:29 | INFO     | ✅ [批改完成] ANS_CO_915 | 路由: BND | 最终分: 0 | 风险: P0.40/U0.00/F0.50/H0/L0 | 提取质量: 🟡low | 留白率: 50% | 低质量率: 0%
2026-07-27 04:30:29 | INFO     | 
🔍 [正在处理] ANS_CO_917 | 启动 3WD 流水线...
2026-07-27 04:30:29 | INFO     | 📢 [总进度] 143/148 份试卷已归档。
2026-07-27 04:30:59 | INFO     | ✅ [批改完成] ANS_CO_917 | 路由: POS | 最终分: 10.0 | 风险: P0.00/U0.00/F0.00/H0/L0 | 提取质量: 🟢high | 留白率: 0% | 低质量率: 0%
2026-07-27 04:30:59 | INFO     | 
🔍 [正在处理] ANS_CO_918 | 启动 3WD 流水线...
2026-07-27 04:30:59 | INFO     | 📢 [总进度] 144/148 份试卷已归档。
2026-07-27 04:31:12 | INFO     | ✅ [批改完成] ANS_CO_916 | 路由: BND | 最终分: 5.85 | 风险: P0.00/U0.06/F0.25/H0/L1 | 提取质量: 🟢high | 留白率: 0% | 低质量率: 0%
2026-07-27 04:31:12 | INFO     | 
🔍 [正在处理] ANS_CO_919 | 启动 3WD 流水线...
2026-07-27 04:31:12 | INFO     | 📢 [总进度] 145/148 份试卷已归档。
2026-07-27 04:31:33 | INFO     | ✅ [批改完成] ANS_CO_918 | 路由: BND | 最终分: 8.8 | 风险: P0.00/U0.18/F0.00/H0/L0 | 提取质量: 🟢high | 留白率: 0% | 低质量率: 0%
2026-07-27 04:31:33 | INFO     | 
🔍 [正在处理] ANS_CO_920 | 启动 3WD 流水线...
2026-07-27 04:31:33 | INFO     | 📢 [总进度] 146/148 份试卷已归档。
2026-07-27 04:31:51 | INFO     | ✅ [批改完成] ANS_CO_919 | 路由: BND | 最终分: 5.7 | 风险: P0.00/U0.13/F0.25/H0/L1 | 提取质量: 🟢high | 留白率: 0% | 低质量率: 0%
2026-07-27 04:31:51 | INFO     | 📢 [总进度] 147/148 份试卷已归档。
2026-07-27 04:31:57 | INFO     | ✅ [批改完成] ANS_CO_920 | 路由: POS | 最终分: 10.0 | 风险: P0.00/U0.00/F0.00/H0/L0 | 提取质量: 🟢high | 留白率: 0% | 低质量率: 0%
2026-07-27 04:31:57 | INFO     | 📢 [总进度] 148/148 份试卷已归档。
2026-07-27 04:31:57 | INFO     | 🗂️ 所有线程交卷完毕，正在整理数据... (共收集 148/148 份结果)
2026-07-27 04:31:57 | INFO     | 💾 正常批改结果已保存: D:\users\王鑫020420\Desktop\refgrader-main\results_runs\csbench_co10_co11_co12_co13_co8_co9_all\runs\teacher_audit_co_8_13_20260725_192008\CO_8_graded_results.json (147 人)
2026-07-27 04:31:57 | INFO     | 🛑 拒绝域结果已单独保存: D:\users\王鑫020420\Desktop\refgrader-main\results_runs\csbench_co10_co11_co12_co13_co8_co9_all\runs\teacher_audit_co_8_13_20260725_192008\CO_8_rejected.json (1 人)
2026-07-27 04:31:57 | INFO     | [result consistency] CO_8: checkpoint=148, graded=147, rejected=1, failed=0, expected=148
2026-07-27 04:31:57 | INFO     | 
🚀 [标准模式] 开始处理: CO_9
2026-07-27 04:31:57 | INFO     | ⚡ 已加载本地标准: D:\users\王鑫020420\Desktop\refgrader-main\data\csbench\rubrics\optimized\CO\CO_9_rubric_standard.json
2026-07-27 04:31:57 | INFO     | [PaddleOCR] preparing 19/132 visual-answer cache entries...
2026-07-27 04:32:20 | INFO     | Initialize PaddleOCR | device=cpu | lang=ch | pending=1/1 | model_cache=D:\paddlex_cache
[1/1] completed: ANS_CO_1001.jpg | tokens=64 | mean_conf=0.910001 | output=D:\users\王鑫020420\Desktop\refgrader-main\ocr_cache\csbench\CO_9\ANS_CO_1001.json
summary: completed=1, skipped=0, failed=0
2026-07-27 04:32:36 | INFO     | Initialize PaddleOCR | device=cpu | lang=ch | pending=1/1 | model_cache=D:\paddlex_cache
[1/1] completed: ANS_CO_1009.jpg | tokens=31 | mean_conf=0.810557 | output=D:\users\王鑫020420\Desktop\refgrader-main\ocr_cache\csbench\CO_9\ANS_CO_1009.json
summary: completed=1, skipped=0, failed=0
2026-07-27 04:32:58 | INFO     | Initialize PaddleOCR | device=cpu | lang=ch | pending=1/1 | model_cache=D:\paddlex_cache
[1/1] completed: ANS_CO_1019.jpg | tokens=58 | mean_conf=0.935178 | output=D:\users\王鑫020420\Desktop\refgrader-main\ocr_cache\csbench\CO_9\ANS_CO_1019.json
summary: completed=1, skipped=0, failed=0
2026-07-27 04:33:14 | INFO     | Initialize PaddleOCR | device=cpu | lang=ch | pending=1/1 | model_cache=D:\paddlex_cache
[1/1] completed: ANS_CO_1020.jpg | tokens=26 | mean_conf=0.872421 | output=D:\users\王鑫020420\Desktop\refgrader-main\ocr_cache\csbench\CO_9\ANS_CO_1020.json
summary: completed=1, skipped=0, failed=0
2026-07-27 04:33:31 | INFO     | Initialize PaddleOCR | device=cpu | lang=ch | pending=1/1 | model_cache=D:\paddlex_cache
[1/1] completed: ANS_CO_1030.jpg | tokens=41 | mean_conf=0.925676 | output=D:\users\王鑫020420\Desktop\refgrader-main\ocr_cache\csbench\CO_9\ANS_CO_1030.json
summary: completed=1, skipped=0, failed=0
2026-07-27 04:33:50 | INFO     | Initialize PaddleOCR | device=cpu | lang=ch | pending=1/1 | model_cache=D:\paddlex_cache
[1/1] completed: ANS_CO_1038.jpg | tokens=41 | mean_conf=0.904341 | output=D:\users\王鑫020420\Desktop\refgrader-main\ocr_cache\csbench\CO_9\ANS_CO_1038.json
summary: completed=1, skipped=0, failed=0
2026-07-27 04:33:54 | INFO     | [1/1] cache hit: ANS_CO_1041.jpg
summary: completed=0, skipped=1, failed=0
2026-07-27 04:34:20 | INFO     | Initialize PaddleOCR | device=cpu | lang=ch | pending=1/1 | model_cache=D:\paddlex_cache
[1/1] completed: ANS_CO_1056.jpg | tokens=90 | mean_conf=0.889957 | output=D:\users\王鑫020420\Desktop\refgrader-main\ocr_cache\csbench\CO_9\ANS_CO_1056.json
summary: completed=1, skipped=0, failed=0
2026-07-27 04:34:39 | INFO     | Initialize PaddleOCR | device=cpu | lang=ch | pending=1/1 | model_cache=D:\paddlex_cache
[1/1] completed: ANS_CO_1063.jpg | tokens=46 | mean_conf=0.899725 | output=D:\users\王鑫020420\Desktop\refgrader-main\ocr_cache\csbench\CO_9\ANS_CO_1063.json
summary: completed=1, skipped=0, failed=0
2026-07-27 04:34:59 | INFO     | Initialize PaddleOCR | device=cpu | lang=ch | pending=1/1 | model_cache=D:\paddlex_cache
[1/1] completed: ANS_CO_1069.jpg | tokens=51 | mean_conf=0.95161 | output=D:\users\王鑫020420\Desktop\refgrader-main\ocr_cache\csbench\CO_9\ANS_CO_1069.json
summary: completed=1, skipped=0, failed=0
2026-07-27 04:35:22 | INFO     | Initialize PaddleOCR | device=cpu | lang=ch | pending=1/1 | model_cache=D:\paddlex_cache
[1/1] completed: ANS_CO_1070.jpg | tokens=69 | mean_conf=0.915104 | output=D:\users\王鑫020420\Desktop\refgrader-main\ocr_cache\csbench\CO_9\ANS_CO_1070.json
summary: completed=1, skipped=0, failed=0
2026-07-27 04:35:42 | INFO     | Initialize PaddleOCR | device=cpu | lang=ch | pending=1/1 | model_cache=D:\paddlex_cache
[1/1] completed: ANS_CO_925.jpg | tokens=49 | mean_conf=0.857608 | output=D:\users\王鑫020420\Desktop\refgrader-main\ocr_cache\csbench\CO_9\ANS_CO_925.json
summary: completed=1, skipped=0, failed=0
2026-07-27 04:35:54 | INFO     | Initialize PaddleOCR | device=cpu | lang=ch | pending=1/1 | model_cache=D:\paddlex_cache
[1/1] completed: ANS_CO_927.jpg | tokens=11 | mean_conf=0.844284 | output=D:\users\王鑫020420\Desktop\refgrader-main\ocr_cache\csbench\CO_9\ANS_CO_927.json
summary: completed=1, skipped=0, failed=0
2026-07-27 04:36:09 | INFO     | Initialize PaddleOCR | device=cpu | lang=ch | pending=1/1 | model_cache=D:\paddlex_cache
[1/1] completed: ANS_CO_943.jpg | tokens=31 | mean_conf=0.875387 | output=D:\users\王鑫020420\Desktop\refgrader-main\ocr_cache\csbench\CO_9\ANS_CO_943.json
summary: completed=1, skipped=0, failed=0
2026-07-27 04:36:26 | INFO     | Initialize PaddleOCR | device=cpu | lang=ch | pending=1/1 | model_cache=D:\paddlex_cache
[1/1] completed: ANS_CO_957.jpg | tokens=32 | mean_conf=0.898465 | output=D:\users\王鑫020420\Desktop\refgrader-main\ocr_cache\csbench\CO_9\ANS_CO_957.json
summary: completed=1, skipped=0, failed=0
2026-07-27 04:36:48 | INFO     | Initialize PaddleOCR | device=cpu | lang=ch | pending=1/1 | model_cache=D:\paddlex_cache
[1/1] completed: ANS_CO_964.jpg | tokens=58 | mean_conf=0.877027 | output=D:\users\王鑫020420\Desktop\refgrader-main\ocr_cache\csbench\CO_9\ANS_CO_964.json
summary: completed=1, skipped=0, failed=0
2026-07-27 04:37:08 | INFO     | Initialize PaddleOCR | device=cpu | lang=ch | pending=1/1 | model_cache=D:\paddlex_cache
[1/1] completed: ANS_CO_966.jpg | tokens=44 | mean_conf=0.929015 | output=D:\users\王鑫020420\Desktop\refgrader-main\ocr_cache\csbench\CO_9\ANS_CO_966.json
summary: completed=1, skipped=0, failed=0
2026-07-27 04:37:36 | INFO     | Initialize PaddleOCR | device=cpu | lang=ch | pending=1/1 | model_cache=D:\paddlex_cache
[1/1] completed: ANS_CO_968.jpg | tokens=98 | mean_conf=0.910361 | output=D:\users\王鑫020420\Desktop\refgrader-main\ocr_cache\csbench\CO_9\ANS_CO_968.json
summary: completed=1, skipped=0, failed=0
2026-07-27 04:37:53 | INFO     | Initialize PaddleOCR | device=cpu | lang=ch | pending=1/1 | model_cache=D:\paddlex_cache
[1/1] completed: ANS_CO_984.jpg | tokens=38 | mean_conf=0.789271 | output=D:\users\王鑫020420\Desktop\refgrader-main\ocr_cache\csbench\CO_9\ANS_CO_984.json
summary: completed=1, skipped=0, failed=0
2026-07-27 04:37:59 | INFO     | ⚡ 脱敏清单已预生成，132 名学生共享复用。
2026-07-27 04:37:59 | INFO     | 🏃 开始批改 132 张试卷 (⚡ 开启多线程模式)...
2026-07-27 04:37:59 | INFO     | 
🔍 [正在处理] ANS_CO_1000 | 启动 3WD 流水线...
2026-07-27 04:37:59 | INFO     | 
🔍 [正在处理] ANS_CO_1001 | 启动 3WD 流水线...
2026-07-27 04:37:59 | INFO     | ⏳ [主线程] 已提交 132 个任务，等待结果回收...
2026-07-27 04:38:38 | INFO     | ✅ [批改完成] ANS_CO_1000 | 路由: BND | 最终分: 11.5 | 风险: P0.00/U0.26/F0.00/H0/L0 | 提取质量: 🟢high | 留白率: 0% | 低质量率: 0%
2026-07-27 04:38:38 | INFO     | 
🔍 [正在处理] ANS_CO_1002 | 启动 3WD 流水线...
2026-07-27 04:38:38 | INFO     | 📢 [总进度] 1/132 份试卷已归档。
2026-07-27 04:39:11 | INFO     | ✅ [批改完成] ANS_CO_1002 | 路由: BND | 最终分: 14.2 | 风险: P0.00/U0.06/F0.00/H0/L0 | 提取质量: 🟢high | 留白率: 0% | 低质量率: 0%
2026-07-27 04:39:11 | INFO     | 
🔍 [正在处理] ANS_CO_1004 | 启动 3WD 流水线...
2026-07-27 04:39:11 | INFO     | 📢 [总进度] 2/132 份试卷已归档。
2026-07-27 04:39:27 | INFO     | ✅ [批改完成] ANS_CO_1001 | 路由: BND | 最终分: 13.3 | 风险: P0.00/U0.08/F0.00/H0/L0 | 提取质量: 🟢high | 留白率: 0% | 低质量率: 0%
2026-07-27 04:39:27 | INFO     | 
🔍 [正在处理] ANS_CO_1005 | 启动 3WD 流水线...
2026-07-27 04:39:27 | INFO     | 📢 [总进度] 3/132 份试卷已归档。
2026-07-27 04:39:44 | INFO     | ✅ [批改完成] ANS_CO_1004 | 路由: BND | 最终分: 13.2 | 风险: P0.00/U0.17/F0.00/H0/L0 | 提取质量: 🟢high | 留白率: 0% | 低质量率: 0%
2026-07-27 04:39:44 | INFO     | 
🔍 [正在处理] ANS_CO_1006 | 启动 3WD 流水线...
2026-07-27 04:39:44 | INFO     | 📢 [总进度] 4/132 份试卷已归档。
2026-07-27 04:39:52 | INFO     | ✅ [批改完成] ANS_CO_1005 | 路由: POS | 最终分: 3.0 | 风险: P0.00/U0.00/F0.80/H0/L1 | 提取质量: 🟢high | 留白率: 0% | 低质量率: 0%
2026-07-27 04:39:52 | INFO     | 
🔍 [正在处理] ANS_CO_1007 | 启动 3WD 流水线...
2026-07-27 04:39:52 | INFO     | 📢 [总进度] 5/132 份试卷已归档。
2026-07-27 04:40:15 | INFO     | ✅ [批改完成] ANS_CO_1006 | 路由: BND | 最终分: 11.5 | 风险: P0.00/U0.05/F0.00/H0/L0 | 提取质量: 🟢high | 留白率: 0% | 低质量率: 0%
2026-07-27 04:40:15 | INFO     | 
🔍 [正在处理] ANS_CO_1008 | 启动 3WD 流水线...
2026-07-27 04:40:15 | INFO     | 📢 [总进度] 6/132 份试卷已归档。
2026-07-27 04:40:25 | INFO     | ✅ [批改完成] ANS_CO_1007 | 路由: BND | 最终分: 8.7 | 风险: P0.00/U0.16/F0.00/H0/L0 | 提取质量: 🟢high | 留白率: 0% | 低质量率: 0%
2026-07-27 04:40:25 | INFO     | 
🔍 [正在处理] ANS_CO_1009 | 启动 3WD 流水线...
2026-07-27 04:40:25 | INFO     | 📢 [总进度] 7/132 份试卷已归档。
2026-07-27 04:40:53 | INFO     | ✅ [批改完成] ANS_CO_1008 | 路由: BND | 最终分: 10.0 | 风险: P0.20/U0.05/F0.00/H0/L1 | 提取质量: 🟢high | 留白率: 25% | 低质量率: 0%
2026-07-27 04:40:53 | INFO     | 
🔍 [正在处理] ANS_CO_1010 | 启动 3WD 流水线...
2026-07-27 04:40:53 | INFO     | 📢 [总进度] 8/132 份试卷已归档。
2026-07-27 04:41:20 | INFO     | ✅ [批改完成] ANS_CO_1010 | 路由: POS | 最终分: 13.0 | 风险: P0.00/U0.03/F0.00/H0/L0 | 提取质量: 🟢high | 留白率: 0% | 低质量率: 0%
2026-07-27 04:41:20 | INFO     | 
🔍 [正在处理] ANS_CO_1011 | 启动 3WD 流水线...
2026-07-27 04:41:20 | INFO     | 📢 [总进度] 9/132 份试卷已归档。
2026-07-27 04:41:55 | INFO     | ✅ [批改完成] ANS_CO_1011 | 路由: BND | 最终分: 9.0 | 风险: P0.00/U0.16/F0.00/H0/L0 | 提取质量: 🟢high | 留白率: 0% | 低质量率: 0%
2026-07-27 04:41:55 | INFO     | 
🔍 [正在处理] ANS_CO_1012 | 启动 3WD 流水线...
2026-07-27 04:41:55 | INFO     | 📢 [总进度] 10/132 份试卷已归档。
2026-07-27 04:42:20 | INFO     | ✅ [批改完成] ANS_CO_1009 | 路由: POS | 最终分: 6.0 | 风险: P0.00/U0.00/F0.60/H0/L1 | 提取质量: 🟢high | 留白率: 0% | 低质量率: 0%
2026-07-27 04:42:20 | INFO     | 
🔍 [正在处理] ANS_CO_1013 | 启动 3WD 流水线...
2026-07-27 04:42:20 | INFO     | 📢 [总进度] 11/132 份试卷已归档。
2026-07-27 04:42:28 | INFO     | ✅ [批改完成] ANS_CO_1012 | 路由: BND | 最终分: 12.5 | 风险: P0.00/U0.09/F0.00/H0/L0 | 提取质量: 🟢high | 留白率: 0% | 低质量率: 0%
2026-07-27 04:42:28 | INFO     | 
🔍 [正在处理] ANS_CO_1014 | 启动 3WD 流水线...
2026-07-27 04:42:28 | INFO     | 📢 [总进度] 12/132 份试卷已归档。
2026-07-27 04:42:50 | INFO     | ✅ [批改完成] ANS_CO_1013 | 路由: BND | 最终分: 8.0 | 风险: P0.20/U0.09/F0.00/H0/L1 | 提取质量: 🟢high | 留白率: 25% | 低质量率: 0%
2026-07-27 04:42:50 | INFO     | 
🔍 [正在处理] ANS_CO_1015 | 启动 3WD 流水线...
2026-07-27 04:42:50 | INFO     | 📢 [总进度] 13/132 份试卷已归档。
2026-07-27 04:43:03 | INFO     | ✅ [批改完成] ANS_CO_1014 | 路由: BND | 最终分: 13.0 | 风险: P0.00/U0.05/F0.00/H0/L0 | 提取质量: 🟢high | 留白率: 0% | 低质量率: 0%
2026-07-27 04:43:03 | INFO     | 
🔍 [正在处理] ANS_CO_1016 | 启动 3WD 流水线...
2026-07-27 04:43:03 | INFO     | 📢 [总进度] 14/132 份试卷已归档。
2026-07-27 04:43:18 | INFO     | ✅ [批改完成] ANS_CO_1015 | 路由: POS | 最终分: 15.0 | 风险: P0.00/U0.00/F0.00/H0/L0 | 提取质量: 🟢high | 留白率: 0% | 低质量率: 0%
2026-07-27 04:43:18 | INFO     | 
🔍 [正在处理] ANS_CO_1017 | 启动 3WD 流水线...
2026-07-27 04:43:18 | INFO     | 📢 [总进度] 15/132 份试卷已归档。
2026-07-27 04:43:36 | INFO     | ✅ [批改完成] ANS_CO_1016 | 路由: BND | 最终分: 13.0 | 风险: P0.00/U0.05/F0.00/H0/L0 | 提取质量: 🟢high | 留白率: 0% | 低质量率: 0%
2026-07-27 04:43:36 | INFO     | 
🔍 [正在处理] ANS_CO_1018 | 启动 3WD 流水线...
2026-07-27 04:43:36 | INFO     | 📢 [总进度] 16/132 份试卷已归档。
2026-07-27 04:43:46 | INFO     | ✅ [批改完成] ANS_CO_1017 | 路由: POS | 最终分: 0 | 风险: P0.00/U0.00/F0.40/H0/L1 | 提取质量: 🟢high | 留白率: 0% | 低质量率: 0%
2026-07-27 04:43:46 | INFO     | 
🔍 [正在处理] ANS_CO_1019 | 启动 3WD 流水线...
2026-07-27 04:43:46 | INFO     | 📢 [总进度] 17/132 份试卷已归档。
2026-07-27 04:44:13 | INFO     | ✅ [批改完成] ANS_CO_1018 | 路由: BND | 最终分: 10.5 | 风险: P0.00/U0.14/F0.00/H0/L0 | 提取质量: 🟢high | 留白率: 0% | 低质量率: 0%
2026-07-27 04:44:13 | INFO     | 
🔍 [正在处理] ANS_CO_1020 | 启动 3WD 流水线...
2026-07-27 04:44:13 | INFO     | 📢 [总进度] 18/132 份试卷已归档。
2026-07-27 04:45:19 | INFO     | ✅ [批改完成] ANS_CO_1019 | 路由: BND | 最终分: 7.0 | 风险: P0.00/U0.25/F0.00/H0/L0 | 提取质量: 🟢high | 留白率: 0% | 低质量率: 0%
2026-07-27 04:45:19 | INFO     | 
🔍 [正在处理] ANS_CO_1021 | 启动 3WD 流水线...
2026-07-27 04:45:19 | INFO     | 📢 [总进度] 19/132 份试卷已归档。
2026-07-27 04:45:26 | INFO     | ✅ [批改完成] ANS_CO_1020 | 路由: BND | 最终分: 11.0 | 风险: P0.00/U0.11/F0.00/H0/L0 | 提取质量: 🟢high | 留白率: 0% | 低质量率: 0%
2026-07-27 04:45:26 | INFO     | 
🔍 [正在处理] ANS_CO_1022 | 启动 3WD 流水线...
2026-07-27 04:45:26 | INFO     | 📢 [总进度] 20/132 份试卷已归档。
2026-07-27 04:45:59 | INFO     | ✅ [批改完成] ANS_CO_1021 | 路由: BND | 最终分: 9.6 | 风险: P0.00/U0.17/F0.00/H0/L0 | 提取质量: 🟢high | 留白率: 0% | 低质量率: 0%
2026-07-27 04:45:59 | INFO     | 
🔍 [正在处理] ANS_CO_1023 | 启动 3WD 流水线...
2026-07-27 04:45:59 | INFO     | 📢 [总进度] 21/132 份试卷已归档。
2026-07-27 04:45:59 | INFO     | ✅ [批改完成] ANS_CO_1022 | 路由: POS | 最终分: 14.5 | 风险: P0.00/U0.05/F0.00/H0/L0 | 提取质量: 🟢high | 留白率: 0% | 低质量率: 0%
2026-07-27 04:45:59 | INFO     | 
🔍 [正在处理] ANS_CO_1024 | 启动 3WD 流水线...
2026-07-27 04:45:59 | INFO     | 📢 [总进度] 22/132 份试卷已归档。
2026-07-27 04:46:27 | INFO     | ✅ [批改完成] ANS_CO_1024 | 路由: POS | 最终分: 15.0 | 风险: P0.00/U0.00/F0.00/H0/L0 | 提取质量: 🟢high | 留白率: 0% | 低质量率: 0%
2026-07-27 04:46:27 | INFO     | 
🔍 [正在处理] ANS_CO_1025 | 启动 3WD 流水线...
2026-07-27 04:46:27 | INFO     | 📢 [总进度] 23/132 份试卷已归档。
2026-07-27 04:46:27 | INFO     | ✅ [批改完成] ANS_CO_1023 | 路由: BND | 最终分: 6.0 | 风险: P0.40/U0.00/F0.00/H0/L0 | 提取质量: 🟡low | 留白率: 50% | 低质量率: 0%
2026-07-27 04:46:27 | INFO     | 
🔍 [正在处理] ANS_CO_1027 | 启动 3WD 流水线...
2026-07-27 04:46:27 | INFO     | 📢 [总进度] 24/132 份试卷已归档。
2026-07-27 04:46:46 | INFO     | ✅ [批改完成] ANS_CO_1027 | 路由: POS | 最终分: 15.0 | 风险: P0.00/U0.00/F0.00/H0/L0 | 提取质量: 🟢high | 留白率: 0% | 低质量率: 0%
2026-07-27 04:46:46 | INFO     | 
🔍 [正在处理] ANS_CO_1028 | 启动 3WD 流水线...
2026-07-27 04:46:46 | INFO     | 📢 [总进度] 25/132 份试卷已归档。
2026-07-27 04:47:02 | INFO     | ✅ [批改完成] ANS_CO_1025 | 路由: BND | 最终分: 11.0 | 风险: P0.00/U0.09/F0.00/H0/L1 | 提取质量: 🟢high | 留白率: 0% | 低质量率: 0%
2026-07-27 04:47:02 | INFO     | 
🔍 [正在处理] ANS_CO_1029 | 启动 3WD 流水线...
2026-07-27 04:47:02 | INFO     | 📢 [总进度] 26/132 份试卷已归档。
2026-07-27 04:47:15 | INFO     | ✅ [批改完成] ANS_CO_1028 | 路由: POS | 最终分: 15.0 | 风险: P0.00/U0.00/F0.00/H0/L0 | 提取质量: 🟢high | 留白率: 0% | 低质量率: 0%
2026-07-27 04:47:15 | INFO     | 
🔍 [正在处理] ANS_CO_1030 | 启动 3WD 流水线...
2026-07-27 04:47:15 | INFO     | 📢 [总进度] 27/132 份试卷已归档。
2026-07-27 04:47:36 | INFO     | ✅ [批改完成] ANS_CO_1029 | 路由: BND | 最终分: 2.7 | 风险: P0.00/U0.03/F0.60/H0/L1 | 提取质量: 🟢high | 留白率: 0% | 低质量率: 0%
2026-07-27 04:47:37 | INFO     | 
🔍 [正在处理] ANS_CO_1031 | 启动 3WD 流水线...
2026-07-27 04:47:37 | INFO     | 📢 [总进度] 28/132 份试卷已归档。
2026-07-27 04:48:14 | INFO     | ✅ [批改完成] ANS_CO_1031 | 路由: BND | 最终分: 6.0 | 风险: P0.00/U0.14/F0.40/H0/L1 | 提取质量: 🟢high | 留白率: 0% | 低质量率: 0%
2026-07-27 04:48:14 | INFO     | 
🔍 [正在处理] ANS_CO_1032 | 启动 3WD 流水线...
2026-07-27 04:48:14 | INFO     | 📢 [总进度] 29/132 份试卷已归档。
2026-07-27 04:48:30 | INFO     | ✅ [批改完成] ANS_CO_1030 | 路由: POS | 最终分: 3.0 | 风险: P0.00/U0.00/F0.80/H0/L1 | 提取质量: 🟢high | 留白率: 0% | 低质量率: 0%
2026-07-27 04:48:30 | INFO     | 
🔍 [正在处理] ANS_CO_1033 | 启动 3WD 流水线...
2026-07-27 04:48:30 | INFO     | 📢 [总进度] 30/132 份试卷已归档。
2026-07-27 04:48:56 | INFO     | ✅ [批改完成] ANS_CO_1033 | 路由: POS | 最终分: 15.0 | 风险: P0.00/U0.00/F0.00/H0/L0 | 提取质量: 🟢high | 留白率: 0% | 低质量率: 0%
2026-07-27 04:48:56 | INFO     | 
🔍 [正在处理] ANS_CO_1034 | 启动 3WD 流水线...
2026-07-27 04:48:56 | INFO     | 📢 [总进度] 31/132 份试卷已归档。
2026-07-27 04:49:02 | INFO     | ✅ [批改完成] ANS_CO_1032 | 路由: BND | 最终分: 9.5 | 风险: P0.00/U0.17/F0.40/H0/L1 | 提取质量: 🟢high | 留白率: 0% | 低质量率: 0%
2026-07-27 04:49:02 | INFO     | 
🔍 [正在处理] ANS_CO_1035 | 启动 3WD 流水线...
2026-07-27 04:49:02 | INFO     | 📢 [总进度] 32/132 份试卷已归档。
2026-07-27 04:49:25 | INFO     | ✅ [批改完成] ANS_CO_1034 | 路由: POS | 最终分: 15.0 | 风险: P0.00/U0.00/F0.00/H0/L0 | 提取质量: 🟢high | 留白率: 0% | 低质量率: 0%
2026-07-27 04:49:25 | INFO     | 
🔍 [正在处理] ANS_CO_1037 | 启动 3WD 流水线...
2026-07-27 04:49:25 | INFO     | 📢 [总进度] 33/132 份试卷已归档。
2026-07-27 04:49:28 | INFO     | ✅ [批改完成] ANS_CO_1035 | 路由: POS | 最终分: 15.0 | 风险: P0.00/U0.00/F0.00/H0/L0 | 提取质量: 🟢high | 留白率: 0% | 低质量率: 0%
2026-07-27 04:49:28 | INFO     | 
🔍 [正在处理] ANS_CO_1038 | 启动 3WD 流水线...
2026-07-27 04:49:28 | INFO     | 📢 [总进度] 34/132 份试卷已归档。
2026-07-27 04:49:56 | INFO     | ✅ [批改完成] ANS_CO_1037 | 路由: BND | 最终分: 11.0 | 风险: P0.00/U0.09/F0.00/H0/L0 | 提取质量: 🟢high | 留白率: 0% | 低质量率: 0%
2026-07-27 04:49:56 | INFO     | 
🔍 [正在处理] ANS_CO_1039 | 启动 3WD 流水线...
2026-07-27 04:49:56 | INFO     | 📢 [总进度] 35/132 份试卷已归档。
2026-07-27 04:50:21 | INFO     | ✅ [批改完成] ANS_CO_1039 | 路由: POS | 最终分: 14.5 | 风险: P0.00/U0.05/F0.00/H0/L0 | 提取质量: 🟢high | 留白率: 0% | 低质量率: 0%
2026-07-27 04:50:21 | INFO     | 
🔍 [正在处理] ANS_CO_1041 | 启动 3WD 流水线...
2026-07-27 04:50:21 | INFO     | 📢 [总进度] 36/132 份试卷已归档。
2026-07-27 04:50:36 | INFO     | ✅ [批改完成] ANS_CO_1038 | 路由: POS | 最终分: 15.0 | 风险: P0.00/U0.00/F0.00/H0/L0 | 提取质量: 🟢high | 留白率: 0% | 低质量率: 0%
2026-07-27 04:50:36 | INFO     | 
🔍 [正在处理] ANS_CO_1042 | 启动 3WD 流水线...
2026-07-27 04:50:36 | INFO     | 📢 [总进度] 37/132 份试卷已归档。
2026-07-27 04:51:10 | INFO     | ✅ [批改完成] ANS_CO_1042 | 路由: POS | 最终分: 15.0 | 风险: P0.00/U0.00/F0.00/H0/L0 | 提取质量: 🟢high | 留白率: 0% | 低质量率: 0%
2026-07-27 04:51:10 | INFO     | 
🔍 [正在处理] ANS_CO_1044 | 启动 3WD 流水线...
2026-07-27 04:51:10 | INFO     | 📢 [总进度] 38/132 份试卷已归档。
2026-07-27 04:51:32 | INFO     | ✅ [批改完成] ANS_CO_1044 | 路由: POS | 最终分: 15.0 | 风险: P0.00/U0.00/F0.00/H0/L0 | 提取质量: 🟢high | 留白率: 0% | 低质量率: 0%
2026-07-27 04:51:32 | INFO     | 
🔍 [正在处理] ANS_CO_1046 | 启动 3WD 流水线...
2026-07-27 04:51:32 | INFO     | 📢 [总进度] 39/132 份试卷已归档。
2026-07-27 04:51:47 | INFO     | ✅ [批改完成] ANS_CO_1041 | 路由: BND | 最终分: 7.0 | 风险: P0.00/U0.08/F0.20/H0/L1 | 提取质量: 🟢high | 留白率: 0% | 低质量率: 0%
2026-07-27 04:51:47 | INFO     | 
🔍 [正在处理] ANS_CO_1048 | 启动 3WD 流水线...
2026-07-27 04:51:47 | INFO     | 📢 [总进度] 40/132 份试卷已归档。
2026-07-27 04:52:04 | INFO     | ✅ [批改完成] ANS_CO_1046 | 路由: POS | 最终分: 15.0 | 风险: P0.00/U0.00/F0.00/H0/L0 | 提取质量: 🟢high | 留白率: 0% | 低质量率: 0%
2026-07-27 04:52:04 | INFO     | 
🔍 [正在处理] ANS_CO_1050 | 启动 3WD 流水线...
2026-07-27 04:52:04 | INFO     | 📢 [总进度] 41/132 份试卷已归档。
2026-07-27 04:52:11 | INFO     | ✅ [批改完成] ANS_CO_1048 | 路由: POS | 最终分: 14.5 | 风险: P0.00/U0.05/F0.00/H0/L0 | 提取质量: 🟢high | 留白率: 0% | 低质量率: 0%
2026-07-27 04:52:11 | INFO     | 
🔍 [正在处理] ANS_CO_1051 | 启动 3WD 流水线...
2026-07-27 04:52:11 | INFO     | 📢 [总进度] 42/132 份试卷已归档。
2026-07-27 04:52:32 | INFO     | ✅ [批改完成] ANS_CO_1050 | 路由: POS | 最终分: 15.0 | 风险: P0.00/U0.00/F0.00/H0/L0 | 提取质量: 🟢high | 留白率: 0% | 低质量率: 0%
2026-07-27 04:52:32 | INFO     | 
🔍 [正在处理] ANS_CO_1052 | 启动 3WD 流水线...
2026-07-27 04:52:32 | INFO     | 📢 [总进度] 43/132 份试卷已归档。
2026-07-27 04:52:48 | INFO     | ✅ [批改完成] ANS_CO_1051 | 路由: BND | 最终分: 7.0 | 风险: P0.00/U0.19/F0.20/H0/L0 | 提取质量: 🟢high | 留白率: 0% | 低质量率: 0%
2026-07-27 04:52:48 | INFO     | 
🔍 [正在处理] ANS_CO_1055 | 启动 3WD 流水线...
2026-07-27 04:52:48 | INFO     | 📢 [总进度] 44/132 份试卷已归档。
2026-07-27 04:53:02 | INFO     | ✅ [批改完成] ANS_CO_1052 | 路由: BND | 最终分: 11.5 | 风险: P0.00/U0.14/F0.00/H0/L0 | 提取质量: 🟢high | 留白率: 0% | 低质量率: 0%
2026-07-27 04:53:02 | INFO     | 
🔍 [正在处理] ANS_CO_1056 | 启动 3WD 流水线...
2026-07-27 04:53:02 | INFO     | 📢 [总进度] 45/132 份试卷已归档。
2026-07-27 04:53:21 | INFO     | ✅ [批改完成] ANS_CO_1055 | 路由: BND | 最终分: 9.5 | 风险: P0.00/U0.05/F0.00/H0/L0 | 提取质量: 🟢high | 留白率: 0% | 低质量率: 0%
2026-07-27 04:53:21 | INFO     | 
🔍 [正在处理] ANS_CO_1057 | 启动 3WD 流水线...
2026-07-27 04:53:21 | INFO     | 📢 [总进度] 46/132 份试卷已归档。
2026-07-27 04:53:58 | INFO     | ✅ [批改完成] ANS_CO_1057 | 路由: BND | 最终分: 11.0 | 风险: P0.00/U0.09/F0.00/H0/L0 | 提取质量: 🟢high | 留白率: 0% | 低质量率: 0%
2026-07-27 04:53:58 | INFO     | 
🔍 [正在处理] ANS_CO_1063 | 启动 3WD 流水线...
2026-07-27 04:53:58 | INFO     | 📢 [总进度] 47/132 份试卷已归档。
2026-07-27 04:54:47 | INFO     | ✅ [批改完成] ANS_CO_1056 | 路由: POS | 最终分: 13.3 | 风险: P0.00/U0.02/F0.00/H0/L0 | 提取质量: 🟢high | 留白率: 0% | 低质量率: 0%
2026-07-27 04:54:47 | INFO     | 
🔍 [正在处理] ANS_CO_1064 | 启动 3WD 流水线...
2026-07-27 04:54:47 | INFO     | 📢 [总进度] 48/132 份试卷已归档。
2026-07-27 04:54:55 | INFO     | ✅ [批改完成] ANS_CO_1063 | 路由: POS | 最终分: 15.0 | 风险: P0.00/U0.00/F0.00/H0/L0 | 提取质量: 🟢high | 留白率: 0% | 低质量率: 0%
2026-07-27 04:54:55 | INFO     | 
🔍 [正在处理] ANS_CO_1066 | 启动 3WD 流水线...
2026-07-27 04:54:55 | INFO     | 📢 [总进度] 49/132 份试卷已归档。
2026-07-27 04:55:19 | INFO     | ✅ [批改完成] ANS_CO_1064 | 路由: POS | 最终分: 10.8 | 风险: P0.00/U0.06/F0.00/H0/L0 | 提取质量: 🟢high | 留白率: 0% | 低质量率: 0%
2026-07-27 04:55:19 | INFO     | 
🔍 [正在处理] ANS_CO_1067 | 启动 3WD 流水线...
2026-07-27 04:55:19 | INFO     | 📢 [总进度] 50/132 份试卷已归档。
2026-07-27 04:55:34 | INFO     | ✅ [批改完成] ANS_CO_1066 | 路由: BND | 最终分: 14.0 | 风险: P0.00/U0.09/F0.00/H0/L0 | 提取质量: 🟢high | 留白率: 0% | 低质量率: 0%
2026-07-27 04:55:34 | INFO     | 
🔍 [正在处理] ANS_CO_1068 | 启动 3WD 流水线...
2026-07-27 04:55:34 | INFO     | 📢 [总进度] 51/132 份试卷已归档。
2026-07-27 04:55:50 | INFO     | ✅ [批改完成] ANS_CO_1067 | 路由: POS | 最终分: 15.0 | 风险: P0.00/U0.00/F0.00/H0/L0 | 提取质量: 🟢high | 留白率: 0% | 低质量率: 0%
2026-07-27 04:55:50 | INFO     | 
🔍 [正在处理] ANS_CO_1069 | 启动 3WD 流水线...
2026-07-27 04:55:50 | INFO     | 📢 [总进度] 52/132 份试卷已归档。
2026-07-27 04:56:20 | INFO     | ✅ [批改完成] ANS_CO_1068 | 路由: BND | 最终分: 8.5 | 风险: P0.00/U0.17/F0.00/H0/L0 | 提取质量: 🟢high | 留白率: 0% | 低质量率: 0%
2026-07-27 04:56:20 | INFO     | 
🔍 [正在处理] ANS_CO_1070 | 启动 3WD 流水线...
2026-07-27 04:56:20 | INFO     | 📢 [总进度] 53/132 份试卷已归档。
2026-07-27 04:57:08 | INFO     | ✅ [批改完成] ANS_CO_1069 | 路由: POS | 最终分: 14.5 | 风险: P0.00/U0.05/F0.00/H0/L0 | 提取质量: 🟢high | 留白率: 0% | 低质量率: 0%
2026-07-27 04:57:08 | INFO     | 
🔍 [正在处理] ANS_CO_1071 | 启动 3WD 流水线...
2026-07-27 04:57:08 | INFO     | 📢 [总进度] 54/132 份试卷已归档。
2026-07-27 04:57:33 | INFO     | ✅ [批改完成] ANS_CO_1071 | 路由: POS | 最终分: 15.0 | 风险: P0.00/U0.00/F0.00/H0/L0 | 提取质量: 🟢high | 留白率: 0% | 低质量率: 0%
2026-07-27 04:57:33 | INFO     | 
🔍 [正在处理] ANS_CO_1072 | 启动 3WD 流水线...
2026-07-27 04:57:33 | INFO     | 📢 [总进度] 55/132 份试卷已归档。
2026-07-27 04:58:07 | INFO     | ✅ [批改完成] ANS_CO_1072 | 路由: BND | 最终分: 7.0 | 风险: P0.00/U0.21/F0.00/H0/L0 | 提取质量: 🟢high | 留白率: 0% | 低质量率: 0%
2026-07-27 04:58:07 | INFO     | 
🔍 [正在处理] ANS_CO_1074 | 启动 3WD 流水线...
2026-07-27 04:58:07 | INFO     | 📢 [总进度] 56/132 份试卷已归档。
2026-07-27 04:58:19 | INFO     | ✅ [批改完成] ANS_CO_1070 | 路由: POS | 最终分: 14.5 | 风险: P0.00/U0.05/F0.00/H0/L0 | 提取质量: 🟢high | 留白率: 0% | 低质量率: 0%
2026-07-27 04:58:19 | INFO     | 
🔍 [正在处理] ANS_CO_1075 | 启动 3WD 流水线...
2026-07-27 04:58:19 | INFO     | 📢 [总进度] 57/132 份试卷已归档。
2026-07-27 04:58:42 | INFO     | ✅ [批改完成] ANS_CO_1075 | 路由: BND | 最终分: 0 | 风险: P0.47/U0.00/F0.00/H0/L0 | 提取质量: 🟡low | 留白率: 50% | 低质量率: 0%
2026-07-27 04:58:42 | INFO     | 
🔍 [正在处理] ANS_CO_1077 | 启动 3WD 流水线...
2026-07-27 04:58:42 | INFO     | 📢 [总进度] 58/132 份试卷已归档。
2026-07-27 04:58:47 | INFO     | ✅ [批改完成] ANS_CO_1074 | 路由: BND | 最终分: 5.5 | 风险: P0.00/U0.26/F0.40/H0/L1 | 提取质量: 🟢high | 留白率: 0% | 低质量率: 0%
2026-07-27 04:58:47 | INFO     | 
🔍 [正在处理] ANS_CO_1078 | 启动 3WD 流水线...
2026-07-27 04:58:47 | INFO     | 📢 [总进度] 59/132 份试卷已归档。
2026-07-27 04:59:11 | INFO     | ✅ [批改完成] ANS_CO_1077 | 路由: BND | 最终分: 1.0 | 风险: P0.00/U0.09/F0.80/H0/L1 | 提取质量: 🟢high | 留白率: 0% | 低质量率: 0%
2026-07-27 04:59:11 | INFO     | 
🔍 [正在处理] ANS_CO_1079 | 启动 3WD 流水线...
2026-07-27 04:59:11 | INFO     | 📢 [总进度] 60/132 份试卷已归档。
2026-07-27 04:59:22 | INFO     | ✅ [批改完成] ANS_CO_1078 | 路由: BND | 最终分: 12.5 | 风险: P0.00/U0.09/F0.00/H0/L0 | 提取质量: 🟢high | 留白率: 0% | 低质量率: 0%
2026-07-27 04:59:22 | INFO     | 
🔍 [正在处理] ANS_CO_1080 | 启动 3WD 流水线...
2026-07-27 04:59:22 | INFO     | 📢 [总进度] 61/132 份试卷已归档。
2026-07-27 04:59:46 | INFO     | ✅ [批改完成] ANS_CO_1079 | 路由: BND | 最终分: 6.3 | 风险: P0.00/U0.27/F0.60/H0/L0 | 提取质量: 🟢high | 留白率: 0% | 低质量率: 0%
2026-07-27 04:59:46 | INFO     | 
🔍 [正在处理] ANS_CO_921 | 启动 3WD 流水线...
2026-07-27 04:59:46 | INFO     | 📢 [总进度] 62/132 份试卷已归档。
2026-07-27 04:59:54 | INFO     | ✅ [批改完成] ANS_CO_1080 | 路由: BND | 最终分: 9.0 | 风险: P0.00/U0.14/F0.00/H0/L1 | 提取质量: 🟢high | 留白率: 0% | 低质量率: 0%
2026-07-27 04:59:54 | INFO     | 
🔍 [正在处理] ANS_CO_922 | 启动 3WD 流水线...
2026-07-27 04:59:54 | INFO     | 📢 [总进度] 63/132 份试卷已归档。
2026-07-27 05:00:09 | INFO     | ✅ [批改完成] ANS_CO_922 | 路由: NEG | 最终分: 0 | 风险: P0.80/U0.00/F0.00/H0/L0 | 提取质量: 🟡low | 留白率: 100% | 低质量率: 0%
2026-07-27 05:00:09 | INFO     | 
🔍 [正在处理] ANS_CO_924 | 启动 3WD 流水线...
2026-07-27 05:00:09 | INFO     | 📢 [总进度] 64/132 份试卷已归档 [NEG-拒绝]。
2026-07-27 05:00:10 | INFO     | ✅ [批改完成] ANS_CO_921 | 路由: POS | 最终分: 15.0 | 风险: P0.00/U0.00/F0.00/H0/L0 | 提取质量: 🟢high | 留白率: 0% | 低质量率: 0%
2026-07-27 05:00:10 | INFO     | 
🔍 [正在处理] ANS_CO_925 | 启动 3WD 流水线...
2026-07-27 05:00:10 | INFO     | 📢 [总进度] 65/132 份试卷已归档。
2026-07-27 05:00:32 | INFO     | ✅ [批改完成] ANS_CO_924 | 路由: POS | 最终分: 15.0 | 风险: P0.00/U0.00/F0.00/H0/L0 | 提取质量: 🟢high | 留白率: 0% | 低质量率: 0%
2026-07-27 05:00:32 | INFO     | 
🔍 [正在处理] ANS_CO_926 | 启动 3WD 流水线...
2026-07-27 05:00:32 | INFO     | 📢 [总进度] 66/132 份试卷已归档。
2026-07-27 05:01:11 | INFO     | ✅ [批改完成] ANS_CO_926 | 路由: BND | 最终分: 4.5 | 风险: P0.00/U0.14/F0.40/H0/L1 | 提取质量: 🟢high | 留白率: 0% | 低质量率: 0%
2026-07-27 05:01:11 | INFO     | 
🔍 [正在处理] ANS_CO_927 | 启动 3WD 流水线...
2026-07-27 05:01:11 | INFO     | 📢 [总进度] 67/132 份试卷已归档。
2026-07-27 05:02:39 | INFO     | ✅ [批改完成] ANS_CO_927 | 路由: BND | 最终分: 4.0 | 风险: P0.00/U0.09/F0.00/H0/L1 | 提取质量: 🟢high | 留白率: 0% | 低质量率: 0%
2026-07-27 05:02:39 | INFO     | 
🔍 [正在处理] ANS_CO_929 | 启动 3WD 流水线...
2026-07-27 05:02:39 | INFO     | 📢 [总进度] 68/132 份试卷已归档。
2026-07-27 05:03:21 | INFO     | ✅ [批改完成] ANS_CO_929 | 路由: BND | 最终分: 13.5 | 风险: P0.00/U0.14/F0.00/H0/L0 | 提取质量: 🟢high | 留白率: 0% | 低质量率: 0%
2026-07-27 05:03:21 | INFO     | 
🔍 [正在处理] ANS_CO_931 | 启动 3WD 流水线...
2026-07-27 05:03:21 | INFO     | 📢 [总进度] 69/132 份试卷已归档。
2026-07-27 05:03:39 | INFO     | ✅ [批改完成] ANS_CO_925 | 路由: POS | 最终分: 15.0 | 风险: P0.00/U0.00/F0.00/H0/L0 | 提取质量: 🟢high | 留白率: 0% | 低质量率: 0%
2026-07-27 05:03:39 | INFO     | 
🔍 [正在处理] ANS_CO_933 | 启动 3WD 流水线...
2026-07-27 05:03:39 | INFO     | 📢 [总进度] 70/132 份试卷已归档。
2026-07-27 05:03:50 | INFO     | ✅ [批改完成] ANS_CO_931 | 路由: POS | 最终分: 15.0 | 风险: P0.00/U0.00/F0.00/H0/L0 | 提取质量: 🟢high | 留白率: 0% | 低质量率: 0%
2026-07-27 05:03:50 | INFO     | 
🔍 [正在处理] ANS_CO_934 | 启动 3WD 流水线...
2026-07-27 05:03:50 | INFO     | 📢 [总进度] 71/132 份试卷已归档。
2026-07-27 05:04:03 | INFO     | ✅ [批改完成] ANS_CO_933 | 路由: NEG | 最终分: 5.3 | 风险: P0.55/U0.06/F0.00/H0/L0 | 提取质量: 🟡low | 留白率: 50% | 低质量率: 0%
2026-07-27 05:04:03 | INFO     | 
🔍 [正在处理] ANS_CO_936 | 启动 3WD 流水线...
2026-07-27 05:04:03 | INFO     | 📢 [总进度] 72/132 份试卷已归档 [NEG-拒绝]。
2026-07-27 05:04:20 | INFO     | ✅ [批改完成] ANS_CO_934 | 路由: POS | 最终分: 13.5 | 风险: P0.00/U0.00/F0.00/H0/L0 | 提取质量: 🟢high | 留白率: 0% | 低质量率: 0%
2026-07-27 05:04:20 | INFO     | 
🔍 [正在处理] ANS_CO_937 | 启动 3WD 流水线...
2026-07-27 05:04:20 | INFO     | 📢 [总进度] 73/132 份试卷已归档。
2026-07-27 05:04:52 | INFO     | ✅ [批改完成] ANS_CO_936 | 路由: BND | 最终分: 13.5 | 风险: P0.00/U0.24/F0.00/H0/L0 | 提取质量: 🟢high | 留白率: 0% | 低质量率: 0%
2026-07-27 05:04:52 | INFO     | 
🔍 [正在处理] ANS_CO_938 | 启动 3WD 流水线...
2026-07-27 05:04:52 | INFO     | 📢 [总进度] 74/132 份试卷已归档。
2026-07-27 05:05:04 | INFO     | ✅ [批改完成] ANS_CO_937 | 路由: BND | 最终分: 14.0 | 风险: P0.00/U0.05/F0.00/H0/L0 | 提取质量: 🟢high | 留白率: 0% | 低质量率: 0%
2026-07-27 05:05:04 | INFO     | 
🔍 [正在处理] ANS_CO_939 | 启动 3WD 流水线...
2026-07-27 05:05:04 | INFO     | 📢 [总进度] 75/132 份试卷已归档。
2026-07-27 05:05:21 | INFO     | ✅ [批改完成] ANS_CO_938 | 路由: POS | 最终分: 15.0 | 风险: P0.00/U0.00/F0.00/H0/L0 | 提取质量: 🟢high | 留白率: 0% | 低质量率: 0%
2026-07-27 05:05:21 | INFO     | 
🔍 [正在处理] ANS_CO_940 | 启动 3WD 流水线...
2026-07-27 05:05:21 | INFO     | 📢 [总进度] 76/132 份试卷已归档。
2026-07-27 05:05:50 | INFO     | ✅ [批改完成] ANS_CO_939 | 路由: BND | 最终分: 9.0 | 风险: P0.00/U0.14/F0.00/H0/L0 | 提取质量: 🟢high | 留白率: 0% | 低质量率: 0%
2026-07-27 05:05:50 | INFO     | 
🔍 [正在处理] ANS_CO_941 | 启动 3WD 流水线...
2026-07-27 05:05:50 | INFO     | 📢 [总进度] 77/132 份试卷已归档。
2026-07-27 05:05:57 | INFO     | ✅ [批改完成] ANS_CO_940 | 路由: POS | 最终分: 15.0 | 风险: P0.00/U0.00/F0.00/H0/L0 | 提取质量: 🟢high | 留白率: 0% | 低质量率: 0%
2026-07-27 05:05:57 | INFO     | 
🔍 [正在处理] ANS_CO_942 | 启动 3WD 流水线...
2026-07-27 05:05:57 | INFO     | 📢 [总进度] 78/132 份试卷已归档。
2026-07-27 05:06:31 | INFO     | ✅ [批改完成] ANS_CO_941 | 路由: BND | 最终分: 13.7 | 风险: P0.00/U0.17/F0.00/H0/L0 | 提取质量: 🟢high | 留白率: 0% | 低质量率: 0%
2026-07-27 05:06:31 | INFO     | 
🔍 [正在处理] ANS_CO_943 | 启动 3WD 流水线...
2026-07-27 05:06:31 | INFO     | 📢 [总进度] 79/132 份试卷已归档。
2026-07-27 05:06:34 | INFO     | ✅ [批改完成] ANS_CO_942 | 路由: POS | 最终分: 14.0 | 风险: P0.00/U0.05/F0.00/H0/L0 | 提取质量: 🟢high | 留白率: 0% | 低质量率: 0%
2026-07-27 05:06:34 | INFO     | 
🔍 [正在处理] ANS_CO_944 | 启动 3WD 流水线...
2026-07-27 05:06:34 | INFO     | 📢 [总进度] 80/132 份试卷已归档。
2026-07-27 05:07:04 | INFO     | ✅ [批改完成] ANS_CO_944 | 路由: BND | 最终分: 6.0 | 风险: P0.40/U0.00/F0.00/H0/L0 | 提取质量: 🟡low | 留白率: 50% | 低质量率: 0%
2026-07-27 05:07:04 | INFO     | 
🔍 [正在处理] ANS_CO_945 | 启动 3WD 流水线...
2026-07-27 05:07:04 | INFO     | 📢 [总进度] 81/132 份试卷已归档。
2026-07-27 05:07:45 | INFO     | ✅ [批改完成] ANS_CO_945 | 路由: BND | 最终分: 7.5 | 风险: P0.00/U0.16/F0.00/H0/L0 | 提取质量: 🟢high | 留白率: 0% | 低质量率: 0%
2026-07-27 05:07:45 | INFO     | 
🔍 [正在处理] ANS_CO_946 | 启动 3WD 流水线...
2026-07-27 05:07:45 | INFO     | 📢 [总进度] 82/132 份试卷已归档。
2026-07-27 05:08:13 | INFO     | ✅ [批改完成] ANS_CO_943 | 路由: POS | 最终分: 15.0 | 风险: P0.00/U0.00/F0.00/H0/L0 | 提取质量: 🟢high | 留白率: 0% | 低质量率: 0%
2026-07-27 05:08:13 | INFO     | 
🔍 [正在处理] ANS_CO_947 | 启动 3WD 流水线...
2026-07-27 05:08:13 | INFO     | 📢 [总进度] 83/132 份试卷已归档。
2026-07-27 05:08:22 | INFO     | ✅ [批改完成] ANS_CO_946 | 路由: POS | 最终分: 14.7 | 风险: P0.00/U0.03/F0.00/H0/L0 | 提取质量: 🟢high | 留白率: 0% | 低质量率: 0%
2026-07-27 05:08:22 | INFO     | 
🔍 [正在处理] ANS_CO_948 | 启动 3WD 流水线...
2026-07-27 05:08:22 | INFO     | 📢 [总进度] 84/132 份试卷已归档。
2026-07-27 05:08:43 | INFO     | ✅ [批改完成] ANS_CO_947 | 路由: NEG | 最终分: 2.0 | 风险: P0.40/U0.12/F0.20/H0/L0 | 提取质量: 🟡low | 留白率: 50% | 低质量率: 0%
2026-07-27 05:08:43 | INFO     | 
🔍 [正在处理] ANS_CO_951 | 启动 3WD 流水线...
2026-07-27 05:08:43 | INFO     | 📢 [总进度] 85/132 份试卷已归档 [NEG-拒绝]。
2026-07-27 05:08:54 | INFO     | ✅ [批改完成] ANS_CO_948 | 路由: POS | 最终分: 12.3 | 风险: P0.00/U0.03/F0.20/H0/L0 | 提取质量: 🟢high | 留白率: 0% | 低质量率: 0%
2026-07-27 05:08:54 | INFO     | 
🔍 [正在处理] ANS_CO_952 | 启动 3WD 流水线...
2026-07-27 05:08:54 | INFO     | 📢 [总进度] 86/132 份试卷已归档。
2026-07-27 05:09:13 | INFO     | ✅ [批改完成] ANS_CO_951 | 路由: NEG | 最终分: 2.0 | 风险: P0.40/U0.09/F0.20/H0/L0 | 提取质量: 🟡low | 留白率: 50% | 低质量率: 0%
2026-07-27 05:09:13 | INFO     | 
🔍 [正在处理] ANS_CO_953 | 启动 3WD 流水线...
2026-07-27 05:09:13 | INFO     | 📢 [总进度] 87/132 份试卷已归档 [NEG-拒绝]。
2026-07-27 05:09:27 | INFO     | ✅ [批改完成] ANS_CO_952 | 路由: POS | 最终分: 15.0 | 风险: P0.00/U0.00/F0.00/H0/L0 | 提取质量: 🟢high | 留白率: 0% | 低质量率: 0%
2026-07-27 05:09:27 | INFO     | 
🔍 [正在处理] ANS_CO_954 | 启动 3WD 流水线...
2026-07-27 05:09:27 | INFO     | 📢 [总进度] 88/132 份试卷已归档。
2026-07-27 05:09:50 | INFO     | ✅ [批改完成] ANS_CO_953 | 路由: POS | 最终分: 15.0 | 风险: P0.00/U0.00/F0.00/H0/L0 | 提取质量: 🟢high | 留白率: 0% | 低质量率: 0%
2026-07-27 05:09:50 | INFO     | 
🔍 [正在处理] ANS_CO_955 | 启动 3WD 流水线...
2026-07-27 05:09:50 | INFO     | 📢 [总进度] 89/132 份试卷已归档。
2026-07-27 05:10:04 | INFO     | ✅ [批改完成] ANS_CO_954 | 路由: BND | 最终分: 7.5 | 风险: P0.00/U0.24/F0.00/H0/L0 | 提取质量: 🟢high | 留白率: 0% | 低质量率: 0%
2026-07-27 05:10:04 | INFO     | 
🔍 [正在处理] ANS_CO_956 | 启动 3WD 流水线...
2026-07-27 05:10:04 | INFO     | 📢 [总进度] 90/132 份试卷已归档。
2026-07-27 05:10:28 | INFO     | ✅ [批改完成] ANS_CO_955 | 路由: BND | 最终分: 15.0 | 风险: P0.00/U0.14/F0.00/H0/L0 | 提取质量: 🟢high | 留白率: 0% | 低质量率: 0%
2026-07-27 05:10:28 | INFO     | 
🔍 [正在处理] ANS_CO_957 | 启动 3WD 流水线...
2026-07-27 05:10:28 | INFO     | 📢 [总进度] 91/132 份试卷已归档。
2026-07-27 05:10:47 | INFO     | ✅ [批改完成] ANS_CO_956 | 路由: BND | 最终分: 11.0 | 风险: P0.00/U0.09/F0.00/H0/L0 | 提取质量: 🟢high | 留白率: 0% | 低质量率: 0%
2026-07-27 05:10:47 | INFO     | 
🔍 [正在处理] ANS_CO_958 | 启动 3WD 流水线...
2026-07-27 05:10:47 | INFO     | 📢 [总进度] 92/132 份试卷已归档。
2026-07-27 05:11:23 | INFO     | ✅ [批改完成] ANS_CO_958 | 路由: POS | 最终分: 15.0 | 风险: P0.00/U0.00/F0.00/H0/L0 | 提取质量: 🟢high | 留白率: 0% | 低质量率: 0%
2026-07-27 05:11:23 | INFO     | 
🔍 [正在处理] ANS_CO_960 | 启动 3WD 流水线...
2026-07-27 05:11:23 | INFO     | 📢 [总进度] 93/132 份试卷已归档。
2026-07-27 05:11:58 | INFO     | ✅ [批改完成] ANS_CO_960 | 路由: POS | 最终分: 15.0 | 风险: P0.00/U0.00/F0.00/H0/L0 | 提取质量: 🟢high | 留白率: 0% | 低质量率: 0%
2026-07-27 05:11:58 | INFO     | 
🔍 [正在处理] ANS_CO_961 | 启动 3WD 流水线...
2026-07-27 05:11:58 | INFO     | 📢 [总进度] 94/132 份试卷已归档。
2026-07-27 05:12:15 | INFO     | ✅ [批改完成] ANS_CO_957 | 路由: BND | 最终分: 4.0 | 风险: P0.00/U0.09/F0.60/H0/L1 | 提取质量: 🟢high | 留白率: 0% | 低质量率: 0%
2026-07-27 05:12:15 | INFO     | 
🔍 [正在处理] ANS_CO_962 | 启动 3WD 流水线...
2026-07-27 05:12:15 | INFO     | 📢 [总进度] 95/132 份试卷已归档。
2026-07-27 05:12:46 | INFO     | ✅ [批改完成] ANS_CO_961 | 路由: BND | 最终分: 9.5 | 风险: P0.00/U0.12/F0.00/H0/L0 | 提取质量: 🟢high | 留白率: 0% | 低质量率: 0%
2026-07-27 05:12:46 | INFO     | 
🔍 [正在处理] ANS_CO_963 | 启动 3WD 流水线...
2026-07-27 05:12:46 | INFO     | 📢 [总进度] 96/132 份试卷已归档。
2026-07-27 05:13:02 | INFO     | ✅ [批改完成] ANS_CO_962 | 路由: BND | 最终分: 14.5 | 风险: P0.00/U0.05/F0.00/H0/L0 | 提取质量: 🟢high | 留白率: 0% | 低质量率: 0%
2026-07-27 05:13:02 | INFO     | 
🔍 [正在处理] ANS_CO_964 | 启动 3WD 流水线...
2026-07-27 05:13:02 | INFO     | 📢 [总进度] 97/132 份试卷已归档。
2026-07-27 05:13:16 | INFO     | ✅ [批改完成] ANS_CO_963 | 路由: BND | 最终分: 6.0 | 风险: P0.40/U0.00/F0.00/H0/L0 | 提取质量: 🟡low | 留白率: 50% | 低质量率: 0%
2026-07-27 05:13:16 | INFO     | 
🔍 [正在处理] ANS_CO_965 | 启动 3WD 流水线...
2026-07-27 05:13:16 | INFO     | 📢 [总进度] 98/132 份试卷已归档。
2026-07-27 05:14:05 | INFO     | ✅ [批改完成] ANS_CO_965 | 路由: BND | 最终分: 11.3 | 风险: P0.00/U0.06/F0.00/H0/L0 | 提取质量: 🟢high | 留白率: 0% | 低质量率: 0%
2026-07-27 05:14:05 | INFO     | 
🔍 [正在处理] ANS_CO_966 | 启动 3WD 流水线...
2026-07-27 05:14:05 | INFO     | 📢 [总进度] 99/132 份试卷已归档。
2026-07-27 05:14:53 | INFO     | ✅ [批改完成] ANS_CO_964 | 路由: BND | 最终分: 12.3 | 风险: P0.00/U0.21/F0.00/H0/L0 | 提取质量: 🟢high | 留白率: 0% | 低质量率: 0%
2026-07-27 05:14:53 | INFO     | 
🔍 [正在处理] ANS_CO_967 | 启动 3WD 流水线...
2026-07-27 05:14:53 | INFO     | 📢 [总进度] 100/132 份试卷已归档。
2026-07-27 05:15:37 | INFO     | ✅ [批改完成] ANS_CO_967 | 路由: BND | 最终分: 5.5 | 风险: P0.00/U0.24/F0.60/H0/L1 | 提取质量: 🟢high | 留白率: 0% | 低质量率: 0%
2026-07-27 05:15:37 | INFO     | 
🔍 [正在处理] ANS_CO_968 | 启动 3WD 流水线...
2026-07-27 05:15:37 | INFO     | 📢 [总进度] 101/132 份试卷已归档。
2026-07-27 05:15:42 | INFO     | ✅ [批改完成] ANS_CO_966 | 路由: BND | 最终分: 11.5 | 风险: P0.00/U0.12/F0.00/H0/L1 | 提取质量: 🟢high | 留白率: 0% | 低质量率: 0%
2026-07-27 05:15:42 | INFO     | 
🔍 [正在处理] ANS_CO_969 | 启动 3WD 流水线...
2026-07-27 05:15:42 | INFO     | 📢 [总进度] 102/132 份试卷已归档。
2026-07-27 05:16:10 | INFO     | ✅ [批改完成] ANS_CO_969 | 路由: POS | 最终分: 13.7 | 风险: P0.00/U0.02/F0.00/H0/L0 | 提取质量: 🟢high | 留白率: 0% | 低质量率: 0%
2026-07-27 05:16:10 | INFO     | 
🔍 [正在处理] ANS_CO_970 | 启动 3WD 流水线...
2026-07-27 05:16:10 | INFO     | 📢 [总进度] 103/132 份试卷已归档。
2026-07-27 05:16:52 | INFO     | ✅ [批改完成] ANS_CO_970 | 路由: BND | 最终分: 10.5 | 风险: P0.00/U0.08/F0.00/H0/L0 | 提取质量: 🟢high | 留白率: 0% | 低质量率: 0%
2026-07-27 05:16:52 | INFO     | 
🔍 [正在处理] ANS_CO_971 | 启动 3WD 流水线...
2026-07-27 05:16:52 | INFO     | 📢 [总进度] 104/132 份试卷已归档。
2026-07-27 05:17:26 | INFO     | ✅ [批改完成] ANS_CO_971 | 路由: BND | 最终分: 6.0 | 风险: P0.40/U0.00/F0.00/H0/L0 | 提取质量: 🟡low | 留白率: 50% | 低质量率: 0%
2026-07-27 05:17:26 | INFO     | 
🔍 [正在处理] ANS_CO_972 | 启动 3WD 流水线...
2026-07-27 05:17:26 | INFO     | 📢 [总进度] 105/132 份试卷已归档。
2026-07-27 05:17:43 | INFO     | ✅ [批改完成] ANS_CO_968 | 路由: BND | 最终分: 13.8 | 风险: P0.00/U0.06/F0.00/H0/L0 | 提取质量: 🟢high | 留白率: 0% | 低质量率: 0%
2026-07-27 05:17:43 | INFO     | 
🔍 [正在处理] ANS_CO_973 | 启动 3WD 流水线...
2026-07-27 05:17:43 | INFO     | 📢 [总进度] 106/132 份试卷已归档。
2026-07-27 05:17:58 | INFO     | ✅ [批改完成] ANS_CO_972 | 路由: BND | 最终分: 13.8 | 风险: P0.00/U0.06/F0.00/H0/L0 | 提取质量: 🟢high | 留白率: 0% | 低质量率: 0%
2026-07-27 05:17:58 | INFO     | 
🔍 [正在处理] ANS_CO_974 | 启动 3WD 流水线...
2026-07-27 05:17:58 | INFO     | 📢 [总进度] 107/132 份试卷已归档。
2026-07-27 05:18:22 | INFO     | ✅ [批改完成] ANS_CO_973 | 路由: BND | 最终分: 13.8 | 风险: P0.00/U0.06/F0.00/H0/L0 | 提取质量: 🟢high | 留白率: 0% | 低质量率: 0%
2026-07-27 05:18:22 | INFO     | 
🔍 [正在处理] ANS_CO_976 | 启动 3WD 流水线...
2026-07-27 05:18:22 | INFO     | 📢 [总进度] 108/132 份试卷已归档。
2026-07-27 05:18:36 | INFO     | ✅ [批改完成] ANS_CO_974 | 路由: BND | 最终分: 7.5 | 风险: P0.07/U0.08/F0.00/H0/L1 | 提取质量: 🟢high | 留白率: 0% | 低质量率: 0%
2026-07-27 05:18:36 | INFO     | 
🔍 [正在处理] ANS_CO_977 | 启动 3WD 流水线...
2026-07-27 05:18:36 | INFO     | 📢 [总进度] 109/132 份试卷已归档。
2026-07-27 05:18:59 | INFO     | ✅ [批改完成] ANS_CO_976 | 路由: POS | 最终分: 14.7 | 风险: P0.00/U0.03/F0.00/H0/L0 | 提取质量: 🟢high | 留白率: 0% | 低质量率: 0%
2026-07-27 05:18:59 | INFO     | 
🔍 [正在处理] ANS_CO_978 | 启动 3WD 流水线...
2026-07-27 05:18:59 | INFO     | 📢 [总进度] 110/132 份试卷已归档。
2026-07-27 05:19:21 | INFO     | ✅ [批改完成] ANS_CO_977 | 路由: BND | 最终分: 6.0 | 风险: P0.00/U0.28/F0.60/H0/L1 | 提取质量: 🟢high | 留白率: 0% | 低质量率: 0%
2026-07-27 05:19:21 | INFO     | 
🔍 [正在处理] ANS_CO_980 | 启动 3WD 流水线...
2026-07-27 05:19:21 | INFO     | 📢 [总进度] 111/132 份试卷已归档。
2026-07-27 05:19:33 | INFO     | ✅ [批改完成] ANS_CO_978 | 路由: BND | 最终分: 6.0 | 风险: P0.40/U0.00/F0.00/H0/L0 | 提取质量: 🟡low | 留白率: 50% | 低质量率: 0%
2026-07-27 05:19:33 | INFO     | 
🔍 [正在处理] ANS_CO_981 | 启动 3WD 流水线...
2026-07-27 05:19:33 | INFO     | 📢 [总进度] 112/132 份试卷已归档。
2026-07-27 05:20:09 | INFO     | ✅ [批改完成] ANS_CO_981 | 路由: BND | 最终分: 0 | 风险: P0.00/U0.06/F0.60/H0/L1 | 提取质量: 🟢high | 留白率: 0% | 低质量率: 0%
2026-07-27 05:20:09 | INFO     | 
🔍 [正在处理] ANS_CO_982 | 启动 3WD 流水线...
2026-07-27 05:20:09 | INFO     | 📢 [总进度] 113/132 份试卷已归档。
2026-07-27 05:20:12 | INFO     | ✅ [批改完成] ANS_CO_980 | 路由: BND | 最终分: 10.2 | 风险: P0.00/U0.11/F0.00/H0/L0 | 提取质量: 🟢high | 留白率: 0% | 低质量率: 0%
2026-07-27 05:20:12 | INFO     | 
🔍 [正在处理] ANS_CO_983 | 启动 3WD 流水线...
2026-07-27 05:20:12 | INFO     | 📢 [总进度] 114/132 份试卷已归档。
2026-07-27 05:20:38 | INFO     | ✅ [批改完成] ANS_CO_983 | 路由: POS | 最终分: 15.0 | 风险: P0.00/U0.00/F0.00/H0/L0 | 提取质量: 🟢high | 留白率: 0% | 低质量率: 0%
2026-07-27 05:20:38 | INFO     | 
🔍 [正在处理] ANS_CO_984 | 启动 3WD 流水线...
2026-07-27 05:20:38 | INFO     | 📢 [总进度] 115/132 份试卷已归档。
2026-07-27 05:20:43 | INFO     | ✅ [批改完成] ANS_CO_982 | 路由: BND | 最终分: 14.0 | 风险: P0.00/U0.09/F0.00/H0/L0 | 提取质量: 🟢high | 留白率: 0% | 低质量率: 0%
2026-07-27 05:20:43 | INFO     | 
🔍 [正在处理] ANS_CO_985 | 启动 3WD 流水线...
2026-07-27 05:20:43 | INFO     | 📢 [总进度] 116/132 份试卷已归档。
2026-07-27 05:21:17 | INFO     | ✅ [批改完成] ANS_CO_985 | 路由: BND | 最终分: 13.5 | 风险: P0.00/U0.08/F0.00/H0/L0 | 提取质量: 🟢high | 留白率: 0% | 低质量率: 0%
2026-07-27 05:21:17 | INFO     | 
🔍 [正在处理] ANS_CO_986 | 启动 3WD 流水线...
2026-07-27 05:21:17 | INFO     | 📢 [总进度] 117/132 份试卷已归档。
2026-07-27 05:21:53 | INFO     | ✅ [批改完成] ANS_CO_986 | 路由: POS | 最终分: 5.0 | 风险: P0.00/U0.05/F0.60/H0/L1 | 提取质量: 🟢high | 留白率: 0% | 低质量率: 0%
2026-07-27 05:21:53 | INFO     | 
🔍 [正在处理] ANS_CO_987 | 启动 3WD 流水线...
2026-07-27 05:21:53 | INFO     | 📢 [总进度] 118/132 份试卷已归档。
2026-07-27 05:22:34 | INFO     | ✅ [批改完成] ANS_CO_987 | 路由: BND | 最终分: 9.0 | 风险: P0.00/U0.24/F0.00/H0/L0 | 提取质量: 🟢high | 留白率: 0% | 低质量率: 0%
2026-07-27 05:22:34 | INFO     | 
🔍 [正在处理] ANS_CO_988 | 启动 3WD 流水线...
2026-07-27 05:22:34 | INFO     | 📢 [总进度] 119/132 份试卷已归档。
2026-07-27 05:23:20 | INFO     | ✅ [批改完成] ANS_CO_988 | 路由: BND | 最终分: 12.5 | 风险: P0.20/U0.12/F0.00/H0/L0 | 提取质量: 🟢high | 留白率: 25% | 低质量率: 0%
2026-07-27 05:23:20 | INFO     | 
🔍 [正在处理] ANS_CO_989 | 启动 3WD 流水线...
2026-07-27 05:23:20 | INFO     | 📢 [总进度] 120/132 份试卷已归档。
2026-07-27 05:23:54 | INFO     | ✅ [批改完成] ANS_CO_989 | 路由: BND | 最终分: 11.3 | 风险: P0.00/U0.26/F0.00/H0/L0 | 提取质量: 🟢high | 留白率: 0% | 低质量率: 0%
2026-07-27 05:23:54 | INFO     | 
🔍 [正在处理] ANS_CO_990 | 启动 3WD 流水线...
2026-07-27 05:23:54 | INFO     | 📢 [总进度] 121/132 份试卷已归档。
2026-07-27 05:24:48 | INFO     | ✅ [批改完成] ANS_CO_990 | 路由: BND | 最终分: 15.0 | 风险: P0.00/U0.14/F0.00/H0/L0 | 提取质量: 🟢high | 留白率: 0% | 低质量率: 0%
2026-07-27 05:24:48 | INFO     | 
🔍 [正在处理] ANS_CO_991 | 启动 3WD 流水线...
2026-07-27 05:24:48 | INFO     | 📢 [总进度] 122/132 份试卷已归档。
2026-07-27 05:25:38 | INFO     | ✅ [批改完成] ANS_CO_991 | 路由: BND | 最终分: 7.0 | 风险: P0.00/U0.25/F0.00/H0/L0 | 提取质量: 🟢high | 留白率: 0% | 低质量率: 0%
2026-07-27 05:25:38 | INFO     | 
🔍 [正在处理] ANS_CO_992 | 启动 3WD 流水线...
2026-07-27 05:25:38 | INFO     | 📢 [总进度] 123/132 份试卷已归档。
2026-07-27 05:26:33 | INFO     | ✅ [批改完成] ANS_CO_992 | 路由: BND | 最终分: 15.0 | 风险: P0.00/U0.05/F0.00/H0/L0 | 提取质量: 🟢high | 留白率: 0% | 低质量率: 0%
2026-07-27 05:26:33 | INFO     | 
🔍 [正在处理] ANS_CO_993 | 启动 3WD 流水线...
2026-07-27 05:26:33 | INFO     | 📢 [总进度] 124/132 份试卷已归档。
2026-07-27 05:27:11 | INFO     | ✅ [批改完成] ANS_CO_993 | 路由: BND | 最终分: 14.0 | 风险: P0.00/U0.09/F0.00/H0/L0 | 提取质量: 🟢high | 留白率: 0% | 低质量率: 0%
2026-07-27 05:27:11 | INFO     | 
🔍 [正在处理] ANS_CO_994 | 启动 3WD 流水线...
2026-07-27 05:27:11 | INFO     | 📢 [总进度] 125/132 份试卷已归档。
2026-07-27 05:27:44 | INFO     | ✅ [批改完成] ANS_CO_984 | 路由: BND | 最终分: 14.0 | 风险: P0.00/U0.07/F0.00/H0/L0 | 提取质量: 🟢high | 留白率: 0% | 低质量率: 0%
2026-07-27 05:27:44 | INFO     | 
🔍 [正在处理] ANS_CO_995 | 启动 3WD 流水线...
2026-07-27 05:27:44 | INFO     | 📢 [总进度] 126/132 份试卷已归档。
2026-07-27 05:27:55 | INFO     | ✅ [批改完成] ANS_CO_994 | 路由: BND | 最终分: 15.0 | 风险: P0.00/U0.28/F0.00/H0/L0 | 提取质量: 🟢high | 留白率: 0% | 低质量率: 0%
2026-07-27 05:27:55 | INFO     | 
🔍 [正在处理] ANS_CO_996 | 启动 3WD 流水线...
2026-07-27 05:27:55 | INFO     | 📢 [总进度] 127/132 份试卷已归档。
2026-07-27 05:28:28 | INFO     | ✅ [批改完成] ANS_CO_995 | 路由: BND | 最终分: 14.5 | 风险: P0.00/U0.05/F0.00/H0/L0 | 提取质量: 🟢high | 留白率: 0% | 低质量率: 0%
2026-07-27 05:28:28 | INFO     | 
🔍 [正在处理] ANS_CO_997 | 启动 3WD 流水线...
2026-07-27 05:28:28 | INFO     | 📢 [总进度] 128/132 份试卷已归档。
2026-07-27 05:28:35 | INFO     | ✅ [批改完成] ANS_CO_996 | 路由: BND | 最终分: 8.0 | 风险: P0.00/U0.05/F0.40/H0/L1 | 提取质量: 🟢high | 留白率: 0% | 低质量率: 0%
2026-07-27 05:28:35 | INFO     | 
🔍 [正在处理] ANS_CO_998 | 启动 3WD 流水线...
2026-07-27 05:28:35 | INFO     | 📢 [总进度] 129/132 份试卷已归档。
2026-07-27 05:29:04 | INFO     | ✅ [批改完成] ANS_CO_997 | 路由: POS | 最终分: 14.7 | 风险: P0.00/U0.03/F0.00/H0/L0 | 提取质量: 🟢high | 留白率: 0% | 低质量率: 0%
2026-07-27 05:29:04 | INFO     | 
🔍 [正在处理] ANS_CO_999 | 启动 3WD 流水线...
2026-07-27 05:29:04 | INFO     | 📢 [总进度] 130/132 份试卷已归档。
2026-07-27 05:29:19 | INFO     | ✅ [批改完成] ANS_CO_998 | 路由: BND | 最终分: 14.3 | 风险: P0.00/U0.03/F0.00/H0/L0 | 提取质量: 🟢high | 留白率: 0% | 低质量率: 0%
2026-07-27 05:29:19 | INFO     | 📢 [总进度] 131/132 份试卷已归档。
2026-07-27 05:29:35 | INFO     | ✅ [批改完成] ANS_CO_999 | 路由: POS | 最终分: 13.5 | 风险: P0.00/U0.00/F0.00/H0/L0 | 提取质量: 🟢high | 留白率: 0% | 低质量率: 0%
2026-07-27 05:29:35 | INFO     | 📢 [总进度] 132/132 份试卷已归档。
2026-07-27 05:29:36 | INFO     | 🗂️ 所有线程交卷完毕，正在整理数据... (共收集 132/132 份结果)
2026-07-27 05:29:36 | INFO     | 💾 正常批改结果已保存: D:\users\王鑫020420\Desktop\refgrader-main\results_runs\csbench_co10_co11_co12_co13_co8_co9_all\runs\teacher_audit_co_8_13_20260725_192008\CO_9_graded_results.json (128 人)
2026-07-27 05:29:36 | INFO     | 🛑 拒绝域结果已单独保存: D:\users\王鑫020420\Desktop\refgrader-main\results_runs\csbench_co10_co11_co12_co13_co8_co9_all\runs\teacher_audit_co_8_13_20260725_192008\CO_9_rejected.json (4 人)
2026-07-27 05:29:36 | INFO     | [result consistency] CO_9: checkpoint=132, graded=128, rejected=4, failed=0, expected=132
2026-07-27 05:29:36 | INFO     | 
🏆 任务完成！
