2026-07-27 12:32:35 | INFO     | ==================================================
2026-07-27 12:32:35 | INFO     | 📂 正在加载试卷数据库...
2026-07-27 12:32:35 | INFO     |    运行模式: FULL
2026-07-27 12:32:35 | INFO     |    题目范围: ['POC_1', 'POC_2', 'POC_3', 'POC_4', 'POC_5', 'POC_6']
2026-07-27 12:32:35 | INFO     |    文本模型: glm5 -> glm-5.2 (thinking=disabled)
2026-07-27 12:32:35 | INFO     |    提取后端: csbench_hybrid
2026-07-27 12:32:35 | INFO     |    题库文件: D:\users\王鑫020420\Desktop\refgrader-main\data\csbench\exam_database.json
2026-07-27 12:32:35 | INFO     |    教师分文件: D:\users\王鑫020420\Desktop\refgrader-main\data\csbench\teacher_scores.json
2026-07-27 12:32:35 | INFO     |    Sample quality policy: raw (mode=raw, excluded=0, corrected=0)
2026-07-27 12:32:35 | INFO     |    答案元数据: D:\users\王鑫020420\Desktop\refgrader-main\data\csbench\answer_metadata.jsonl
2026-07-27 12:32:35 | INFO     |    并发数:   2
2026-07-27 12:32:35 | INFO     |    结果目录: D:\users\王鑫020420\Desktop\refgrader-main\results_runs\csbench_poc1_poc2_poc3_poc4_poc5_poc6_all\runs\teacher_audit_poc_1_6_20260725_192008
2026-07-27 12:32:35 | INFO     |    Rubric目录: D:\users\王鑫020420\Desktop\refgrader-main\data\csbench\rubrics\optimized
2026-07-27 12:32:35 | INFO     |    初始Rubric目录: D:\users\王鑫020420\Desktop\refgrader-main\data\csbench\rubrics\initial
2026-07-27 12:32:35 | INFO     |    允许回退初始Rubric: False
2026-07-27 12:32:35 | INFO     |    进度文件: D:\users\王鑫020420\Desktop\refgrader-main\results_runs\csbench_poc1_poc2_poc3_poc4_poc5_poc6_all\runs\teacher_audit_poc_1_6_20260725_192008\progress.json
2026-07-27 12:32:35 | INFO     |    日志文件: logs\experiment_teacher_audit_poc_1_6_20260725_192008.log
2026-07-27 12:32:35 | INFO     | 🚀 当前处于【精准批改模式】
2026-07-27 12:32:35 | INFO     | 
🚀 [标准模式] 开始处理: POC_1
2026-07-27 12:32:35 | INFO     | ⚡ 已加载本地标准: D:\users\王鑫020420\Desktop\refgrader-main\data\csbench\rubrics\optimized\POC\POC_1_rubric_standard.json
2026-07-27 12:32:35 | INFO     | [metadata] loaded 3326 answer records from D:\users\王鑫020420\Desktop\refgrader-main\data\csbench\answer_metadata.jsonl
2026-07-27 12:32:42 | INFO     | ⚡ 脱敏清单已预生成，54 名学生共享复用。
2026-07-27 12:32:42 | INFO     | 🏃 开始批改 54 张试卷 (⚡ 开启多线程模式)...
2026-07-27 12:32:42 | INFO     | ⏳ [主线程] 已提交 54 个任务，等待结果回收...
2026-07-27 12:32:42 | INFO     | 📦 成功加载教师真实成绩单数据库！共包含 3326 名考生的数据。
2026-07-27 12:32:42 | INFO     | 📦 成功加载教师真实成绩单数据库！共包含 3326 名考生的数据。
2026-07-27 12:32:42 | INFO     | 
🔍 [正在处理] ANS_POC_294 | 启动 3WD 流水线...
2026-07-27 12:32:42 | INFO     | 
🔍 [正在处理] ANS_POC_293 | 启动 3WD 流水线...
2026-07-27 12:32:55 | INFO     | ✅ [批改完成] ANS_POC_293 | 路由: POS | 最终分: 0 | 风险: P0.00/U0.00/F1.00/H0/L1 | 提取质量: 🟢high | 留白率: 0% | 低质量率: 0%
2026-07-27 12:32:55 | INFO     | 
🔍 [正在处理] ANS_POC_295 | 启动 3WD 流水线...
2026-07-27 12:32:55 | INFO     | 📢 [总进度] 1/54 份试卷已归档。
2026-07-27 12:32:55 | INFO     | ✅ [批改完成] ANS_POC_294 | 路由: POS | 最终分: 0 | 风险: P0.00/U0.00/F1.00/H0/L1 | 提取质量: 🟢high | 留白率: 0% | 低质量率: 0%
2026-07-27 12:32:55 | INFO     | 
🔍 [正在处理] ANS_POC_296 | 启动 3WD 流水线...
2026-07-27 12:32:55 | INFO     | 📢 [总进度] 2/54 份试卷已归档。
2026-07-27 12:33:08 | INFO     | ✅ [批改完成] ANS_POC_296 | 路由: POS | 最终分: 0 | 风险: P0.00/U0.00/F1.00/H0/L1 | 提取质量: 🟢high | 留白率: 0% | 低质量率: 0%
2026-07-27 12:33:08 | INFO     | 
🔍 [正在处理] ANS_POC_297 | 启动 3WD 流水线...
2026-07-27 12:33:08 | INFO     | 📢 [总进度] 3/54 份试卷已归档。
2026-07-27 12:33:09 | INFO     | ✅ [批改完成] ANS_POC_295 | 路由: POS | 最终分: 0 | 风险: P0.00/U0.00/F1.00/H0/L1 | 提取质量: 🟢high | 留白率: 0% | 低质量率: 0%
2026-07-27 12:33:09 | INFO     | 
🔍 [正在处理] ANS_POC_298 | 启动 3WD 流水线...
2026-07-27 12:33:09 | INFO     | 📢 [总进度] 4/54 份试卷已归档。
2026-07-27 12:33:21 | INFO     | ✅ [批改完成] ANS_POC_298 | 路由: POS | 最终分: 5.0 | 风险: P0.00/U0.00/F0.00/H0/L0 | 提取质量: 🟢high | 留白率: 0% | 低质量率: 0%
2026-07-27 12:33:21 | INFO     | 
🔍 [正在处理] ANS_POC_299 | 启动 3WD 流水线...
2026-07-27 12:33:21 | INFO     | 📢 [总进度] 5/54 份试卷已归档。
2026-07-27 12:33:22 | INFO     | ✅ [批改完成] ANS_POC_297 | 路由: POS | 最终分: 0 | 风险: P0.00/U0.00/F1.00/H0/L1 | 提取质量: 🟢high | 留白率: 0% | 低质量率: 0%
2026-07-27 12:33:22 | INFO     | 
🔍 [正在处理] ANS_POC_300 | 启动 3WD 流水线...
2026-07-27 12:33:22 | INFO     | 📢 [总进度] 6/54 份试卷已归档。
2026-07-27 12:33:34 | INFO     | ✅ [批改完成] ANS_POC_300 | 路由: POS | 最终分: 0 | 风险: P0.00/U0.00/F1.00/H0/L1 | 提取质量: 🟢high | 留白率: 0% | 低质量率: 0%
2026-07-27 12:33:34 | INFO     | 
🔍 [正在处理] ANS_POC_301 | 启动 3WD 流水线...
2026-07-27 12:33:34 | INFO     | 📢 [总进度] 7/54 份试卷已归档。
2026-07-27 12:33:41 | INFO     | ✅ [批改完成] ANS_POC_299 | 路由: BND | 最终分: 0 | 风险: P0.00/U0.24/F1.00/H0/L1 | 提取质量: 🟢high | 留白率: 0% | 低质量率: 0%
2026-07-27 12:33:41 | INFO     | 
🔍 [正在处理] ANS_POC_302 | 启动 3WD 流水线...
2026-07-27 12:33:41 | INFO     | 📢 [总进度] 8/54 份试卷已归档。
2026-07-27 12:33:48 | INFO     | ✅ [批改完成] ANS_POC_301 | 路由: POS | 最终分: 5.0 | 风险: P0.00/U0.00/F0.00/H0/L0 | 提取质量: 🟢high | 留白率: 0% | 低质量率: 0%
2026-07-27 12:33:48 | INFO     | 
🔍 [正在处理] ANS_POC_303 | 启动 3WD 流水线...
2026-07-27 12:33:48 | INFO     | 📢 [总进度] 9/54 份试卷已归档。
2026-07-27 12:33:56 | INFO     | ✅ [批改完成] ANS_POC_302 | 路由: POS | 最终分: 5.0 | 风险: P0.00/U0.00/F0.00/H0/L0 | 提取质量: 🟢high | 留白率: 0% | 低质量率: 0%
2026-07-27 12:33:56 | INFO     | 
🔍 [正在处理] ANS_POC_304 | 启动 3WD 流水线...
2026-07-27 12:33:56 | INFO     | 📢 [总进度] 10/54 份试卷已归档。
2026-07-27 12:34:02 | INFO     | ✅ [批改完成] ANS_POC_303 | 路由: POS | 最终分: 5.0 | 风险: P0.00/U0.00/F0.00/H0/L0 | 提取质量: 🟢high | 留白率: 0% | 低质量率: 0%
2026-07-27 12:34:02 | INFO     | 
🔍 [正在处理] ANS_POC_305 | 启动 3WD 流水线...
2026-07-27 12:34:02 | INFO     | 📢 [总进度] 11/54 份试卷已归档。
2026-07-27 12:34:11 | INFO     | ✅ [批改完成] ANS_POC_304 | 路由: POS | 最终分: 0 | 风险: P0.00/U0.00/F1.00/H0/L1 | 提取质量: 🟢high | 留白率: 0% | 低质量率: 0%
2026-07-27 12:34:11 | INFO     | 
🔍 [正在处理] ANS_POC_306 | 启动 3WD 流水线...
2026-07-27 12:34:11 | INFO     | 📢 [总进度] 12/54 份试卷已归档。
2026-07-27 12:34:15 | INFO     | ✅ [批改完成] ANS_POC_305 | 路由: POS | 最终分: 0 | 风险: P0.00/U0.00/F1.00/H0/L1 | 提取质量: 🟢high | 留白率: 0% | 低质量率: 0%
2026-07-27 12:34:15 | INFO     | 
🔍 [正在处理] ANS_POC_307 | 启动 3WD 流水线...
2026-07-27 12:34:15 | INFO     | 📢 [总进度] 13/54 份试卷已归档。
2026-07-27 12:34:23 | INFO     | ✅ [批改完成] ANS_POC_306 | 路由: POS | 最终分: 0 | 风险: P0.00/U0.00/F1.00/H0/L1 | 提取质量: 🟢high | 留白率: 0% | 低质量率: 0%
2026-07-27 12:34:23 | INFO     | 
🔍 [正在处理] ANS_POC_308 | 启动 3WD 流水线...
2026-07-27 12:34:23 | INFO     | 📢 [总进度] 14/54 份试卷已归档。
2026-07-27 12:34:32 | INFO     | ✅ [批改完成] ANS_POC_307 | 路由: POS | 最终分: 0 | 风险: P0.00/U0.00/F1.00/H0/L1 | 提取质量: 🟢high | 留白率: 0% | 低质量率: 0%
2026-07-27 12:34:32 | INFO     | 
🔍 [正在处理] ANS_POC_309 | 启动 3WD 流水线...
2026-07-27 12:34:32 | INFO     | 📢 [总进度] 15/54 份试卷已归档。
2026-07-27 12:34:36 | INFO     | ✅ [批改完成] ANS_POC_308 | 路由: POS | 最终分: 5.0 | 风险: P0.00/U0.00/F0.00/H0/L0 | 提取质量: 🟢high | 留白率: 0% | 低质量率: 0%
2026-07-27 12:34:36 | INFO     | 
🔍 [正在处理] ANS_POC_310 | 启动 3WD 流水线...
2026-07-27 12:34:36 | INFO     | 📢 [总进度] 16/54 份试卷已归档。
2026-07-27 12:34:46 | INFO     | ✅ [批改完成] ANS_POC_309 | 路由: POS | 最终分: 0 | 风险: P0.00/U0.00/F1.00/H0/L1 | 提取质量: 🟢high | 留白率: 0% | 低质量率: 0%
2026-07-27 12:34:46 | INFO     | 
🔍 [正在处理] ANS_POC_311 | 启动 3WD 流水线...
2026-07-27 12:34:46 | INFO     | 📢 [总进度] 17/54 份试卷已归档。
2026-07-27 12:34:48 | INFO     | ✅ [批改完成] ANS_POC_310 | 路由: POS | 最终分: 0 | 风险: P0.00/U0.00/F1.00/H0/L1 | 提取质量: 🟢high | 留白率: 0% | 低质量率: 0%
2026-07-27 12:34:48 | INFO     | 
🔍 [正在处理] ANS_POC_312 | 启动 3WD 流水线...
2026-07-27 12:34:48 | INFO     | 📢 [总进度] 18/54 份试卷已归档。
2026-07-27 12:34:58 | INFO     | ✅ [批改完成] ANS_POC_311 | 路由: POS | 最终分: 0 | 风险: P0.00/U0.00/F1.00/H0/L1 | 提取质量: 🟢high | 留白率: 0% | 低质量率: 0%
2026-07-27 12:34:58 | INFO     | 
🔍 [正在处理] ANS_POC_313 | 启动 3WD 流水线...
2026-07-27 12:34:58 | INFO     | 📢 [总进度] 19/54 份试卷已归档。
2026-07-27 12:34:59 | INFO     | ✅ [批改完成] ANS_POC_312 | 路由: POS | 最终分: 0 | 风险: P0.00/U0.00/F1.00/H0/L1 | 提取质量: 🟢high | 留白率: 0% | 低质量率: 0%
2026-07-27 12:34:59 | INFO     | 
🔍 [正在处理] ANS_POC_314 | 启动 3WD 流水线...
2026-07-27 12:34:59 | INFO     | 📢 [总进度] 20/54 份试卷已归档。
2026-07-27 12:35:11 | INFO     | ✅ [批改完成] ANS_POC_314 | 路由: POS | 最终分: 5.0 | 风险: P0.00/U0.00/F0.00/H0/L0 | 提取质量: 🟢high | 留白率: 0% | 低质量率: 0%
2026-07-27 12:35:11 | INFO     | 
🔍 [正在处理] ANS_POC_315 | 启动 3WD 流水线...
2026-07-27 12:35:11 | INFO     | 📢 [总进度] 21/54 份试卷已归档。
2026-07-27 12:35:15 | INFO     | ✅ [批改完成] ANS_POC_313 | 路由: BND | 最终分: 4.7 | 风险: P0.00/U0.09/F0.00/H0/L0 | 提取质量: 🟢high | 留白率: 0% | 低质量率: 0%
2026-07-27 12:35:15 | INFO     | 
🔍 [正在处理] ANS_POC_316 | 启动 3WD 流水线...
2026-07-27 12:35:15 | INFO     | 📢 [总进度] 22/54 份试卷已归档。
2026-07-27 12:35:29 | INFO     | ✅ [批改完成] ANS_POC_316 | 路由: POS | 最终分: 5.0 | 风险: P0.00/U0.00/F0.00/H0/L0 | 提取质量: 🟢high | 留白率: 0% | 低质量率: 0%
2026-07-27 12:35:29 | INFO     | 
🔍 [正在处理] ANS_POC_317 | 启动 3WD 流水线...
2026-07-27 12:35:29 | INFO     | 📢 [总进度] 23/54 份试卷已归档。
2026-07-27 12:35:30 | INFO     | ✅ [批改完成] ANS_POC_315 | 路由: BND | 最终分: 2.3 | 风险: P0.00/U0.41/F1.00/H0/L1 | 提取质量: 🟢high | 留白率: 0% | 低质量率: 0%
2026-07-27 12:35:30 | INFO     | 
🔍 [正在处理] ANS_POC_318 | 启动 3WD 流水线...
2026-07-27 12:35:30 | INFO     | 📢 [总进度] 24/54 份试卷已归档。
2026-07-27 12:35:41 | INFO     | ✅ [批改完成] ANS_POC_317 | 路由: POS | 最终分: 5.0 | 风险: P0.00/U0.00/F0.00/H0/L0 | 提取质量: 🟢high | 留白率: 0% | 低质量率: 0%
2026-07-27 12:35:41 | INFO     | 
🔍 [正在处理] ANS_POC_319 | 启动 3WD 流水线...
2026-07-27 12:35:41 | INFO     | 📢 [总进度] 25/54 份试卷已归档。
2026-07-27 12:35:42 | INFO     | ✅ [批改完成] ANS_POC_318 | 路由: POS | 最终分: 0 | 风险: P0.00/U0.00/F1.00/H0/L1 | 提取质量: 🟢high | 留白率: 0% | 低质量率: 0%
2026-07-27 12:35:42 | INFO     | 
🔍 [正在处理] ANS_POC_320 | 启动 3WD 流水线...
2026-07-27 12:35:42 | INFO     | 📢 [总进度] 26/54 份试卷已归档。
2026-07-27 12:35:54 | INFO     | ✅ [批改完成] ANS_POC_320 | 路由: POS | 最终分: 5.0 | 风险: P0.00/U0.00/F0.00/H0/L0 | 提取质量: 🟢high | 留白率: 0% | 低质量率: 0%
2026-07-27 12:35:54 | INFO     | 
🔍 [正在处理] ANS_POC_321 | 启动 3WD 流水线...
2026-07-27 12:35:54 | INFO     | 📢 [总进度] 27/54 份试卷已归档。
2026-07-27 12:36:00 | INFO     | ✅ [批改完成] ANS_POC_319 | 路由: BND | 最终分: 3.7 | 风险: P0.00/U0.09/F0.00/H0/L0 | 提取质量: 🟢high | 留白率: 0% | 低质量率: 0%
2026-07-27 12:36:00 | INFO     | 
🔍 [正在处理] ANS_POC_322 | 启动 3WD 流水线...
2026-07-27 12:36:00 | INFO     | 📢 [总进度] 28/54 份试卷已归档。
2026-07-27 12:36:10 | INFO     | ✅ [批改完成] ANS_POC_321 | 路由: BND | 最终分: 1.7 | 风险: P0.00/U0.24/F0.00/H0/L1 | 提取质量: 🟢high | 留白率: 0% | 低质量率: 0%
2026-07-27 12:36:10 | INFO     | 
🔍 [正在处理] ANS_POC_323 | 启动 3WD 流水线...
2026-07-27 12:36:10 | INFO     | 📢 [总进度] 29/54 份试卷已归档。
2026-07-27 12:36:14 | INFO     | ✅ [批改完成] ANS_POC_322 | 路由: POS | 最终分: 5.0 | 风险: P0.00/U0.00/F0.00/H0/L0 | 提取质量: 🟢high | 留白率: 0% | 低质量率: 0%
2026-07-27 12:36:14 | INFO     | 
🔍 [正在处理] ANS_POC_324 | 启动 3WD 流水线...
2026-07-27 12:36:14 | INFO     | 📢 [总进度] 30/54 份试卷已归档。
2026-07-27 12:36:24 | INFO     | ✅ [批改完成] ANS_POC_323 | 路由: POS | 最终分: 0 | 风险: P0.00/U0.00/F1.00/H0/L1 | 提取质量: 🟢high | 留白率: 0% | 低质量率: 0%
2026-07-27 12:36:24 | INFO     | 
🔍 [正在处理] ANS_POC_325 | 启动 3WD 流水线...
2026-07-27 12:36:24 | INFO     | 📢 [总进度] 31/54 份试卷已归档。
2026-07-27 12:36:25 | INFO     | ✅ [批改完成] ANS_POC_324 | 路由: POS | 最终分: 5.0 | 风险: P0.00/U0.00/F0.00/H0/L0 | 提取质量: 🟢high | 留白率: 0% | 低质量率: 0%
2026-07-27 12:36:25 | INFO     | 
🔍 [正在处理] ANS_POC_326 | 启动 3WD 流水线...
2026-07-27 12:36:25 | INFO     | 📢 [总进度] 32/54 份试卷已归档。
2026-07-27 12:36:36 | INFO     | ✅ [批改完成] ANS_POC_325 | 路由: POS | 最终分: 5.0 | 风险: P0.00/U0.00/F0.00/H0/L0 | 提取质量: 🟢high | 留白率: 0% | 低质量率: 0%
2026-07-27 12:36:36 | INFO     | 
🔍 [正在处理] ANS_POC_327 | 启动 3WD 流水线...
2026-07-27 12:36:36 | INFO     | 📢 [总进度] 33/54 份试卷已归档。
2026-07-27 12:36:36 | INFO     | ✅ [批改完成] ANS_POC_326 | 路由: POS | 最终分: 5.0 | 风险: P0.00/U0.00/F0.00/H0/L0 | 提取质量: 🟢high | 留白率: 0% | 低质量率: 0%
2026-07-27 12:36:36 | INFO     | 
🔍 [正在处理] ANS_POC_328 | 启动 3WD 流水线...
2026-07-27 12:36:36 | INFO     | 📢 [总进度] 34/54 份试卷已归档。
2026-07-27 12:36:45 | INFO     | ✅ [批改完成] ANS_POC_328 | 路由: NEG | 最终分: 0 | 风险: P0.80/U0.00/F0.00/H0/L0 | 提取质量: 🟡low | 留白率: 100% | 低质量率: 0%
2026-07-27 12:36:45 | INFO     | 
🔍 [正在处理] ANS_POC_329 | 启动 3WD 流水线...
2026-07-27 12:36:45 | INFO     | 📢 [总进度] 35/54 份试卷已归档 [NEG-拒绝]。
2026-07-27 12:36:49 | INFO     | ✅ [批改完成] ANS_POC_327 | 路由: POS | 最终分: 0 | 风险: P0.00/U0.00/F1.00/H0/L1 | 提取质量: 🟢high | 留白率: 0% | 低质量率: 0%
2026-07-27 12:36:49 | INFO     | 
🔍 [正在处理] ANS_POC_330 | 启动 3WD 流水线...
2026-07-27 12:36:49 | INFO     | 📢 [总进度] 36/54 份试卷已归档。
2026-07-27 12:36:58 | INFO     | ✅ [批改完成] ANS_POC_330 | 路由: NEG | 最终分: 0 | 风险: P0.80/U0.00/F0.00/H0/L0 | 提取质量: 🟡low | 留白率: 100% | 低质量率: 0%
2026-07-27 12:36:58 | INFO     | 
🔍 [正在处理] ANS_POC_331 | 启动 3WD 流水线...
2026-07-27 12:36:58 | INFO     | 📢 [总进度] 37/54 份试卷已归档 [NEG-拒绝]。
2026-07-27 12:36:58 | INFO     | ✅ [批改完成] ANS_POC_329 | 路由: POS | 最终分: 0 | 风险: P0.00/U0.00/F1.00/H0/L1 | 提取质量: 🟢high | 留白率: 0% | 低质量率: 0%
2026-07-27 12:36:58 | INFO     | 
🔍 [正在处理] ANS_POC_332 | 启动 3WD 流水线...
2026-07-27 12:36:58 | INFO     | 📢 [总进度] 38/54 份试卷已归档。
2026-07-27 12:37:10 | INFO     | ✅ [批改完成] ANS_POC_332 | 路由: POS | 最终分: 5.0 | 风险: P0.00/U0.00/F0.00/H0/L0 | 提取质量: 🟢high | 留白率: 0% | 低质量率: 0%
2026-07-27 12:37:10 | INFO     | 
🔍 [正在处理] ANS_POC_333 | 启动 3WD 流水线...
2026-07-27 12:37:10 | INFO     | 📢 [总进度] 39/54 份试卷已归档。
2026-07-27 12:37:18 | INFO     | ✅ [批改完成] ANS_POC_331 | 路由: BND | 最终分: 3.0 | 风险: P0.00/U0.14/F0.00/H0/L1 | 提取质量: 🟢high | 留白率: 0% | 低质量率: 0%
2026-07-27 12:37:18 | INFO     | 
🔍 [正在处理] ANS_POC_334 | 启动 3WD 流水线...
2026-07-27 12:37:18 | INFO     | 📢 [总进度] 40/54 份试卷已归档。
2026-07-27 12:37:21 | INFO     | ✅ [批改完成] ANS_POC_333 | 路由: POS | 最终分: 0 | 风险: P0.00/U0.00/F1.00/H0/L1 | 提取质量: 🟢high | 留白率: 0% | 低质量率: 0%
2026-07-27 12:37:21 | INFO     | 
🔍 [正在处理] ANS_POC_335 | 启动 3WD 流水线...
2026-07-27 12:37:21 | INFO     | 📢 [总进度] 41/54 份试卷已归档。
2026-07-27 12:37:30 | INFO     | ✅ [批改完成] ANS_POC_334 | 路由: POS | 最终分: 0 | 风险: P0.00/U0.00/F1.00/H0/L1 | 提取质量: 🟢high | 留白率: 0% | 低质量率: 0%
2026-07-27 12:37:30 | INFO     | 
🔍 [正在处理] ANS_POC_336 | 启动 3WD 流水线...
2026-07-27 12:37:30 | INFO     | 📢 [总进度] 42/54 份试卷已归档。
2026-07-27 12:37:32 | INFO     | ✅ [批改完成] ANS_POC_335 | 路由: POS | 最终分: 5.0 | 风险: P0.00/U0.00/F0.00/H0/L0 | 提取质量: 🟢high | 留白率: 0% | 低质量率: 0%
2026-07-27 12:37:32 | INFO     | 
🔍 [正在处理] ANS_POC_337 | 启动 3WD 流水线...
2026-07-27 12:37:32 | INFO     | 📢 [总进度] 43/54 份试卷已归档。
2026-07-27 12:37:43 | INFO     | ✅ [批改完成] ANS_POC_337 | 路由: POS | 最终分: 0 | 风险: P0.00/U0.00/F1.00/H0/L1 | 提取质量: 🟢high | 留白率: 0% | 低质量率: 0%
2026-07-27 12:37:43 | INFO     | 
🔍 [正在处理] ANS_POC_338 | 启动 3WD 流水线...
2026-07-27 12:37:43 | INFO     | 📢 [总进度] 44/54 份试卷已归档。
2026-07-27 12:37:44 | INFO     | ✅ [批改完成] ANS_POC_336 | 路由: POS | 最终分: 0 | 风险: P0.00/U0.00/F1.00/H0/L1 | 提取质量: 🟢high | 留白率: 0% | 低质量率: 0%
2026-07-27 12:37:44 | INFO     | 
🔍 [正在处理] ANS_POC_339 | 启动 3WD 流水线...
2026-07-27 12:37:44 | INFO     | 📢 [总进度] 45/54 份试卷已归档。
2026-07-27 12:37:56 | INFO     | ✅ [批改完成] ANS_POC_338 | 路由: POS | 最终分: 0 | 风险: P0.00/U0.00/F1.00/H0/L1 | 提取质量: 🟢high | 留白率: 0% | 低质量率: 0%
2026-07-27 12:37:56 | INFO     | 
🔍 [正在处理] ANS_POC_340 | 启动 3WD 流水线...
2026-07-27 12:37:56 | INFO     | 📢 [总进度] 46/54 份试卷已归档。
2026-07-27 12:37:58 | INFO     | ✅ [批改完成] ANS_POC_339 | 路由: POS | 最终分: 0 | 风险: P0.00/U0.00/F1.00/H0/L1 | 提取质量: 🟢high | 留白率: 0% | 低质量率: 0%
2026-07-27 12:37:58 | INFO     | 
🔍 [正在处理] ANS_POC_341 | 启动 3WD 流水线...
2026-07-27 12:37:58 | INFO     | 📢 [总进度] 47/54 份试卷已归档。
2026-07-27 12:38:09 | INFO     | ✅ [批改完成] ANS_POC_340 | 路由: POS | 最终分: 2.5 | 风险: P0.00/U0.00/F0.00/H0/L1 | 提取质量: 🟢high | 留白率: 0% | 低质量率: 0%
2026-07-27 12:38:09 | INFO     | 
🔍 [正在处理] ANS_POC_342 | 启动 3WD 流水线...
2026-07-27 12:38:09 | INFO     | 📢 [总进度] 48/54 份试卷已归档。
2026-07-27 12:38:10 | INFO     | ✅ [批改完成] ANS_POC_341 | 路由: POS | 最终分: 0 | 风险: P0.00/U0.00/F1.00/H0/L1 | 提取质量: 🟢high | 留白率: 0% | 低质量率: 0%
2026-07-27 12:38:10 | INFO     | 
🔍 [正在处理] ANS_POC_343 | 启动 3WD 流水线...
2026-07-27 12:38:10 | INFO     | 📢 [总进度] 49/54 份试卷已归档。
2026-07-27 12:38:21 | INFO     | ✅ [批改完成] ANS_POC_343 | 路由: NEG | 最终分: 0 | 风险: P0.80/U0.00/F0.00/H0/L0 | 提取质量: 🟡low | 留白率: 100% | 低质量率: 0%
2026-07-27 12:38:21 | INFO     | 
🔍 [正在处理] ANS_POC_344 | 启动 3WD 流水线...
2026-07-27 12:38:21 | INFO     | 📢 [总进度] 50/54 份试卷已归档 [NEG-拒绝]。
2026-07-27 12:38:25 | INFO     | ✅ [批改完成] ANS_POC_342 | 路由: BND | 最终分: 0 | 风险: P0.00/U0.24/F1.00/H0/L1 | 提取质量: 🟢high | 留白率: 0% | 低质量率: 0%
2026-07-27 12:38:25 | INFO     | 
🔍 [正在处理] ANS_POC_345 | 启动 3WD 流水线...
2026-07-27 12:38:25 | INFO     | 📢 [总进度] 51/54 份试卷已归档。
2026-07-27 12:38:33 | INFO     | ✅ [批改完成] ANS_POC_344 | 路由: POS | 最终分: 0 | 风险: P0.00/U0.00/F1.00/H0/L1 | 提取质量: 🟢high | 留白率: 0% | 低质量率: 0%
2026-07-27 12:38:33 | INFO     | 
🔍 [正在处理] ANS_POC_346 | 启动 3WD 流水线...
2026-07-27 12:38:33 | INFO     | 📢 [总进度] 52/54 份试卷已归档。
2026-07-27 12:38:39 | INFO     | ✅ [批改完成] ANS_POC_345 | 路由: POS | 最终分: 0 | 风险: P0.00/U0.00/F1.00/H0/L1 | 提取质量: 🟢high | 留白率: 0% | 低质量率: 0%
2026-07-27 12:38:39 | INFO     | 📢 [总进度] 53/54 份试卷已归档。
2026-07-27 12:38:52 | INFO     | ✅ [批改完成] ANS_POC_346 | 路由: BND | 最终分: 1.2 | 风险: P0.00/U0.12/F0.00/H0/L1 | 提取质量: 🟢high | 留白率: 0% | 低质量率: 0%
2026-07-27 12:38:52 | INFO     | 📢 [总进度] 54/54 份试卷已归档。
2026-07-27 12:38:52 | INFO     | 🗂️ 所有线程交卷完毕，正在整理数据... (共收集 54/54 份结果)
2026-07-27 12:38:52 | INFO     | 💾 正常批改结果已保存: D:\users\王鑫020420\Desktop\refgrader-main\results_runs\csbench_poc1_poc2_poc3_poc4_poc5_poc6_all\runs\teacher_audit_poc_1_6_20260725_192008\POC_1_graded_results.json (51 人)
2026-07-27 12:38:52 | INFO     | 🛑 拒绝域结果已单独保存: D:\users\王鑫020420\Desktop\refgrader-main\results_runs\csbench_poc1_poc2_poc3_poc4_poc5_poc6_all\runs\teacher_audit_poc_1_6_20260725_192008\POC_1_rejected.json (3 人)
2026-07-27 12:38:53 | INFO     | [result consistency] POC_1: checkpoint=54, graded=51, rejected=3, failed=0, expected=54
2026-07-27 12:38:53 | INFO     | 
🚀 [标准模式] 开始处理: POC_2
2026-07-27 12:38:53 | INFO     | ⚡ 已加载本地标准: D:\users\王鑫020420\Desktop\refgrader-main\data\csbench\rubrics\optimized\POC\POC_2_rubric_standard.json
2026-07-27 12:38:57 | INFO     | ⚡ 脱敏清单已预生成，61 名学生共享复用。
2026-07-27 12:38:57 | INFO     | 🏃 开始批改 61 张试卷 (⚡ 开启多线程模式)...
2026-07-27 12:38:57 | INFO     | 
🔍 [正在处理] ANS_POC_1 | 启动 3WD 流水线...
2026-07-27 12:38:57 | INFO     | 
🔍 [正在处理] ANS_POC_10 | 启动 3WD 流水线...
2026-07-27 12:38:57 | INFO     | ⏳ [主线程] 已提交 61 个任务，等待结果回收...
2026-07-27 12:39:15 | INFO     | ✅ [批改完成] ANS_POC_10 | 路由: POS | 最终分: 5.0 | 风险: P0.00/U0.00/F0.00/H0/L0 | 提取质量: 🟢high | 留白率: 0% | 低质量率: 0%
2026-07-27 12:39:15 | INFO     | 
🔍 [正在处理] ANS_POC_11 | 启动 3WD 流水线...
2026-07-27 12:39:15 | INFO     | 📢 [总进度] 1/61 份试卷已归档。
2026-07-27 12:39:24 | INFO     | ✅ [批改完成] ANS_POC_1 | 路由: BND | 最终分: 1.0 | 风险: P0.28/U0.14/F0.60/H0/L1 | 提取质量: 🟢high | 留白率: 25% | 低质量率: 0%
2026-07-27 12:39:24 | INFO     | 
🔍 [正在处理] ANS_POC_12 | 启动 3WD 流水线...
2026-07-27 12:39:24 | INFO     | 📢 [总进度] 2/61 份试卷已归档。
2026-07-27 12:39:32 | INFO     | ✅ [批改完成] ANS_POC_11 | 路由: POS | 最终分: 5.0 | 风险: P0.00/U0.00/F0.00/H0/L0 | 提取质量: 🟢high | 留白率: 0% | 低质量率: 0%
2026-07-27 12:39:32 | INFO     | 
🔍 [正在处理] ANS_POC_13 | 启动 3WD 流水线...
2026-07-27 12:39:32 | INFO     | 📢 [总进度] 3/61 份试卷已归档。
2026-07-27 12:39:49 | INFO     | ✅ [批改完成] ANS_POC_12 | 路由: BND | 最终分: 4.8 | 风险: P0.00/U0.05/F0.00/H0/L0 | 提取质量: 🟢high | 留白率: 0% | 低质量率: 0%
2026-07-27 12:39:49 | INFO     | 
🔍 [正在处理] ANS_POC_14 | 启动 3WD 流水线...
2026-07-27 12:39:49 | INFO     | 📢 [总进度] 4/61 份试卷已归档。
2026-07-27 12:39:59 | INFO     | ✅ [批改完成] ANS_POC_13 | 路由: BND | 最终分: 4.2 | 风险: P0.00/U0.05/F0.00/H0/L0 | 提取质量: 🟢high | 留白率: 0% | 低质量率: 0%
2026-07-27 12:39:59 | INFO     | 
🔍 [正在处理] ANS_POC_15 | 启动 3WD 流水线...
2026-07-27 12:39:59 | INFO     | 📢 [总进度] 5/61 份试卷已归档。
2026-07-27 12:40:08 | INFO     | ✅ [批改完成] ANS_POC_14 | 路由: POS | 最终分: 5.0 | 风险: P0.00/U0.00/F0.00/H0/L0 | 提取质量: 🟢high | 留白率: 0% | 低质量率: 0%
2026-07-27 12:40:08 | INFO     | 
🔍 [正在处理] ANS_POC_16 | 启动 3WD 流水线...
2026-07-27 12:40:08 | INFO     | 📢 [总进度] 6/61 份试卷已归档。
2026-07-27 12:40:18 | INFO     | ✅ [批改完成] ANS_POC_15 | 路由: POS | 最终分: 5.0 | 风险: P0.00/U0.00/F0.00/H0/L0 | 提取质量: 🟢high | 留白率: 0% | 低质量率: 0%
2026-07-27 12:40:18 | INFO     | 
🔍 [正在处理] ANS_POC_17 | 启动 3WD 流水线...
2026-07-27 12:40:18 | INFO     | 📢 [总进度] 7/61 份试卷已归档。
2026-07-27 12:40:35 | INFO     | ✅ [批改完成] ANS_POC_17 | 路由: POS | 最终分: 5.0 | 风险: P0.00/U0.00/F0.00/H0/L0 | 提取质量: 🟢high | 留白率: 0% | 低质量率: 0%
2026-07-27 12:40:35 | INFO     | 
🔍 [正在处理] ANS_POC_18 | 启动 3WD 流水线...
2026-07-27 12:40:35 | INFO     | 📢 [总进度] 8/61 份试卷已归档。
2026-07-27 12:40:36 | INFO     | ✅ [批改完成] ANS_POC_16 | 路由: BND | 最终分: 3.2 | 风险: P0.07/U0.12/F0.20/H0/L0 | 提取质量: 🟢high | 留白率: 0% | 低质量率: 0%
2026-07-27 12:40:36 | INFO     | 
🔍 [正在处理] ANS_POC_19 | 启动 3WD 流水线...
2026-07-27 12:40:36 | INFO     | 📢 [总进度] 9/61 份试卷已归档。
2026-07-27 12:40:54 | INFO     | ✅ [批改完成] ANS_POC_19 | 路由: POS | 最终分: 5.0 | 风险: P0.00/U0.00/F0.00/H0/L0 | 提取质量: 🟢high | 留白率: 0% | 低质量率: 0%
2026-07-27 12:40:54 | INFO     | 
🔍 [正在处理] ANS_POC_2 | 启动 3WD 流水线...
2026-07-27 12:40:54 | INFO     | 📢 [总进度] 10/61 份试卷已归档。
2026-07-27 12:40:59 | INFO     | ✅ [批改完成] ANS_POC_18 | 路由: BND | 最终分: 1.0 | 风险: P0.28/U0.00/F0.60/H0/L1 | 提取质量: 🟢high | 留白率: 25% | 低质量率: 0%
2026-07-27 12:40:59 | INFO     | 
🔍 [正在处理] ANS_POC_20 | 启动 3WD 流水线...
2026-07-27 12:40:59 | INFO     | 📢 [总进度] 11/61 份试卷已归档。
2026-07-27 12:41:15 | INFO     | ✅ [批改完成] ANS_POC_2 | 路由: BND | 最终分: 0 | 风险: P0.40/U0.00/F0.60/H0/L0 | 提取质量: 🟡low | 留白率: 50% | 低质量率: 0%
2026-07-27 12:41:15 | INFO     | 
🔍 [正在处理] ANS_POC_21 | 启动 3WD 流水线...
2026-07-27 12:41:15 | INFO     | 📢 [总进度] 12/61 份试卷已归档。
2026-07-27 12:41:17 | INFO     | ✅ [批改完成] ANS_POC_20 | 路由: POS | 最终分: 4.8 | 风险: P0.00/U0.05/F0.00/H0/L0 | 提取质量: 🟢high | 留白率: 0% | 低质量率: 0%
2026-07-27 12:41:17 | INFO     | 
🔍 [正在处理] ANS_POC_22 | 启动 3WD 流水线...
2026-07-27 12:41:17 | INFO     | 📢 [总进度] 13/61 份试卷已归档。
2026-07-27 12:41:33 | INFO     | ✅ [批改完成] ANS_POC_21 | 路由: POS | 最终分: 5.0 | 风险: P0.00/U0.00/F0.00/H0/L0 | 提取质量: 🟢high | 留白率: 0% | 低质量率: 0%
2026-07-27 12:41:33 | INFO     | 
🔍 [正在处理] ANS_POC_23 | 启动 3WD 流水线...
2026-07-27 12:41:33 | INFO     | 📢 [总进度] 14/61 份试卷已归档。
2026-07-27 12:41:35 | INFO     | ✅ [批改完成] ANS_POC_22 | 路由: POS | 最终分: 4.5 | 风险: P0.07/U0.00/F0.00/H0/L0 | 提取质量: 🟢high | 留白率: 0% | 低质量率: 0%
2026-07-27 12:41:35 | INFO     | 
🔍 [正在处理] ANS_POC_24 | 启动 3WD 流水线...
2026-07-27 12:41:35 | INFO     | 📢 [总进度] 15/61 份试卷已归档。
2026-07-27 12:41:51 | INFO     | ✅ [批改完成] ANS_POC_24 | 路由: POS | 最终分: 5.0 | 风险: P0.00/U0.00/F0.00/H0/L0 | 提取质量: 🟢high | 留白率: 0% | 低质量率: 0%
2026-07-27 12:41:51 | INFO     | 
🔍 [正在处理] ANS_POC_25 | 启动 3WD 流水线...
2026-07-27 12:41:51 | INFO     | 📢 [总进度] 16/61 份试卷已归档。
2026-07-27 12:41:57 | INFO     | ✅ [批改完成] ANS_POC_23 | 路由: BND | 最终分: 3.5 | 风险: P0.07/U0.14/F0.20/H0/L0 | 提取质量: 🟢high | 留白率: 0% | 低质量率: 0%
2026-07-27 12:41:57 | INFO     | 
🔍 [正在处理] ANS_POC_26 | 启动 3WD 流水线...
2026-07-27 12:41:57 | INFO     | 📢 [总进度] 17/61 份试卷已归档。
2026-07-27 12:42:14 | INFO     | ✅ [批改完成] ANS_POC_25 | 路由: BND | 最终分: 2.8 | 风险: P0.07/U0.05/F0.00/H0/L1 | 提取质量: 🟢high | 留白率: 0% | 低质量率: 0%
2026-07-27 12:42:14 | INFO     | 
🔍 [正在处理] ANS_POC_27 | 启动 3WD 流水线...
2026-07-27 12:42:14 | INFO     | 📢 [总进度] 18/61 份试卷已归档。
2026-07-27 12:42:23 | INFO     | ✅ [批改完成] ANS_POC_26 | 路由: BND | 最终分: 3.7 | 风险: P0.00/U0.05/F0.00/H0/L0 | 提取质量: 🟢high | 留白率: 0% | 低质量率: 0%
2026-07-27 12:42:23 | INFO     | 
🔍 [正在处理] ANS_POC_28 | 启动 3WD 流水线...
2026-07-27 12:42:23 | INFO     | 📢 [总进度] 19/61 份试卷已归档。
2026-07-27 12:42:36 | INFO     | ✅ [批改完成] ANS_POC_27 | 路由: POS | 最终分: 5.0 | 风险: P0.00/U0.00/F0.00/H0/L0 | 提取质量: 🟢high | 留白率: 0% | 低质量率: 0%
2026-07-27 12:42:36 | INFO     | 
🔍 [正在处理] ANS_POC_29 | 启动 3WD 流水线...
2026-07-27 12:42:36 | INFO     | 📢 [总进度] 20/61 份试卷已归档。
2026-07-27 12:42:44 | INFO     | ✅ [批改完成] ANS_POC_28 | 路由: POS | 最终分: 4.7 | 风险: P0.00/U0.05/F0.00/H0/L0 | 提取质量: 🟢high | 留白率: 0% | 低质量率: 0%
2026-07-27 12:42:44 | INFO     | 
🔍 [正在处理] ANS_POC_3 | 启动 3WD 流水线...
2026-07-27 12:42:44 | INFO     | 📢 [总进度] 21/61 份试卷已归档。
2026-07-27 12:43:01 | INFO     | ✅ [批改完成] ANS_POC_3 | 路由: POS | 最终分: 5.0 | 风险: P0.00/U0.00/F0.00/H0/L0 | 提取质量: 🟢high | 留白率: 0% | 低质量率: 0%
2026-07-27 12:43:01 | INFO     | 
🔍 [正在处理] ANS_POC_30 | 启动 3WD 流水线...
2026-07-27 12:43:01 | INFO     | 📢 [总进度] 22/61 份试卷已归档。
2026-07-27 12:43:03 | INFO     | ✅ [批改完成] ANS_POC_29 | 路由: BND | 最终分: 4.2 | 风险: P0.00/U0.05/F0.00/H0/L0 | 提取质量: 🟢high | 留白率: 0% | 低质量率: 0%
2026-07-27 12:43:03 | INFO     | 
🔍 [正在处理] ANS_POC_31 | 启动 3WD 流水线...
2026-07-27 12:43:03 | INFO     | 📢 [总进度] 23/61 份试卷已归档。
2026-07-27 12:43:21 | INFO     | ✅ [批改完成] ANS_POC_30 | 路由: POS | 最终分: 5.0 | 风险: P0.00/U0.00/F0.00/H0/L0 | 提取质量: 🟢high | 留白率: 0% | 低质量率: 0%
2026-07-27 12:43:21 | INFO     | 
🔍 [正在处理] ANS_POC_32 | 启动 3WD 流水线...
2026-07-27 12:43:21 | INFO     | 📢 [总进度] 24/61 份试卷已归档。
2026-07-27 12:43:22 | INFO     | ✅ [批改完成] ANS_POC_31 | 路由: POS | 最终分: 5.0 | 风险: P0.00/U0.00/F0.00/H0/L0 | 提取质量: 🟢high | 留白率: 0% | 低质量率: 0%
2026-07-27 12:43:22 | INFO     | 
🔍 [正在处理] ANS_POC_33 | 启动 3WD 流水线...
2026-07-27 12:43:22 | INFO     | 📢 [总进度] 25/61 份试卷已归档。
2026-07-27 12:43:41 | INFO     | ✅ [批改完成] ANS_POC_33 | 路由: POS | 最终分: 5.0 | 风险: P0.00/U0.00/F0.00/H0/L0 | 提取质量: 🟢high | 留白率: 0% | 低质量率: 0%
2026-07-27 12:43:41 | INFO     | 
🔍 [正在处理] ANS_POC_34 | 启动 3WD 流水线...
2026-07-27 12:43:41 | INFO     | 📢 [总进度] 26/61 份试卷已归档。
2026-07-27 12:43:48 | INFO     | ✅ [批改完成] ANS_POC_32 | 路由: BND | 最终分: 2.7 | 风险: P0.07/U0.17/F0.20/H0/L1 | 提取质量: 🟢high | 留白率: 0% | 低质量率: 0%
2026-07-27 12:43:48 | INFO     | 
🔍 [正在处理] ANS_POC_35 | 启动 3WD 流水线...
2026-07-27 12:43:48 | INFO     | 📢 [总进度] 27/61 份试卷已归档。
2026-07-27 12:44:00 | INFO     | ✅ [批改完成] ANS_POC_34 | 路由: POS | 最终分: 5.0 | 风险: P0.00/U0.00/F0.00/H0/L0 | 提取质量: 🟢high | 留白率: 0% | 低质量率: 0%
2026-07-27 12:44:00 | INFO     | 
🔍 [正在处理] ANS_POC_36 | 启动 3WD 流水线...
2026-07-27 12:44:00 | INFO     | 📢 [总进度] 28/61 份试卷已归档。
2026-07-27 12:44:07 | INFO     | ✅ [批改完成] ANS_POC_35 | 路由: POS | 最终分: 5.0 | 风险: P0.00/U0.00/F0.00/H0/L0 | 提取质量: 🟢high | 留白率: 0% | 低质量率: 0%
2026-07-27 12:44:07 | INFO     | 
🔍 [正在处理] ANS_POC_37 | 启动 3WD 流水线...
2026-07-27 12:44:07 | INFO     | 📢 [总进度] 29/61 份试卷已归档。
2026-07-27 12:44:20 | INFO     | ✅ [批改完成] ANS_POC_36 | 路由: POS | 最终分: 4.0 | 风险: P0.00/U0.00/F0.00/H0/L0 | 提取质量: 🟢high | 留白率: 0% | 低质量率: 0%
2026-07-27 12:44:20 | INFO     | 
🔍 [正在处理] ANS_POC_38 | 启动 3WD 流水线...
2026-07-27 12:44:20 | INFO     | 📢 [总进度] 30/61 份试卷已归档。
2026-07-27 12:44:37 | INFO     | ✅ [批改完成] ANS_POC_37 | 路由: BND | 最终分: 2.0 | 风险: P0.00/U0.22/F0.20/H0/L1 | 提取质量: 🟢high | 留白率: 0% | 低质量率: 0%
2026-07-27 12:44:37 | INFO     | 
🔍 [正在处理] ANS_POC_39 | 启动 3WD 流水线...
2026-07-27 12:44:37 | INFO     | 📢 [总进度] 31/61 份试卷已归档。
2026-07-27 12:44:39 | INFO     | ✅ [批改完成] ANS_POC_38 | 路由: POS | 最终分: 5.0 | 风险: P0.00/U0.00/F0.00/H0/L0 | 提取质量: 🟢high | 留白率: 0% | 低质量率: 0%
2026-07-27 12:44:39 | INFO     | 
🔍 [正在处理] ANS_POC_4 | 启动 3WD 流水线...
2026-07-27 12:44:39 | INFO     | 📢 [总进度] 32/61 份试卷已归档。
2026-07-27 12:44:54 | INFO     | ✅ [批改完成] ANS_POC_39 | 路由: POS | 最终分: 5.0 | 风险: P0.00/U0.00/F0.00/H0/L0 | 提取质量: 🟢high | 留白率: 0% | 低质量率: 0%
2026-07-27 12:44:54 | INFO     | 
🔍 [正在处理] ANS_POC_40 | 启动 3WD 流水线...
2026-07-27 12:44:54 | INFO     | 📢 [总进度] 33/61 份试卷已归档。
2026-07-27 12:45:00 | INFO     | ✅ [批改完成] ANS_POC_4 | 路由: POS | 最终分: 5.0 | 风险: P0.00/U0.00/F0.00/H0/L0 | 提取质量: 🟢high | 留白率: 0% | 低质量率: 0%
2026-07-27 12:45:00 | INFO     | 
🔍 [正在处理] ANS_POC_41 | 启动 3WD 流水线...
2026-07-27 12:45:00 | INFO     | 📢 [总进度] 34/61 份试卷已归档。
2026-07-27 12:45:13 | INFO     | ✅ [批改完成] ANS_POC_40 | 路由: POS | 最终分: 4.8 | 风险: P0.00/U0.05/F0.00/H0/L0 | 提取质量: 🟢high | 留白率: 0% | 低质量率: 0%
2026-07-27 12:45:13 | INFO     | 
🔍 [正在处理] ANS_POC_42 | 启动 3WD 流水线...
2026-07-27 12:45:13 | INFO     | 📢 [总进度] 35/61 份试卷已归档。
2026-07-27 12:45:27 | INFO     | ✅ [批改完成] ANS_POC_41 | 路由: BND | 最终分: 3.2 | 风险: P0.07/U0.05/F0.20/H0/L1 | 提取质量: 🟢high | 留白率: 0% | 低质量率: 0%
2026-07-27 12:45:27 | INFO     | 
🔍 [正在处理] ANS_POC_43 | 启动 3WD 流水线...
2026-07-27 12:45:27 | INFO     | 📢 [总进度] 36/61 份试卷已归档。
2026-07-27 12:45:30 | INFO     | ✅ [批改完成] ANS_POC_42 | 路由: POS | 最终分: 5.0 | 风险: P0.00/U0.00/F0.00/H0/L0 | 提取质量: 🟢high | 留白率: 0% | 低质量率: 0%
2026-07-27 12:45:30 | INFO     | 
🔍 [正在处理] ANS_POC_44 | 启动 3WD 流水线...
2026-07-27 12:45:30 | INFO     | 📢 [总进度] 37/61 份试卷已归档。
2026-07-27 12:45:42 | INFO     | ✅ [批改完成] ANS_POC_43 | 路由: POS | 最终分: 5.0 | 风险: P0.00/U0.00/F0.00/H0/L0 | 提取质量: 🟢high | 留白率: 0% | 低质量率: 0%
2026-07-27 12:45:42 | INFO     | 
🔍 [正在处理] ANS_POC_45 | 启动 3WD 流水线...
2026-07-27 12:45:42 | INFO     | 📢 [总进度] 38/61 份试卷已归档。
2026-07-27 12:45:51 | INFO     | ✅ [批改完成] ANS_POC_44 | 路由: POS | 最终分: 0.5 | 风险: P0.20/U0.00/F0.60/H0/L1 | 提取质量: 🟢high | 留白率: 25% | 低质量率: 0%
2026-07-27 12:45:51 | INFO     | 
🔍 [正在处理] ANS_POC_46 | 启动 3WD 流水线...
2026-07-27 12:45:51 | INFO     | 📢 [总进度] 39/61 份试卷已归档。
2026-07-27 12:46:01 | INFO     | ✅ [批改完成] ANS_POC_45 | 路由: POS | 最终分: 5.0 | 风险: P0.00/U0.00/F0.00/H0/L0 | 提取质量: 🟢high | 留白率: 0% | 低质量率: 0%
2026-07-27 12:46:01 | INFO     | 
🔍 [正在处理] ANS_POC_47 | 启动 3WD 流水线...
2026-07-27 12:46:01 | INFO     | 📢 [总进度] 40/61 份试卷已归档。
2026-07-27 12:46:12 | INFO     | ✅ [批改完成] ANS_POC_46 | 路由: POS | 最终分: 5.0 | 风险: P0.00/U0.00/F0.00/H0/L0 | 提取质量: 🟢high | 留白率: 0% | 低质量率: 0%
2026-07-27 12:46:12 | INFO     | 
🔍 [正在处理] ANS_POC_48 | 启动 3WD 流水线...
2026-07-27 12:46:12 | INFO     | 📢 [总进度] 41/61 份试卷已归档。
2026-07-27 12:46:21 | INFO     | ✅ [批改完成] ANS_POC_47 | 路由: POS | 最终分: 4.0 | 风险: P0.00/U0.00/F0.00/H0/L0 | 提取质量: 🟢high | 留白率: 0% | 低质量率: 0%
2026-07-27 12:46:21 | INFO     | 
🔍 [正在处理] ANS_POC_49 | 启动 3WD 流水线...
2026-07-27 12:46:21 | INFO     | 📢 [总进度] 42/61 份试卷已归档。
2026-07-27 12:46:35 | INFO     | ✅ [批改完成] ANS_POC_48 | 路由: POS | 最终分: 5.0 | 风险: P0.00/U0.00/F0.00/H0/L0 | 提取质量: 🟢high | 留白率: 0% | 低质量率: 0%
2026-07-27 12:46:35 | INFO     | 
🔍 [正在处理] ANS_POC_5 | 启动 3WD 流水线...
2026-07-27 12:46:35 | INFO     | 📢 [总进度] 43/61 份试卷已归档。
2026-07-27 12:46:42 | INFO     | ✅ [批改完成] ANS_POC_49 | 路由: POS | 最终分: 5.0 | 风险: P0.00/U0.00/F0.00/H0/L0 | 提取质量: 🟢high | 留白率: 0% | 低质量率: 0%
2026-07-27 12:46:42 | INFO     | 
🔍 [正在处理] ANS_POC_50 | 启动 3WD 流水线...
2026-07-27 12:46:42 | INFO     | 📢 [总进度] 44/61 份试卷已归档。
2026-07-27 12:47:02 | INFO     | ✅ [批改完成] ANS_POC_5 | 路由: BND | 最终分: 3.8 | 风险: P0.00/U0.05/F0.20/H0/L0 | 提取质量: 🟢high | 留白率: 0% | 低质量率: 0%
2026-07-27 12:47:02 | INFO     | 
🔍 [正在处理] ANS_POC_51 | 启动 3WD 流水线...
2026-07-27 12:47:02 | INFO     | 📢 [总进度] 45/61 份试卷已归档。
2026-07-27 12:47:04 | INFO     | ✅ [批改完成] ANS_POC_50 | 路由: BND | 最终分: 0 | 风险: P0.40/U0.00/F0.60/H0/L0 | 提取质量: 🟡low | 留白率: 50% | 低质量率: 0%
2026-07-27 12:47:04 | INFO     | 
🔍 [正在处理] ANS_POC_52 | 启动 3WD 流水线...
2026-07-27 12:47:04 | INFO     | 📢 [总进度] 46/61 份试卷已归档。
2026-07-27 12:47:31 | INFO     | ✅ [批改完成] ANS_POC_52 | 路由: BND | 最终分: 3.3 | 风险: P0.07/U0.29/F0.00/H0/L0 | 提取质量: 🟢high | 留白率: 0% | 低质量率: 0%
2026-07-27 12:47:31 | INFO     | 
🔍 [正在处理] ANS_POC_53 | 启动 3WD 流水线...
2026-07-27 12:47:31 | INFO     | 📢 [总进度] 47/61 份试卷已归档。
2026-07-27 12:47:33 | INFO     | ✅ [批改完成] ANS_POC_51 | 路由: BND | 最终分: 4.7 | 风险: P0.00/U0.05/F0.00/H0/L0 | 提取质量: 🟢high | 留白率: 0% | 低质量率: 0%
2026-07-27 12:47:33 | INFO     | 
🔍 [正在处理] ANS_POC_54 | 启动 3WD 流水线...
2026-07-27 12:47:33 | INFO     | 📢 [总进度] 48/61 份试卷已归档。
2026-07-27 12:47:55 | INFO     | ✅ [批改完成] ANS_POC_54 | 路由: POS | 最终分: 5.0 | 风险: P0.00/U0.00/F0.00/H0/L0 | 提取质量: 🟢high | 留白率: 0% | 低质量率: 0%
2026-07-27 12:47:55 | INFO     | 
🔍 [正在处理] ANS_POC_55 | 启动 3WD 流水线...
2026-07-27 12:47:55 | INFO     | 📢 [总进度] 49/61 份试卷已归档。
2026-07-27 12:47:58 | INFO     | ✅ [批改完成] ANS_POC_53 | 路由: BND | 最终分: 3.7 | 风险: P0.00/U0.09/F0.00/H0/L0 | 提取质量: 🟢high | 留白率: 0% | 低质量率: 0%
2026-07-27 12:47:58 | INFO     | 
🔍 [正在处理] ANS_POC_56 | 启动 3WD 流水线...
2026-07-27 12:47:58 | INFO     | 📢 [总进度] 50/61 份试卷已归档。
2026-07-27 12:48:13 | INFO     | ✅ [批改完成] ANS_POC_55 | 路由: POS | 最终分: 4.5 | 风险: P0.00/U0.00/F0.00/H0/L0 | 提取质量: 🟢high | 留白率: 0% | 低质量率: 0%
2026-07-27 12:48:13 | INFO     | 
🔍 [正在处理] ANS_POC_57 | 启动 3WD 流水线...
2026-07-27 12:48:13 | INFO     | 📢 [总进度] 51/61 份试卷已归档。
2026-07-27 12:48:18 | INFO     | ✅ [批改完成] ANS_POC_56 | 路由: POS | 最终分: 5.0 | 风险: P0.00/U0.00/F0.00/H0/L0 | 提取质量: 🟢high | 留白率: 0% | 低质量率: 0%
2026-07-27 12:48:18 | INFO     | 
🔍 [正在处理] ANS_POC_58 | 启动 3WD 流水线...
2026-07-27 12:48:18 | INFO     | 📢 [总进度] 52/61 份试卷已归档。
2026-07-27 12:48:37 | INFO     | ✅ [批改完成] ANS_POC_57 | 路由: POS | 最终分: 4.8 | 风险: P0.00/U0.05/F0.00/H0/L0 | 提取质量: 🟢high | 留白率: 0% | 低质量率: 0%
2026-07-27 12:48:37 | INFO     | 
🔍 [正在处理] ANS_POC_59 | 启动 3WD 流水线...
2026-07-27 12:48:37 | INFO     | 📢 [总进度] 53/61 份试卷已归档。
2026-07-27 12:48:45 | INFO     | ✅ [批改完成] ANS_POC_58 | 路由: BND | 最终分: 0.3 | 风险: P0.40/U0.09/F0.60/H0/L0 | 提取质量: 🟡low | 留白率: 50% | 低质量率: 0%
2026-07-27 12:48:45 | INFO     | 
🔍 [正在处理] ANS_POC_6 | 启动 3WD 流水线...
2026-07-27 12:48:45 | INFO     | 📢 [总进度] 54/61 份试卷已归档。
2026-07-27 12:48:58 | INFO     | ✅ [批改完成] ANS_POC_59 | 路由: POS | 最终分: 5.0 | 风险: P0.00/U0.00/F0.00/H0/L0 | 提取质量: 🟢high | 留白率: 0% | 低质量率: 0%
2026-07-27 12:48:58 | INFO     | 
🔍 [正在处理] ANS_POC_60 | 启动 3WD 流水线...
2026-07-27 12:48:58 | INFO     | 📢 [总进度] 55/61 份试卷已归档。
2026-07-27 12:49:13 | INFO     | ✅ [批改完成] ANS_POC_6 | 路由: POS | 最终分: 5.0 | 风险: P0.00/U0.00/F0.00/H0/L0 | 提取质量: 🟢high | 留白率: 0% | 低质量率: 0%
2026-07-27 12:49:13 | INFO     | 
🔍 [正在处理] ANS_POC_61 | 启动 3WD 流水线...
2026-07-27 12:49:13 | INFO     | 📢 [总进度] 56/61 份试卷已归档。
2026-07-27 12:49:29 | INFO     | ✅ [批改完成] ANS_POC_61 | 路由: POS | 最终分: 5.0 | 风险: P0.00/U0.00/F0.00/H0/L0 | 提取质量: 🟢high | 留白率: 0% | 低质量率: 0%
2026-07-27 12:49:29 | INFO     | 
🔍 [正在处理] ANS_POC_7 | 启动 3WD 流水线...
2026-07-27 12:49:29 | INFO     | 📢 [总进度] 57/61 份试卷已归档。
2026-07-27 12:49:30 | INFO     | ✅ [批改完成] ANS_POC_60 | 路由: BND | 最终分: 3.5 | 风险: P0.00/U0.08/F0.00/H0/L0 | 提取质量: 🟢high | 留白率: 0% | 低质量率: 0%
2026-07-27 12:49:30 | INFO     | 
🔍 [正在处理] ANS_POC_8 | 启动 3WD 流水线...
2026-07-27 12:49:30 | INFO     | 📢 [总进度] 58/61 份试卷已归档。
2026-07-27 12:49:49 | INFO     | ✅ [批改完成] ANS_POC_8 | 路由: POS | 最终分: 5.0 | 风险: P0.00/U0.00/F0.00/H0/L0 | 提取质量: 🟢high | 留白率: 0% | 低质量率: 0%
2026-07-27 12:49:49 | INFO     | 
🔍 [正在处理] ANS_POC_9 | 启动 3WD 流水线...
2026-07-27 12:49:49 | INFO     | 📢 [总进度] 59/61 份试卷已归档。
2026-07-27 12:49:49 | INFO     | ✅ [批改完成] ANS_POC_7 | 路由: POS | 最终分: 5.0 | 风险: P0.00/U0.00/F0.00/H0/L0 | 提取质量: 🟢high | 留白率: 0% | 低质量率: 0%
2026-07-27 12:49:49 | INFO     | 📢 [总进度] 60/61 份试卷已归档。
2026-07-27 12:50:12 | INFO     | ✅ [批改完成] ANS_POC_9 | 路由: BND | 最终分: 3.3 | 风险: P0.00/U0.05/F0.20/H0/L0 | 提取质量: 🟢high | 留白率: 0% | 低质量率: 0%
2026-07-27 12:50:12 | INFO     | 📢 [总进度] 61/61 份试卷已归档。
2026-07-27 12:50:12 | INFO     | 🗂️ 所有线程交卷完毕，正在整理数据... (共收集 61/61 份结果)
2026-07-27 12:50:12 | INFO     | 💾 正常批改结果已保存: D:\users\王鑫020420\Desktop\refgrader-main\results_runs\csbench_poc1_poc2_poc3_poc4_poc5_poc6_all\runs\teacher_audit_poc_1_6_20260725_192008\POC_2_graded_results.json (61 人)
2026-07-27 12:50:12 | INFO     | ✅ 无拒绝域案例。
2026-07-27 12:50:12 | INFO     | [result consistency] POC_2: checkpoint=61, graded=61, rejected=0, failed=0, expected=61
2026-07-27 12:50:12 | INFO     | 
🚀 [标准模式] 开始处理: POC_3
2026-07-27 12:50:12 | INFO     | ⚡ 已加载本地标准: D:\users\王鑫020420\Desktop\refgrader-main\data\csbench\rubrics\optimized\POC\POC_3_rubric_standard.json
2026-07-27 12:50:18 | INFO     | ⚡ 脱敏清单已预生成，57 名学生共享复用。
2026-07-27 12:50:18 | INFO     | 🏃 开始批改 57 张试卷 (⚡ 开启多线程模式)...
2026-07-27 12:50:18 | INFO     | 
🔍 [正在处理] ANS_POC_236 | 启动 3WD 流水线...
2026-07-27 12:50:18 | INFO     | 
🔍 [正在处理] ANS_POC_237 | 启动 3WD 流水线...
2026-07-27 12:50:18 | INFO     | ⏳ [主线程] 已提交 57 个任务，等待结果回收...
2026-07-27 12:50:39 | INFO     | ✅ [批改完成] ANS_POC_237 | 路由: BND | 最终分: 0.5 | 风险: P0.00/U0.08/F0.60/H0/L1 | 提取质量: 🟢high | 留白率: 0% | 低质量率: 0%
2026-07-27 12:50:39 | INFO     | 
🔍 [正在处理] ANS_POC_238 | 启动 3WD 流水线...
2026-07-27 12:50:39 | INFO     | 📢 [总进度] 1/57 份试卷已归档。
2026-07-27 12:50:43 | INFO     | ✅ [批改完成] ANS_POC_236 | 路由: BND | 最终分: 2.0 | 风险: P0.00/U0.28/F0.60/H0/L1 | 提取质量: 🟢high | 留白率: 0% | 低质量率: 0%
2026-07-27 12:50:43 | INFO     | 
🔍 [正在处理] ANS_POC_239 | 启动 3WD 流水线...
2026-07-27 12:50:43 | INFO     | 📢 [总进度] 2/57 份试卷已归档。
2026-07-27 12:51:02 | INFO     | ✅ [批改完成] ANS_POC_239 | 路由: BND | 最终分: 5.0 | 风险: P0.00/U0.09/F0.00/H0/L0 | 提取质量: 🟢high | 留白率: 0% | 低质量率: 0%
2026-07-27 12:51:02 | INFO     | 
🔍 [正在处理] ANS_POC_240 | 启动 3WD 流水线...
2026-07-27 12:51:02 | INFO     | 📢 [总进度] 3/57 份试卷已归档。
2026-07-27 12:51:06 | INFO     | ✅ [批改完成] ANS_POC_238 | 路由: BND | 最终分: 3.3 | 风险: P0.00/U0.34/F0.40/H0/L1 | 提取质量: 🟢high | 留白率: 0% | 低质量率: 0%
2026-07-27 12:51:06 | INFO     | 
🔍 [正在处理] ANS_POC_241 | 启动 3WD 流水线...
2026-07-27 12:51:06 | INFO     | 📢 [总进度] 4/57 份试卷已归档。
2026-07-27 12:51:17 | INFO     | ✅ [批改完成] ANS_POC_240 | 路由: POS | 最终分: 5.0 | 风险: P0.00/U0.00/F0.00/H0/L0 | 提取质量: 🟢high | 留白率: 0% | 低质量率: 0%
2026-07-27 12:51:17 | INFO     | 
🔍 [正在处理] ANS_POC_242 | 启动 3WD 流水线...
2026-07-27 12:51:17 | INFO     | 📢 [总进度] 5/57 份试卷已归档。
2026-07-27 12:51:26 | INFO     | ✅ [批改完成] ANS_POC_241 | 路由: BND | 最终分: 4.5 | 风险: P0.00/U0.08/F0.00/H0/L0 | 提取质量: 🟢high | 留白率: 0% | 低质量率: 0%
2026-07-27 12:51:26 | INFO     | 
🔍 [正在处理] ANS_POC_243 | 启动 3WD 流水线...
2026-07-27 12:51:26 | INFO     | 📢 [总进度] 6/57 份试卷已归档。
2026-07-27 12:51:33 | INFO     | ✅ [批改完成] ANS_POC_242 | 路由: POS | 最终分: 3.0 | 风险: P0.00/U0.00/F0.40/H0/L1 | 提取质量: 🟢high | 留白率: 0% | 低质量率: 0%
2026-07-27 12:51:33 | INFO     | 
🔍 [正在处理] ANS_POC_244 | 启动 3WD 流水线...
2026-07-27 12:51:33 | INFO     | 📢 [总进度] 7/57 份试卷已归档。
2026-07-27 12:51:49 | INFO     | ✅ [批改完成] ANS_POC_243 | 路由: BND | 最终分: 1.7 | 风险: P0.00/U0.09/F0.60/H0/L1 | 提取质量: 🟢high | 留白率: 0% | 低质量率: 0%
2026-07-27 12:51:49 | INFO     | 
🔍 [正在处理] ANS_POC_245 | 启动 3WD 流水线...
2026-07-27 12:51:49 | INFO     | 📢 [总进度] 8/57 份试卷已归档。
2026-07-27 12:51:58 | INFO     | ✅ [批改完成] ANS_POC_244 | 路由: BND | 最终分: 4.0 | 风险: P0.00/U0.16/F0.40/H0/L0 | 提取质量: 🟢high | 留白率: 0% | 低质量率: 0%
2026-07-27 12:51:58 | INFO     | 
🔍 [正在处理] ANS_POC_246 | 启动 3WD 流水线...
2026-07-27 12:51:58 | INFO     | 📢 [总进度] 9/57 份试卷已归档。
2026-07-27 12:52:10 | INFO     | ✅ [批改完成] ANS_POC_245 | 路由: BND | 最终分: 3.5 | 风险: P0.00/U0.08/F0.00/H0/L0 | 提取质量: 🟢high | 留白率: 0% | 低质量率: 0%
2026-07-27 12:52:10 | INFO     | 
🔍 [正在处理] ANS_POC_247 | 启动 3WD 流水线...
2026-07-27 12:52:10 | INFO     | 📢 [总进度] 10/57 份试卷已归档。
2026-07-27 12:52:13 | INFO     | ✅ [批改完成] ANS_POC_246 | 路由: POS | 最终分: 4.0 | 风险: P0.00/U0.00/F0.00/H0/L0 | 提取质量: 🟢high | 留白率: 0% | 低质量率: 0%
2026-07-27 12:52:13 | INFO     | 
🔍 [正在处理] ANS_POC_248 | 启动 3WD 流水线...
2026-07-27 12:52:13 | INFO     | 📢 [总进度] 11/57 份试卷已归档。
2026-07-27 12:52:27 | INFO     | ✅ [批改完成] ANS_POC_247 | 路由: POS | 最终分: 5.0 | 风险: P0.00/U0.00/F0.00/H0/L0 | 提取质量: 🟢high | 留白率: 0% | 低质量率: 0%
2026-07-27 12:52:27 | INFO     | 
🔍 [正在处理] ANS_POC_249 | 启动 3WD 流水线...
2026-07-27 12:52:27 | INFO     | 📢 [总进度] 12/57 份试卷已归档。
2026-07-27 12:52:31 | INFO     | ✅ [批改完成] ANS_POC_248 | 路由: POS | 最终分: 4.2 | 风险: P0.00/U0.05/F0.00/H0/L0 | 提取质量: 🟢high | 留白率: 0% | 低质量率: 0%
2026-07-27 12:52:31 | INFO     | 
🔍 [正在处理] ANS_POC_250 | 启动 3WD 流水线...
2026-07-27 12:52:31 | INFO     | 📢 [总进度] 13/57 份试卷已归档。
2026-07-27 12:52:48 | INFO     | ✅ [批改完成] ANS_POC_250 | 路由: POS | 最终分: 0 | 风险: P0.00/U0.00/F1.00/H0/L1 | 提取质量: 🟢high | 留白率: 0% | 低质量率: 0%
2026-07-27 12:52:49 | INFO     | 
🔍 [正在处理] ANS_POC_251 | 启动 3WD 流水线...
2026-07-27 12:52:49 | INFO     | 📢 [总进度] 14/57 份试卷已归档。
2026-07-27 12:52:54 | INFO     | ✅ [批改完成] ANS_POC_249 | 路由: BND | 最终分: 1.7 | 风险: P0.00/U0.34/F0.60/H0/L1 | 提取质量: 🟢high | 留白率: 0% | 低质量率: 0%
2026-07-27 12:52:54 | INFO     | 
🔍 [正在处理] ANS_POC_252 | 启动 3WD 流水线...
2026-07-27 12:52:54 | INFO     | 📢 [总进度] 15/57 份试卷已归档。
2026-07-27 12:53:04 | INFO     | ✅ [批改完成] ANS_POC_251 | 路由: POS | 最终分: 5.0 | 风险: P0.00/U0.00/F0.00/H0/L0 | 提取质量: 🟢high | 留白率: 0% | 低质量率: 0%
2026-07-27 12:53:04 | INFO     | 
🔍 [正在处理] ANS_POC_253 | 启动 3WD 流水线...
2026-07-27 12:53:04 | INFO     | 📢 [总进度] 16/57 份试卷已归档。
2026-07-27 12:53:10 | INFO     | ✅ [批改完成] ANS_POC_252 | 路由: POS | 最终分: 3.0 | 风险: P0.00/U0.00/F0.40/H0/L1 | 提取质量: 🟢high | 留白率: 0% | 低质量率: 0%
2026-07-27 12:53:10 | INFO     | 
🔍 [正在处理] ANS_POC_254 | 启动 3WD 流水线...
2026-07-27 12:53:10 | INFO     | 📢 [总进度] 17/57 份试卷已归档。
2026-07-27 12:53:20 | INFO     | ✅ [批改完成] ANS_POC_253 | 路由: POS | 最终分: 3.0 | 风险: P0.00/U0.00/F0.40/H0/L1 | 提取质量: 🟢high | 留白率: 0% | 低质量率: 0%
2026-07-27 12:53:20 | INFO     | 
🔍 [正在处理] ANS_POC_255 | 启动 3WD 流水线...
2026-07-27 12:53:20 | INFO     | 📢 [总进度] 18/57 份试卷已归档。
2026-07-27 12:53:33 | INFO     | ✅ [批改完成] ANS_POC_254 | 路由: BND | 最终分: 4.9 | 风险: P0.10/U0.14/F0.00/H0/L0 | 提取质量: 🟢high | 留白率: 0% | 低质量率: 0%
2026-07-27 12:53:33 | INFO     | 
🔍 [正在处理] ANS_POC_256 | 启动 3WD 流水线...
2026-07-27 12:53:33 | INFO     | 📢 [总进度] 19/57 份试卷已归档。
2026-07-27 12:53:37 | INFO     | ✅ [批改完成] ANS_POC_255 | 路由: POS | 最终分: 5.0 | 风险: P0.00/U0.00/F0.00/H0/L0 | 提取质量: 🟢high | 留白率: 0% | 低质量率: 0%
2026-07-27 12:53:37 | INFO     | 
🔍 [正在处理] ANS_POC_257 | 启动 3WD 流水线...
2026-07-27 12:53:37 | INFO     | 📢 [总进度] 20/57 份试卷已归档。
2026-07-27 12:53:47 | INFO     | ✅ [批改完成] ANS_POC_256 | 路由: POS | 最终分: 5.0 | 风险: P0.00/U0.00/F0.00/H0/L0 | 提取质量: 🟢high | 留白率: 0% | 低质量率: 0%
2026-07-27 12:53:47 | INFO     | 
🔍 [正在处理] ANS_POC_258 | 启动 3WD 流水线...
2026-07-27 12:53:47 | INFO     | 📢 [总进度] 21/57 份试卷已归档。
2026-07-27 12:53:52 | INFO     | ✅ [批改完成] ANS_POC_257 | 路由: POS | 最终分: 0 | 风险: P0.00/U0.00/F1.00/H0/L1 | 提取质量: 🟢high | 留白率: 0% | 低质量率: 0%
2026-07-27 12:53:52 | INFO     | 
🔍 [正在处理] ANS_POC_259 | 启动 3WD 流水线...
2026-07-27 12:53:52 | INFO     | 📢 [总进度] 22/57 份试卷已归档。
2026-07-27 12:54:05 | INFO     | ✅ [批改完成] ANS_POC_259 | 路由: POS | 最终分: 5.0 | 风险: P0.00/U0.00/F0.00/H0/L0 | 提取质量: 🟢high | 留白率: 0% | 低质量率: 0%
2026-07-27 12:54:05 | INFO     | 
🔍 [正在处理] ANS_POC_260 | 启动 3WD 流水线...
2026-07-27 12:54:05 | INFO     | 📢 [总进度] 23/57 份试卷已归档。
2026-07-27 12:54:13 | INFO     | ✅ [批改完成] ANS_POC_258 | 路由: BND | 最终分: 1.7 | 风险: P0.00/U0.09/F0.60/H0/L1 | 提取质量: 🟢high | 留白率: 0% | 低质量率: 0%
2026-07-27 12:54:13 | INFO     | 
🔍 [正在处理] ANS_POC_261 | 启动 3WD 流水线...
2026-07-27 12:54:13 | INFO     | 📢 [总进度] 24/57 份试卷已归档。
2026-07-27 12:54:29 | INFO     | ✅ [批改完成] ANS_POC_260 | 路由: BND | 最终分: 4.7 | 风险: P0.00/U0.09/F0.00/H0/L0 | 提取质量: 🟢high | 留白率: 0% | 低质量率: 0%
2026-07-27 12:54:29 | INFO     | 
🔍 [正在处理] ANS_POC_262 | 启动 3WD 流水线...
2026-07-27 12:54:29 | INFO     | 📢 [总进度] 25/57 份试卷已归档。
2026-07-27 12:54:36 | INFO     | ✅ [批改完成] ANS_POC_261 | 路由: BND | 最终分: 3.3 | 风险: P0.00/U0.09/F0.00/H0/L0 | 提取质量: 🟢high | 留白率: 0% | 低质量率: 0%
2026-07-27 12:54:36 | INFO     | 
🔍 [正在处理] ANS_POC_263 | 启动 3WD 流水线...
2026-07-27 12:54:36 | INFO     | 📢 [总进度] 26/57 份试卷已归档。
2026-07-27 12:54:45 | INFO     | ✅ [批改完成] ANS_POC_262 | 路由: POS | 最终分: 1.0 | 风险: P0.00/U0.00/F0.60/H0/L1 | 提取质量: 🟢high | 留白率: 0% | 低质量率: 0%
2026-07-27 12:54:45 | INFO     | 
🔍 [正在处理] ANS_POC_264 | 启动 3WD 流水线...
2026-07-27 12:54:45 | INFO     | 📢 [总进度] 27/57 份试卷已归档。
2026-07-27 12:55:06 | INFO     | ✅ [批改完成] ANS_POC_263 | 路由: BND | 最终分: 0.6 | 风险: P0.00/U0.31/F0.40/H0/L1 | 提取质量: 🟢high | 留白率: 0% | 低质量率: 0%
2026-07-27 12:55:06 | INFO     | 
🔍 [正在处理] ANS_POC_265 | 启动 3WD 流水线...
2026-07-27 12:55:06 | INFO     | 📢 [总进度] 28/57 份试卷已归档。
2026-07-27 12:55:09 | INFO     | ✅ [批改完成] ANS_POC_264 | 路由: BND | 最终分: 2.7 | 风险: P0.00/U0.19/F0.40/H0/L1 | 提取质量: 🟢high | 留白率: 0% | 低质量率: 0%
2026-07-27 12:55:09 | INFO     | 
🔍 [正在处理] ANS_POC_266 | 启动 3WD 流水线...
2026-07-27 12:55:09 | INFO     | 📢 [总进度] 29/57 份试卷已归档。
2026-07-27 12:55:24 | INFO     | ✅ [批改完成] ANS_POC_265 | 路由: POS | 最终分: 3.0 | 风险: P0.00/U0.00/F0.40/H0/L1 | 提取质量: 🟢high | 留白率: 0% | 低质量率: 0%
2026-07-27 12:55:24 | INFO     | 
🔍 [正在处理] ANS_POC_267 | 启动 3WD 流水线...
2026-07-27 12:55:24 | INFO     | 📢 [总进度] 30/57 份试卷已归档。
2026-07-27 12:55:25 | INFO     | ✅ [批改完成] ANS_POC_266 | 路由: POS | 最终分: 1.0 | 风险: P0.00/U0.00/F0.60/H0/L1 | 提取质量: 🟢high | 留白率: 0% | 低质量率: 0%
2026-07-27 12:55:25 | INFO     | 
🔍 [正在处理] ANS_POC_268 | 启动 3WD 流水线...
2026-07-27 12:55:25 | INFO     | 📢 [总进度] 31/57 份试卷已归档。
2026-07-27 12:55:41 | INFO     | ✅ [批改完成] ANS_POC_268 | 路由: POS | 最终分: 5.0 | 风险: P0.00/U0.00/F0.00/H0/L0 | 提取质量: 🟢high | 留白率: 0% | 低质量率: 0%
2026-07-27 12:55:41 | INFO     | 
🔍 [正在处理] ANS_POC_269 | 启动 3WD 流水线...
2026-07-27 12:55:41 | INFO     | 📢 [总进度] 32/57 份试卷已归档。
2026-07-27 12:55:51 | INFO     | ✅ [批改完成] ANS_POC_267 | 路由: BND | 最终分: 2.0 | 风险: P0.00/U0.28/F0.00/H0/L1 | 提取质量: 🟢high | 留白率: 0% | 低质量率: 0%
2026-07-27 12:55:51 | INFO     | 
🔍 [正在处理] ANS_POC_270 | 启动 3WD 流水线...
2026-07-27 12:55:51 | INFO     | 📢 [总进度] 33/57 份试卷已归档。
2026-07-27 12:56:05 | INFO     | ✅ [批改完成] ANS_POC_269 | 路由: BND | 最终分: 3.2 | 风险: P0.00/U0.05/F0.40/H0/L0 | 提取质量: 🟢high | 留白率: 0% | 低质量率: 0%
2026-07-27 12:56:05 | INFO     | 
🔍 [正在处理] ANS_POC_271 | 启动 3WD 流水线...
2026-07-27 12:56:05 | INFO     | 📢 [总进度] 34/57 份试卷已归档。
2026-07-27 12:56:16 | INFO     | ✅ [批改完成] ANS_POC_270 | 路由: BND | 最终分: 2.7 | 风险: P0.00/U0.34/F0.60/H0/L1 | 提取质量: 🟢high | 留白率: 0% | 低质量率: 0%
2026-07-27 12:56:16 | INFO     | 
🔍 [正在处理] ANS_POC_272 | 启动 3WD 流水线...
2026-07-27 12:56:16 | INFO     | 📢 [总进度] 35/57 份试卷已归档。
2026-07-27 12:56:18 | INFO     | ✅ [批改完成] ANS_POC_271 | 路由: POS | 最终分: 5.0 | 风险: P0.00/U0.00/F0.00/H0/L0 | 提取质量: 🟢high | 留白率: 0% | 低质量率: 0%
2026-07-27 12:56:18 | INFO     | 
🔍 [正在处理] ANS_POC_273 | 启动 3WD 流水线...
2026-07-27 12:56:18 | INFO     | 📢 [总进度] 36/57 份试卷已归档。
2026-07-27 12:56:37 | INFO     | ✅ [批改完成] ANS_POC_272 | 路由: BND | 最终分: 5.0 | 风险: P0.00/U0.08/F0.00/H0/L0 | 提取质量: 🟢high | 留白率: 0% | 低质量率: 0%
2026-07-27 12:56:37 | INFO     | 
🔍 [正在处理] ANS_POC_274 | 启动 3WD 流水线...
2026-07-27 12:56:37 | INFO     | 📢 [总进度] 37/57 份试卷已归档。
2026-07-27 12:56:40 | INFO     | ✅ [批改完成] ANS_POC_273 | 路由: BND | 最终分: 3.2 | 风险: P0.00/U0.05/F0.40/H0/L0 | 提取质量: 🟢high | 留白率: 0% | 低质量率: 0%
2026-07-27 12:56:40 | INFO     | 
🔍 [正在处理] ANS_POC_275 | 启动 3WD 流水线...
2026-07-27 12:56:40 | INFO     | 📢 [总进度] 38/57 份试卷已归档。
2026-07-27 12:57:02 | INFO     | ✅ [批改完成] ANS_POC_274 | 路由: BND | 最终分: 3.7 | 风险: P0.00/U0.09/F0.00/H0/L0 | 提取质量: 🟢high | 留白率: 0% | 低质量率: 0%
2026-07-27 12:57:02 | INFO     | 
🔍 [正在处理] ANS_POC_276 | 启动 3WD 流水线...
2026-07-27 12:57:02 | INFO     | 📢 [总进度] 39/57 份试卷已归档。
2026-07-27 12:57:03 | INFO     | ✅ [批改完成] ANS_POC_275 | 路由: BND | 最终分: 4.7 | 风险: P0.00/U0.09/F0.00/H0/L0 | 提取质量: 🟢high | 留白率: 0% | 低质量率: 0%
2026-07-27 12:57:03 | INFO     | 
🔍 [正在处理] ANS_POC_277 | 启动 3WD 流水线...
2026-07-27 12:57:03 | INFO     | 📢 [总进度] 40/57 份试卷已归档。
2026-07-27 12:57:24 | INFO     | ✅ [批改完成] ANS_POC_276 | 路由: NEG | 最终分: 0 | 风险: P0.80/U0.00/F0.00/H0/L0 | 提取质量: 🟡low | 留白率: 100% | 低质量率: 0%
2026-07-27 12:57:24 | INFO     | 
🔍 [正在处理] ANS_POC_278 | 启动 3WD 流水线...
2026-07-27 12:57:24 | INFO     | 📢 [总进度] 41/57 份试卷已归档 [NEG-拒绝]。
2026-07-27 12:57:24 | INFO     | ✅ [批改完成] ANS_POC_277 | 路由: BND | 最终分: 3.7 | 风险: P0.00/U0.09/F0.00/H0/L0 | 提取质量: 🟢high | 留白率: 0% | 低质量率: 0%
2026-07-27 12:57:24 | INFO     | 
🔍 [正在处理] ANS_POC_279 | 启动 3WD 流水线...
2026-07-27 12:57:24 | INFO     | 📢 [总进度] 42/57 份试卷已归档。
2026-07-27 12:57:40 | INFO     | ✅ [批改完成] ANS_POC_278 | 路由: POS | 最终分: 3.0 | 风险: P0.00/U0.00/F0.40/H0/L1 | 提取质量: 🟢high | 留白率: 0% | 低质量率: 0%
2026-07-27 12:57:40 | INFO     | 
🔍 [正在处理] ANS_POC_280 | 启动 3WD 流水线...
2026-07-27 12:57:40 | INFO     | 📢 [总进度] 43/57 份试卷已归档。
2026-07-27 12:57:50 | INFO     | ✅ [批改完成] ANS_POC_279 | 路由: BND | 最终分: 0 | 风险: P0.27/U0.14/F0.60/H0/L1 | 提取质量: 🟢high | 留白率: 33% | 低质量率: 0%
2026-07-27 12:57:50 | INFO     | 
🔍 [正在处理] ANS_POC_281 | 启动 3WD 流水线...
2026-07-27 12:57:50 | INFO     | 📢 [总进度] 44/57 份试卷已归档。
2026-07-27 12:57:56 | INFO     | ✅ [批改完成] ANS_POC_280 | 路由: POS | 最终分: 5.0 | 风险: P0.00/U0.00/F0.00/H0/L0 | 提取质量: 🟢high | 留白率: 0% | 低质量率: 0%
2026-07-27 12:57:56 | INFO     | 
🔍 [正在处理] ANS_POC_282 | 启动 3WD 流水线...
2026-07-27 12:57:56 | INFO     | 📢 [总进度] 45/57 份试卷已归档。
2026-07-27 12:58:13 | INFO     | ✅ [批改完成] ANS_POC_281 | 路由: BND | 最终分: 3.3 | 风险: P0.10/U0.09/F0.00/H0/L0 | 提取质量: 🟢high | 留白率: 0% | 低质量率: 0%
2026-07-27 12:58:13 | INFO     | 
🔍 [正在处理] ANS_POC_283 | 启动 3WD 流水线...
2026-07-27 12:58:13 | INFO     | 📢 [总进度] 46/57 份试卷已归档。
2026-07-27 12:58:19 | INFO     | ✅ [批改完成] ANS_POC_282 | 路由: BND | 最终分: 2.2 | 风险: P0.00/U0.25/F0.20/H0/L1 | 提取质量: 🟢high | 留白率: 0% | 低质量率: 0%
2026-07-27 12:58:19 | INFO     | 
🔍 [正在处理] ANS_POC_284 | 启动 3WD 流水线...
2026-07-27 12:58:19 | INFO     | 📢 [总进度] 47/57 份试卷已归档。
2026-07-27 12:58:28 | INFO     | ✅ [批改完成] ANS_POC_283 | 路由: POS | 最终分: 5.0 | 风险: P0.00/U0.00/F0.00/H0/L0 | 提取质量: 🟢high | 留白率: 0% | 低质量率: 0%
2026-07-27 12:58:28 | INFO     | 
🔍 [正在处理] ANS_POC_285 | 启动 3WD 流水线...
2026-07-27 12:58:28 | INFO     | 📢 [总进度] 48/57 份试卷已归档。
2026-07-27 12:58:43 | INFO     | ✅ [批改完成] ANS_POC_284 | 路由: BND | 最终分: 5.0 | 风险: P0.00/U0.09/F0.00/H0/L0 | 提取质量: 🟢high | 留白率: 0% | 低质量率: 0%
2026-07-27 12:58:43 | INFO     | 
🔍 [正在处理] ANS_POC_286 | 启动 3WD 流水线...
2026-07-27 12:58:43 | INFO     | 📢 [总进度] 49/57 份试卷已归档。
2026-07-27 12:58:50 | INFO     | ✅ [批改完成] ANS_POC_285 | 路由: BND | 最终分: 3.3 | 风险: P0.00/U0.34/F0.00/H0/L1 | 提取质量: 🟢high | 留白率: 0% | 低质量率: 0%
2026-07-27 12:58:50 | INFO     | 
🔍 [正在处理] ANS_POC_287 | 启动 3WD 流水线...
2026-07-27 12:58:50 | INFO     | 📢 [总进度] 50/57 份试卷已归档。
2026-07-27 12:59:02 | INFO     | ✅ [批改完成] ANS_POC_286 | 路由: POS | 最终分: 1.0 | 风险: P0.00/U0.00/F0.60/H0/L1 | 提取质量: 🟢high | 留白率: 0% | 低质量率: 0%
2026-07-27 12:59:02 | INFO     | 
🔍 [正在处理] ANS_POC_288 | 启动 3WD 流水线...
2026-07-27 12:59:02 | INFO     | 📢 [总进度] 51/57 份试卷已归档。
2026-07-27 12:59:04 | INFO     | ✅ [批改完成] ANS_POC_287 | 路由: POS | 最终分: 5.0 | 风险: P0.00/U0.00/F0.00/H0/L0 | 提取质量: 🟢high | 留白率: 0% | 低质量率: 0%
2026-07-27 12:59:04 | INFO     | 
🔍 [正在处理] ANS_POC_289 | 启动 3WD 流水线...
2026-07-27 12:59:04 | INFO     | 📢 [总进度] 52/57 份试卷已归档。
2026-07-27 12:59:17 | INFO     | ✅ [批改完成] ANS_POC_288 | 路由: POS | 最终分: 3.0 | 风险: P0.00/U0.00/F0.40/H0/L1 | 提取质量: 🟢high | 留白率: 0% | 低质量率: 0%
2026-07-27 12:59:17 | INFO     | 
🔍 [正在处理] ANS_POC_290 | 启动 3WD 流水线...
2026-07-27 12:59:17 | INFO     | 📢 [总进度] 53/57 份试卷已归档。
2026-07-27 12:59:19 | INFO     | ✅ [批改完成] ANS_POC_289 | 路由: POS | 最终分: 0.7 | 风险: P0.00/U0.04/F0.60/H0/L1 | 提取质量: 🟢high | 留白率: 0% | 低质量率: 0%
2026-07-27 12:59:19 | INFO     | 
🔍 [正在处理] ANS_POC_291 | 启动 3WD 流水线...
2026-07-27 12:59:19 | INFO     | 📢 [总进度] 54/57 份试卷已归档。
2026-07-27 12:59:37 | INFO     | ✅ [批改完成] ANS_POC_290 | 路由: BND | 最终分: 4.0 | 风险: P0.00/U0.08/F0.00/H0/L0 | 提取质量: 🟢high | 留白率: 0% | 低质量率: 0%
2026-07-27 12:59:37 | INFO     | 
🔍 [正在处理] ANS_POC_292 | 启动 3WD 流水线...
2026-07-27 12:59:37 | INFO     | 📢 [总进度] 55/57 份试卷已归档。
2026-07-27 12:59:42 | INFO     | ✅ [批改完成] ANS_POC_291 | 路由: BND | 最终分: 3.7 | 风险: P0.10/U0.05/F0.40/H0/L0 | 提取质量: 🟢high | 留白率: 0% | 低质量率: 0%
2026-07-27 12:59:42 | INFO     | 📢 [总进度] 56/57 份试卷已归档。
2026-07-27 13:00:00 | INFO     | ✅ [批改完成] ANS_POC_292 | 路由: BND | 最终分: 3.7 | 风险: P0.00/U0.09/F0.00/H0/L0 | 提取质量: 🟢high | 留白率: 0% | 低质量率: 0%
2026-07-27 13:00:00 | INFO     | 📢 [总进度] 57/57 份试卷已归档。
2026-07-27 13:00:00 | INFO     | 🗂️ 所有线程交卷完毕，正在整理数据... (共收集 57/57 份结果)
2026-07-27 13:00:00 | INFO     | 💾 正常批改结果已保存: D:\users\王鑫020420\Desktop\refgrader-main\results_runs\csbench_poc1_poc2_poc3_poc4_poc5_poc6_all\runs\teacher_audit_poc_1_6_20260725_192008\POC_3_graded_results.json (56 人)
2026-07-27 13:00:00 | INFO     | 🛑 拒绝域结果已单独保存: D:\users\王鑫020420\Desktop\refgrader-main\results_runs\csbench_poc1_poc2_poc3_poc4_poc5_poc6_all\runs\teacher_audit_poc_1_6_20260725_192008\POC_3_rejected.json (1 人)
2026-07-27 13:00:01 | INFO     | [result consistency] POC_3: checkpoint=57, graded=56, rejected=1, failed=0, expected=57
2026-07-27 13:00:01 | INFO     | 
🚀 [标准模式] 开始处理: POC_4
2026-07-27 13:00:01 | INFO     | ⚡ 已加载本地标准: D:\users\王鑫020420\Desktop\refgrader-main\data\csbench\rubrics\optimized\POC\POC_4_rubric_standard.json
2026-07-27 13:00:03 | INFO     | ⚡ 脱敏清单已预生成，61 名学生共享复用。
2026-07-27 13:00:03 | INFO     | 🏃 开始批改 61 张试卷 (⚡ 开启多线程模式)...
2026-07-27 13:00:03 | INFO     | 
🔍 [正在处理] ANS_POC_100 | 启动 3WD 流水线...
2026-07-27 13:00:03 | INFO     | 
🔍 [正在处理] ANS_POC_101 | 启动 3WD 流水线...
2026-07-27 13:00:03 | INFO     | ⏳ [主线程] 已提交 61 个任务，等待结果回收...
2026-07-27 13:00:27 | INFO     | ✅ [批改完成] ANS_POC_100 | 路由: BND | 最终分: 1.8 | 风险: P0.00/U0.42/F0.00/H0/L1 | 提取质量: 🟢high | 留白率: 0% | 低质量率: 0%
2026-07-27 13:00:27 | INFO     | 
🔍 [正在处理] ANS_POC_102 | 启动 3WD 流水线...
2026-07-27 13:00:27 | INFO     | 📢 [总进度] 1/61 份试卷已归档。
2026-07-27 13:00:34 | INFO     | ✅ [批改完成] ANS_POC_101 | 路由: BND | 最终分: 0.7 | 风险: P0.00/U0.47/F1.00/H0/L1 | 提取质量: 🟢high | 留白率: 0% | 低质量率: 0%
2026-07-27 13:00:34 | INFO     | 
🔍 [正在处理] ANS_POC_103 | 启动 3WD 流水线...
2026-07-27 13:00:34 | INFO     | 📢 [总进度] 2/61 份试卷已归档。
2026-07-27 13:00:50 | INFO     | ✅ [批改完成] ANS_POC_102 | 路由: BND | 最终分: 1.5 | 风险: P0.00/U0.41/F0.00/H0/L1 | 提取质量: 🟢high | 留白率: 0% | 低质量率: 0%
2026-07-27 13:00:50 | INFO     | 
🔍 [正在处理] ANS_POC_104 | 启动 3WD 流水线...
2026-07-27 13:00:50 | INFO     | 📢 [总进度] 3/61 份试卷已归档。
2026-07-27 13:00:59 | INFO     | ✅ [批改完成] ANS_POC_103 | 路由: BND | 最终分: 3.5 | 风险: P0.00/U0.41/F1.00/H0/L1 | 提取质量: 🟢high | 留白率: 0% | 低质量率: 0%
2026-07-27 13:00:59 | INFO     | 
🔍 [正在处理] ANS_POC_105 | 启动 3WD 流水线...
2026-07-27 13:00:59 | INFO     | 📢 [总进度] 4/61 份试卷已归档。
2026-07-27 13:01:09 | INFO     | ✅ [批改完成] ANS_POC_104 | 路由: BND | 最终分: 0 | 风险: P0.00/U0.24/F1.00/H0/L1 | 提取质量: 🟢high | 留白率: 0% | 低质量率: 0%
2026-07-27 13:01:09 | INFO     | 
🔍 [正在处理] ANS_POC_106 | 启动 3WD 流水线...
2026-07-27 13:01:09 | INFO     | 📢 [总进度] 5/61 份试卷已归档。
2026-07-27 13:01:13 | INFO     | ✅ [批改完成] ANS_POC_105 | 路由: POS | 最终分: 5.0 | 风险: P0.00/U0.00/F0.00/H0/L0 | 提取质量: 🟢high | 留白率: 0% | 低质量率: 0%
2026-07-27 13:01:13 | INFO     | 
🔍 [正在处理] ANS_POC_107 | 启动 3WD 流水线...
2026-07-27 13:01:13 | INFO     | 📢 [总进度] 6/61 份试卷已归档。
2026-07-27 13:01:30 | INFO     | ✅ [批改完成] ANS_POC_106 | 路由: BND | 最终分: 0.8 | 风险: P0.00/U0.26/F0.00/H0/L1 | 提取质量: 🟢high | 留白率: 0% | 低质量率: 0%
2026-07-27 13:01:30 | INFO     | 
🔍 [正在处理] ANS_POC_108 | 启动 3WD 流水线...
2026-07-27 13:01:30 | INFO     | 📢 [总进度] 7/61 份试卷已归档。
2026-07-27 13:01:35 | INFO     | ✅ [批改完成] ANS_POC_107 | 路由: BND | 最终分: 1.7 | 风险: P0.00/U0.41/F1.00/H0/L1 | 提取质量: 🟢high | 留白率: 0% | 低质量率: 0%
2026-07-27 13:01:35 | INFO     | 
🔍 [正在处理] ANS_POC_109 | 启动 3WD 流水线...
2026-07-27 13:01:35 | INFO     | 📢 [总进度] 8/61 份试卷已归档。
2026-07-27 13:01:47 | INFO     | ✅ [批改完成] ANS_POC_108 | 路由: BND | 最终分: 0 | 风险: P0.00/U0.24/F1.00/H0/L1 | 提取质量: 🟢high | 留白率: 0% | 低质量率: 0%
2026-07-27 13:01:47 | INFO     | 
🔍 [正在处理] ANS_POC_110 | 启动 3WD 流水线...
2026-07-27 13:01:47 | INFO     | 📢 [总进度] 9/61 份试卷已归档。
2026-07-27 13:01:57 | INFO     | ✅ [批改完成] ANS_POC_109 | 路由: BND | 最终分: 0.7 | 风险: P0.00/U0.24/F0.00/H0/L1 | 提取质量: 🟢high | 留白率: 0% | 低质量率: 0%
2026-07-27 13:01:57 | INFO     | 
🔍 [正在处理] ANS_POC_111 | 启动 3WD 流水线...
2026-07-27 13:01:57 | INFO     | 📢 [总进度] 10/61 份试卷已归档。
2026-07-27 13:02:07 | INFO     | ✅ [批改完成] ANS_POC_110 | 路由: BND | 最终分: 1.5 | 风险: P0.00/U0.14/F0.00/H0/L1 | 提取质量: 🟢high | 留白率: 0% | 低质量率: 0%
2026-07-27 13:02:07 | INFO     | 
🔍 [正在处理] ANS_POC_112 | 启动 3WD 流水线...
2026-07-27 13:02:07 | INFO     | 📢 [总进度] 11/61 份试卷已归档。
2026-07-27 13:02:19 | INFO     | ✅ [批改完成] ANS_POC_111 | 路由: BND | 最终分: 3.0 | 风险: P0.00/U0.16/F0.00/H0/L0 | 提取质量: 🟢high | 留白率: 0% | 低质量率: 0%
2026-07-27 13:02:19 | INFO     | 
🔍 [正在处理] ANS_POC_113 | 启动 3WD 流水线...
2026-07-27 13:02:19 | INFO     | 📢 [总进度] 12/61 份试卷已归档。
2026-07-27 13:02:32 | INFO     | ✅ [批改完成] ANS_POC_112 | 路由: BND | 最终分: 0.76 | 风险: P0.00/U0.24/F0.00/H0/L1 | 提取质量: 🟢high | 留白率: 0% | 低质量率: 0%
2026-07-27 13:02:32 | INFO     | 
🔍 [正在处理] ANS_POC_114 | 启动 3WD 流水线...
2026-07-27 13:02:32 | INFO     | 📢 [总进度] 13/61 份试卷已归档。
2026-07-27 13:02:33 | INFO     | ✅ [批改完成] ANS_POC_113 | 路由: POS | 最终分: 0 | 风险: P0.00/U0.00/F1.00/H0/L1 | 提取质量: 🟢high | 留白率: 0% | 低质量率: 0%
2026-07-27 13:02:33 | INFO     | 
🔍 [正在处理] ANS_POC_115 | 启动 3WD 流水线...
2026-07-27 13:02:33 | INFO     | 📢 [总进度] 14/61 份试卷已归档。
2026-07-27 13:02:44 | INFO     | ✅ [批改完成] ANS_POC_114 | 路由: POS | 最终分: 0 | 风险: P0.00/U0.00/F1.00/H0/L1 | 提取质量: 🟢high | 留白率: 0% | 低质量率: 0%
2026-07-27 13:02:44 | INFO     | 
🔍 [正在处理] ANS_POC_116 | 启动 3WD 流水线...
2026-07-27 13:02:44 | INFO     | 📢 [总进度] 15/61 份试卷已归档。
2026-07-27 13:02:53 | INFO     | ✅ [批改完成] ANS_POC_115 | 路由: BND | 最终分: 0.7 | 风险: P0.00/U0.47/F1.00/H0/L1 | 提取质量: 🟢high | 留白率: 0% | 低质量率: 0%
2026-07-27 13:02:53 | INFO     | 
🔍 [正在处理] ANS_POC_117 | 启动 3WD 流水线...
2026-07-27 13:02:53 | INFO     | 📢 [总进度] 16/61 份试卷已归档。
2026-07-27 13:03:06 | INFO     | ✅ [批改完成] ANS_POC_116 | 路由: BND | 最终分: 3.3 | 风险: P0.00/U0.47/F0.00/H0/L0 | 提取质量: 🟢high | 留白率: 0% | 低质量率: 0%
2026-07-27 13:03:06 | INFO     | 
🔍 [正在处理] ANS_POC_118 | 启动 3WD 流水线...
2026-07-27 13:03:06 | INFO     | 📢 [总进度] 17/61 份试卷已归档。
2026-07-27 13:03:10 | INFO     | ✅ [批改完成] ANS_POC_117 | 路由: BND | 最终分: 0.7 | 风险: P0.00/U0.47/F1.00/H0/L1 | 提取质量: 🟢high | 留白率: 0% | 低质量率: 0%
2026-07-27 13:03:10 | INFO     | 
🔍 [正在处理] ANS_POC_119 | 启动 3WD 流水线...
2026-07-27 13:03:10 | INFO     | 📢 [总进度] 18/61 份试卷已归档。
2026-07-27 13:03:26 | INFO     | ✅ [批改完成] ANS_POC_118 | 路由: BND | 最终分: 0.7 | 风险: P0.00/U0.19/F1.00/H0/L1 | 提取质量: 🟢high | 留白率: 0% | 低质量率: 0%
2026-07-27 13:03:26 | INFO     | 
🔍 [正在处理] ANS_POC_120 | 启动 3WD 流水线...
2026-07-27 13:03:26 | INFO     | 📢 [总进度] 19/61 份试卷已归档。
2026-07-27 13:03:32 | INFO     | ✅ [批改完成] ANS_POC_119 | 路由: BND | 最终分: 0 | 风险: P0.00/U0.09/F1.00/H0/L1 | 提取质量: 🟢high | 留白率: 0% | 低质量率: 0%
2026-07-27 13:03:32 | INFO     | 
🔍 [正在处理] ANS_POC_121 | 启动 3WD 流水线...
2026-07-27 13:03:32 | INFO     | 📢 [总进度] 20/61 份试卷已归档。
2026-07-27 13:03:50 | INFO     | ✅ [批改完成] ANS_POC_120 | 路由: BND | 最终分: 1.8 | 风险: P0.00/U0.24/F1.00/H0/L1 | 提取质量: 🟢high | 留白率: 0% | 低质量率: 0%
2026-07-27 13:03:50 | INFO     | 
🔍 [正在处理] ANS_POC_122 | 启动 3WD 流水线...
2026-07-27 13:03:50 | INFO     | 📢 [总进度] 21/61 份试卷已归档。
2026-07-27 13:03:56 | INFO     | ✅ [批改完成] ANS_POC_121 | 路由: BND | 最终分: 2.3 | 风险: P0.00/U0.47/F0.00/H0/L0 | 提取质量: 🟢high | 留白率: 0% | 低质量率: 0%
2026-07-27 13:03:56 | INFO     | 
🔍 [正在处理] ANS_POC_62 | 启动 3WD 流水线...
2026-07-27 13:03:56 | INFO     | 📢 [总进度] 22/61 份试卷已归档。
2026-07-27 13:04:13 | INFO     | ✅ [批改完成] ANS_POC_122 | 路由: BND | 最终分: 0 | 风险: P0.00/U0.24/F1.00/H0/L1 | 提取质量: 🟢high | 留白率: 0% | 低质量率: 0%
2026-07-27 13:04:13 | INFO     | 
🔍 [正在处理] ANS_POC_63 | 启动 3WD 流水线...
2026-07-27 13:04:13 | INFO     | 📢 [总进度] 23/61 份试卷已归档。
2026-07-27 13:04:19 | INFO     | ✅ [批改完成] ANS_POC_62 | 路由: BND | 最终分: 2.3 | 风险: P0.00/U0.47/F0.00/H0/L0 | 提取质量: 🟢high | 留白率: 0% | 低质量率: 0%
2026-07-27 13:04:19 | INFO     | 
🔍 [正在处理] ANS_POC_64 | 启动 3WD 流水线...
2026-07-27 13:04:19 | INFO     | 📢 [总进度] 24/61 份试卷已归档。
2026-07-27 13:04:26 | INFO     | ✅ [批改完成] ANS_POC_63 | 路由: POS | 最终分: 0 | 风险: P0.00/U0.00/F1.00/H0/L1 | 提取质量: 🟢high | 留白率: 0% | 低质量率: 0%
2026-07-27 13:04:26 | INFO     | 
🔍 [正在处理] ANS_POC_65 | 启动 3WD 流水线...
2026-07-27 13:04:26 | INFO     | 📢 [总进度] 25/61 份试卷已归档。
2026-07-27 13:04:43 | INFO     | ✅ [批改完成] ANS_POC_64 | 路由: BND | 最终分: 0.5 | 风险: P0.00/U0.14/F1.00/H0/L1 | 提取质量: 🟢high | 留白率: 0% | 低质量率: 0%
2026-07-27 13:04:43 | INFO     | 
🔍 [正在处理] ANS_POC_66 | 启动 3WD 流水线...
2026-07-27 13:04:43 | INFO     | 📢 [总进度] 26/61 份试卷已归档。
2026-07-27 13:04:43 | INFO     | ✅ [批改完成] ANS_POC_65 | 路由: POS | 最终分: 0 | 风险: P0.00/U0.00/F1.00/H0/L1 | 提取质量: 🟢high | 留白率: 0% | 低质量率: 0%
2026-07-27 13:04:43 | INFO     | 
🔍 [正在处理] ANS_POC_67 | 启动 3WD 流水线...
2026-07-27 13:04:43 | INFO     | 📢 [总进度] 27/61 份试卷已归档。
2026-07-27 13:04:54 | INFO     | ✅ [批改完成] ANS_POC_67 | 路由: POS | 最终分: 0 | 风险: P0.00/U0.00/F1.00/H0/L1 | 提取质量: 🟢high | 留白率: 0% | 低质量率: 0%
2026-07-27 13:04:54 | INFO     | 
🔍 [正在处理] ANS_POC_68 | 启动 3WD 流水线...
2026-07-27 13:04:54 | INFO     | 📢 [总进度] 28/61 份试卷已归档。
2026-07-27 13:05:01 | INFO     | ✅ [批改完成] ANS_POC_66 | 路由: BND | 最终分: 0.8 | 风险: P0.00/U0.24/F1.00/H0/L1 | 提取质量: 🟢high | 留白率: 0% | 低质量率: 0%
2026-07-27 13:05:01 | INFO     | 
🔍 [正在处理] ANS_POC_69 | 启动 3WD 流水线...
2026-07-27 13:05:01 | INFO     | 📢 [总进度] 29/61 份试卷已归档。
2026-07-27 13:05:11 | INFO     | ✅ [批改完成] ANS_POC_69 | 路由: POS | 最终分: 0 | 风险: P0.00/U0.00/F1.00/H0/L1 | 提取质量: 🟢high | 留白率: 0% | 低质量率: 0%
2026-07-27 13:05:11 | INFO     | 
🔍 [正在处理] ANS_POC_70 | 启动 3WD 流水线...
2026-07-27 13:05:11 | INFO     | 📢 [总进度] 30/61 份试卷已归档。
2026-07-27 13:05:19 | INFO     | ✅ [批改完成] ANS_POC_68 | 路由: BND | 最终分: 2.3 | 风险: P0.00/U0.21/F0.00/H0/L1 | 提取质量: 🟢high | 留白率: 0% | 低质量率: 0%
2026-07-27 13:05:19 | INFO     | 
🔍 [正在处理] ANS_POC_71 | 启动 3WD 流水线...
2026-07-27 13:05:19 | INFO     | 📢 [总进度] 31/61 份试卷已归档。
2026-07-27 13:05:28 | INFO     | ✅ [批改完成] ANS_POC_70 | 路由: POS | 最终分: 5.0 | 风险: P0.00/U0.00/F0.00/H0/L0 | 提取质量: 🟢high | 留白率: 0% | 低质量率: 0%
2026-07-27 13:05:28 | INFO     | 
🔍 [正在处理] ANS_POC_72 | 启动 3WD 流水线...
2026-07-27 13:05:28 | INFO     | 📢 [总进度] 32/61 份试卷已归档。
2026-07-27 13:05:45 | INFO     | ✅ [批改完成] ANS_POC_71 | 路由: BND | 最终分: 2.7 | 风险: P0.00/U0.41/F1.00/H0/L1 | 提取质量: 🟢high | 留白率: 0% | 低质量率: 0%
2026-07-27 13:05:45 | INFO     | 
🔍 [正在处理] ANS_POC_73 | 启动 3WD 流水线...
2026-07-27 13:05:45 | INFO     | 📢 [总进度] 33/61 份试卷已归档。
2026-07-27 13:05:55 | INFO     | ✅ [批改完成] ANS_POC_72 | 路由: BND | 最终分: 3.2 | 风险: P0.00/U0.24/F0.00/H0/L0 | 提取质量: 🟢high | 留白率: 0% | 低质量率: 0%
2026-07-27 13:05:55 | INFO     | 
🔍 [正在处理] ANS_POC_74 | 启动 3WD 流水线...
2026-07-27 13:05:55 | INFO     | 📢 [总进度] 34/61 份试卷已归档。
2026-07-27 13:06:15 | INFO     | ✅ [批改完成] ANS_POC_74 | 路由: BND | 最终分: 0.5 | 风险: P0.00/U0.14/F1.00/H0/L1 | 提取质量: 🟢high | 留白率: 0% | 低质量率: 0%
2026-07-27 13:06:15 | INFO     | 
🔍 [正在处理] ANS_POC_75 | 启动 3WD 流水线...
2026-07-27 13:06:15 | INFO     | 📢 [总进度] 35/61 份试卷已归档。
2026-07-27 13:06:16 | INFO     | ✅ [批改完成] ANS_POC_73 | 路由: BND | 最终分: 2.3 | 风险: P0.00/U0.37/F0.00/H0/L1 | 提取质量: 🟢high | 留白率: 0% | 低质量率: 0%
2026-07-27 13:06:16 | INFO     | 
🔍 [正在处理] ANS_POC_76 | 启动 3WD 流水线...
2026-07-27 13:06:16 | INFO     | 📢 [总进度] 36/61 份试卷已归档。
2026-07-27 13:06:26 | INFO     | ✅ [批改完成] ANS_POC_75 | 路由: POS | 最终分: 0 | 风险: P0.00/U0.00/F1.00/H0/L1 | 提取质量: 🟢high | 留白率: 0% | 低质量率: 0%
2026-07-27 13:06:26 | INFO     | 
🔍 [正在处理] ANS_POC_77 | 启动 3WD 流水线...
2026-07-27 13:06:26 | INFO     | 📢 [总进度] 37/61 份试卷已归档。
2026-07-27 13:06:30 | INFO     | ✅ [批改完成] ANS_POC_76 | 路由: POS | 最终分: 5.0 | 风险: P0.00/U0.00/F0.00/H0/L0 | 提取质量: 🟢high | 留白率: 0% | 低质量率: 0%
2026-07-27 13:06:30 | INFO     | 
🔍 [正在处理] ANS_POC_78 | 启动 3WD 流水线...
2026-07-27 13:06:30 | INFO     | 📢 [总进度] 38/61 份试卷已归档。
2026-07-27 13:06:46 | INFO     | ✅ [批改完成] ANS_POC_78 | 路由: POS | 最终分: 0 | 风险: P0.00/U0.00/F1.00/H0/L1 | 提取质量: 🟢high | 留白率: 0% | 低质量率: 0%
2026-07-27 13:06:46 | INFO     | 
🔍 [正在处理] ANS_POC_79 | 启动 3WD 流水线...
2026-07-27 13:06:46 | INFO     | 📢 [总进度] 39/61 份试卷已归档。
2026-07-27 13:06:50 | INFO     | ✅ [批改完成] ANS_POC_77 | 路由: BND | 最终分: 4.2 | 风险: P0.00/U0.24/F0.00/H0/L0 | 提取质量: 🟢high | 留白率: 0% | 低质量率: 0%
2026-07-27 13:06:50 | INFO     | 
🔍 [正在处理] ANS_POC_80 | 启动 3WD 流水线...
2026-07-27 13:06:50 | INFO     | 📢 [总进度] 40/61 份试卷已归档。
2026-07-27 13:07:00 | INFO     | ✅ [批改完成] ANS_POC_79 | 路由: POS | 最终分: 5.0 | 风险: P0.00/U0.00/F0.00/H0/L0 | 提取质量: 🟢high | 留白率: 0% | 低质量率: 0%
2026-07-27 13:07:00 | INFO     | 
🔍 [正在处理] ANS_POC_81 | 启动 3WD 流水线...
2026-07-27 13:07:00 | INFO     | 📢 [总进度] 41/61 份试卷已归档。
2026-07-27 13:07:11 | INFO     | ✅ [批改完成] ANS_POC_80 | 路由: BND | 最终分: 2.6 | 风险: P0.00/U0.12/F0.00/H0/L0 | 提取质量: 🟢high | 留白率: 0% | 低质量率: 0%
2026-07-27 13:07:11 | INFO     | 
🔍 [正在处理] ANS_POC_82 | 启动 3WD 流水线...
2026-07-27 13:07:11 | INFO     | 📢 [总进度] 42/61 份试卷已归档。
2026-07-27 13:07:13 | INFO     | ✅ [批改完成] ANS_POC_81 | 路由: POS | 最终分: 0 | 风险: P0.00/U0.00/F1.00/H0/L1 | 提取质量: 🟢high | 留白率: 0% | 低质量率: 0%
2026-07-27 13:07:13 | INFO     | 
🔍 [正在处理] ANS_POC_83 | 启动 3WD 流水线...
2026-07-27 13:07:13 | INFO     | 📢 [总进度] 43/61 份试卷已归档。
2026-07-27 13:07:26 | INFO     | ✅ [批改完成] ANS_POC_82 | 路由: POS | 最终分: 0 | 风险: P0.00/U0.00/F1.00/H0/L1 | 提取质量: 🟢high | 留白率: 0% | 低质量率: 0%
2026-07-27 13:07:26 | INFO     | 
🔍 [正在处理] ANS_POC_84 | 启动 3WD 流水线...
2026-07-27 13:07:26 | INFO     | 📢 [总进度] 44/61 份试卷已归档。
2026-07-27 13:07:32 | INFO     | ✅ [批改完成] ANS_POC_83 | 路由: BND | 最终分: 0.8 | 风险: P0.00/U0.26/F0.00/H0/L1 | 提取质量: 🟢high | 留白率: 0% | 低质量率: 0%
2026-07-27 13:07:32 | INFO     | 
🔍 [正在处理] ANS_POC_85 | 启动 3WD 流水线...
2026-07-27 13:07:32 | INFO     | 📢 [总进度] 45/61 份试卷已归档。
2026-07-27 13:07:46 | INFO     | ✅ [批改完成] ANS_POC_84 | 路由: NEG | 最终分: 0 | 风险: P0.80/U0.00/F0.00/H0/L0 | 提取质量: 🟡low | 留白率: 100% | 低质量率: 0%
2026-07-27 13:07:46 | INFO     | 
🔍 [正在处理] ANS_POC_86 | 启动 3WD 流水线...
2026-07-27 13:07:46 | INFO     | 📢 [总进度] 46/61 份试卷已归档 [NEG-拒绝]。
2026-07-27 13:07:53 | INFO     | ✅ [批改完成] ANS_POC_85 | 路由: POS | 最终分: 0 | 风险: P0.00/U0.00/F1.00/H0/L1 | 提取质量: 🟢high | 留白率: 0% | 低质量率: 0%
2026-07-27 13:07:53 | INFO     | 
🔍 [正在处理] ANS_POC_87 | 启动 3WD 流水线...
2026-07-27 13:07:53 | INFO     | 📢 [总进度] 47/61 份试卷已归档。
2026-07-27 13:07:58 | INFO     | ✅ [批改完成] ANS_POC_86 | 路由: POS | 最终分: 0 | 风险: P0.00/U0.00/F1.00/H0/L1 | 提取质量: 🟢high | 留白率: 0% | 低质量率: 0%
2026-07-27 13:07:58 | INFO     | 
🔍 [正在处理] ANS_POC_88 | 启动 3WD 流水线...
2026-07-27 13:07:58 | INFO     | 📢 [总进度] 48/61 份试卷已归档。
2026-07-27 13:08:12 | INFO     | ✅ [批改完成] ANS_POC_88 | 路由: NEG | 最终分: 0 | 风险: P0.80/U0.00/F0.00/H0/L0 | 提取质量: 🟡low | 留白率: 100% | 低质量率: 0%
2026-07-27 13:08:12 | INFO     | 
🔍 [正在处理] ANS_POC_89 | 启动 3WD 流水线...
2026-07-27 13:08:12 | INFO     | 📢 [总进度] 49/61 份试卷已归档 [NEG-拒绝]。
2026-07-27 13:08:14 | INFO     | ✅ [批改完成] ANS_POC_87 | 路由: BND | 最终分: 2.2 | 风险: P0.00/U0.26/F0.00/H0/L0 | 提取质量: 🟢high | 留白率: 0% | 低质量率: 0%
2026-07-27 13:08:14 | INFO     | 
🔍 [正在处理] ANS_POC_90 | 启动 3WD 流水线...
2026-07-27 13:08:14 | INFO     | 📢 [总进度] 50/61 份试卷已归档。
2026-07-27 13:08:27 | INFO     | ✅ [批改完成] ANS_POC_90 | 路由: POS | 最终分: 5.0 | 风险: P0.00/U0.00/F0.00/H0/L0 | 提取质量: 🟢high | 留白率: 0% | 低质量率: 0%
2026-07-27 13:08:27 | INFO     | 
🔍 [正在处理] ANS_POC_91 | 启动 3WD 流水线...
2026-07-27 13:08:27 | INFO     | 📢 [总进度] 51/61 份试卷已归档。
2026-07-27 13:08:34 | INFO     | ✅ [批改完成] ANS_POC_89 | 路由: BND | 最终分: 2.3 | 风险: P0.00/U0.47/F0.00/H0/L0 | 提取质量: 🟢high | 留白率: 0% | 低质量率: 0%
2026-07-27 13:08:34 | INFO     | 
🔍 [正在处理] ANS_POC_92 | 启动 3WD 流水线...
2026-07-27 13:08:34 | INFO     | 📢 [总进度] 52/61 份试卷已归档。
2026-07-27 13:08:44 | INFO     | ✅ [批改完成] ANS_POC_91 | 路由: BND | 最终分: 1.8 | 风险: P0.00/U0.26/F0.00/H0/L1 | 提取质量: 🟢high | 留白率: 0% | 低质量率: 0%
2026-07-27 13:08:44 | INFO     | 
🔍 [正在处理] ANS_POC_93 | 启动 3WD 流水线...
2026-07-27 13:08:44 | INFO     | 📢 [总进度] 53/61 份试卷已归档。
2026-07-27 13:08:50 | INFO     | ✅ [批改完成] ANS_POC_92 | 路由: POS | 最终分: 0 | 风险: P0.00/U0.00/F1.00/H0/L1 | 提取质量: 🟢high | 留白率: 0% | 低质量率: 0%
2026-07-27 13:08:50 | INFO     | 
🔍 [正在处理] ANS_POC_94 | 启动 3WD 流水线...
2026-07-27 13:08:50 | INFO     | 📢 [总进度] 54/61 份试卷已归档。
2026-07-27 13:08:56 | INFO     | ✅ [批改完成] ANS_POC_93 | 路由: POS | 最终分: 0 | 风险: P0.00/U0.00/F1.00/H0/L1 | 提取质量: 🟢high | 留白率: 0% | 低质量率: 0%
2026-07-27 13:08:56 | INFO     | 
🔍 [正在处理] ANS_POC_95 | 启动 3WD 流水线...
2026-07-27 13:08:56 | INFO     | 📢 [总进度] 55/61 份试卷已归档。
2026-07-27 13:09:16 | INFO     | ✅ [批改完成] ANS_POC_94 | 路由: BND | 最终分: 0 | 风险: P0.00/U0.24/F0.00/H0/L1 | 提取质量: 🟢high | 留白率: 0% | 低质量率: 0%
2026-07-27 13:09:16 | INFO     | 
🔍 [正在处理] ANS_POC_96 | 启动 3WD 流水线...
2026-07-27 13:09:16 | INFO     | 📢 [总进度] 56/61 份试卷已归档。
2026-07-27 13:09:26 | INFO     | ✅ [批改完成] ANS_POC_95 | 路由: BND | 最终分: 2.7 | 风险: P0.00/U0.41/F1.00/H0/L1 | 提取质量: 🟢high | 留白率: 0% | 低质量率: 0%
2026-07-27 13:09:26 | INFO     | 
🔍 [正在处理] ANS_POC_97 | 启动 3WD 流水线...
2026-07-27 13:09:26 | INFO     | 📢 [总进度] 57/61 份试卷已归档。
2026-07-27 13:09:35 | INFO     | ✅ [批改完成] ANS_POC_96 | 路由: BND | 最终分: 3.3 | 风险: P0.00/U0.47/F0.00/H0/L0 | 提取质量: 🟢high | 留白率: 0% | 低质量率: 0%
2026-07-27 13:09:35 | INFO     | 
🔍 [正在处理] ANS_POC_98 | 启动 3WD 流水线...
2026-07-27 13:09:35 | INFO     | 📢 [总进度] 58/61 份试卷已归档。
2026-07-27 13:09:50 | INFO     | ✅ [批改完成] ANS_POC_97 | 路由: BND | 最终分: 0.7 | 风险: P0.00/U0.47/F1.00/H0/L1 | 提取质量: 🟢high | 留白率: 0% | 低质量率: 0%
2026-07-27 13:09:50 | INFO     | 
🔍 [正在处理] ANS_POC_99 | 启动 3WD 流水线...
2026-07-27 13:09:50 | INFO     | 📢 [总进度] 59/61 份试卷已归档。
2026-07-27 13:09:56 | INFO     | ✅ [批改完成] ANS_POC_98 | 路由: BND | 最终分: 0 | 风险: P0.00/U0.24/F1.00/H0/L1 | 提取质量: 🟢high | 留白率: 0% | 低质量率: 0%
2026-07-27 13:09:56 | INFO     | 📢 [总进度] 60/61 份试卷已归档。
2026-07-27 13:10:04 | INFO     | ✅ [批改完成] ANS_POC_99 | 路由: POS | 最终分: 0 | 风险: P0.00/U0.00/F1.00/H0/L1 | 提取质量: 🟢high | 留白率: 0% | 低质量率: 0%
2026-07-27 13:10:04 | INFO     | 📢 [总进度] 61/61 份试卷已归档。
2026-07-27 13:10:04 | INFO     | 🗂️ 所有线程交卷完毕，正在整理数据... (共收集 61/61 份结果)
2026-07-27 13:10:04 | INFO     | 💾 正常批改结果已保存: D:\users\王鑫020420\Desktop\refgrader-main\results_runs\csbench_poc1_poc2_poc3_poc4_poc5_poc6_all\runs\teacher_audit_poc_1_6_20260725_192008\POC_4_graded_results.json (59 人)
2026-07-27 13:10:04 | INFO     | 🛑 拒绝域结果已单独保存: D:\users\王鑫020420\Desktop\refgrader-main\results_runs\csbench_poc1_poc2_poc3_poc4_poc5_poc6_all\runs\teacher_audit_poc_1_6_20260725_192008\POC_4_rejected.json (2 人)
2026-07-27 13:10:04 | INFO     | [result consistency] POC_4: checkpoint=61, graded=59, rejected=2, failed=0, expected=61
2026-07-27 13:10:04 | INFO     | 
🚀 [标准模式] 开始处理: POC_5
2026-07-27 13:10:04 | INFO     | ⚡ 已加载本地标准: D:\users\王鑫020420\Desktop\refgrader-main\data\csbench\rubrics\optimized\POC\POC_5_rubric_standard.json
2026-07-27 13:10:04 | INFO     | [PaddleOCR] preparing 58/58 visual-answer cache entries...
2026-07-27 13:18:58 | INFO     | [4/58] cache hit: ANS_POC_126.jpg
[12/58] cache hit: ANS_POC_134.jpg
[17/58] cache hit: ANS_POC_139.jpg
[24/58] cache hit: ANS_POC_146.jpg
[38/58] cache hit: ANS_POC_160.jpg
Initialize PaddleOCR | device=cpu | lang=ch | pending=53/58 | model_cache=D:\paddlex_cache
[1/58] completed: ANS_POC_123.jpg | tokens=17 | mean_conf=0.903334 | output=D:\users\王鑫020420\Desktop\refgrader-main\ocr_cache\csbench\POC_5\ANS_POC_123.json
[2/58] completed: ANS_POC_124.jpg | tokens=33 | mean_conf=0.901349 | output=D:\users\王鑫020420\Desktop\refgrader-main\ocr_cache\csbench\POC_5\ANS_POC_124.json
[3/58] completed: ANS_POC_125.jpg | tokens=33 | mean_conf=0.885018 | output=D:\users\王鑫020420\Desktop\refgrader-main\ocr_cache\csbench\POC_5\ANS_POC_125.json
[5/58] completed: ANS_POC_127.jpg | tokens=33 | mean_conf=0.870877 | output=D:\users\王鑫020420\Desktop\refgrader-main\ocr_cache\csbench\POC_5\ANS_POC_127.json
[6/58] completed: ANS_POC_128.jpg | tokens=23 | mean_conf=0.912637 | output=D:\users\王鑫020420\Desktop\refgrader-main\ocr_cache\csbench\POC_5\ANS_POC_128.json
[7/58] completed: ANS_POC_129.jpg | tokens=35 | mean_conf=0.877251 | output=D:\users\王鑫020420\Desktop\refgrader-main\ocr_cache\csbench\POC_5\ANS_POC_129.json
[8/58] completed: ANS_POC_130.jpg | tokens=31 | mean_conf=0.872241 | output=D:\users\王鑫020420\Desktop\refgrader-main\ocr_cache\csbench\POC_5\ANS_POC_130.json
[9/58] completed: ANS_POC_131.jpg | tokens=33 | mean_conf=0.870808 | output=D:\users\王鑫020420\Desktop\refgrader-main\ocr_cache\csbench\POC_5\ANS_POC_131.json
[10/58] completed: ANS_POC_132.jpg | tokens=35 | mean_conf=0.885143 | output=D:\users\王鑫020420\Desktop\refgrader-main\ocr_cache\csbench\POC_5\ANS_POC_132.json
[11/58] completed: ANS_POC_133.jpg | tokens=33 | mean_conf=0.899206 | output=D:\users\王鑫020420\Desktop\refgrader-main\ocr_cache\csbench\POC_5\ANS_POC_133.json
[13/58] completed: ANS_POC_135.jpg | tokens=34 | mean_conf=0.836553 | output=D:\users\王鑫020420\Desktop\refgrader-main\ocr_cache\csbench\POC_5\ANS_POC_135.json
[14/58] completed: ANS_POC_136.jpg | tokens=32 | mean_conf=0.873613 | output=D:\users\王鑫020420\Desktop\refgrader-main\ocr_cache\csbench\POC_5\ANS_POC_136.json
[15/58] completed: ANS_POC_137.jpg | tokens=32 | mean_conf=0.891492 | output=D:\users\王鑫020420\Desktop\refgrader-main\ocr_cache\csbench\POC_5\ANS_POC_137.json
[16/58] completed: ANS_POC_138.jpg | tokens=29 | mean_conf=0.876998 | output=D:\users\王鑫020420\Desktop\refgrader-main\ocr_cache\csbench\POC_5\ANS_POC_138.json
[18/58] completed: ANS_POC_140.jpg | tokens=32 | mean_conf=0.870921 | output=D:\users\王鑫020420\Desktop\refgrader-main\ocr_cache\csbench\POC_5\ANS_POC_140.json
[19/58] completed: ANS_POC_141.jpg | tokens=31 | mean_conf=0.877086 | output=D:\users\王鑫020420\Desktop\refgrader-main\ocr_cache\csbench\POC_5\ANS_POC_141.json
[20/58] completed: ANS_POC_142.jpg | tokens=33 | mean_conf=0.854752 | output=D:\users\王鑫020420\Desktop\refgrader-main\ocr_cache\csbench\POC_5\ANS_POC_142.json
[21/58] completed: ANS_POC_143.jpg | tokens=32 | mean_conf=0.880461 | output=D:\users\王鑫020420\Desktop\refgrader-main\ocr_cache\csbench\POC_5\ANS_POC_143.json
[22/58] completed: ANS_POC_144.jpg | tokens=31 | mean_conf=0.888363 | output=D:\users\王鑫020420\Desktop\refgrader-main\ocr_cache\csbench\POC_5\ANS_POC_144.json
[23/58] completed: ANS_POC_145.jpg | tokens=31 | mean_conf=0.908553 | output=D:\users\王鑫020420\Desktop\refgrader-main\ocr_cache\csbench\POC_5\ANS_POC_145.json
[25/58] completed: ANS_POC_147.jpg | tokens=32 | mean_conf=0.908636 | output=D:\users\王鑫020420\Desktop\refgrader-main\ocr_cache\csbench\POC_5\ANS_POC_147.json
[26/58] completed: ANS_POC_148.jpg | tokens=32 | mean_conf=0.88497 | output=D:\users\王鑫020420\Desktop\refgrader-main\ocr_cache\csbench\POC_5\ANS_POC_148.json
[27/58] completed: ANS_POC_149.jpg | tokens=29 | mean_conf=0.886371 | output=D:\users\王鑫020420\Desktop\refgrader-main\ocr_cache\csbench\POC_5\ANS_POC_149.json
[28/58] completed: ANS_POC_150.jpg | tokens=29 | mean_conf=0.888332 | output=D:\users\王鑫020420\Desktop\refgrader-main\ocr_cache\csbench\POC_5\ANS_POC_150.json
[29/58] completed: ANS_POC_151.jpg | tokens=31 | mean_conf=0.883169 | output=D:\users\王鑫020420\Desktop\refgrader-main\ocr_cache\csbench\POC_5\ANS_POC_151.json
[30/58] completed: ANS_POC_152.jpg | tokens=35 | mean_conf=0.870628 | output=D:\users\王鑫020420\Desktop\refgrader-main\ocr_cache\csbench\POC_5\ANS_POC_152.json
[31/58] completed: ANS_POC_153.jpg | tokens=30 | mean_conf=0.861793 | output=D:\users\王鑫020420\Desktop\refgrader-main\ocr_cache\csbench\POC_5\ANS_POC_153.json
[32/58] completed: ANS_POC_154.jpg | tokens=34 | mean_conf=0.888999 | output=D:\users\王鑫020420\Desktop\refgrader-main\ocr_cache\csbench\POC_5\ANS_POC_154.json
[33/58] completed: ANS_POC_155.jpg | tokens=31 | mean_conf=0.880377 | output=D:\users\王鑫020420\Desktop\refgrader-main\ocr_cache\csbench\POC_5\ANS_POC_155.json
[34/58] completed: ANS_POC_156.jpg | tokens=32 | mean_conf=0.850581 | output=D:\users\王鑫020420\Desktop\refgrader-main\ocr_cache\csbench\POC_5\ANS_POC_156.json
[35/58] completed: ANS_POC_157.jpg | tokens=32 | mean_conf=0.890163 | output=D:\users\王鑫020420\Desktop\refgrader-main\ocr_cache\csbench\POC_5\ANS_POC_157.json
[36/58] completed: ANS_POC_158.jpg | tokens=34 | mean_conf=0.876488 | output=D:\users\王鑫020420\Desktop\refgrader-main\ocr_cache\csbench\POC_5\ANS_POC_158.json
[37/58] completed: ANS_POC_159.jpg | tokens=34 | mean_conf=0.892344 | output=D:\users\王鑫020420\Desktop\refgrader-main\ocr_cache\csbench\POC_5\ANS_POC_159.json
[39/58] completed: ANS_POC_161.jpg | tokens=32 | mean_conf=0.877016 | output=D:\users\王鑫020420\Desktop\refgrader-main\ocr_cache\csbench\POC_5\ANS_POC_161.json
[40/58] completed: ANS_POC_162.jpg | tokens=33 | mean_conf=0.865356 | output=D:\users\王鑫020420\Desktop\refgrader-main\ocr_cache\csbench\POC_5\ANS_POC_162.json
[41/58] completed: ANS_POC_163.jpg | tokens=29 | mean_conf=0.834913 | output=D:\users\王鑫020420\Desktop\refgrader-main\ocr_cache\csbench\POC_5\ANS_POC_163.json
[42/58] completed: ANS_POC_164.jpg | tokens=31 | mean_conf=0.859199 | output=D:\users\王鑫020420\Desktop\refgrader-main\ocr_cache\csbench\POC_5\ANS_POC_164.json
[43/58] completed: ANS_POC_165.jpg | tokens=35 | mean_conf=0.900978 | output=D:\users\王鑫020420\Desktop\refgrader-main\ocr_cache\csbench\POC_5\ANS_POC_165.json
[44/58] completed: ANS_POC_166.jpg | tokens=31 | mean_conf=0.852708 | output=D:\users\王鑫020420\Desktop\refgrader-main\ocr_cache\csbench\POC_5\ANS_POC_166.json
[45/58] completed: ANS_POC_167.jpg | tokens=32 | mean_conf=0.889557 | output=D:\users\王鑫020420\Desktop\refgrader-main\ocr_cache\csbench\POC_5\ANS_POC_167.json
[46/58] completed: ANS_POC_168.jpg | tokens=29 | mean_conf=0.891269 | output=D:\users\王鑫020420\Desktop\refgrader-main\ocr_cache\csbench\POC_5\ANS_POC_168.json
[47/58] completed: ANS_POC_169.jpg | tokens=32 | mean_conf=0.892422 | output=D:\users\王鑫020420\Desktop\refgrader-main\ocr_cache\csbench\POC_5\ANS_POC_169.json
[48/58] completed: ANS_POC_170.jpg | tokens=32 | mean_conf=0.86862 | output=D:\users\王鑫020420\Desktop\refgrader-main\ocr_cache\csbench\POC_5\ANS_POC_170.json
[49/58] completed: ANS_POC_171.jpg | tokens=31 | mean_conf=0.885429 | output=D:\users\王鑫020420\Desktop\refgrader-main\ocr_cache\csbench\POC_5\ANS_POC_171.json
[50/58] completed: ANS_POC_172.jpg | tokens=29 | mean_conf=0.877062 | output=D:\users\王鑫020420\Desktop\refgrader-main\ocr_cache\csbench\POC_5\ANS_POC_172.json
[51/58] completed: ANS_POC_173.jpg | tokens=32 | mean_conf=0.853045 | output=D:\users\王鑫020420\Desktop\refgrader-main\ocr_cache\csbench\POC_5\ANS_POC_173.json
[52/58] completed: ANS_POC_174.jpg | tokens=35 | mean_conf=0.871212 | output=D:\users\王鑫020420\Desktop\refgrader-main\ocr_cache\csbench\POC_5\ANS_POC_174.json
[53/58] completed: ANS_POC_175.jpg | tokens=31 | mean_conf=0.857438 | output=D:\users\王鑫020420\Desktop\refgrader-main\ocr_cache\csbench\POC_5\ANS_POC_175.json
[54/58] completed: ANS_POC_176.jpg | tokens=31 | mean_conf=0.873152 | output=D:\users\王鑫020420\Desktop\refgrader-main\ocr_cache\csbench\POC_5\ANS_POC_176.json
[55/58] completed: ANS_POC_177.jpg | tokens=32 | mean_conf=0.876492 | output=D:\users\王鑫020420\Desktop\refgrader-main\ocr_cache\csbench\POC_5\ANS_POC_177.json
[56/58] completed: ANS_POC_178.jpg | tokens=31 | mean_conf=0.85545 | output=D:\users\王鑫020420\Desktop\refgrader-main\ocr_cache\csbench\POC_5\ANS_POC_178.json
[57/58] completed: ANS_POC_179.jpg | tokens=31 | mean_conf=0.860919 | output=D:\users\王鑫020420\Desktop\refgrader-main\ocr_cache\csbench\POC_5\ANS_POC_179.json
[58/58] completed: ANS_POC_180.jpg | tokens=40 | mean_conf=0.856632 | output=D:\users\王鑫020420\Desktop\refgrader-main\ocr_cache\csbench\POC_5\ANS_POC_180.json
summary: completed=53, skipped=5, failed=0
2026-07-27 13:19:05 | INFO     | ⚡ 脱敏清单已预生成，58 名学生共享复用。
2026-07-27 13:19:05 | INFO     | 🏃 开始批改 58 张试卷 (⚡ 开启多线程模式)...
2026-07-27 13:19:05 | INFO     | 
🔍 [正在处理] ANS_POC_123 | 启动 3WD 流水线...
2026-07-27 13:19:05 | INFO     | 
🔍 [正在处理] ANS_POC_124 | 启动 3WD 流水线...
2026-07-27 13:19:05 | INFO     | ⏳ [主线程] 已提交 58 个任务，等待结果回收...
2026-07-27 13:19:56 | INFO     | ✅ [批改完成] ANS_POC_123 | 路由: POS | 最终分: 0.9 | 风险: P0.00/U0.04/F0.00/H0/L1 | 提取质量: 🟢high | 留白率: 0% | 低质量率: 0%
2026-07-27 13:19:56 | INFO     | 
🔍 [正在处理] ANS_POC_125 | 启动 3WD 流水线...
2026-07-27 13:19:56 | INFO     | 📢 [总进度] 1/58 份试卷已归档。
2026-07-27 13:20:20 | INFO     | ✅ [批改完成] ANS_POC_124 | 路由: BND | 最终分: 4.2 | 风险: P0.00/U0.09/F0.00/H0/L0 | 提取质量: 🟢high | 留白率: 0% | 低质量率: 0%
2026-07-27 13:20:20 | INFO     | 
🔍 [正在处理] ANS_POC_126 | 启动 3WD 流水线...
2026-07-27 13:20:20 | INFO     | 📢 [总进度] 2/58 份试卷已归档。
2026-07-27 13:21:18 | INFO     | ✅ [批改完成] ANS_POC_125 | 路由: BND | 最终分: 4.5 | 风险: P0.00/U0.07/F0.00/H0/L0 | 提取质量: 🟢high | 留白率: 0% | 低质量率: 0%
2026-07-27 13:21:18 | INFO     | 
🔍 [正在处理] ANS_POC_127 | 启动 3WD 流水线...
2026-07-27 13:21:18 | INFO     | 📢 [总进度] 3/58 份试卷已归档。
2026-07-27 13:21:28 | INFO     | ✅ [批改完成] ANS_POC_126 | 路由: POS | 最终分: 3.4 | 风险: P0.00/U0.02/F0.00/H0/L0 | 提取质量: 🟢high | 留白率: 0% | 低质量率: 0%
2026-07-27 13:21:28 | INFO     | 
🔍 [正在处理] ANS_POC_128 | 启动 3WD 流水线...
2026-07-27 13:21:28 | INFO     | 📢 [总进度] 4/58 份试卷已归档。
2026-07-27 13:22:16 | INFO     | ✅ [批改完成] ANS_POC_127 | 路由: POS | 最终分: 5.0 | 风险: P0.00/U0.00/F0.00/H0/L0 | 提取质量: 🟢high | 留白率: 0% | 低质量率: 0%
2026-07-27 13:22:16 | INFO     | 
🔍 [正在处理] ANS_POC_129 | 启动 3WD 流水线...
2026-07-27 13:22:16 | INFO     | 📢 [总进度] 5/58 份试卷已归档。
2026-07-27 13:23:10 | INFO     | ✅ [批改完成] ANS_POC_128 | 路由: BND | 最终分: 0.8 | 风险: P0.00/U0.05/F0.30/H0/L1 | 提取质量: 🟢high | 留白率: 0% | 低质量率: 0%
2026-07-27 13:23:10 | INFO     | 
🔍 [正在处理] ANS_POC_130 | 启动 3WD 流水线...
2026-07-27 13:23:10 | INFO     | 📢 [总进度] 6/58 份试卷已归档。
2026-07-27 13:23:41 | INFO     | ✅ [批改完成] ANS_POC_129 | 路由: BND | 最终分: 3.1 | 风险: P0.00/U0.17/F0.00/H0/L1 | 提取质量: 🟢high | 留白率: 0% | 低质量率: 0%
2026-07-27 13:23:41 | INFO     | 
🔍 [正在处理] ANS_POC_131 | 启动 3WD 流水线...
2026-07-27 13:23:41 | INFO     | 📢 [总进度] 7/58 份试卷已归档。
2026-07-27 13:24:43 | INFO     | ✅ [批改完成] ANS_POC_131 | 路由: BND | 最终分: 4.7 | 风险: P0.00/U0.05/F0.00/H0/L0 | 提取质量: 🟢high | 留白率: 0% | 低质量率: 0%
2026-07-27 13:24:44 | INFO     | 
🔍 [正在处理] ANS_POC_132 | 启动 3WD 流水线...
2026-07-27 13:24:44 | INFO     | 📢 [总进度] 8/58 份试卷已归档。
2026-07-27 13:26:09 | INFO     | ✅ [批改完成] ANS_POC_132 | 路由: BND | 最终分: 4.5 | 风险: P0.00/U0.08/F0.00/H0/L0 | 提取质量: 🟢high | 留白率: 0% | 低质量率: 0%
2026-07-27 13:26:09 | INFO     | 
🔍 [正在处理] ANS_POC_133 | 启动 3WD 流水线...
2026-07-27 13:26:09 | INFO     | 📢 [总进度] 9/58 份试卷已归档。
2026-07-27 13:26:47 | INFO     | ✅ [批改完成] ANS_POC_130 | 路由: POS | 最终分: 3.0 | 风险: P0.00/U0.00/F0.00/H0/L1 | 提取质量: 🟢high | 留白率: 0% | 低质量率: 0%
2026-07-27 13:26:47 | INFO     | 
🔍 [正在处理] ANS_POC_134 | 启动 3WD 流水线...
2026-07-27 13:26:47 | INFO     | 📢 [总进度] 10/58 份试卷已归档。
2026-07-27 13:27:13 | INFO     | ✅ [批改完成] ANS_POC_133 | 路由: BND | 最终分: 4.0 | 风险: P0.00/U0.04/F0.00/H0/L0 | 提取质量: 🟢high | 留白率: 0% | 低质量率: 0%
2026-07-27 13:27:13 | INFO     | 
🔍 [正在处理] ANS_POC_135 | 启动 3WD 流水线...
2026-07-27 13:27:13 | INFO     | 📢 [总进度] 11/58 份试卷已归档。
2026-07-27 13:27:59 | INFO     | ✅ [批改完成] ANS_POC_134 | 路由: POS | 最终分: 5.0 | 风险: P0.00/U0.00/F0.00/H0/L0 | 提取质量: 🟢high | 留白率: 0% | 低质量率: 0%
2026-07-27 13:27:59 | INFO     | 
🔍 [正在处理] ANS_POC_136 | 启动 3WD 流水线...
2026-07-27 13:27:59 | INFO     | 📢 [总进度] 12/58 份试卷已归档。
2026-07-27 13:28:26 | INFO     | ✅ [批改完成] ANS_POC_135 | 路由: BND | 最终分: 3.73 | 风险: P0.00/U0.17/F0.00/H0/L0 | 提取质量: 🟢high | 留白率: 0% | 低质量率: 0%
2026-07-27 13:28:26 | INFO     | 
🔍 [正在处理] ANS_POC_137 | 启动 3WD 流水线...
2026-07-27 13:28:26 | INFO     | 📢 [总进度] 13/58 份试卷已归档。
2026-07-27 13:29:10 | INFO     | ✅ [批改完成] ANS_POC_136 | 路由: BND | 最终分: 3.7 | 风险: P0.00/U0.29/F0.00/H0/L1 | 提取质量: 🟢high | 留白率: 0% | 低质量率: 0%
2026-07-27 13:29:10 | INFO     | 
🔍 [正在处理] ANS_POC_138 | 启动 3WD 流水线...
2026-07-27 13:29:10 | INFO     | 📢 [总进度] 14/58 份试卷已归档。
2026-07-27 13:29:36 | INFO     | ✅ [批改完成] ANS_POC_137 | 路由: BND | 最终分: 4.2 | 风险: P0.00/U0.18/F0.00/H0/L0 | 提取质量: 🟢high | 留白率: 0% | 低质量率: 0%
2026-07-27 13:29:36 | INFO     | 
🔍 [正在处理] ANS_POC_139 | 启动 3WD 流水线...
2026-07-27 13:29:36 | INFO     | 📢 [总进度] 15/58 份试卷已归档。
2026-07-27 13:30:11 | INFO     | ✅ [批改完成] ANS_POC_138 | 路由: POS | 最终分: 3.2 | 风险: P0.00/U0.05/F0.00/H0/L0 | 提取质量: 🟢high | 留白率: 0% | 低质量率: 0%
2026-07-27 13:30:11 | INFO     | 
🔍 [正在处理] ANS_POC_140 | 启动 3WD 流水线...
2026-07-27 13:30:11 | INFO     | 📢 [总进度] 16/58 份试卷已归档。
2026-07-27 13:31:04 | INFO     | ✅ [批改完成] ANS_POC_139 | 路由: BND | 最终分: 2.2 | 风险: P0.00/U0.05/F0.30/H0/L1 | 提取质量: 🟢high | 留白率: 0% | 低质量率: 0%
2026-07-27 13:31:04 | INFO     | 
🔍 [正在处理] ANS_POC_141 | 启动 3WD 流水线...
2026-07-27 13:31:04 | INFO     | 📢 [总进度] 17/58 份试卷已归档。
2026-07-27 13:31:27 | INFO     | ✅ [批改完成] ANS_POC_140 | 路由: BND | 最终分: 2.76 | 风险: P0.00/U0.14/F0.00/H0/L0 | 提取质量: 🟢high | 留白率: 0% | 低质量率: 0%
2026-07-27 13:31:27 | INFO     | 
🔍 [正在处理] ANS_POC_142 | 启动 3WD 流水线...
2026-07-27 13:31:27 | INFO     | 📢 [总进度] 18/58 份试卷已归档。
2026-07-27 13:32:23 | INFO     | ✅ [批改完成] ANS_POC_141 | 路由: POS | 最终分: 3.2 | 风险: P0.00/U0.05/F0.00/H0/L0 | 提取质量: 🟢high | 留白率: 0% | 低质量率: 0%
2026-07-27 13:32:23 | INFO     | 
🔍 [正在处理] ANS_POC_143 | 启动 3WD 流水线...
2026-07-27 13:32:23 | INFO     | 📢 [总进度] 19/58 份试卷已归档。
2026-07-27 13:33:02 | INFO     | ✅ [批改完成] ANS_POC_142 | 路由: POS | 最终分: 3.2 | 风险: P0.00/U0.04/F0.00/H0/L0 | 提取质量: 🟢high | 留白率: 0% | 低质量率: 0%
2026-07-27 13:33:02 | INFO     | 
🔍 [正在处理] ANS_POC_144 | 启动 3WD 流水线...
2026-07-27 13:33:02 | INFO     | 📢 [总进度] 20/58 份试卷已归档。
2026-07-27 13:33:37 | INFO     | ✅ [批改完成] ANS_POC_143 | 路由: POS | 最终分: 5.0 | 风险: P0.00/U0.00/F0.00/H0/L0 | 提取质量: 🟢high | 留白率: 0% | 低质量率: 0%
2026-07-27 13:33:37 | INFO     | 
🔍 [正在处理] ANS_POC_145 | 启动 3WD 流水线...
2026-07-27 13:33:37 | INFO     | 📢 [总进度] 21/58 份试卷已归档。
2026-07-27 13:34:25 | INFO     | ✅ [批改完成] ANS_POC_144 | 路由: BND | 最终分: 4.8 | 风险: P0.00/U0.09/F0.00/H0/L0 | 提取质量: 🟢high | 留白率: 0% | 低质量率: 0%
2026-07-27 13:34:25 | INFO     | 
🔍 [正在处理] ANS_POC_146 | 启动 3WD 流水线...
2026-07-27 13:34:25 | INFO     | 📢 [总进度] 22/58 份试卷已归档。
2026-07-27 13:35:01 | INFO     | ✅ [批改完成] ANS_POC_145 | 路由: BND | 最终分: 4.3 | 风险: P0.00/U0.12/F0.00/H0/L0 | 提取质量: 🟢high | 留白率: 0% | 低质量率: 0%
2026-07-27 13:35:01 | INFO     | 
🔍 [正在处理] ANS_POC_147 | 启动 3WD 流水线...
2026-07-27 13:35:01 | INFO     | 📢 [总进度] 23/58 份试卷已归档。
2026-07-27 13:35:31 | INFO     | ✅ [批改完成] ANS_POC_146 | 路由: BND | 最终分: 4.1 | 风险: P0.00/U0.09/F0.00/H0/L0 | 提取质量: 🟢high | 留白率: 0% | 低质量率: 0%
2026-07-27 13:35:31 | INFO     | 
🔍 [正在处理] ANS_POC_148 | 启动 3WD 流水线...
2026-07-27 13:35:31 | INFO     | 📢 [总进度] 24/58 份试卷已归档。
2026-07-27 13:36:32 | INFO     | ✅ [批改完成] ANS_POC_147 | 路由: BND | 最终分: 2.9 | 风险: P0.00/U0.15/F0.00/H0/L0 | 提取质量: 🟢high | 留白率: 0% | 低质量率: 0%
2026-07-27 13:36:32 | INFO     | 
🔍 [正在处理] ANS_POC_149 | 启动 3WD 流水线...
2026-07-27 13:36:32 | INFO     | 📢 [总进度] 25/58 份试卷已归档。
2026-07-27 13:36:33 | INFO     | ✅ [批改完成] ANS_POC_148 | 路由: POS | 最终分: 2.9 | 风险: P0.00/U0.02/F0.00/H0/L1 | 提取质量: 🟢high | 留白率: 0% | 低质量率: 0%
2026-07-27 13:36:33 | INFO     | 
🔍 [正在处理] ANS_POC_150 | 启动 3WD 流水线...
2026-07-27 13:36:33 | INFO     | 📢 [总进度] 26/58 份试卷已归档。
2026-07-27 13:38:22 | INFO     | ✅ [批改完成] ANS_POC_149 | 路由: BND | 最终分: 3.8 | 风险: P0.00/U0.18/F0.00/H0/L1 | 提取质量: 🟢high | 留白率: 0% | 低质量率: 0%
2026-07-27 13:38:22 | INFO     | 
🔍 [正在处理] ANS_POC_151 | 启动 3WD 流水线...
2026-07-27 13:38:22 | INFO     | 📢 [总进度] 27/58 份试卷已归档。
2026-07-27 13:38:28 | INFO     | ✅ [批改完成] ANS_POC_150 | 路由: BND | 最终分: 3.92 | 风险: P0.00/U0.08/F0.00/H0/L0 | 提取质量: 🟢high | 留白率: 0% | 低质量率: 0%
2026-07-27 13:38:28 | INFO     | 
🔍 [正在处理] ANS_POC_152 | 启动 3WD 流水线...
2026-07-27 13:38:28 | INFO     | 📢 [总进度] 28/58 份试卷已归档。
2026-07-27 13:39:50 | INFO     | ✅ [批改完成] ANS_POC_151 | 路由: BND | 最终分: 3.45 | 风险: P0.00/U0.07/F0.00/H0/L0 | 提取质量: 🟢high | 留白率: 0% | 低质量率: 0%
2026-07-27 13:39:50 | INFO     | 
🔍 [正在处理] ANS_POC_153 | 启动 3WD 流水线...
2026-07-27 13:39:50 | INFO     | 📢 [总进度] 29/58 份试卷已归档。
2026-07-27 13:39:52 | INFO     | ✅ [批改完成] ANS_POC_152 | 路由: BND | 最终分: 5.0 | 风险: P0.00/U0.12/F0.00/H0/L0 | 提取质量: 🟢high | 留白率: 0% | 低质量率: 0%
2026-07-27 13:39:52 | INFO     | 
🔍 [正在处理] ANS_POC_154 | 启动 3WD 流水线...
2026-07-27 13:39:52 | INFO     | 📢 [总进度] 30/58 份试卷已归档。
2026-07-27 13:41:01 | INFO     | ✅ [批改完成] ANS_POC_153 | 路由: BND | 最终分: 2.6 | 风险: P0.00/U0.24/F0.00/H0/L1 | 提取质量: 🟢high | 留白率: 0% | 低质量率: 0%
2026-07-27 13:41:01 | INFO     | 
🔍 [正在处理] ANS_POC_155 | 启动 3WD 流水线...
2026-07-27 13:41:01 | INFO     | 📢 [总进度] 31/58 份试卷已归档。
2026-07-27 13:41:08 | INFO     | ✅ [批改完成] ANS_POC_154 | 路由: BND | 最终分: 3.2 | 风险: P0.00/U0.17/F0.00/H0/L0 | 提取质量: 🟢high | 留白率: 0% | 低质量率: 0%
2026-07-27 13:41:08 | INFO     | 
🔍 [正在处理] ANS_POC_156 | 启动 3WD 流水线...
2026-07-27 13:41:08 | INFO     | 📢 [总进度] 32/58 份试卷已归档。
2026-07-27 13:42:19 | INFO     | ✅ [批改完成] ANS_POC_156 | 路由: BND | 最终分: 4.0 | 风险: P0.00/U0.14/F0.00/H0/L0 | 提取质量: 🟢high | 留白率: 0% | 低质量率: 0%
2026-07-27 13:42:19 | INFO     | 
🔍 [正在处理] ANS_POC_157 | 启动 3WD 流水线...
2026-07-27 13:42:19 | INFO     | 📢 [总进度] 33/58 份试卷已归档。
2026-07-27 13:42:36 | INFO     | ✅ [批改完成] ANS_POC_155 | 路由: BND | 最终分: 4.0 | 风险: P0.00/U0.14/F0.00/H0/L0 | 提取质量: 🟢high | 留白率: 0% | 低质量率: 0%
2026-07-27 13:42:36 | INFO     | 
🔍 [正在处理] ANS_POC_158 | 启动 3WD 流水线...
2026-07-27 13:42:36 | INFO     | 📢 [总进度] 34/58 份试卷已归档。
2026-07-27 13:44:00 | INFO     | ✅ [批改完成] ANS_POC_157 | 路由: POS | 最终分: 5.0 | 风险: P0.00/U0.00/F0.00/H0/L0 | 提取质量: 🟢high | 留白率: 0% | 低质量率: 0%
2026-07-27 13:44:00 | INFO     | 
🔍 [正在处理] ANS_POC_159 | 启动 3WD 流水线...
2026-07-27 13:44:00 | INFO     | 📢 [总进度] 35/58 份试卷已归档。
2026-07-27 13:44:03 | INFO     | ✅ [批改完成] ANS_POC_158 | 路由: BND | 最终分: 3.6 | 风险: P0.00/U0.13/F0.00/H0/L0 | 提取质量: 🟢high | 留白率: 0% | 低质量率: 0%
2026-07-27 13:44:03 | INFO     | 
🔍 [正在处理] ANS_POC_160 | 启动 3WD 流水线...
2026-07-27 13:44:03 | INFO     | 📢 [总进度] 36/58 份试卷已归档。
2026-07-27 13:45:22 | INFO     | ✅ [批改完成] ANS_POC_159 | 路由: BND | 最终分: 2.0 | 风险: P0.00/U0.28/F0.00/H0/L1 | 提取质量: 🟢high | 留白率: 0% | 低质量率: 0%
2026-07-27 13:45:22 | INFO     | 
🔍 [正在处理] ANS_POC_161 | 启动 3WD 流水线...
2026-07-27 13:45:22 | INFO     | 📢 [总进度] 37/58 份试卷已归档。
2026-07-27 13:45:23 | INFO     | ✅ [批改完成] ANS_POC_160 | 路由: BND | 最终分: 4.1 | 风险: P0.00/U0.26/F0.00/H0/L0 | 提取质量: 🟢high | 留白率: 0% | 低质量率: 0%
2026-07-27 13:45:23 | INFO     | 
🔍 [正在处理] ANS_POC_162 | 启动 3WD 流水线...
2026-07-27 13:45:23 | INFO     | 📢 [总进度] 38/58 份试卷已归档。
2026-07-27 13:46:40 | INFO     | ✅ [批改完成] ANS_POC_161 | 路由: BND | 最终分: 3.1 | 风险: P0.00/U0.13/F0.00/H0/L0 | 提取质量: 🟢high | 留白率: 0% | 低质量率: 0%
2026-07-27 13:46:40 | INFO     | 
🔍 [正在处理] ANS_POC_163 | 启动 3WD 流水线...
2026-07-27 13:46:40 | INFO     | 📢 [总进度] 39/58 份试卷已归档。
2026-07-27 13:46:44 | INFO     | ✅ [批改完成] ANS_POC_162 | 路由: BND | 最终分: 3.9 | 风险: P0.00/U0.29/F0.00/H0/L0 | 提取质量: 🟢high | 留白率: 0% | 低质量率: 0%
2026-07-27 13:46:44 | INFO     | 
🔍 [正在处理] ANS_POC_164 | 启动 3WD 流水线...
2026-07-27 13:46:44 | INFO     | 📢 [总进度] 40/58 份试卷已归档。
2026-07-27 13:48:15 | INFO     | ✅ [批改完成] ANS_POC_163 | 路由: BND | 最终分: 4.35 | 风险: P0.00/U0.06/F0.00/H0/L0 | 提取质量: 🟢high | 留白率: 0% | 低质量率: 0%
2026-07-27 13:48:15 | INFO     | 
🔍 [正在处理] ANS_POC_165 | 启动 3WD 流水线...
2026-07-27 13:48:15 | INFO     | 📢 [总进度] 41/58 份试卷已归档。
2026-07-27 13:48:25 | INFO     | ✅ [批改完成] ANS_POC_164 | 路由: BND | 最终分: 3.3 | 风险: P0.00/U0.09/F0.00/H0/L0 | 提取质量: 🟢high | 留白率: 0% | 低质量率: 0%
2026-07-27 13:48:25 | INFO     | 
🔍 [正在处理] ANS_POC_166 | 启动 3WD 流水线...
2026-07-27 13:48:25 | INFO     | 📢 [总进度] 42/58 份试卷已归档。
2026-07-27 13:49:15 | INFO     | ✅ [批改完成] ANS_POC_165 | 路由: POS | 最终分: 4.9 | 风险: P0.00/U0.02/F0.00/H0/L0 | 提取质量: 🟢high | 留白率: 0% | 低质量率: 0%
2026-07-27 13:49:15 | INFO     | 
🔍 [正在处理] ANS_POC_167 | 启动 3WD 流水线...
2026-07-27 13:49:15 | INFO     | 📢 [总进度] 43/58 份试卷已归档。
2026-07-27 13:49:48 | INFO     | ✅ [批改完成] ANS_POC_166 | 路由: BND | 最终分: 4.75 | 风险: P0.00/U0.07/F0.00/H0/L0 | 提取质量: 🟢high | 留白率: 0% | 低质量率: 0%
2026-07-27 13:49:48 | INFO     | 
🔍 [正在处理] ANS_POC_168 | 启动 3WD 流水线...
2026-07-27 13:49:48 | INFO     | 📢 [总进度] 44/58 份试卷已归档。
2026-07-27 13:50:43 | INFO     | ✅ [批改完成] ANS_POC_167 | 路由: POS | 最终分: 5.0 | 风险: P0.00/U0.00/F0.00/H0/L0 | 提取质量: 🟢high | 留白率: 0% | 低质量率: 0%
2026-07-27 13:50:43 | INFO     | 
🔍 [正在处理] ANS_POC_169 | 启动 3WD 流水线...
2026-07-27 13:50:43 | INFO     | 📢 [总进度] 45/58 份试卷已归档。
2026-07-27 13:51:19 | INFO     | ✅ [批改完成] ANS_POC_168 | 路由: BND | 最终分: 2.8 | 风险: P0.00/U0.09/F0.30/H0/L1 | 提取质量: 🟢high | 留白率: 0% | 低质量率: 0%
2026-07-27 13:51:19 | INFO     | 
🔍 [正在处理] ANS_POC_170 | 启动 3WD 流水线...
2026-07-27 13:51:19 | INFO     | 📢 [总进度] 46/58 份试卷已归档。
2026-07-27 13:51:48 | INFO     | ✅ [批改完成] ANS_POC_169 | 路由: POS | 最终分: 5.0 | 风险: P0.00/U0.00/F0.00/H0/L0 | 提取质量: 🟢high | 留白率: 0% | 低质量率: 0%
2026-07-27 13:51:48 | INFO     | 
🔍 [正在处理] ANS_POC_171 | 启动 3WD 流水线...
2026-07-27 13:51:48 | INFO     | 📢 [总进度] 47/58 份试卷已归档。
2026-07-27 13:52:30 | INFO     | ✅ [批改完成] ANS_POC_170 | 路由: POS | 最终分: 3.9 | 风险: P0.00/U0.02/F0.00/H0/L0 | 提取质量: 🟢high | 留白率: 0% | 低质量率: 0%
2026-07-27 13:52:30 | INFO     | 
🔍 [正在处理] ANS_POC_172 | 启动 3WD 流水线...
2026-07-27 13:52:30 | INFO     | 📢 [总进度] 48/58 份试卷已归档。
2026-07-27 13:53:03 | INFO     | ✅ [批改完成] ANS_POC_171 | 路由: POS | 最终分: 4.6 | 风险: P0.00/U0.02/F0.00/H0/L0 | 提取质量: 🟢high | 留白率: 0% | 低质量率: 0%
2026-07-27 13:53:03 | INFO     | 
🔍 [正在处理] ANS_POC_173 | 启动 3WD 流水线...
2026-07-27 13:53:03 | INFO     | 📢 [总进度] 49/58 份试卷已归档。
2026-07-27 13:53:52 | INFO     | ✅ [批改完成] ANS_POC_172 | 路由: BND | 最终分: 3.9 | 风险: P0.00/U0.35/F0.00/H0/L1 | 提取质量: 🟢high | 留白率: 0% | 低质量率: 0%
2026-07-27 13:53:52 | INFO     | 
🔍 [正在处理] ANS_POC_174 | 启动 3WD 流水线...
2026-07-27 13:53:52 | INFO     | 📢 [总进度] 50/58 份试卷已归档。
2026-07-27 13:54:28 | INFO     | ✅ [批改完成] ANS_POC_173 | 路由: BND | 最终分: 4.0 | 风险: P0.00/U0.30/F0.00/H0/L1 | 提取质量: 🟢high | 留白率: 0% | 低质量率: 0%
2026-07-27 13:54:28 | INFO     | 
🔍 [正在处理] ANS_POC_175 | 启动 3WD 流水线...
2026-07-27 13:54:28 | INFO     | 📢 [总进度] 51/58 份试卷已归档。
2026-07-27 13:54:53 | INFO     | ✅ [批改完成] ANS_POC_174 | 路由: POS | 最终分: 3.8 | 风险: P0.00/U0.03/F0.00/H0/L0 | 提取质量: 🟢high | 留白率: 0% | 低质量率: 0%
2026-07-27 13:54:53 | INFO     | 
🔍 [正在处理] ANS_POC_176 | 启动 3WD 流水线...
2026-07-27 13:54:53 | INFO     | 📢 [总进度] 52/58 份试卷已归档。
2026-07-27 13:55:51 | INFO     | ✅ [批改完成] ANS_POC_175 | 路由: BND | 最终分: 4.7 | 风险: P0.00/U0.08/F0.00/H0/L0 | 提取质量: 🟢high | 留白率: 0% | 低质量率: 0%
2026-07-27 13:55:51 | INFO     | 
🔍 [正在处理] ANS_POC_177 | 启动 3WD 流水线...
2026-07-27 13:55:51 | INFO     | 📢 [总进度] 53/58 份试卷已归档。
2026-07-27 13:56:28 | INFO     | ✅ [批改完成] ANS_POC_176 | 路由: BND | 最终分: 4.5 | 风险: P0.00/U0.11/F0.00/H0/L0 | 提取质量: 🟢high | 留白率: 0% | 低质量率: 0%
2026-07-27 13:56:28 | INFO     | 
🔍 [正在处理] ANS_POC_178 | 启动 3WD 流水线...
2026-07-27 13:56:28 | INFO     | 📢 [总进度] 54/58 份试卷已归档。
2026-07-27 13:56:55 | INFO     | ✅ [批改完成] ANS_POC_177 | 路由: POS | 最终分: 4.8 | 风险: P0.00/U0.05/F0.00/H0/L0 | 提取质量: 🟢high | 留白率: 0% | 低质量率: 0%
2026-07-27 13:56:55 | INFO     | 
🔍 [正在处理] ANS_POC_179 | 启动 3WD 流水线...
2026-07-27 13:56:55 | INFO     | 📢 [总进度] 55/58 份试卷已归档。
2026-07-27 13:57:44 | INFO     | ✅ [批改完成] ANS_POC_178 | 路由: BND | 最终分: 2.83 | 风险: P0.00/U0.38/F0.00/H0/L0 | 提取质量: 🟢high | 留白率: 0% | 低质量率: 0%
2026-07-27 13:57:44 | INFO     | 
🔍 [正在处理] ANS_POC_180 | 启动 3WD 流水线...
2026-07-27 13:57:44 | INFO     | 📢 [总进度] 56/58 份试卷已归档。
2026-07-27 13:58:18 | INFO     | ✅ [批改完成] ANS_POC_179 | 路由: BND | 最终分: 4.0 | 风险: P0.00/U0.15/F0.00/H0/L0 | 提取质量: 🟢high | 留白率: 0% | 低质量率: 0%
2026-07-27 13:58:18 | INFO     | 📢 [总进度] 57/58 份试卷已归档。
2026-07-27 13:59:20 | INFO     | ✅ [批改完成] ANS_POC_180 | 路由: BND | 最终分: 4.0 | 风险: P0.00/U0.32/F0.00/H0/L1 | 提取质量: 🟢high | 留白率: 0% | 低质量率: 0%
2026-07-27 13:59:20 | INFO     | 📢 [总进度] 58/58 份试卷已归档。
2026-07-27 13:59:20 | INFO     | 🗂️ 所有线程交卷完毕，正在整理数据... (共收集 58/58 份结果)
2026-07-27 13:59:20 | INFO     | 💾 正常批改结果已保存: D:\users\王鑫020420\Desktop\refgrader-main\results_runs\csbench_poc1_poc2_poc3_poc4_poc5_poc6_all\runs\teacher_audit_poc_1_6_20260725_192008\POC_5_graded_results.json (58 人)
2026-07-27 13:59:20 | INFO     | ✅ 无拒绝域案例。
2026-07-27 13:59:20 | INFO     | [result consistency] POC_5: checkpoint=58, graded=58, rejected=0, failed=0, expected=58
2026-07-27 13:59:20 | INFO     | 
🚀 [标准模式] 开始处理: POC_6
2026-07-27 13:59:20 | INFO     | ⚡ 已加载本地标准: D:\users\王鑫020420\Desktop\refgrader-main\data\csbench\rubrics\optimized\POC\POC_6_rubric_standard.json
2026-07-27 13:59:20 | INFO     | [PaddleOCR] preparing 55/55 visual-answer cache entries...
2026-07-27 14:04:38 | INFO     | [12/55] cache hit: ANS_POC_192.jpg
[18/55] cache hit: ANS_POC_198.jpg
[22/55] cache hit: ANS_POC_202.jpg
[24/55] cache hit: ANS_POC_204.jpg
[25/55] cache hit: ANS_POC_205.jpg
Initialize PaddleOCR | device=cpu | lang=ch | pending=50/55 | model_cache=D:\paddlex_cache
[1/55] completed: ANS_POC_181.jpg | tokens=2 | mean_conf=0.927528 | output=D:\users\王鑫020420\Desktop\refgrader-main\ocr_cache\csbench\POC_6\ANS_POC_181.json
[2/55] completed: ANS_POC_182.jpg | tokens=21 | mean_conf=0.894635 | output=D:\users\王鑫020420\Desktop\refgrader-main\ocr_cache\csbench\POC_6\ANS_POC_182.json
[3/55] completed: ANS_POC_183.jpg | tokens=38 | mean_conf=0.854767 | output=D:\users\王鑫020420\Desktop\refgrader-main\ocr_cache\csbench\POC_6\ANS_POC_183.json
[4/55] completed: ANS_POC_184.jpg | tokens=9 | mean_conf=0.884862 | output=D:\users\王鑫020420\Desktop\refgrader-main\ocr_cache\csbench\POC_6\ANS_POC_184.json
[5/55] completed: ANS_POC_185.jpg | tokens=14 | mean_conf=0.929907 | output=D:\users\王鑫020420\Desktop\refgrader-main\ocr_cache\csbench\POC_6\ANS_POC_185.json
[6/55] completed: ANS_POC_186.jpg | tokens=14 | mean_conf=0.98355 | output=D:\users\王鑫020420\Desktop\refgrader-main\ocr_cache\csbench\POC_6\ANS_POC_186.json
[7/55] completed: ANS_POC_187.jpg | tokens=25 | mean_conf=0.929384 | output=D:\users\王鑫020420\Desktop\refgrader-main\ocr_cache\csbench\POC_6\ANS_POC_187.json
[8/55] completed: ANS_POC_188.jpg | tokens=17 | mean_conf=0.850026 | output=D:\users\王鑫020420\Desktop\refgrader-main\ocr_cache\csbench\POC_6\ANS_POC_188.json
[9/55] completed: ANS_POC_189.jpg | tokens=22 | mean_conf=0.965806 | output=D:\users\王鑫020420\Desktop\refgrader-main\ocr_cache\csbench\POC_6\ANS_POC_189.json
[10/55] completed: ANS_POC_190.jpg | tokens=19 | mean_conf=0.944497 | output=D:\users\王鑫020420\Desktop\refgrader-main\ocr_cache\csbench\POC_6\ANS_POC_190.json
[11/55] completed: ANS_POC_191.jpg | tokens=17 | mean_conf=0.9212 | output=D:\users\王鑫020420\Desktop\refgrader-main\ocr_cache\csbench\POC_6\ANS_POC_191.json
[13/55] completed: ANS_POC_193.jpg | tokens=20 | mean_conf=0.977575 | output=D:\users\王鑫020420\Desktop\refgrader-main\ocr_cache\csbench\POC_6\ANS_POC_193.json
[14/55] completed: ANS_POC_194.jpg | tokens=2 | mean_conf=0.999899 | output=D:\users\王鑫020420\Desktop\refgrader-main\ocr_cache\csbench\POC_6\ANS_POC_194.json
[15/55] completed: ANS_POC_195.jpg | tokens=33 | mean_conf=0.859241 | output=D:\users\王鑫020420\Desktop\refgrader-main\ocr_cache\csbench\POC_6\ANS_POC_195.json
[16/55] completed: ANS_POC_196.jpg | tokens=2 | mean_conf=0.895834 | output=D:\users\王鑫020420\Desktop\refgrader-main\ocr_cache\csbench\POC_6\ANS_POC_196.json
[17/55] completed: ANS_POC_197.jpg | tokens=18 | mean_conf=0.905143 | output=D:\users\王鑫020420\Desktop\refgrader-main\ocr_cache\csbench\POC_6\ANS_POC_197.json
[19/55] completed: ANS_POC_199.jpg | tokens=27 | mean_conf=0.927329 | output=D:\users\王鑫020420\Desktop\refgrader-main\ocr_cache\csbench\POC_6\ANS_POC_199.json
[20/55] completed: ANS_POC_200.jpg | tokens=20 | mean_conf=0.949739 | output=D:\users\王鑫020420\Desktop\refgrader-main\ocr_cache\csbench\POC_6\ANS_POC_200.json
[21/55] completed: ANS_POC_201.jpg | tokens=23 | mean_conf=0.966899 | output=D:\users\王鑫020420\Desktop\refgrader-main\ocr_cache\csbench\POC_6\ANS_POC_201.json
[23/55] completed: ANS_POC_203.jpg | tokens=26 | mean_conf=0.96767 | output=D:\users\王鑫020420\Desktop\refgrader-main\ocr_cache\csbench\POC_6\ANS_POC_203.json
[26/55] completed: ANS_POC_206.jpg | tokens=3 | mean_conf=0.997244 | output=D:\users\王鑫020420\Desktop\refgrader-main\ocr_cache\csbench\POC_6\ANS_POC_206.json
[27/55] completed: ANS_POC_207.jpg | tokens=18 | mean_conf=0.883966 | output=D:\users\王鑫020420\Desktop\refgrader-main\ocr_cache\csbench\POC_6\ANS_POC_207.json
[28/55] completed: ANS_POC_208.jpg | tokens=17 | mean_conf=0.922809 | output=D:\users\王鑫020420\Desktop\refgrader-main\ocr_cache\csbench\POC_6\ANS_POC_208.json
[29/55] completed: ANS_POC_209.jpg | tokens=12 | mean_conf=0.894818 | output=D:\users\王鑫020420\Desktop\refgrader-main\ocr_cache\csbench\POC_6\ANS_POC_209.json
[30/55] completed: ANS_POC_210.jpg | tokens=21 | mean_conf=0.917775 | output=D:\users\王鑫020420\Desktop\refgrader-main\ocr_cache\csbench\POC_6\ANS_POC_210.json
[31/55] completed: ANS_POC_211.jpg | tokens=20 | mean_conf=0.915447 | output=D:\users\王鑫020420\Desktop\refgrader-main\ocr_cache\csbench\POC_6\ANS_POC_211.json
[32/55] completed: ANS_POC_212.jpg | tokens=19 | mean_conf=0.886227 | output=D:\users\王鑫020420\Desktop\refgrader-main\ocr_cache\csbench\POC_6\ANS_POC_212.json
[33/55] completed: ANS_POC_213.jpg | tokens=23 | mean_conf=0.923112 | output=D:\users\王鑫020420\Desktop\refgrader-main\ocr_cache\csbench\POC_6\ANS_POC_213.json
[34/55] completed: ANS_POC_214.jpg | tokens=18 | mean_conf=0.938088 | output=D:\users\王鑫020420\Desktop\refgrader-main\ocr_cache\csbench\POC_6\ANS_POC_214.json
[35/55] completed: ANS_POC_215.jpg | tokens=24 | mean_conf=0.889879 | output=D:\users\王鑫020420\Desktop\refgrader-main\ocr_cache\csbench\POC_6\ANS_POC_215.json
[36/55] completed: ANS_POC_216.jpg | tokens=12 | mean_conf=0.950596 | output=D:\users\王鑫020420\Desktop\refgrader-main\ocr_cache\csbench\POC_6\ANS_POC_216.json
[37/55] completed: ANS_POC_217.jpg | tokens=19 | mean_conf=0.988091 | output=D:\users\王鑫020420\Desktop\refgrader-main\ocr_cache\csbench\POC_6\ANS_POC_217.json
[38/55] completed: ANS_POC_218.jpg | tokens=13 | mean_conf=0.854034 | output=D:\users\王鑫020420\Desktop\refgrader-main\ocr_cache\csbench\POC_6\ANS_POC_218.json
[39/55] completed: ANS_POC_219.jpg | tokens=9 | mean_conf=0.931554 | output=D:\users\王鑫020420\Desktop\refgrader-main\ocr_cache\csbench\POC_6\ANS_POC_219.json
[40/55] completed: ANS_POC_220.jpg | tokens=19 | mean_conf=0.944028 | output=D:\users\王鑫020420\Desktop\refgrader-main\ocr_cache\csbench\POC_6\ANS_POC_220.json
[41/55] completed: ANS_POC_221.jpg | tokens=12 | mean_conf=0.910711 | output=D:\users\王鑫020420\Desktop\refgrader-main\ocr_cache\csbench\POC_6\ANS_POC_221.json
[42/55] completed: ANS_POC_222.jpg | tokens=17 | mean_conf=0.957423 | output=D:\users\王鑫020420\Desktop\refgrader-main\ocr_cache\csbench\POC_6\ANS_POC_222.json
[43/55] completed: ANS_POC_223.jpg | tokens=14 | mean_conf=0.894717 | output=D:\users\王鑫020420\Desktop\refgrader-main\ocr_cache\csbench\POC_6\ANS_POC_223.json
[44/55] completed: ANS_POC_224.jpg | tokens=16 | mean_conf=0.904281 | output=D:\users\王鑫020420\Desktop\refgrader-main\ocr_cache\csbench\POC_6\ANS_POC_224.json
[45/55] completed: ANS_POC_225.jpg | tokens=13 | mean_conf=0.918692 | output=D:\users\王鑫020420\Desktop\refgrader-main\ocr_cache\csbench\POC_6\ANS_POC_225.json
[46/55] completed: ANS_POC_226.jpg | tokens=35 | mean_conf=0.912717 | output=D:\users\王鑫020420\Desktop\refgrader-main\ocr_cache\csbench\POC_6\ANS_POC_226.json
[47/55] completed: ANS_POC_227.jpg | tokens=8 | mean_conf=0.982856 | output=D:\users\王鑫020420\Desktop\refgrader-main\ocr_cache\csbench\POC_6\ANS_POC_227.json
[48/55] completed: ANS_POC_228.jpg | tokens=26 | mean_conf=0.868944 | output=D:\users\王鑫020420\Desktop\refgrader-main\ocr_cache\csbench\POC_6\ANS_POC_228.json
[49/55] completed: ANS_POC_229.jpg | tokens=19 | mean_conf=0.871781 | output=D:\users\王鑫020420\Desktop\refgrader-main\ocr_cache\csbench\POC_6\ANS_POC_229.json
[50/55] completed: ANS_POC_230.jpg | tokens=14 | mean_conf=0.916474 | output=D:\users\王鑫020420\Desktop\refgrader-main\ocr_cache\csbench\POC_6\ANS_POC_230.json
[51/55] completed: ANS_POC_231.jpg | tokens=21 | mean_conf=0.899693 | output=D:\users\王鑫020420\Desktop\refgrader-main\ocr_cache\csbench\POC_6\ANS_POC_231.json
[52/55] completed: ANS_POC_232.jpg | tokens=15 | mean_conf=0.965659 | output=D:\users\王鑫020420\Desktop\refgrader-main\ocr_cache\csbench\POC_6\ANS_POC_232.json
[53/55] completed: ANS_POC_233.jpg | tokens=14 | mean_conf=0.930685 | output=D:\users\王鑫020420\Desktop\refgrader-main\ocr_cache\csbench\POC_6\ANS_POC_233.json
[54/55] completed: ANS_POC_234.jpg | tokens=15 | mean_conf=0.890946 | output=D:\users\王鑫020420\Desktop\refgrader-main\ocr_cache\csbench\POC_6\ANS_POC_234.json
[55/55] completed: ANS_POC_235.jpg | tokens=21 | mean_conf=0.943936 | output=D:\users\王鑫020420\Desktop\refgrader-main\ocr_cache\csbench\POC_6\ANS_POC_235.json
summary: completed=50, skipped=5, failed=0
2026-07-27 14:04:49 | INFO     | ⚡ 脱敏清单已预生成，55 名学生共享复用。
2026-07-27 14:04:49 | INFO     | 🏃 开始批改 55 张试卷 (⚡ 开启多线程模式)...
2026-07-27 14:04:49 | INFO     | 
🔍 [正在处理] ANS_POC_181 | 启动 3WD 流水线...
2026-07-27 14:04:49 | INFO     | 
🔍 [正在处理] ANS_POC_182 | 启动 3WD 流水线...
2026-07-27 14:04:49 | INFO     | ⏳ [主线程] 已提交 55 个任务，等待结果回收...
2026-07-27 14:05:45 | INFO     | ✅ [批改完成] ANS_POC_181 | 路由: BND | 最终分: 0 | 风险: P0.60/U0.00/F0.00/H0/L0 | 提取质量: 🟡low | 留白率: 60% | 低质量率: 0%
2026-07-27 14:05:45 | INFO     | 
🔍 [正在处理] ANS_POC_183 | 启动 3WD 流水线...
2026-07-27 14:05:45 | INFO     | 📢 [总进度] 1/55 份试卷已归档。
2026-07-27 14:06:15 | INFO     | ✅ [批改完成] ANS_POC_182 | 路由: POS | 最终分: 9.1 | 风险: P0.00/U0.03/F0.00/H0/L0 | 提取质量: 🟢high | 留白率: 0% | 低质量率: 0%
2026-07-27 14:06:15 | INFO     | 
🔍 [正在处理] ANS_POC_184 | 启动 3WD 流水线...
2026-07-27 14:06:15 | INFO     | 📢 [总进度] 2/55 份试卷已归档。
2026-07-27 14:08:09 | INFO     | ✅ [批改完成] ANS_POC_183 | 路由: BND | 最终分: 1.8 | 风险: P0.16/U0.09/F0.00/H0/L1 | 提取质量: 🟢high | 留白率: 20% | 低质量率: 0%
2026-07-27 14:08:09 | INFO     | 
🔍 [正在处理] ANS_POC_185 | 启动 3WD 流水线...
2026-07-27 14:08:09 | INFO     | 📢 [总进度] 3/55 份试卷已归档。
2026-07-27 14:08:33 | INFO     | ✅ [批改完成] ANS_POC_184 | 路由: BND | 最终分: 5.15 | 风险: P0.16/U0.24/F0.40/H0/L1 | 提取质量: 🟢high | 留白率: 20% | 低质量率: 0%
2026-07-27 14:08:33 | INFO     | 
🔍 [正在处理] ANS_POC_186 | 启动 3WD 流水线...
2026-07-27 14:08:33 | INFO     | 📢 [总进度] 4/55 份试卷已归档。
2026-07-27 14:09:51 | INFO     | ✅ [批改完成] ANS_POC_185 | 路由: BND | 最终分: 5.4 | 风险: P0.16/U0.12/F0.00/H0/L1 | 提取质量: 🟢high | 留白率: 20% | 低质量率: 0%
2026-07-27 14:09:51 | INFO     | 
🔍 [正在处理] ANS_POC_187 | 启动 3WD 流水线...
2026-07-27 14:09:51 | INFO     | 📢 [总进度] 5/55 份试卷已归档。
2026-07-27 14:10:02 | INFO     | ✅ [批改完成] ANS_POC_186 | 路由: BND | 最终分: 1.3 | 风险: P0.22/U0.05/F0.25/H0/L1 | 提取质量: 🟢high | 留白率: 20% | 低质量率: 0%
2026-07-27 14:10:02 | INFO     | 
🔍 [正在处理] ANS_POC_188 | 启动 3WD 流水线...
2026-07-27 14:10:02 | INFO     | 📢 [总进度] 6/55 份试卷已归档。
2026-07-27 14:12:36 | INFO     | ✅ [批改完成] ANS_POC_187 | 路由: BND | 最终分: 7.4 | 风险: P0.00/U0.11/F0.00/H0/L0 | 提取质量: 🟢high | 留白率: 0% | 低质量率: 0%
2026-07-27 14:12:36 | INFO     | 
🔍 [正在处理] ANS_POC_189 | 启动 3WD 流水线...
2026-07-27 14:12:36 | INFO     | 📢 [总进度] 7/55 份试卷已归档。
2026-07-27 14:12:51 | INFO     | ✅ [批改完成] ANS_POC_188 | 路由: BND | 最终分: 6.05 | 风险: P0.16/U0.06/F0.00/H0/L1 | 提取质量: 🟢high | 留白率: 20% | 低质量率: 0%
2026-07-27 14:12:51 | INFO     | 
🔍 [正在处理] ANS_POC_190 | 启动 3WD 流水线...
2026-07-27 14:12:51 | INFO     | 📢 [总进度] 8/55 份试卷已归档。
2026-07-27 14:14:40 | INFO     | ✅ [批改完成] ANS_POC_190 | 路由: BND | 最终分: 3.0 | 风险: P0.16/U0.04/F0.25/H0/L1 | 提取质量: 🟢high | 留白率: 20% | 低质量率: 0%
2026-07-27 14:14:40 | INFO     | 
🔍 [正在处理] ANS_POC_191 | 启动 3WD 流水线...
2026-07-27 14:14:40 | INFO     | 📢 [总进度] 9/55 份试卷已归档。
2026-07-27 14:14:50 | INFO     | ✅ [批改完成] ANS_POC_189 | 路由: BND | 最终分: 0.25 | 风险: P0.16/U0.11/F0.25/H0/L1 | 提取质量: 🟢high | 留白率: 20% | 低质量率: 0%
2026-07-27 14:14:50 | INFO     | 
🔍 [正在处理] ANS_POC_192 | 启动 3WD 流水线...
2026-07-27 14:14:50 | INFO     | 📢 [总进度] 10/55 份试卷已归档。
2026-07-27 14:16:33 | INFO     | ✅ [批改完成] ANS_POC_191 | 路由: BND | 最终分: 4.47 | 风险: P0.16/U0.03/F0.25/H0/L1 | 提取质量: 🟢high | 留白率: 20% | 低质量率: 0%
2026-07-27 14:16:33 | INFO     | 
🔍 [正在处理] ANS_POC_193 | 启动 3WD 流水线...
2026-07-27 14:16:33 | INFO     | 📢 [总进度] 11/55 份试卷已归档。
2026-07-27 14:17:43 | INFO     | ✅ [批改完成] ANS_POC_192 | 路由: BND | 最终分: 7.0 | 风险: P0.16/U0.25/F0.00/H0/L1 | 提取质量: 🟢high | 留白率: 20% | 低质量率: 0%
2026-07-27 14:17:43 | INFO     | 
🔍 [正在处理] ANS_POC_194 | 启动 3WD 流水线...
2026-07-27 14:17:43 | INFO     | 📢 [总进度] 12/55 份试卷已归档。
2026-07-27 14:18:27 | INFO     | ✅ [批改完成] ANS_POC_193 | 路由: BND | 最终分: 2.0 | 风险: P0.16/U0.10/F0.25/H0/L1 | 提取质量: 🟢high | 留白率: 20% | 低质量率: 0%
2026-07-27 14:18:27 | INFO     | 
🔍 [正在处理] ANS_POC_195 | 启动 3WD 流水线...
2026-07-27 14:18:27 | INFO     | 📢 [总进度] 13/55 份试卷已归档。
2026-07-27 14:18:38 | INFO     | ✅ [批改完成] ANS_POC_194 | 路由: BND | 最终分: 0 | 风险: P0.12/U0.00/F0.00/H0/L1 | 提取质量: 🟢high | 留白率: 0% | 低质量率: 0%
2026-07-27 14:18:38 | INFO     | 
🔍 [正在处理] ANS_POC_196 | 启动 3WD 流水线...
2026-07-27 14:18:38 | INFO     | 📢 [总进度] 14/55 份试卷已归档。
2026-07-27 14:19:31 | INFO     | ✅ [批改完成] ANS_POC_196 | 路由: BND | 最终分: 0 | 风险: P0.60/U0.00/F0.00/H0/L0 | 提取质量: 🟡low | 留白率: 60% | 低质量率: 0%
2026-07-27 14:19:31 | INFO     | 
🔍 [正在处理] ANS_POC_197 | 启动 3WD 流水线...
2026-07-27 14:19:31 | INFO     | 📢 [总进度] 15/55 份试卷已归档。
2026-07-27 14:21:29 | INFO     | ✅ [批改完成] ANS_POC_195 | 路由: BND | 最终分: 0 | 风险: P0.00/U0.05/F0.50/H0/L1 | 提取质量: 🟢high | 留白率: 0% | 低质量率: 0%
2026-07-27 14:21:29 | INFO     | 
🔍 [正在处理] ANS_POC_198 | 启动 3WD 流水线...
2026-07-27 14:21:29 | INFO     | 📢 [总进度] 16/55 份试卷已归档。
2026-07-27 14:21:52 | INFO     | ✅ [批改完成] ANS_POC_197 | 路由: BND | 最终分: 4.8 | 风险: P0.06/U0.06/F0.25/H0/L1 | 提取质量: 🟢high | 留白率: 0% | 低质量率: 0%
2026-07-27 14:21:52 | INFO     | 
🔍 [正在处理] ANS_POC_199 | 启动 3WD 流水线...
2026-07-27 14:21:52 | INFO     | 📢 [总进度] 17/55 份试卷已归档。
2026-07-27 14:23:29 | INFO     | ✅ [批改完成] ANS_POC_198 | 路由: BND | 最终分: 6.3 | 风险: P0.16/U0.31/F0.00/H0/L1 | 提取质量: 🟢high | 留白率: 20% | 低质量率: 0%
2026-07-27 14:23:29 | INFO     | 
🔍 [正在处理] ANS_POC_200 | 启动 3WD 流水线...
2026-07-27 14:23:29 | INFO     | 📢 [总进度] 18/55 份试卷已归档。
2026-07-27 14:23:56 | INFO     | ✅ [批改完成] ANS_POC_199 | 路由: BND | 最终分: 3.8 | 风险: P0.32/U0.02/F0.10/H0/L0 | 提取质量: 🟢high | 留白率: 40% | 低质量率: 0%
2026-07-27 14:23:56 | INFO     | 
🔍 [正在处理] ANS_POC_201 | 启动 3WD 流水线...
2026-07-27 14:23:56 | INFO     | 📢 [总进度] 19/55 份试卷已归档。
2026-07-27 14:25:02 | INFO     | ✅ [批改完成] ANS_POC_200 | 路由: BND | 最终分: 0.8 | 风险: P0.32/U0.06/F0.35/H0/L0 | 提取质量: 🟢high | 留白率: 40% | 低质量率: 0%
2026-07-27 14:25:02 | INFO     | 
🔍 [正在处理] ANS_POC_202 | 启动 3WD 流水线...
2026-07-27 14:25:02 | INFO     | 📢 [总进度] 20/55 份试卷已归档。
2026-07-27 14:25:39 | INFO     | ✅ [批改完成] ANS_POC_201 | 路由: BND | 最终分: 4.3 | 风险: P0.16/U0.33/F0.25/H0/L1 | 提取质量: 🟢high | 留白率: 20% | 低质量率: 0%
2026-07-27 14:25:39 | INFO     | 
🔍 [正在处理] ANS_POC_203 | 启动 3WD 流水线...
2026-07-27 14:25:39 | INFO     | 📢 [总进度] 21/55 份试卷已归档。
2026-07-27 14:27:27 | INFO     | ✅ [批改完成] ANS_POC_202 | 路由: BND | 最终分: 1.2 | 风险: P0.16/U0.13/F0.25/H0/L1 | 提取质量: 🟢high | 留白率: 20% | 低质量率: 0%
2026-07-27 14:27:27 | INFO     | 
🔍 [正在处理] ANS_POC_204 | 启动 3WD 流水线...
2026-07-27 14:27:27 | INFO     | 📢 [总进度] 22/55 份试卷已归档。
2026-07-27 14:27:42 | INFO     | ✅ [批改完成] ANS_POC_203 | 路由: BND | 最终分: 5.5 | 风险: P0.00/U0.11/F0.40/H0/L1 | 提取质量: 🟢high | 留白率: 0% | 低质量率: 0%
2026-07-27 14:27:42 | INFO     | 
🔍 [正在处理] ANS_POC_205 | 启动 3WD 流水线...
2026-07-27 14:27:42 | INFO     | 📢 [总进度] 23/55 份试卷已归档。
2026-07-27 14:29:27 | INFO     | ✅ [批改完成] ANS_POC_205 | 路由: BND | 最终分: 3.0 | 风险: P0.32/U0.07/F0.00/H0/L0 | 提取质量: 🟢high | 留白率: 40% | 低质量率: 0%
2026-07-27 14:29:27 | INFO     | 
🔍 [正在处理] ANS_POC_206 | 启动 3WD 流水线...
2026-07-27 14:29:27 | INFO     | 📢 [总进度] 24/55 份试卷已归档。
2026-07-27 14:29:33 | INFO     | ✅ [批改完成] ANS_POC_204 | 路由: BND | 最终分: 6.7 | 风险: P0.16/U0.38/F0.15/H0/L1 | 提取质量: 🟢high | 留白率: 20% | 低质量率: 0%
2026-07-27 14:29:33 | INFO     | 
🔍 [正在处理] ANS_POC_207 | 启动 3WD 流水线...
2026-07-27 14:29:33 | INFO     | 📢 [总进度] 25/55 份试卷已归档。
2026-07-27 14:31:14 | INFO     | ✅ [批改完成] ANS_POC_207 | 路由: BND | 最终分: 2.0 | 风险: P0.16/U0.07/F0.25/H0/L1 | 提取质量: 🟢high | 留白率: 20% | 低质量率: 0%
2026-07-27 14:31:14 | INFO     | 
🔍 [正在处理] ANS_POC_208 | 启动 3WD 流水线...
2026-07-27 14:31:14 | INFO     | 📢 [总进度] 26/55 份试卷已归档。
2026-07-27 14:32:04 | INFO     | ✅ [批改完成] ANS_POC_206 | 路由: BND | 最终分: 8.3 | 风险: P0.00/U0.10/F0.15/H0/L0 | 提取质量: 🟢high | 留白率: 0% | 低质量率: 0%
2026-07-27 14:32:04 | INFO     | 
🔍 [正在处理] ANS_POC_209 | 启动 3WD 流水线...
2026-07-27 14:32:04 | INFO     | 📢 [总进度] 27/55 份试卷已归档。
2026-07-27 14:34:00 | INFO     | ✅ [批改完成] ANS_POC_208 | 路由: BND | 最终分: 2.6 | 风险: P0.00/U0.06/F0.50/H0/L1 | 提取质量: 🟢high | 留白率: 0% | 低质量率: 0%
2026-07-27 14:34:00 | INFO     | 
🔍 [正在处理] ANS_POC_210 | 启动 3WD 流水线...
2026-07-27 14:34:00 | INFO     | 📢 [总进度] 28/55 份试卷已归档。
2026-07-27 14:34:26 | INFO     | ✅ [批改完成] ANS_POC_209 | 路由: BND | 最终分: 0.7 | 风险: P0.16/U0.05/F0.50/H0/L1 | 提取质量: 🟢high | 留白率: 20% | 低质量率: 0%
2026-07-27 14:34:26 | INFO     | 
🔍 [正在处理] ANS_POC_211 | 启动 3WD 流水线...
2026-07-27 14:34:26 | INFO     | 📢 [总进度] 29/55 份试卷已归档。
2026-07-27 14:36:13 | INFO     | ✅ [批改完成] ANS_POC_210 | 路由: POS | 最终分: 7.8 | 风险: P0.00/U0.02/F0.00/H0/L0 | 提取质量: 🟢high | 留白率: 0% | 低质量率: 0%
2026-07-27 14:36:13 | INFO     | 
🔍 [正在处理] ANS_POC_212 | 启动 3WD 流水线...
2026-07-27 14:36:13 | INFO     | 📢 [总进度] 30/55 份试卷已归档。
2026-07-27 14:36:36 | INFO     | ✅ [批改完成] ANS_POC_211 | 路由: BND | 最终分: 6.0 | 风险: P0.16/U0.00/F0.15/H0/L1 | 提取质量: 🟢high | 留白率: 20% | 低质量率: 0%
2026-07-27 14:36:36 | INFO     | 
🔍 [正在处理] ANS_POC_213 | 启动 3WD 流水线...
2026-07-27 14:36:36 | INFO     | 📢 [总进度] 31/55 份试卷已归档。
2026-07-27 14:39:07 | INFO     | ✅ [批改完成] ANS_POC_212 | 路由: BND | 最终分: 8.8 | 风险: P0.16/U0.10/F0.00/H0/L0 | 提取质量: 🟢high | 留白率: 20% | 低质量率: 0%
2026-07-27 14:39:07 | INFO     | 
🔍 [正在处理] ANS_POC_214 | 启动 3WD 流水线...
2026-07-27 14:39:07 | INFO     | 📢 [总进度] 32/55 份试卷已归档。
2026-07-27 14:39:12 | INFO     | ✅ [批改完成] ANS_POC_213 | 路由: BND | 最终分: 1.4 | 风险: P0.32/U0.05/F0.35/H0/L0 | 提取质量: 🟢high | 留白率: 40% | 低质量率: 0%
2026-07-27 14:39:12 | INFO     | 
🔍 [正在处理] ANS_POC_215 | 启动 3WD 流水线...
2026-07-27 14:39:12 | INFO     | 📢 [总进度] 33/55 份试卷已归档。
2026-07-27 14:42:06 | INFO     | ✅ [批改完成] ANS_POC_214 | 路由: BND | 最终分: 8.1 | 风险: P0.16/U0.29/F0.00/H0/L0 | 提取质量: 🟢high | 留白率: 20% | 低质量率: 0%
2026-07-27 14:42:06 | INFO     | 
🔍 [正在处理] ANS_POC_216 | 启动 3WD 流水线...
2026-07-27 14:42:06 | INFO     | 📢 [总进度] 34/55 份试卷已归档。
2026-07-27 14:42:57 | INFO     | ✅ [批改完成] ANS_POC_215 | 路由: BND | 最终分: 7.5 | 风险: P0.16/U0.08/F0.00/H0/L0 | 提取质量: 🟢high | 留白率: 20% | 低质量率: 0%
2026-07-27 14:42:57 | INFO     | 
🔍 [正在处理] ANS_POC_217 | 启动 3WD 流水线...
2026-07-27 14:42:57 | INFO     | 📢 [总进度] 35/55 份试卷已归档。
2026-07-27 14:44:35 | INFO     | ✅ [批改完成] ANS_POC_217 | 路由: BND | 最终分: 8.7 | 风险: P0.00/U0.06/F0.00/H0/L0 | 提取质量: 🟢high | 留白率: 0% | 低质量率: 0%
2026-07-27 14:44:35 | INFO     | 
🔍 [正在处理] ANS_POC_218 | 启动 3WD 流水线...
2026-07-27 14:44:35 | INFO     | 📢 [总进度] 36/55 份试卷已归档。
2026-07-27 14:46:00 | INFO     | ✅ [批改完成] ANS_POC_218 | 路由: BND | 最终分: 6.2 | 风险: P0.16/U0.09/F0.00/H0/L0 | 提取质量: 🟢high | 留白率: 20% | 低质量率: 0%
2026-07-27 14:46:00 | INFO     | 
🔍 [正在处理] ANS_POC_219 | 启动 3WD 流水线...
2026-07-27 14:46:00 | INFO     | 📢 [总进度] 37/55 份试卷已归档。
2026-07-27 14:46:15 | INFO     | ✅ [批改完成] ANS_POC_216 | 路由: BND | 最终分: 3.5 | 风险: P0.16/U0.00/F0.00/H0/L1 | 提取质量: 🟢high | 留白率: 20% | 低质量率: 0%
2026-07-27 14:46:15 | INFO     | 
🔍 [正在处理] ANS_POC_220 | 启动 3WD 流水线...
2026-07-27 14:46:15 | INFO     | 📢 [总进度] 38/55 份试卷已归档。
2026-07-27 14:47:57 | INFO     | ✅ [批改完成] ANS_POC_219 | 路由: BND | 最终分: 2.5 | 风险: P0.16/U0.00/F0.00/H0/L1 | 提取质量: 🟢high | 留白率: 20% | 低质量率: 0%
2026-07-27 14:47:57 | INFO     | 
🔍 [正在处理] ANS_POC_221 | 启动 3WD 流水线...
2026-07-27 14:47:57 | INFO     | 📢 [总进度] 39/55 份试卷已归档。
2026-07-27 14:48:30 | INFO     | ✅ [批改完成] ANS_POC_220 | 路由: BND | 最终分: 5.3 | 风险: P0.16/U0.06/F0.00/H0/L1 | 提取质量: 🟢high | 留白率: 20% | 低质量率: 0%
2026-07-27 14:48:30 | INFO     | 
🔍 [正在处理] ANS_POC_222 | 启动 3WD 流水线...
2026-07-27 14:48:30 | INFO     | 📢 [总进度] 40/55 份试卷已归档。
2026-07-27 14:49:49 | INFO     | ✅ [批改完成] ANS_POC_221 | 路由: BND | 最终分: 4.0 | 风险: P0.16/U0.08/F0.00/H0/L1 | 提取质量: 🟢high | 留白率: 20% | 低质量率: 0%
2026-07-27 14:49:49 | INFO     | 
🔍 [正在处理] ANS_POC_223 | 启动 3WD 流水线...
2026-07-27 14:49:49 | INFO     | 📢 [总进度] 41/55 份试卷已归档。
2026-07-27 14:50:28 | INFO     | ✅ [批改完成] ANS_POC_222 | 路由: BND | 最终分: 5.8 | 风险: P0.16/U0.10/F0.00/H0/L1 | 提取质量: 🟢high | 留白率: 20% | 低质量率: 0%
2026-07-27 14:50:28 | INFO     | 
🔍 [正在处理] ANS_POC_224 | 启动 3WD 流水线...
2026-07-27 14:50:28 | INFO     | 📢 [总进度] 42/55 份试卷已归档。
2026-07-27 14:51:56 | INFO     | ✅ [批改完成] ANS_POC_223 | 路由: BND | 最终分: 7.5 | 风险: P0.16/U0.18/F0.00/H0/L0 | 提取质量: 🟢high | 留白率: 20% | 低质量率: 0%
2026-07-27 14:51:56 | INFO     | 
🔍 [正在处理] ANS_POC_225 | 启动 3WD 流水线...
2026-07-27 14:51:56 | INFO     | 📢 [总进度] 43/55 份试卷已归档。
2026-07-27 14:53:43 | INFO     | ✅ [批改完成] ANS_POC_224 | 路由: BND | 最终分: 6.8 | 风险: P0.16/U0.18/F0.15/H0/L1 | 提取质量: 🟢high | 留白率: 20% | 低质量率: 0%
2026-07-27 14:53:43 | INFO     | 
🔍 [正在处理] ANS_POC_226 | 启动 3WD 流水线...
2026-07-27 14:53:43 | INFO     | 📢 [总进度] 44/55 份试卷已归档。
2026-07-27 14:54:21 | INFO     | ✅ [批改完成] ANS_POC_225 | 路由: BND | 最终分: 0 | 风险: P0.16/U0.12/F0.25/H0/L1 | 提取质量: 🟢high | 留白率: 20% | 低质量率: 0%
2026-07-27 14:54:21 | INFO     | 
🔍 [正在处理] ANS_POC_227 | 启动 3WD 流水线...
2026-07-27 14:54:21 | INFO     | 📢 [总进度] 45/55 份试卷已归档。
2026-07-27 14:55:39 | INFO     | ✅ [批改完成] ANS_POC_227 | 路由: BND | 最终分: 2.4 | 风险: P0.16/U0.04/F0.00/H0/L1 | 提取质量: 🟢high | 留白率: 20% | 低质量率: 0%
2026-07-27 14:55:39 | INFO     | 
🔍 [正在处理] ANS_POC_228 | 启动 3WD 流水线...
2026-07-27 14:55:39 | INFO     | 📢 [总进度] 46/55 份试卷已归档。
2026-07-27 14:55:52 | INFO     | ✅ [批改完成] ANS_POC_226 | 路由: BND | 最终分: 1.5 | 风险: P0.06/U0.12/F0.35/H0/L1 | 提取质量: 🟢high | 留白率: 0% | 低质量率: 0%
2026-07-27 14:55:52 | INFO     | 
🔍 [正在处理] ANS_POC_229 | 启动 3WD 流水线...
2026-07-27 14:55:52 | INFO     | 📢 [总进度] 47/55 份试卷已归档。
2026-07-27 14:58:57 | INFO     | ✅ [批改完成] ANS_POC_229 | 路由: BND | 最终分: 7.15 | 风险: P0.16/U0.07/F0.00/H0/L1 | 提取质量: 🟢high | 留白率: 20% | 低质量率: 0%
2026-07-27 14:58:57 | INFO     | 
🔍 [正在处理] ANS_POC_230 | 启动 3WD 流水线...
2026-07-27 14:58:57 | INFO     | 📢 [总进度] 48/55 份试卷已归档。
2026-07-27 14:59:00 | INFO     | ✅ [批改完成] ANS_POC_228 | 路由: BND | 最终分: 6.1 | 风险: P0.00/U0.23/F0.10/H0/L0 | 提取质量: 🟢high | 留白率: 0% | 低质量率: 0%
2026-07-27 14:59:00 | INFO     | 
🔍 [正在处理] ANS_POC_231 | 启动 3WD 流水线...
2026-07-27 14:59:00 | INFO     | 📢 [总进度] 49/55 份试卷已归档。
2026-07-27 15:00:58 | INFO     | ✅ [批改完成] ANS_POC_230 | 路由: BND | 最终分: 3.8 | 风险: P0.16/U0.09/F0.00/H0/L1 | 提取质量: 🟢high | 留白率: 20% | 低质量率: 0%
2026-07-27 15:00:58 | INFO     | 
🔍 [正在处理] ANS_POC_232 | 启动 3WD 流水线...
2026-07-27 15:00:58 | INFO     | 📢 [总进度] 50/55 份试卷已归档。
2026-07-27 15:01:34 | INFO     | ✅ [批改完成] ANS_POC_231 | 路由: BND | 最终分: 4.5 | 风险: P0.16/U0.08/F0.00/H0/L1 | 提取质量: 🟢high | 留白率: 20% | 低质量率: 0%
2026-07-27 15:01:34 | INFO     | 
🔍 [正在处理] ANS_POC_233 | 启动 3WD 流水线...
2026-07-27 15:01:34 | INFO     | 📢 [总进度] 51/55 份试卷已归档。
2026-07-27 15:03:18 | INFO     | ✅ [批改完成] ANS_POC_232 | 路由: BND | 最终分: 8.5 | 风险: P0.00/U0.07/F0.00/H0/L0 | 提取质量: 🟢high | 留白率: 0% | 低质量率: 0%
2026-07-27 15:03:18 | INFO     | 
🔍 [正在处理] ANS_POC_234 | 启动 3WD 流水线...
2026-07-27 15:03:18 | INFO     | 📢 [总进度] 52/55 份试卷已归档。
2026-07-27 15:03:27 | INFO     | ✅ [批改完成] ANS_POC_233 | 路由: BND | 最终分: 2.5 | 风险: P0.32/U0.11/F0.10/H0/L0 | 提取质量: 🟢high | 留白率: 40% | 低质量率: 0%
2026-07-27 15:03:27 | INFO     | 
🔍 [正在处理] ANS_POC_235 | 启动 3WD 流水线...
2026-07-27 15:03:27 | INFO     | 📢 [总进度] 53/55 份试卷已归档。
2026-07-27 15:05:01 | INFO     | ✅ [批改完成] ANS_POC_234 | 路由: BND | 最终分: 1.7 | 风险: P0.16/U0.02/F0.25/H0/L1 | 提取质量: 🟢high | 留白率: 20% | 低质量率: 0%
2026-07-27 15:05:01 | INFO     | 📢 [总进度] 54/55 份试卷已归档。
2026-07-27 15:05:56 | INFO     | ✅ [批改完成] ANS_POC_235 | 路由: BND | 最终分: 3.05 | 风险: P0.00/U0.26/F0.50/H0/L1 | 提取质量: 🟢high | 留白率: 0% | 低质量率: 0%
2026-07-27 15:05:56 | INFO     | 📢 [总进度] 55/55 份试卷已归档。
2026-07-27 15:05:56 | INFO     | 🗂️ 所有线程交卷完毕，正在整理数据... (共收集 55/55 份结果)
2026-07-27 15:05:56 | INFO     | 💾 正常批改结果已保存: D:\users\王鑫020420\Desktop\refgrader-main\results_runs\csbench_poc1_poc2_poc3_poc4_poc5_poc6_all\runs\teacher_audit_poc_1_6_20260725_192008\POC_6_graded_results.json (55 人)
2026-07-27 15:05:56 | INFO     | ✅ 无拒绝域案例。
2026-07-27 15:05:56 | INFO     | [result consistency] POC_6: checkpoint=55, graded=55, rejected=0, failed=0, expected=55
2026-07-27 15:05:56 | INFO     | 
🏆 任务完成！
