2026-07-13 01:16:36 | INFO     | ==================================================
2026-07-13 01:16:36 | INFO     | 📂 正在加载试卷数据库...
2026-07-13 01:16:36 | INFO     |    运行模式: VARIANCE_OPT
2026-07-13 01:16:36 | INFO     |    题目范围: ['CO_1', 'CO_2', 'CO_3', 'CO_4', 'CO_5', 'CO_6', 'CO_7']
2026-07-13 01:16:36 | INFO     |    文本模型: glm5 -> glm-5.1
2026-07-13 01:16:36 | INFO     |    提取后端: csbench_hybrid
2026-07-13 01:16:36 | INFO     |    题库文件: D:\users\王鑫020420\Desktop\refgrader-main\data\csbench\exam_database.json
2026-07-13 01:16:36 | INFO     |    教师分文件: ./database/teacher_scores.json
2026-07-13 01:16:36 | INFO     |    答案元数据: D:\users\王鑫020420\Desktop\refgrader-main\data\csbench\answer_metadata.jsonl
2026-07-13 01:16:36 | INFO     |    并发数:   2
2026-07-13 01:16:36 | INFO     |    结果目录: D:\users\王鑫020420\Desktop\refgrader-main\results_runs\csbench_co1_co2_co3_co4_co5_co6_co7_rubric_opt
2026-07-13 01:16:36 | INFO     |    Rubric目录: D:\users\王鑫020420\Desktop\refgrader-main\data\csbench\rubrics\optimized
2026-07-13 01:16:36 | INFO     |    初始Rubric目录: D:\users\王鑫020420\Desktop\refgrader-main\data\csbench\rubrics\initial
2026-07-13 01:16:36 | INFO     |    允许回退初始Rubric: False
2026-07-13 01:16:36 | INFO     |    进度文件: D:\users\王鑫020420\Desktop\refgrader-main\results_runs\csbench_co1_co2_co3_co4_co5_co6_co7_rubric_opt\progress.json
2026-07-13 01:16:36 | INFO     |    日志文件: logs\experiment_20260713_011636.log
2026-07-13 01:16:36 | INFO     | 🔬 当前处于【方差优化模式】(VARIANCE OPT MODE)
2026-07-13 01:16:36 | INFO     |    系统将生成标准，进行小样本测试，修正并保存最终标准。
2026-07-13 01:16:36 | INFO     | 
============================================================
🔬 [断点续传模式] 处理题目: CO_1
============================================================
2026-07-13 01:16:36 | INFO     | force-rerun enabled; restart from the immutable initial rubric and ignore the existing optimized rubric.
2026-07-13 01:16:36 | INFO     | Loaded immutable initial rubric: data/csbench/rubrics/initial/CO/CO_1_rubric_standard.json
2026-07-13 01:16:36 | INFO     | force-rerun enabled; ignore old variance checkpoint for this question.
2026-07-13 01:16:36 | INFO     | [data isolation] variance optimization is restricted to 13 calibration answers.
2026-07-13 01:16:36 | INFO     | 
👉 正在处理新样本: ANS_CO_109.png
2026-07-13 01:16:56 | INFO     |    ⏳ [V0 保护] 脱敏清单生成完毕，休眠 2 秒...
2026-07-13 01:16:58 | INFO     |    [单次视觉采样] 正在看图提取事实...
2026-07-13 01:16:58 | INFO     | [metadata] loaded 3326 answer records from D:\users\王鑫020420\Desktop\refgrader-main\data\csbench\answer_metadata.jsonl
2026-07-13 01:17:14 | INFO     |    ⏳ [V0 保护] 视觉提取完成，准备进入打分循环，休眠 2 秒...
2026-07-13 01:17:16 | INFO     |    [第 1/3 次判决] 呼叫逻辑裁判...
2026-07-13 01:17:30 | INFO     |       ✅ [裁判亮分] 总得分: 0
2026-07-13 01:17:30 | INFO     |          - [条款 step_1] 得分: 0 | 理由: The student provided '1E' as the final answer, but the standard answer is '37H'. The numeric value is incorrect (1E ≠ 37H), resulting in a wrong final result.
2026-07-13 01:17:30 | INFO     |    ⏳ [V0 保护] 判决完成，休眠 2 秒...
2026-07-13 01:17:32 | INFO     |    [第 2/3 次判决] 呼叫逻辑裁判...
2026-07-13 01:17:51 | INFO     |       ✅ [裁判亮分] 总得分: 0
2026-07-13 01:17:51 | INFO     |          - [条款 step_1] 得分: 0 | 理由: The extracted final answer '1E' contradicts the canonical answer '37H'. No method or intermediate steps are provided to grant partial credit, making it a wrong final conclusion.
2026-07-13 01:17:51 | INFO     |    ⏳ [V0 保护] 判决完成，休眠 2 秒...
2026-07-13 01:17:53 | INFO     |    [第 3/3 次判决] 呼叫逻辑裁判...
2026-07-13 01:18:04 | INFO     |       ✅ [裁判亮分] 总得分: 0
2026-07-13 01:18:04 | INFO     |          - [条款 step_1] 得分: 0 | 理由: 提取到的学生最终答案为 1E，与标准答案 37H 不符，属于核心结果错误。
2026-07-13 01:18:04 | INFO     | 💾 样本 ANS_CO_109.png 进度已保存。
2026-07-13 01:18:04 | INFO     | ⏳ 样本间冷却 15 秒...
2026-07-13 01:18:19 | INFO     | 
👉 正在处理新样本: ANS_CO_11.jpg
2026-07-13 01:18:34 | INFO     |    ⏳ [V0 保护] 脱敏清单生成完毕，休眠 2 秒...
2026-07-13 01:18:36 | INFO     |    [单次视觉采样] 正在看图提取事实...
2026-07-13 01:18:43 | INFO     |    ⏳ [V0 保护] 视觉提取完成，准备进入打分循环，休眠 2 秒...
2026-07-13 01:18:45 | INFO     |    [第 1/3 次判决] 呼叫逻辑裁判...
2026-07-13 01:18:58 | INFO     |       ✅ [裁判亮分] 总得分: 5.0
2026-07-13 01:18:58 | INFO     |          - [条款 step_1] 得分: 5.0 | 理由: The student's extracted answer '37H' exactly matches the standard answer '37H' for this final core item, granting full credit.
2026-07-13 01:18:58 | INFO     |    ⏳ [V0 保护] 判决完成，休眠 2 秒...
2026-07-13 01:19:00 | INFO     |    [第 2/3 次判决] 呼叫逻辑裁判...
2026-07-13 01:19:08 | INFO     |       ✅ [裁判亮分] 总得分: 5.0
2026-07-13 01:19:08 | INFO     |          - [条款 step_1] 得分: 5.0 | 理由: The extracted student answer '37H' exactly matches the standard answer and full credit anchor.
2026-07-13 01:19:08 | INFO     |    ⏳ [V0 保护] 判决完成，休眠 2 秒...
2026-07-13 01:19:10 | INFO     |    [第 3/3 次判决] 呼叫逻辑裁判...
2026-07-13 01:20:14 | INFO     |       ✅ [裁判亮分] 总得分: 5.0
2026-07-13 01:20:14 | INFO     |          - [条款 step_1] 得分: 5.0 | 理由: The extracted final answer matches the standard answer exactly. As a final numeric/base number item, the value is perfectly correct and satisfies the rubric requirement.
2026-07-13 01:20:14 | INFO     | 💾 样本 ANS_CO_11.jpg 进度已保存。
2026-07-13 01:20:14 | INFO     | ⏳ 样本间冷却 15 秒...
2026-07-13 01:20:29 | INFO     | 
👉 正在处理新样本: ANS_CO_119.png
2026-07-13 01:20:42 | INFO     |    ⏳ [V0 保护] 脱敏清单生成完毕，休眠 2 秒...
2026-07-13 01:20:44 | INFO     |    [单次视觉采样] 正在看图提取事实...
2026-07-13 01:21:01 | INFO     |    ⏳ [V0 保护] 视觉提取完成，准备进入打分循环，休眠 2 秒...
2026-07-13 01:21:03 | INFO     |    [第 1/3 次判决] 呼叫逻辑裁判...
2026-07-13 01:21:16 | INFO     |       ✅ [裁判亮分] 总得分: 0
2026-07-13 01:21:16 | INFO     |          - [条款 step_1] 得分: 0 | 理由: The extracted student answer is '36', which does not match the correct answer '37H'. This is a fundamental numerical mismatch in the final result.
2026-07-13 01:21:16 | INFO     |    ⏳ [V0 保护] 判决完成，休眠 2 秒...
2026-07-13 01:21:18 | INFO     |    [第 2/3 次判决] 呼叫逻辑裁判...
2026-07-13 01:21:32 | INFO     |       ✅ [裁判亮分] 总得分: 0
2026-07-13 01:21:32 | INFO     |          - [条款 step_1] 得分: 0 | 理由: The extracted answer '36' does not match the standard answer '37H' (whether evaluated as decimal or hexadecimal), resulting in an incorrect final conclusion.
2026-07-13 01:21:32 | INFO     |    ⏳ [V0 保护] 判决完成，休眠 2 秒...
2026-07-13 01:21:34 | INFO     |    [第 3/3 次判决] 呼叫逻辑裁判...
2026-07-13 01:21:46 | INFO     |       ✅ [裁判亮分] 总得分: 0
2026-07-13 01:21:46 | INFO     |          - [条款 step_1] 得分: 0 | 理由: 学生给出的最终操作数内容为 36，与标准答案 37H 不符。该题为最终结果项，答案数值错误（36 ≠ 37），且无任何中间计算过程可供部分给分，属于核心结论/数值错误。
2026-07-13 01:21:46 | INFO     | 💾 样本 ANS_CO_119.png 进度已保存。
2026-07-13 01:21:46 | INFO     | ⏳ 样本间冷却 15 秒...
2026-07-13 01:22:01 | INFO     | 
👉 正在处理新样本: ANS_CO_120.png
2026-07-13 01:22:17 | INFO     |    ⏳ [V0 保护] 脱敏清单生成完毕，休眠 2 秒...
2026-07-13 01:22:19 | INFO     |    [单次视觉采样] 正在看图提取事实...
2026-07-13 01:22:39 | INFO     |    ⏳ [V0 保护] 视觉提取完成，准备进入打分循环，休眠 2 秒...
2026-07-13 01:22:41 | INFO     |    [第 1/3 次判决] 呼叫逻辑裁判...
2026-07-13 01:22:50 | INFO     |       ✅ [裁判亮分] 总得分: 0
2026-07-13 01:22:50 | INFO     |          - [条款 step_1] 得分: 0 | 理由: 学生给出的最终操作数内容为 35H，而标准答案为 37H，数值不匹配（相差 2）。该条目为核心最终结果项，最终数值错误且仅有裸答案、无任何过程或方法证据可供部分得分，因此判定为语义性错误，得 0 分。
2026-07-13 01:22:50 | INFO     |    ⏳ [V0 保护] 判决完成，休眠 2 秒...
2026-07-13 01:22:53 | INFO     |    [第 2/3 次判决] 呼叫逻辑裁判...
2026-07-13 01:23:03 | INFO     |       ✅ [裁判亮分] 总得分: 0
2026-07-13 01:23:03 | INFO     |          - [条款 step_1] 得分: 0 | 理由: The extracted final answer is 35H, which is incorrect compared to the standard answer of 37H. As it is a core final-answer item with a wrong value and no partial process evidence is provided, it receives 0 points.
2026-07-13 01:23:03 | INFO     |    ⏳ [V0 保护] 判决完成，休眠 2 秒...
2026-07-13 01:23:05 | INFO     |    [第 3/3 次判决] 呼叫逻辑裁判...
2026-07-13 01:23:18 | INFO     |       ✅ [裁判亮分] 总得分: 0
2026-07-13 01:23:18 | INFO     |          - [条款 step_1] 得分: 0 | 理由: The extracted answer is 35H, which is numerically incorrect compared to the standard answer 37H. No process evidence is provided to award partial credit.
2026-07-13 01:23:18 | INFO     | 💾 样本 ANS_CO_120.png 进度已保存。
2026-07-13 01:23:18 | INFO     | ⏳ 样本间冷却 15 秒...
2026-07-13 01:23:33 | INFO     | 
👉 正在处理新样本: ANS_CO_14.jpg
2026-07-13 01:23:47 | INFO     |    ⏳ [V0 保护] 脱敏清单生成完毕，休眠 2 秒...
2026-07-13 01:23:49 | INFO     |    [单次视觉采样] 正在看图提取事实...
2026-07-13 01:24:00 | INFO     |    ⏳ [V0 保护] 视觉提取完成，准备进入打分循环，休眠 2 秒...
2026-07-13 01:24:02 | INFO     |    [第 1/3 次判决] 呼叫逻辑裁判...
2026-07-13 01:24:26 | INFO     |       ✅ [裁判亮分] 总得分: 4.0
2026-07-13 01:24:26 | INFO     |          - [条款 step_1] 得分: 4.0 | 理由: The student provides the correct final answer (37H), but since it is a bare answer with no explicit calculation process or computation trace shown, full method/process credit is not awarded.
2026-07-13 01:24:26 | INFO     |    ⏳ [V0 保护] 判决完成，休眠 2 秒...
2026-07-13 01:24:28 | INFO     |    [第 2/3 次判决] 呼叫逻辑裁判...
2026-07-13 01:26:25 | INFO     |       ✅ [裁判亮分] 总得分: 5.0
2026-07-13 01:26:25 | INFO     |          - [条款 step_1] 得分: 5.0 | 理由: 提取的学生事实 '37H' 与标准答案完全一致。作为最终结果项，在最终答案正确的情况下，依据判分政策可独立评分并获得满分。
2026-07-13 01:26:25 | INFO     |    ⏳ [V0 保护] 判决完成，休眠 2 秒...
2026-07-13 01:26:27 | INFO     |    [第 3/3 次判决] 呼叫逻辑裁判...
2026-07-13 01:27:09 | INFO     |       ✅ [裁判亮分] 总得分: 2.0
2026-07-13 01:27:09 | INFO     |          - [条款 step_1] 得分: 2.0 | 理由: The student provided the correct final answer '37H', which perfectly matches the standard answer. However, no intermediate steps or calculation process were shown. As per the lenient policy, a bare correct final answer without process evidence receives answer credit but not full method/process credit.
2026-07-13 01:27:09 | INFO     | 💾 样本 ANS_CO_14.jpg 进度已保存。
2026-07-13 01:27:09 | INFO     | ⏳ 样本间冷却 15 秒...
2026-07-13 01:27:24 | INFO     | 
📊 采样完成。平均方差: 0.3111
2026-07-13 01:27:24 | INFO     | Item-level variance: avg=0.3111, max=1.5556
2026-07-13 01:27:24 | WARNING  | ⚠️ 方差超标！开始基于高方差样本修正标准...
2026-07-13 01:27:24 | INFO     | 🔧 [规则修正] 正在基于 1 份精选样本优化规则...
2026-07-13 01:30:38 | INFO     | 🎉 修正后的最终标准已通过总分校验。
2026-07-13 01:30:38 | INFO     | [rubric manifest] saved: D:\users\王鑫020420\Desktop\refgrader-main\data\csbench\rubrics\manifests\CO\CO_1_optimization.json
2026-07-13 01:30:38 | INFO     | 
============================================================
🔬 [断点续传模式] 处理题目: CO_2
============================================================
2026-07-13 01:30:38 | INFO     | force-rerun enabled; restart from the immutable initial rubric and ignore the existing optimized rubric.
2026-07-13 01:30:38 | INFO     | Loaded immutable initial rubric: data/csbench/rubrics/initial/CO/CO_2_rubric_standard.json
2026-07-13 01:30:38 | INFO     | force-rerun enabled; ignore old variance checkpoint for this question.
2026-07-13 01:30:38 | INFO     | [data isolation] variance optimization is restricted to 10 calibration answers.
2026-07-13 01:30:38 | INFO     | 
👉 正在处理新样本: ANS_CO_532.jpg
2026-07-13 01:31:02 | INFO     |    ⏳ [V0 保护] 脱敏清单生成完毕，休眠 2 秒...
2026-07-13 01:31:04 | INFO     |    [单次视觉采样] 正在看图提取事实...
2026-07-13 01:33:10 | INFO     |    ⏳ [V0 保护] 视觉提取完成，准备进入打分循环，休眠 2 秒...
2026-07-13 01:33:12 | INFO     |    [第 1/3 次判决] 呼叫逻辑裁判...
2026-07-13 01:34:04 | INFO     |       ✅ [裁判亮分] 总得分: 14.0
2026-07-13 01:34:04 | INFO     |          - [条款 step_1] 得分: 2.0 | 理由: Student answer A>D>C>E>B matches the canonical order A→D→C→E→B exactly; only the separator differs (> vs →), which is a non-substantive format difference.
2026-07-13 01:34:04 | INFO     |          - [条款 step_2] 得分: 2.0 | 理由: Normalized bit string from '1 1 1 11' is 11111, exactly matching the standard answer. Spaces are just extraction artifacts.
2026-07-13 01:34:04 | INFO     |          - [条款 step_3] 得分: 2.0 | 理由: Normalized bit string from '0 1 0 00' is 01000, matching the standard answer B: 01000.
2026-07-13 01:34:04 | INFO     |          - [条款 step_4] 得分: 2.0 | 理由: Normalized bit string from '0 1 10 1' is 01101, matching the standard answer C: 01101.
2026-07-13 01:34:04 | INFO     |          - [条款 step_5] 得分: 2.0 | 理由: Normalized bit string from '0 1 11 1' is 01111, matching the standard answer D: 01111.
2026-07-13 01:34:04 | INFO     |          - [条款 step_6] 得分: 2.0 | 理由: Normalized bit string from '0 1 00 1' is 01001, matching the standard answer E: 01001.
2026-07-13 01:34:04 | INFO     |          - [条款 step_7] 得分: 2.0 | 理由: The student shows a basic structure (user program on both ends, listing interrupt handlers), demonstrating partial understanding of the concept. However, the flat linear sequence A→B→C→D→E does not reflect the priority-based interrupt nesting and preemption implied by the priority order A>D>C>E>B (established in step_1 with correct mask words in steps 2–6). A proper diagram should show interrupt preemption and return paths based on the priority relationship. Partial credit awarded for the basic structural concept.
2026-07-13 01:34:04 | INFO     |    ⏳ [V0 保护] 判决完成，休眠 2 秒...
2026-07-13 01:34:06 | INFO     |    [第 2/3 次判决] 呼叫逻辑裁判...
2026-07-13 01:36:58 | INFO     |       ✅ [裁判亮分] 总得分: 14.0
2026-07-13 01:36:58 | INFO     |          - [条款 step_1] 得分: 2.0 | 理由: Student's 'A>D>C>E>B' is exactly equivalent to the standard 'A → D → C → E → B'; only the separator differs.
2026-07-13 01:36:58 | INFO     |          - [条款 step_2] 得分: 2.0 | 理由: Stripping spaces, student wrote 11111, exactly matching the standard A-level mask word.
2026-07-13 01:36:58 | INFO     |          - [条款 step_3] 得分: 2.0 | 理由: Stripping spaces, student wrote 01000, exactly matching the standard B-level mask word.
2026-07-13 01:36:58 | INFO     |          - [条款 step_4] 得分: 2.0 | 理由: Stripping spaces, student wrote 01101, exactly matching the standard C-level mask word.
2026-07-13 01:36:58 | INFO     |          - [条款 step_5] 得分: 2.0 | 理由: Stripping spaces, student wrote 01111, exactly matching the standard D-level mask word.
2026-07-13 01:36:58 | INFO     |          - [条款 step_6] 得分: 2.0 | 理由: Stripping spaces, student wrote 01001, exactly matching the standard E-level mask word.
2026-07-13 01:36:58 | INFO     |          - [条款 step_7] 得分: 2.0 | 理由: Student provides a simple linear trace (user→A→B→C→D→E→user) that captures the basic start/end structure but omits the nested interrupt preemption and return pattern that this priority-based problem requires. The standard answer is an image and cannot be directly compared, but the linear sequence does not reflect interrupt nesting. Awarding partial credit for the basic structural framework.
2026-07-13 01:36:58 | INFO     |    ⏳ [V0 保护] 判决完成，休眠 2 秒...
2026-07-13 01:37:00 | INFO     |    [第 3/3 次判决] 呼叫逻辑裁判...
2026-07-13 01:37:53 | INFO     |       ✅ [裁判亮分] 总得分: 14.0
2026-07-13 01:37:53 | INFO     |          - [条款 step_1] 得分: 2.0 | 理由: 学生给出的顺序 A>D>C>E>B 与标准答案 A→D→C→E→B 完全一致，仅分隔符不同，属等价表达。
2026-07-13 01:37:53 | INFO     |          - [条款 step_2] 得分: 2.0 | 理由: 规范化后为 11111，与标准答案一致；空格属转录格式细节，核心值正确。
2026-07-13 01:37:53 | INFO     |          - [条款 step_3] 得分: 2.0 | 理由: 规范化后为 01000，与标准答案一致。
2026-07-13 01:37:53 | INFO     |          - [条款 step_4] 得分: 2.0 | 理由: 规范化后为 01101，与标准答案一致。
2026-07-13 01:37:53 | INFO     |          - [条款 step_5] 得分: 2.0 | 理由: 规范化后为 01111，与标准答案一致。
2026-07-13 01:37:53 | INFO     |          - [条款 step_6] 得分: 2.0 | 理由: 规范化后为 01001，与标准答案一致。
2026-07-13 01:37:53 | INFO     |          - [条款 step_7] 得分: 2.0 | 理由: 学生给出了从用户程序到中断处理再回到用户程序的整体结构，体现了基本执行流程；但中断处理顺序 A→B→C→D→E 按字母序排列，与所求得的处理优先级 A>D>C>E>B 不一致，未反映正确的中断嵌套/抢占与返回过程，仅能给予部分分。
2026-07-13 01:37:53 | INFO     | 💾 样本 ANS_CO_532.jpg 进度已保存。
2026-07-13 01:37:53 | INFO     | ⏳ 样本间冷却 15 秒...
2026-07-13 01:38:08 | INFO     | 
👉 正在处理新样本: ANS_CO_535.jpg
2026-07-13 01:38:41 | INFO     |    ⏳ [V0 保护] 脱敏清单生成完毕，休眠 2 秒...
2026-07-13 01:38:43 | INFO     |    [单次视觉采样] 正在看图提取事实...
2026-07-13 01:42:00 | INFO     |    ⏳ [V0 保护] 视觉提取完成，准备进入打分循环，休眠 2 秒...
2026-07-13 01:42:02 | INFO     |    [第 1/3 次判决] 呼叫逻辑裁判...
2026-07-13 01:43:16 | INFO     |       ✅ [裁判亮分] 总得分: 15.4
2026-07-13 01:43:16 | INFO     |          - [条款 step_1] 得分: 2.0 | 理由: 学生给出的优先级顺序 A>D>C>E>B 与标准答案 A→D→C→E→B 完全一致，仅分隔符格式不同（> vs →），不影响语义。
2026-07-13 01:43:16 | INFO     |          - [条款 step_2] 得分: 1.4 | 理由: 学生写了4个1而非标准答案的5个1（11111），缺少一位。但所有已写位均为1，意图明显为全1屏蔽字，属于少写一位的格式疏漏，按70%给分。
2026-07-13 01:43:16 | INFO     |          - [条款 step_3] 得分: 2.0 | 理由: 学生给出的 0 1 0 0 0 与标准答案 B：01000 完全一致。
2026-07-13 01:43:16 | INFO     |          - [条款 step_4] 得分: 2.0 | 理由: 学生给出的 0 1 1 0 1 与标准答案 C：01101 完全一致。
2026-07-13 01:43:16 | INFO     |          - [条款 step_5] 得分: 2.0 | 理由: 学生给出的 0 1 1 1 1 与标准答案 D：01111 完全一致。
2026-07-13 01:43:16 | INFO     |          - [条款 step_6] 得分: 2.0 | 理由: 学生给出的 0 1 0 0 1 与标准答案 E：01001 完全一致。
2026-07-13 01:43:16 | INFO     |          - [条款 step_7] 得分: 4.0 | 理由: 学生用文字描述了阶梯式执行顺序（用户程序→A→C→B→D→E），正确指出了纵轴为服务程序层级、横轴为时间t、折线上升/下降表示中断嵌套与返回，图表结构理解正确。但学生提供的是文字描述而非实际图形，无法与标准图逐条比对执行轨迹，且执行顺序的正确性无法从现有提取信息中完全验证。给予部分分数（8分中4分）。
2026-07-13 01:43:16 | INFO     |    ⏳ [V0 保护] 判决完成，休眠 2 秒...
2026-07-13 01:43:18 | INFO     |    [第 2/3 次判决] 呼叫逻辑裁判...
2026-07-13 01:44:54 | INFO     |       ✅ [裁判亮分] 总得分: 12.0
2026-07-13 01:44:54 | INFO     |          - [条款 step_1] 得分: 2.0 | 理由: Student's priority order A>D>C>E>B exactly matches the standard answer A → D → C → E → B.
2026-07-13 01:44:54 | INFO     |          - [条款 step_2] 得分: 1.0 | 理由: Student wrote only 4 bits ('1 1 1 1') instead of the required 5 bits ('11111'). All four present bits are correct (all 1s) and the missing fifth bit would also be 1, but the mask word is incomplete for a 5-interrupt-level system.
2026-07-13 01:44:54 | INFO     |          - [条款 step_3] 得分: 2.0 | 理由: Student's '0 1 0 0 0' exactly matches the standard answer B: 01000.
2026-07-13 01:44:54 | INFO     |          - [条款 step_4] 得分: 2.0 | 理由: Student's '0 1 1 0 1' exactly matches the standard answer C: 01101.
2026-07-13 01:44:54 | INFO     |          - [条款 step_5] 得分: 2.0 | 理由: Student's '0 1 1 1 1' exactly matches the standard answer D: 01111.
2026-07-13 01:44:54 | INFO     |          - [条款 step_6] 得分: 2.0 | 理由: Student's '0 1 0 0 1' exactly matches the standard answer E: 01001.
2026-07-13 01:44:54 | INFO     |          - [条款 step_7] 得分: 1.0 | 理由: Student correctly describes the diagram format (staircase shape, y-axis = service level, x-axis = time, lines rising/falling for interrupt nesting). However, the execution order 'A → C → B → D → E' is fundamentally wrong — the correct order derived from the mask words is A → D → C → E → B. The student's sequence contradicts both the priority order and their own correctly written mask words. Awarding minimal credit for understanding the diagram structure.
2026-07-13 01:44:54 | INFO     |    ⏳ [V0 保护] 判决完成，休眠 2 秒...
2026-07-13 01:44:56 | INFO     |    [第 3/3 次判决] 呼叫逻辑裁判...
2026-07-13 01:49:59 | INFO     |       ✅ [裁判亮分] 总得分: 16.4
2026-07-13 01:49:59 | INFO     |          - [条款 step_1] 得分: 2.0 | 理由: Student's 'A>D>C>E>B' is identical in content to standard 'A → D → C → E → B'; separator style difference is cosmetic.
2026-07-13 01:49:59 | INFO     |          - [条款 step_2] 得分: 1.4 | 理由: Core value is correct (all 1s for highest-priority A), but only 4 bits written instead of 5; missing one bit. Award 70% of 2.0.
2026-07-13 01:49:59 | INFO     |          - [条款 step_3] 得分: 2.0 | 理由: Student's '0 1 0 0 0' equals standard '01000' after normalizing spacing.
2026-07-13 01:49:59 | INFO     |          - [条款 step_4] 得分: 2.0 | 理由: Student's '0 1 1 0 1' equals standard '01101' after normalizing spacing.
2026-07-13 01:49:59 | INFO     |          - [条款 step_5] 得分: 2.0 | 理由: Student's '0 1 1 1 1' equals standard '01111' after normalizing spacing.
2026-07-13 01:49:59 | INFO     |          - [条款 step_6] 得分: 2.0 | 理由: Student's '0 1 0 0 1' equals standard '01001' after normalizing spacing.
2026-07-13 01:49:59 | INFO     |          - [条款 step_7] 得分: 5.0 | 理由: Student provides a textual description capturing key structural elements (staircase pattern, axis labels, execution order concept, rise/fall of interrupt handling). However, exact execution sequence '用户程序 → A → C → B → D → E' cannot be verified against reference image, and a textual summary is not equivalent to the required diagram. Award partial credit for demonstrated conceptual understanding.
2026-07-13 01:49:59 | INFO     | 💾 样本 ANS_CO_535.jpg 进度已保存。
2026-07-13 01:49:59 | INFO     | ⏳ 样本间冷却 15 秒...
2026-07-13 01:50:14 | INFO     | 
👉 正在处理新样本: ANS_CO_537.jpg
2026-07-13 01:50:36 | INFO     |    ⏳ [V0 保护] 脱敏清单生成完毕，休眠 2 秒...
2026-07-13 01:50:38 | INFO     |    [单次视觉采样] 正在看图提取事实...
2026-07-13 01:52:48 | INFO     |    ⏳ [V0 保护] 视觉提取完成，准备进入打分循环，休眠 2 秒...
2026-07-13 01:52:50 | INFO     |    [第 1/3 次判决] 呼叫逻辑裁判...
2026-07-13 01:54:01 | INFO     |       ✅ [裁判亮分] 总得分: 7.4
2026-07-13 01:54:01 | INFO     |          - [条款 step_1] 得分: 2.0 | 理由: Student's sequence A>D>C>E>B is identical to standard A→D→C→E→B; only separator differs (>, which is a compatible form under canonical equivalence). Full credit.
2026-07-13 01:54:01 | INFO     |          - [条款 step_2] 得分: 1.2 | 理由: Student wrote 01111 vs standard 11111; 4 of 5 bits correct, but the self-mask bit (position for A itself) is wrong. As A is highest priority it should mask itself; partial credit for mostly correct vector.
2026-07-13 01:54:01 | INFO     |          - [条款 step_3] 得分: 0.0 | 理由: B is lowest priority and should mask only itself (01000). All-zero mask conceptually contradicts B being lowest priority (it would imply B is interruptible by everything). Only the trivial 0-bits match positions, the meaningful 1-bit is missing.
2026-07-13 01:54:01 | INFO     |          - [条款 step_4] 得分: 1.2 | 理由: Student wrote 01001 vs standard 01101; 4 of 5 bits match. Only one bit (masking of E or D depending on column order) differs; partial credit for substantially correct vector.
2026-07-13 01:54:01 | INFO     |          - [条款 step_5] 得分: 1.0 | 理由: Student wrote 01100 vs standard 01111; 3 of 5 bits match. Two bits wrong (D should mask itself and lower-priority levels), so reduced partial credit.
2026-07-13 01:54:01 | INFO     |          - [条款 step_6] 得分: 0.0 | 理由: E should mask itself and B (01001). All-zero mask contradicts the priority ordering (E is not the lowest level, so cannot be interruptible by everything). Conceptually incorrect.
2026-07-13 01:54:01 | INFO     |          - [条款 step_7] 得分: 2.0 | 理由: Student only provided a minimal linear chain (user program → A → C → D → E), which does not depict the proper nested interrupt handling diagram (no return paths, no interrupt-response sequence reflecting A>D>C>E>B priorities). Starting point and some participant labels are present, so small partial credit; the required diagram structure is missing.
2026-07-13 01:54:01 | INFO     |    ⏳ [V0 保护] 判决完成，休眠 2 秒...
2026-07-13 01:54:03 | INFO     |    [第 2/3 次判决] 呼叫逻辑裁判...
2026-07-13 01:58:42 | INFO     |       ✅ [裁判亮分] 总得分: 2.0
2026-07-13 01:58:42 | INFO     |          - [条款 step_1] 得分: 2.0 | 理由: 学生给出的优先级排列 A>D>C>E>B 与标准答案 A → D → C → E → B 完全一致，仅分隔符形式不同。
2026-07-13 01:58:42 | INFO     |          - [条款 step_2] 得分: 0.0 | 理由: 学生写 01111，而 A 级应屏蔽所有中断（包括自身），标准为 11111。首位错误，属于核心数值错误。
2026-07-13 01:58:42 | INFO     |          - [条款 step_3] 得分: 0.0 | 理由: 学生给出 00000，与标准 01000 不一致，B 级应屏蔽自身，核心数值错误。
2026-07-13 01:58:42 | INFO     |          - [条款 step_4] 得分: 0.0 | 理由: 学生写 01001 与标准 01101 多位不同，屏蔽关系错误。
2026-07-13 01:58:42 | INFO     |          - [条款 step_5] 得分: 0.0 | 理由: 学生写 01100 与标准 01111 多位不同，屏蔽关系错误。
2026-07-13 01:58:42 | INFO     |          - [条款 step_6] 得分: 0.0 | 理由: 学生写 00000 与标准 01001 完全不符，核心数值错误。
2026-07-13 01:58:42 | INFO     |          - [条款 step_7] 得分: 0.0 | 理由: 学生给出的执行顺序缺失 B 级中断且未反映返回过程，与基于正确屏蔽字推导的标准执行轨迹不一致，属于核心结论错误。
2026-07-13 01:58:42 | INFO     |    ⏳ [V0 保护] 判决完成，休眠 2 秒...
2026-07-13 01:58:44 | INFO     |    [第 3/3 次判决] 呼叫逻辑裁判...
2026-07-13 02:01:49 | INFO     |       ✅ [裁判亮分] 总得分: 3.0
2026-07-13 02:01:49 | INFO     |          - [条款 step_1] 得分: 2.0 | 理由: 学生给出的优先级序列 A>D>C>E>B 与标准答案 A→D→C→E→B 完全一致，使用>分隔符属于格式等价。
2026-07-13 02:01:49 | INFO     |          - [条款 step_2] 得分: 0 | 理由: 学生给出的A级屏蔽字为01111，标准答案为11111。A作为最高优先级应屏蔽所有中断（含自身），首位为0表明A未屏蔽自身，属于核心概念错误。
2026-07-13 02:01:49 | INFO     |          - [条款 step_3] 得分: 0 | 理由: 学生给出的B级屏蔽字为00000，标准答案为01000。B作为最低优先级至少应屏蔽自身，全0表明B不屏蔽任何中断，与优先级概念矛盾。
2026-07-13 02:01:49 | INFO     |          - [条款 step_4] 得分: 0 | 理由: 学生给出的C级屏蔽字为01001，标准答案为01101。多处位不一致，且C应屏蔽D但学生未屏蔽（D位为0），屏蔽关系有核心错误。
2026-07-13 02:01:49 | INFO     |          - [条款 step_5] 得分: 0 | 理由: 学生给出的D级屏蔽字为01100，标准答案为01111。D应屏蔽E但学生D位对应E为0，屏蔽关系有核心错误。
2026-07-13 02:01:49 | INFO     |          - [条款 step_6] 得分: 0 | 理由: 学生给出的E级屏蔽字为00000，标准答案为01001。E应屏蔽自身和B级，全零表明E不屏蔽任何中断，属于核心概念错误。
2026-07-13 02:01:49 | INFO     |          - [条款 step_7] 得分: 1.0 | 理由: 学生仅给出极简线性序列，缺失B级中断处理，未体现中断嵌套、抢占与返回结构，且顺序A→C→D→E与优先级A>D>C>E>B不完全吻合。仅有最低限度线索表明学生了解部分执行顺序，给予少量同情分。
2026-07-13 02:01:49 | INFO     | 💾 样本 ANS_CO_537.jpg 进度已保存。
2026-07-13 02:01:49 | INFO     | ⏳ 样本间冷却 15 秒...
2026-07-13 02:02:04 | INFO     | 
👉 正在处理新样本: ANS_CO_538.jpg
2026-07-13 02:02:33 | INFO     |    ⏳ [V0 保护] 脱敏清单生成完毕，休眠 2 秒...
2026-07-13 02:02:35 | INFO     |    [单次视觉采样] 正在看图提取事实...
2026-07-13 02:04:36 | INFO     |    ⏳ [V0 保护] 视觉提取完成，准备进入打分循环，休眠 2 秒...
2026-07-13 02:04:38 | INFO     |    [第 1/3 次判决] 呼叫逻辑裁判...
2026-07-13 02:05:34 | INFO     |       ✅ [裁判亮分] 总得分: 16.0
2026-07-13 02:05:34 | INFO     |          - [条款 step_1] 得分: 2.0 | 理由: Priority ordering A>D>C>E>B exactly matches the standard answer.
2026-07-13 02:05:34 | INFO     |          - [条款 step_2] 得分: 2.0 | 理由: A-level mask word 11111 matches standard exactly.
2026-07-13 02:05:34 | INFO     |          - [条款 step_3] 得分: 2.0 | 理由: B-level mask word 01000 matches standard exactly.
2026-07-13 02:05:34 | INFO     |          - [条款 step_4] 得分: 2.0 | 理由: C-level mask word 01101 matches standard exactly.
2026-07-13 02:05:34 | INFO     |          - [条款 step_5] 得分: 2.0 | 理由: D-level mask word 01111 matches standard exactly.
2026-07-13 02:05:34 | INFO     |          - [条款 step_6] 得分: 2.0 | 理由: E-level mask word 01001 matches standard exactly.
2026-07-13 02:05:34 | INFO     |          - [条款 step_7] 得分: 4.0 | 理由: Student provides a textual execution sequence and references the staircase pattern concept, showing understanding of nested interrupt execution. However, the rubric requires a full diagram with precise nesting structure, return paths, and timing. A text-only description of the top-level path captures the core sequence concept but cannot be verified against the standard reference image and omits graphical detail. Award half credit for the correct conceptual understanding.
2026-07-13 02:05:34 | INFO     |    ⏳ [V0 保护] 判决完成，休眠 2 秒...
2026-07-13 02:05:36 | INFO     |    [第 2/3 次判决] 呼叫逻辑裁判...
2026-07-13 02:07:08 | INFO     |       ✅ [裁判亮分] 总得分: 17.0
2026-07-13 02:07:08 | INFO     |          - [条款 step_1] 得分: 2.0 | 理由: 学生给出的优先级 A>D>C>E>B 与标准答案 A→D→C→E→B 完全一致，使用'>'代替'→'属于格式差异不影响语义。
2026-07-13 02:07:08 | INFO     |          - [条款 step_2] 得分: 2.0 | 理由: 学生写出 A: 1 1 1 1 1，即 11111，与标准答案完全一致。空格分隔不影响位向量语义。
2026-07-13 02:07:08 | INFO     |          - [条款 step_3] 得分: 2.0 | 理由: 学生写出 B: 0 1 0 0 0，即 01000，与标准答案完全一致。
2026-07-13 02:07:08 | INFO     |          - [条款 step_4] 得分: 2.0 | 理由: 学生写出 C: 0 1 1 0 1，即 01101，与标准答案完全一致。
2026-07-13 02:07:08 | INFO     |          - [条款 step_5] 得分: 2.0 | 理由: 学生写出 D: 0 1 1 1 1，即 01111，与标准答案完全一致。
2026-07-13 02:07:08 | INFO     |          - [条款 step_6] 得分: 2.0 | 理由: 学生写出 E: 0 1 0 0 1，即 01001，与标准答案完全一致。
2026-07-13 02:07:08 | INFO     |          - [条款 step_7] 得分: 5.0 | 理由: 学生画出了阶梯状执行路径图，格式正确，且基于前6步全部正确的优先级和屏蔽字推导。但无法与标准答案图片直接比对验证执行顺序A→C→D→E→B的完整正确性（标准答案为图片CO_2.png），且该线性序列与优先序A>D>C>E>B的直觉排列（A→D→C→E→B）存在差异。鉴于所有基础数据正确、图画格式正确，给予部分分数。
2026-07-13 02:07:08 | INFO     |    ⏳ [V0 保护] 判决完成，休眠 2 秒...
2026-07-13 02:07:10 | INFO     |    [第 3/3 次判决] 呼叫逻辑裁判...
2026-07-13 02:07:59 | INFO     |       ✅ [裁判亮分] 总得分: 16.0
2026-07-13 02:07:59 | INFO     |          - [条款 step_1] 得分: 2.0 | 理由: Student's priority sequence A>D>C>E>B exactly matches the standard answer A→D→C→E→B.
2026-07-13 02:07:59 | INFO     |          - [条款 step_2] 得分: 2.0 | 理由: Student wrote A's mask word as 11111, exactly matching the standard answer.
2026-07-13 02:07:59 | INFO     |          - [条款 step_3] 得分: 2.0 | 理由: Student wrote B's mask word as 01000, exactly matching the standard answer.
2026-07-13 02:07:59 | INFO     |          - [条款 step_4] 得分: 2.0 | 理由: Student wrote C's mask word as 01101, exactly matching the standard answer.
2026-07-13 02:07:59 | INFO     |          - [条款 step_5] 得分: 2.0 | 理由: Student wrote D's mask word as 01111, exactly matching the standard answer.
2026-07-13 02:07:59 | INFO     |          - [条款 step_6] 得分: 2.0 | 理由: Student wrote E's mask word as 01001, exactly matching the standard answer.
2026-07-13 02:07:59 | INFO     |          - [条款 step_7] 得分: 4.0 | 理由: Student provides a stair-shaped execution path starting from user program and including all interrupt levels, showing correct conceptual understanding of the diagram format. However, the stated linear order A→C→D→E→B appears to have C and D transposed relative to the priority-derived nesting order A→D→C→E→B, and a bare linear sequence cannot fully represent the required nested execution track diagram. Partial credit awarded for correct format and partial ordering.
2026-07-13 02:07:59 | INFO     | 💾 样本 ANS_CO_538.jpg 进度已保存。
2026-07-13 02:07:59 | INFO     | ⏳ 样本间冷却 15 秒...
2026-07-13 02:08:14 | INFO     | 
👉 正在处理新样本: ANS_CO_540.jpg
2026-07-13 02:08:37 | INFO     |    ⏳ [V0 保护] 脱敏清单生成完毕，休眠 2 秒...
2026-07-13 02:08:39 | INFO     |    [单次视觉采样] 正在看图提取事实...
2026-07-13 02:10:38 | INFO     |    ⏳ [V0 保护] 视觉提取完成，准备进入打分循环，休眠 2 秒...
2026-07-13 02:10:40 | INFO     |    [第 1/3 次判决] 呼叫逻辑裁判...
2026-07-13 02:11:19 | INFO     |       ✅ [裁判亮分] 总得分: 4.0
2026-07-13 02:11:19 | INFO     |          - [条款 step_1] 得分: 2.0 | 理由: 学生给出的优先级顺序 A>D>C>E>B 与标准答案 A→D→C→E→B 完全一致，仅分隔符不同，判定为 MATCH。
2026-07-13 02:11:19 | INFO     |          - [条款 step_2] 得分: 0.0 | 理由: 学生答案 00000 与标准 11111 逐位相反，且对角线自屏蔽位应当为 1，属于核心概念错误，判定为 SEMANTIC_FATAL。
2026-07-13 02:11:19 | INFO     |          - [条款 step_3] 得分: 0.0 | 理由: 学生答案 10111 恰好是标准答案 01000 的逐位取反，方向完全相反，属于屏蔽语义错误，判定为 SEMANTIC_FATAL。
2026-07-13 02:11:19 | INFO     |          - [条款 step_4] 得分: 0.0 | 理由: 学生答案 10010 是标准 01101 的逐位取反，屏蔽关系完全颠倒，判定为 SEMANTIC_FATAL。
2026-07-13 02:11:19 | INFO     |          - [条款 step_5] 得分: 0.0 | 理由: 学生答案 10000 是标准 01111 的逐位取反，方向完全相反，判定为 SEMANTIC_FATAL。
2026-07-13 02:11:19 | INFO     |          - [条款 step_6] 得分: 0.0 | 理由: 学生答案 10110 是标准 01001 的逐位取反，屏蔽语义完全颠倒，判定为 SEMANTIC_FATAL。
2026-07-13 02:11:19 | INFO     |          - [条款 step_7] 得分: 2.0 | 理由: 学生尝试绘制阶梯顺序图，但给出的执行顺序 A→C→D→E→B 与正确优先级 A→D→C→E→B 不一致（与 step_1 自答矛盾），且仅给出线性序列而非完整的嵌套中断响应/返回图，存在核心顺序错误。仅基于有作图尝试给予部分分。
2026-07-13 02:11:19 | INFO     |    ⏳ [V0 保护] 判决完成，休眠 2 秒...
2026-07-13 02:11:21 | INFO     |    [第 2/3 次判决] 呼叫逻辑裁判...
2026-07-13 02:12:21 | INFO     |       ✅ [裁判亮分] 总得分: 4.0
2026-07-13 02:12:21 | INFO     |          - [条款 step_1] 得分: 2.0 | 理由: The student's response perfectly matches the standard interrupt handling priority sequence, allowing for different separator characters.
2026-07-13 02:12:21 | INFO     |          - [条款 step_2] 得分: 0.0 | 理由: The extracted mask word for A (00000) is the exact bitwise complement of the correct mask word (11111), indicating a fundamental conceptual reversal of the masking logic.
2026-07-13 02:12:21 | INFO     |          - [条款 step_3] 得分: 0.0 | 理由: The extracted mask word for B (10111) is the exact bitwise complement of the correct mask word (01000), indicating a conceptual error in the masking bits.
2026-07-13 02:12:21 | INFO     |          - [条款 step_4] 得分: 0.0 | 理由: The extracted mask word for C (10010) is the exact bitwise complement of the correct mask word (01101), indicating a conceptual error in the masking bits.
2026-07-13 02:12:21 | INFO     |          - [条款 step_5] 得分: 0.0 | 理由: The extracted mask word for D (10000) is the exact bitwise complement of the correct mask word (01111), indicating a conceptual error in the masking bits.
2026-07-13 02:12:21 | INFO     |          - [条款 step_6] 得分: 0.0 | 理由: The extracted mask word for E (10110) is the exact bitwise complement of the correct mask word (01001), indicating a conceptual error in the masking bits.
2026-07-13 02:12:21 | INFO     |          - [条款 step_7] 得分: 2.0 | 理由: The student provides a sequence that partially resembles the diagram structure, but incorrectly swaps C and D in the execution sequence compared to the priority in step_1, and provides only a text description instead of the required diagram.
2026-07-13 02:12:21 | INFO     |    ⏳ [V0 保护] 判决完成，休眠 2 秒...
2026-07-13 02:12:23 | INFO     |    [第 3/3 次判决] 呼叫逻辑裁判...
2026-07-13 02:13:31 | INFO     |       ✅ [裁判亮分] 总得分: 2.0
2026-07-13 02:13:31 | INFO     |          - [条款 step_1] 得分: 2.0 | 理由: The extracted priority order exactly matches the standard answer.
2026-07-13 02:13:31 | INFO     |          - [条款 step_2] 得分: 0.0 | 理由: The student's bit vector (00000) is the exact bitwise inverse of the standard mask word (11111).
2026-07-13 02:13:31 | INFO     |          - [条款 step_3] 得分: 0.0 | 理由: The student's bit vector (10111) is the exact bitwise inverse of the standard mask word (01000).
2026-07-13 02:13:31 | INFO     |          - [条款 step_4] 得分: 0.0 | 理由: The student's bit vector (10010) is the exact bitwise inverse of the standard mask word (01101).
2026-07-13 02:13:31 | INFO     |          - [条款 step_5] 得分: 0.0 | 理由: The student's bit vector (10000) is the exact bitwise inverse of the standard mask word (01111).
2026-07-13 02:13:31 | INFO     |          - [条款 step_6] 得分: 0.0 | 理由: The student's bit vector (10110) is the exact bitwise inverse of the standard mask word (01001).
2026-07-13 02:13:31 | INFO     |          - [条款 step_7] 得分: 0.0 | 理由: The extracted execution sequence simply repeats the priority order rather than showing the proper nested CPU execution sequence.
2026-07-13 02:13:31 | INFO     | 💾 样本 ANS_CO_540.jpg 进度已保存。
2026-07-13 02:13:31 | INFO     | ⏳ 样本间冷却 15 秒...
2026-07-13 02:13:46 | INFO     | 
📊 采样完成。平均方差: 2.0320
2026-07-13 02:13:46 | INFO     | Item-level variance: avg=0.1590, max=2.8889
2026-07-13 02:13:46 | WARNING  | ⚠️ 方差超标！开始基于高方差样本修正标准...
2026-07-13 02:13:46 | INFO     | 🔧 [规则修正] 正在基于 3 份精选样本优化规则...
2026-07-13 02:19:46 | INFO     | 🎉 修正后的最终标准已通过总分校验。
2026-07-13 02:19:46 | INFO     | [rubric manifest] saved: D:\users\王鑫020420\Desktop\refgrader-main\data\csbench\rubrics\manifests\CO\CO_2_optimization.json
2026-07-13 02:19:46 | INFO     | 
============================================================
🔬 [断点续传模式] 处理题目: CO_3
============================================================
2026-07-13 02:19:46 | INFO     | force-rerun enabled; restart from the immutable initial rubric and ignore the existing optimized rubric.
2026-07-13 02:19:46 | INFO     | Loaded immutable initial rubric: data/csbench/rubrics/initial/CO/CO_3_rubric_standard.json
2026-07-13 02:19:46 | INFO     | force-rerun enabled; ignore old variance checkpoint for this question.
2026-07-13 02:19:46 | INFO     | [data isolation] variance optimization is restricted to 10 calibration answers.
2026-07-13 02:19:46 | INFO     | 
👉 正在处理新样本: ANS_CO_140.jpg
2026-07-13 02:20:06 | INFO     |    ⏳ [V0 保护] 脱敏清单生成完毕，休眠 2 秒...
2026-07-13 02:20:08 | INFO     |    [单次视觉采样] 正在看图提取事实...
2026-07-13 02:23:05 | INFO     |    ⏳ [V0 保护] 视觉提取完成，准备进入打分循环，休眠 2 秒...
2026-07-13 02:23:07 | INFO     |    [第 1/3 次判决] 呼叫逻辑裁判...
2026-07-13 02:24:57 | INFO     |       ✅ [裁判亮分] 总得分: 5.5
2026-07-13 02:24:57 | INFO     |          - [条款 step_1] 得分: 2.0 | 理由: 学生正确设置了减法运算结构（36H - 54H - 54H），方法方向正确，并且结果数量级接近正确值 8EH（学生的 1000110 若补齐最高位 1 即为 10001110 = 8EH，疑似漏写一位）。但关键结论「无溢出」与标准答案矛盾：标准答案明确指出 54 - (-88) = 142 超出 8 位带符号数范围，应发生溢出。溢出判断是该题核心要求，判断错误属于实质性错误。鉴于方法与算式正确，给予部分分。
2026-07-13 02:24:57 | INFO     |          - [条款 step_2] 得分: 3.5 | 理由: 学生设置了正确的运算结构 (X÷4)+2Z，整数部分结果 10110111 = B7H 与标准答案 B7H 完全一致（最终关键值正确）。但存在两个问题：(1) X÷4 应为补码算术右移得整数 0DH=13，而学生按普通除法得到 13.5，多出小数部分 .1，导致最终结果也多出 .1（应为 10110111，学生写 10110111.1）；(2) 缺少溢出判断的明确陈述。最终数值正确但概念上有小数处理错误且漏写溢出结论，按宽松评分给予部分分。
2026-07-13 02:24:57 | INFO     |    ⏳ [V0 保护] 判决完成，休眠 2 秒...
2026-07-13 02:24:59 | INFO     |    [第 2/3 次判决] 呼叫逻辑裁判...
2026-07-13 02:51:57 | INFO     |       ✅ [裁判亮分] 总得分: 9.0
2026-07-13 02:51:57 | INFO     |          - [条款 step_1] 得分: 5.0 | 理由: 学生基于自报输入 [Y补]=54H（即 Y=+84）进行运算：00110110 - 01010100 - 01010100 = 10001110 = 8EH = -114，与标准答案的二进制结果 8EH 完全一致。基于该输入，-114 落在 8 位带符号数 [-128,127] 范围内，判断无溢出是数学上正确的，标准答案中 8EH=-114 与「发生溢出」并存本身存在矛盾。在宽口径评分下，结果正确且过程痕迹完整，给满分。
2026-07-13 02:51:57 | INFO     |          - [条款 step_2] 得分: 4.0 | 理由: 最终二进制整数部分 10110111 = B7H = -73，与标准答案一致；未发生溢出的结论正确。但学生将 x÷4 当作实数除法得到 00001101.1（=13.5），引入了 .1 的小数残留，违反补码整数算术右移应为 0DH=13 的做法，属于方法上的轻微概念瑕疵。按宽口径评分，主结果正确给大部分分数，扣除 1 分方法瑕疵分。
2026-07-13 02:51:57 | INFO     |    ⏳ [V0 保护] 判决完成，休眠 2 秒...
2026-07-13 02:51:59 | INFO     |    [第 3/3 次判决] 呼叫逻辑裁判...
2026-07-13 02:55:42 | INFO     |       ✅ [裁判亮分] 总得分: 5.5
2026-07-13 02:55:42 | INFO     |          - [条款 step_1] 得分: 2.0 | 理由: 学生展示了减去2Y的计算过程(01010100减两次),所得8位结果本质上对应8EH(10001110),与标准结果的位模式一致。但是:(1) 二进制写为1000110(7位),疑似漏掉最高位;(2) 学生给出的Y补码为54H(=+84),与题设应使用的D4H(=-44)不符,导致按照其设定 -114 落在范围内,从而错误地判定为'无溢出'。溢出判断是本项的核心要求之一,结论错误,故按部分得分处理。
2026-07-13 02:55:42 | INFO     |          - [条款 step_2] 得分: 3.5 | 理由: 学生给出最终结果10110111(.1),其整数部分10110111正好等于B7H,与标准答案的位模式吻合,计算方向正确,并展示了(X÷4)以及两次加Z的过程轨迹。但存在若干瑕疵:(1) X÷4在补码运算中应为算术右移得整数0DH=13,学生写作00001101.1带小数;(2) 2Z的加数写成1101010(7位),与AAH=10101010存在位宽/书写问题;(3) 最终结果带多余.1;(4) 未显式给出溢出判断。核心结果B7H正确,故给予较高部分分,但因未完成溢出判断且存在位宽/书写错误,不给予满分。
2026-07-13 02:55:42 | INFO     | 💾 样本 ANS_CO_140.jpg 进度已保存。
2026-07-13 02:55:42 | INFO     | ⏳ 样本间冷却 15 秒...
2026-07-13 02:55:57 | INFO     | 
👉 正在处理新样本: ANS_CO_154.jpg
2026-07-13 02:56:27 | INFO     |    ⏳ [V0 保护] 脱敏清单生成完毕，休眠 2 秒...
2026-07-13 02:56:29 | INFO     |    [单次视觉采样] 正在看图提取事实...
2026-07-13 02:56:59 | INFO     |    ⏳ [V0 保护] 视觉提取完成，准备进入打分循环，休眠 2 秒...
2026-07-13 02:57:01 | INFO     |    [第 1/3 次判决] 呼叫逻辑裁判...
2026-07-13 02:57:36 | INFO     |       ✅ [裁判亮分] 总得分: 7.5
2026-07-13 02:57:36 | INFO     |          - [条款 step_1] 得分: 2.5 | 理由: 学生补码计算结果8EH正确，但溢出判断错误：学生声称OF=0、不溢出，而标准答案指出142超出[-128,127]范围，发生溢出。计算结果正确但溢出结论矛盾，给予部分分。
2026-07-13 02:57:36 | INFO     |          - [条款 step_2] 得分: 5.0 | 理由: 学生补码计算结果B7H与标准答案完全一致，溢出判断OF=0（未溢出）也正确，且展示了10110111→B7H的计算转换痕迹。满分。
2026-07-13 02:57:36 | INFO     |    ⏳ [V0 保护] 判决完成，休眠 2 秒...
2026-07-13 02:57:38 | INFO     |    [第 2/3 次判决] 呼叫逻辑裁判...
2026-07-13 02:58:52 | INFO     |       ✅ [裁判亮分] 总得分: 6.0
2026-07-13 02:58:52 | INFO     |          - [条款 step_1] 得分: 2.0 | 理由: The final 8-bit hex value 8EH matches the standard answer, but the student explicitly states OF=0 and no overflow, which contradicts the required overflow condition. The method of adding True Forms (原码) is also conceptually incorrect.
2026-07-13 02:58:52 | INFO     |          - [条款 step_2] 得分: 4.0 | 理由: The final hex value B7H and the overflow judgment (OF=0, no overflow) are completely correct. However, no calculation process or formula is provided, so it is treated as a bare answer with limited credit.
2026-07-13 02:58:52 | INFO     |    ⏳ [V0 保护] 判决完成，休眠 2 秒...
2026-07-13 02:58:54 | INFO     |    [第 3/3 次判决] 呼叫逻辑裁判...
2026-07-13 02:59:45 | INFO     |       ✅ [裁判亮分] 总得分: 7.5
2026-07-13 02:59:45 | INFO     |          - [条款 step_1] 得分: 2.5 | 理由: The student correctly calculated the 8-bit complement result as 8EH (1000 1110), which matches the standard answer. However, they incorrectly concluded that OF=0 and no overflow occurred, failing the overflow judgment portion of the rubric which requires identifying the signed overflow.
2026-07-13 02:59:45 | INFO     |          - [条款 step_2] 得分: 5.0 | 理由: The student correctly calculated the final complement result as B7H (10110111) and accurately judged the overflow status (OF=0), perfectly matching the standard answer.
2026-07-13 02:59:45 | INFO     | 💾 样本 ANS_CO_154.jpg 进度已保存。
2026-07-13 02:59:45 | INFO     | ⏳ 样本间冷却 15 秒...
2026-07-13 03:00:00 | INFO     | 
👉 正在处理新样本: ANS_CO_173.jpg
2026-07-13 03:00:22 | INFO     |    ⏳ [V0 保护] 脱敏清单生成完毕，休眠 2 秒...
2026-07-13 03:00:24 | INFO     |    [单次视觉采样] 正在看图提取事实...
2026-07-13 03:00:34 | INFO     |    ⏳ [V0 保护] 视觉提取完成，准备进入打分循环，休眠 2 秒...
2026-07-13 03:00:36 | INFO     |    [第 1/3 次判决] 呼叫逻辑裁判...
2026-07-13 03:05:53 | INFO     |       ✅ [裁判亮分] 总得分: 0
2026-07-13 03:05:53 | INFO     |          - [条款 step_1] 得分: 0 | 理由: The student used incorrect decimal values for x and y (-74 and -44), leading to an incorrect final two's complement result (0E H instead of 8E H). Furthermore, the explicitly required overflow judgment is missing.
2026-07-13 03:05:53 | INFO     |          - [条款 step_2] 得分: 0 | 理由: The student uses incorrect initial values (x÷4=14 and z=D5H/-43 instead of the correct 13 and AAH/-86), which results in an incorrect final two's complement (B8H vs the standard B7H). The required overflow judgment is also entirely omitted.
2026-07-13 03:05:53 | INFO     |    ⏳ [V0 保护] 判决完成，休眠 2 秒...
2026-07-13 03:05:55 | INFO     |    [第 2/3 次判决] 呼叫逻辑裁判...
2026-07-13 03:08:43 | INFO     |       ✅ [裁判亮分] 总得分: 0
2026-07-13 03:08:43 | INFO     |          - [条款 step_1] 得分: 0 | 理由: 学生错误地将正数 36H 和 54H 转换为负数原码，导致基础数据错误。由此推导出的最终补码结果（0EH）与标准答案（8EH）完全不符，且未书写溢出判断。属于核心概念和计算错误。
2026-07-13 03:08:43 | INFO     |          - [条款 step_2] 得分: 0 | 理由: 学生错误地将上一步的结果 14 当作 x 的值进行计算（x÷4=14），且在计算 2z 时错误地使用了将 z 两次相加的方法而非通过移位计算（应 AAH）。最终补码结果错误（得出 B8H，应为 B7H），且未书写溢出判断。
2026-07-13 03:08:43 | INFO     |    ⏳ [V0 保护] 判决完成，休眠 2 秒...
2026-07-13 03:08:45 | INFO     |    [第 3/3 次判决] 呼叫逻辑裁判...
2026-07-13 03:10:03 | INFO     |       ✅ [裁判亮分] 总得分: 1
2026-07-13 03:10:03 | INFO     |          - [条款 step_1] 得分: 0 | 理由: 学生在符号数值/二进制补码之间概念性混淆：声明 (x)补=36H=00110110（应为 +54），同时错误地导出 [x]原=11001010=-74，这是自相矛盾的。x 和 y 的十进制值都是错误的（用 -74 和 -44 代替 +54 和 -88），因此 (x-2y)补=0EH 的最终结果不正确（标准答案 8EH）。所需的溢出判断完全缺失。考虑到计算建立在错误基础上且概念不一致，应用核心语义失效。
2026-07-13 03:10:03 | INFO     |          - [条款 step_2] 得分: 1 | 理由: 计算过程 [(x÷4)+2z] 的概念正确，部分算术过程（z+z=2z 的相加）已正确执行。但 x÷4=14 在内部不一致（应为 13=0DH），很可能是重用了第一步错误的数值。最终结果 10111000 与标准 B7H 不符。所需的溢出判断缺失。鉴于方法逻辑连贯但输入错误，给予部分分。
2026-07-13 03:10:03 | INFO     | 💾 样本 ANS_CO_173.jpg 进度已保存。
2026-07-13 03:10:03 | INFO     | ⏳ 样本间冷却 15 秒...
2026-07-13 03:10:18 | INFO     | 
👉 正在处理新样本: ANS_CO_174.jpg
2026-07-13 03:10:41 | INFO     |    ⏳ [V0 保护] 脱敏清单生成完毕，休眠 2 秒...
2026-07-13 03:10:43 | INFO     |    [单次视觉采样] 正在看图提取事实...
2026-07-13 03:11:20 | INFO     |    ⏳ [V0 保护] 视觉提取完成，准备进入打分循环，休眠 2 秒...
2026-07-13 03:11:22 | INFO     |    [第 1/3 次判决] 呼叫逻辑裁判...
2026-07-13 03:12:26 | INFO     |       ✅ [裁判亮分] 总得分: 8.5
2026-07-13 03:12:26 | INFO     |          - [条款 step_1] 得分: 5.0 | 理由: Student correctly computed [2Y]补=A8H, [-2Y]补=58H via bit-negation+1, performed the binary addition 00110110+01011000=10001110=8EH matching the standard answer. Overflow OF=1 is correct (adding two positives yielding a negative result). Complete method trace and correct final answer.
2026-07-13 03:12:26 | INFO     |          - [条款 step_2] 得分: 3.5 | 理由: The binary computation is fully correct: x÷4=00001101 (0DH), 2Z=10101010 (AAH), and the column addition yields 10110111 which equals B7H. Overflow OF=0 is also correct. However, the student converted the binary result 10110111 to hex incorrectly as B3H instead of B7H. This is a minor hex transcription error on an otherwise correct computation; the binary result, method, and overflow judgment are all right. Partial credit awarded ~70%.
2026-07-13 03:12:26 | INFO     |    ⏳ [V0 保护] 判决完成，休眠 2 秒...
2026-07-13 03:12:28 | INFO     |    [第 2/3 次判决] 呼叫逻辑裁判...
2026-07-13 03:13:21 | INFO     |       ✅ [裁判亮分] 总得分: 8.5
2026-07-13 03:13:21 | INFO     |          - [条款 step_1] 得分: 5.0 | 理由: 学生正确求出 [-2Y]补=01011000，二进制加法 00110110+01011000=10001110 正确，结果 8EH 与标准答案一致；两正数相加结果符号位变负，OF=1 判断溢出正确。计算过程完整，最终答案正确。
2026-07-13 03:13:21 | INFO     |          - [条款 step_2] 得分: 3.5 | 理由: 计算过程正确：x÷4=00001101(0DH)、2Z=10101010(AAH)，二进制加法 00001101+10101010=10110111 正确（即 B7H），OF=0 溢出判断也正确。但学生将二进制结果 10110111 错误转写为 B3H（应为 B7H），属于最终十六进制标注错误。方法、二进制结果、溢出结论均正确，仅 hex 转换标签有误，给予大部分分数。
2026-07-13 03:13:21 | INFO     |    ⏳ [V0 保护] 判决完成，休眠 2 秒...
2026-07-13 03:13:23 | INFO     |    [第 3/3 次判决] 呼叫逻辑裁判...
2026-07-13 03:14:46 | INFO     |       ✅ [裁判亮分] 总得分: 9.0
2026-07-13 03:14:46 | INFO     |          - [条款 step_1] 得分: 5.0 | 理由: 学生正确计算了[-2Y]补=01011000，二进制加法 00110110+01011000=10001110=8EH 结果正确，溢出判断 OF=1 正确（两正数相加得负数，符号溢出）。与标准答案完全一致。
2026-07-13 03:14:46 | INFO     |          - [条款 step_2] 得分: 4.0 | 理由: x÷4=00001101 正确，2Z=10101010 正确，二进制加法 00001101+10101010=10110111 正确，溢出判断 OF=0 正确。但二进制 10110111 应为 B7H，学生误写为 B3H，属十六进制转换错误。二进制计算过程及核心结论（无溢出）均正确，仅最终 hex 标注有误，按宽容政策扣部分分。
2026-07-13 03:14:46 | INFO     | 💾 样本 ANS_CO_174.jpg 进度已保存。
2026-07-13 03:14:46 | INFO     | ⏳ 样本间冷却 15 秒...
2026-07-13 03:15:01 | INFO     | 
👉 正在处理新样本: ANS_CO_186.jpg
2026-07-13 03:15:22 | INFO     |    ⏳ [V0 保护] 脱敏清单生成完毕，休眠 2 秒...
2026-07-13 03:15:24 | INFO     |    [单次视觉采样] 正在看图提取事实...
2026-07-13 03:15:37 | INFO     |    ⏳ [V0 保护] 视觉提取完成，准备进入打分循环，休眠 2 秒...
2026-07-13 03:15:39 | INFO     |    [第 1/3 次判决] 呼叫逻辑裁判...
2026-07-13 03:19:34 | INFO     |       ✅ [裁判亮分] 总得分: 6.5
2026-07-13 03:19:34 | INFO     |          - [条款 step_1] 得分: 2.5 | 理由: 学生正确识别2y溢出8位范围，采用x-y-y的9位扩展计算法得到正确补码结果8EH（与标准答案一致），计算过程有完整推导痕迹。但溢出判断错误：学生称'未溢出'，而标准答案要求判断为溢出（因8位有符号运算中真实结果142超出[-128,127]范围）。十进制校验也未书写。补码结果正确给大部分计算分，但溢出判断这一核心结论错误，判为部分正确。
2026-07-13 03:19:34 | INFO     |          - [条款 step_2] 得分: 4.0 | 理由: 学生最终补码结果B7H与标准答案完全一致，溢出判断'未溢出'也正确，计算过程有完整推导痕迹。存在一处概念性表述错误：将X÷4描述为'左移2位'（应为右移2位/算术右移），但实际计算所得X÷4=000001101=0DH结果正确，说明运算操作本身无误，仅为术语表述错误。因最终答案和溢出判断均正确但存在概念表述瑕疵，给较高部分分。
2026-07-13 03:19:34 | INFO     |    ⏳ [V0 保护] 判决完成，休眠 2 秒...
2026-07-13 03:19:36 | INFO     |    [第 2/3 次判决] 呼叫逻辑裁判...
2026-07-13 03:23:14 | INFO     |       ✅ [裁判亮分] 总得分: 6.0
2026-07-13 03:23:14 | INFO     |          - [条款 step_1] 得分: 2.5 | 理由: 补码运算结果8E正确，计算过程X+(-y)+(-y)及展开式可作为有效过程证据。但溢出判断错误（学生写'未溢出'，标准答案为发生溢出），且未书写十进制转换。溢出判断是本题核心要求之一，判错导致部分失分。
2026-07-13 03:23:14 | INFO     |          - [条款 step_2] 得分: 3.5 | 理由: 补码结果B7H正确，溢出判断'未溢出'正确。计算过程有展开。但存在两处问题：①术语错误——'X÷4相当于X左移2位'应为右移（虽然数值结果000001101实际对应右移，疑似笔误）；②未书写十进制转换（标准答案含-73）。术语错误属于核心关系表述错误，按从严等价原则不完全MATCH。
2026-07-13 03:23:14 | INFO     |    ⏳ [V0 保护] 判决完成，休眠 2 秒...
2026-07-13 03:23:16 | INFO     |    [第 3/3 次判决] 呼叫逻辑裁判...
2026-07-13 03:28:15 | INFO     |       ✅ [裁判亮分] 总得分: 7.5
2026-07-13 03:28:15 | INFO     |          - [条款 step_1] 得分: 2.5 | 理由: 学生通过计算得出了正确的8位补码结果(8E)，但未能正确判断溢出（实际超出了8位带符号数表示范围，应发生溢出）。由于一半的要求（计算）正确而另一半（判断）错误，给予部分分数。
2026-07-13 03:28:15 | INFO     |          - [条款 step_2] 得分: 5.0 | 理由: 学生正确计算了移位和加法运算，得出了正确的补码结果(B7)，并且正确判断了未发生溢出。
2026-07-13 03:28:15 | INFO     | 💾 样本 ANS_CO_186.jpg 进度已保存。
2026-07-13 03:28:15 | INFO     | ⏳ 样本间冷却 15 秒...
2026-07-13 03:28:30 | INFO     | 
📊 采样完成。平均方差: 0.7778
2026-07-13 03:28:30 | INFO     | Item-level variance: avg=0.3000, max=2.0000
2026-07-13 03:28:30 | WARNING  | ⚠️ 方差超标！开始基于高方差样本修正标准...
2026-07-13 03:28:30 | INFO     | 🔧 [规则修正] 正在基于 3 份精选样本优化规则...
2026-07-13 03:30:52 | INFO     | 🎉 修正后的最终标准已通过总分校验。
2026-07-13 03:30:52 | INFO     | [rubric manifest] saved: D:\users\王鑫020420\Desktop\refgrader-main\data\csbench\rubrics\manifests\CO\CO_3_optimization.json
2026-07-13 03:30:52 | INFO     | 
============================================================
🔬 [断点续传模式] 处理题目: CO_4
============================================================
2026-07-13 03:30:52 | INFO     | force-rerun enabled; restart from the immutable initial rubric and ignore the existing optimized rubric.
2026-07-13 03:30:52 | INFO     | Loaded immutable initial rubric: data/csbench/rubrics/initial/CO/CO_4_rubric_standard.json
2026-07-13 03:30:52 | INFO     | force-rerun enabled; ignore old variance checkpoint for this question.
2026-07-13 03:30:52 | INFO     | [data isolation] variance optimization is restricted to 9 calibration answers.
2026-07-13 03:30:52 | INFO     | 
👉 正在处理新样本: ANS_CO_647.jpg
2026-07-13 03:31:19 | INFO     |    ⏳ [V0 保护] 脱敏清单生成完毕，休眠 2 秒...
2026-07-13 03:31:21 | INFO     |    [单次视觉采样] 正在看图提取事实...
2026-07-13 03:33:15 | INFO     |    ⏳ [V0 保护] 视觉提取完成，准备进入打分循环，休眠 2 秒...
2026-07-13 03:33:17 | INFO     |    [第 1/3 次判决] 呼叫逻辑裁判...
2026-07-13 03:40:47 | INFO     |       ✅ [裁判亮分] 总得分: 10.0
2026-07-13 03:40:47 | INFO     |          - [条款 step_1] 得分: 2.0 | 理由: 学生正确算出 8MB=2^23B，地址应为23位；提取文本“2³位”为“23位”的渲染瑕疵，在宽容评分下认定核心结论正确。
2026-07-13 03:40:47 | INFO     |          - [条款 step_2] 得分: 2.0 | 理由: 学生明确给出 2KB=2^11B，块内地址11位，与标准答案一致。
2026-07-13 03:40:47 | INFO     |          - [条款 step_3] 得分: 2.0 | 理由: 学生正确进行 32/2=16=2^4 的计算，得出组号4位，与标准答案一致。
2026-07-13 03:40:47 | INFO     |          - [条款 step_4] 得分: 1.0 | 理由: 标记8位、组号4位正确，但块内地址写为12位（应为11位），总数24≠23，格式存在关键数值错误，给部分分。
2026-07-13 03:40:47 | INFO     |          - [条款 step_5] 得分: 1.0 | 理由: 组号4位正确，1位对应组内块号数值正确但标签误写为“块内地址”，且完全缺失11位块内偏移字段，格式不完整，给部分分。
2026-07-13 03:40:47 | INFO     |          - [条款 step_6] 得分: 0.0 | 理由: 学生虽然正确提取了tag(01011010)，但得出“命中Cache块2”的结论与标准答案“未命中”矛盾。地址组号为0000，块2不在该组，命中判断方向性错误，属核心结论错误。
2026-07-13 03:40:47 | INFO     |          - [条款 step_7] 得分: 2.0 | 理由: tag(11111110)正确，命中结论方向正确，但命中的具体Cache块号写为3（应为块1），与组0映射矛盾，存在部分错误，给部分分。
2026-07-13 03:40:47 | INFO     |    ⏳ [V0 保护] 判决完成，休眠 2 秒...
2026-07-13 03:40:49 | INFO     |    [第 2/3 次判决] 呼叫逻辑裁判...
2026-07-13 03:43:44 | INFO     |       ✅ [裁判亮分] 总得分: 6.0
2026-07-13 03:43:44 | INFO     |          - [条款 step_1] 得分: 2.0 | 理由: Student correctly identifies 8MB = 2^23 B and states the address length (assuming '2³位' is a typo/extraction error for '23位').
2026-07-13 03:43:44 | INFO     |          - [条款 step_2] 得分: 2.0 | 理由: Student correctly computes 2KB = 2^11 B and deduces the block offset is 11 bits.
2026-07-13 03:43:44 | INFO     |          - [条款 step_3] 得分: 2.0 | 理由: Student correctly calculates the number of sets (32/2 = 16 = 2^4) and correctly identifies the 4-bit set number.
2026-07-13 03:43:44 | INFO     |          - [条款 step_4] 得分: 0 | 理由: The student wrote '块内地址 12位' instead of 11 bits. This results in a 24-bit address format, contradicting the previously calculated 23 bits.
2026-07-13 03:43:44 | INFO     |          - [条款 step_5] 得分: 0 | 理由: Student format omits the 11-bit block offset entirely and mislabels the '组内块号 1位' (block in set) as '块内地址 1位' (block offset).
2026-07-13 03:43:44 | INFO     |          - [条款 step_6] 得分: 0 | 理由: Although the tag is correct, the student concludes it hits Cache block 2. The correct conclusion is a miss, as set 0 can only contain blocks 0 or 1.
2026-07-13 03:43:44 | INFO     |          - [条款 step_7] 得分: 0 | 理由: Although the tag is correct, the student concludes it hits Cache block 3. The correct answer is Cache block 1, as set 0 only contains blocks 0 and 1.
2026-07-13 03:43:44 | INFO     |    ⏳ [V0 保护] 判决完成，休眠 2 秒...
2026-07-13 03:43:46 | INFO     |    [第 3/3 次判决] 呼叫逻辑裁判...
2026-07-13 03:46:39 | INFO     |       ✅ [裁判亮分] 总得分: 11.0
2026-07-13 03:46:39 | INFO     |          - [条款 step_1] 得分: 2.0 | 理由: 学生写出 8MB = 2^23 B，可推断物理地址为23位；尽管'共2³位'书写含糊，但前半式子明确，按宽容政策判MATCH。
2026-07-13 03:46:39 | INFO     |          - [条款 step_2] 得分: 2.0 | 理由: 学生明确给出 2KB = 2^11 B，块内地址11位，与标准答案一致；括号内12位的标注虽与后续step_4矛盾，但本步骤本身的结论正确。
2026-07-13 03:46:39 | INFO     |          - [条款 step_3] 得分: 2.0 | 理由: 32块/2路=16组=2^4，组号4位，推导和结论均正确。
2026-07-13 03:46:39 | INFO     |          - [条款 step_4] 得分: 1.0 | 理由: 标记8位和组号4位正确，但块内地址写成12位（应为11位），且与总位数23不一致，存在数值矛盾；按部分正确给一半分。
2026-07-13 03:46:39 | INFO     |          - [条款 step_5] 得分: 1.0 | 理由: 组号4位正确；'块内地址1位'实为组内块号1位但标错名称，且缺少块内偏移11位字段，信息不完整。
2026-07-13 03:46:39 | INFO     |          - [条款 step_6] 得分: 1.0 | 理由: 标记位 01011010 提取正确，但'命中Cache块2'结论错误（组号为0000，应判定为未命中），核心判断矛盾，仅给标记提取部分的小分。
2026-07-13 03:46:39 | INFO     |          - [条款 step_7] 得分: 2.0 | 理由: 标记位 11111110 正确，'命中'判断方向正确，但命中的Cache块号写成3（应为块1），定位错误，给部分分。
2026-07-13 03:46:39 | INFO     | 💾 样本 ANS_CO_647.jpg 进度已保存。
2026-07-13 03:46:39 | INFO     | ⏳ 样本间冷却 15 秒...
2026-07-13 03:46:54 | INFO     | 
👉 正在处理新样本: ANS_CO_687.jpg
2026-07-13 03:47:27 | INFO     |    ⏳ [V0 保护] 脱敏清单生成完毕，休眠 2 秒...
2026-07-13 03:47:29 | INFO     |    [单次视觉采样] 正在看图提取事实...
2026-07-13 03:48:01 | INFO     |    ⏳ [V0 保护] 视觉提取完成，准备进入打分循环，休眠 2 秒...
2026-07-13 03:48:03 | INFO     |    [第 1/3 次判决] 呼叫逻辑裁判...
2026-07-13 03:49:47 | INFO     |       ✅ [裁判亮分] 总得分: 10
2026-07-13 03:49:47 | INFO     |          - [条款 step_1] 得分: 2 | 理由: 学生明确写出8M=2^23，隐含物理地址为23位，与标准答案一致。
2026-07-13 03:49:47 | INFO     |          - [条款 step_2] 得分: 2 | 理由: 学生正确得出块内地址为2^11即11位，与标准答案一致。
2026-07-13 03:49:47 | INFO     |          - [条款 step_3] 得分: 0 | 理由: 学生用主存容量除以块大小再除以2来计算组地址位数，方法完全错误。Cache组号应由Cache总块数和路数决定（32÷2=16组=2^4，需4位），而非由主存容量计算。计算结果11位也是错误的。
2026-07-13 03:49:47 | INFO     |          - [条款 step_4] 得分: 0 | 理由: 学生给出的地址格式为标记1位、组地址11位、块内地址11位，与标准答案（标记8位、组号4位、偏移11位）严重不符。虽然总位数23位正确，但各字段位数全部错误，属于概念性错误。
2026-07-13 03:49:47 | INFO     |          - [条款 step_5] 得分: 0 | 理由: 学生未书写Cache地址格式。
2026-07-13 03:49:47 | INFO     |          - [条款 step_6] 得分: 2.5 | 理由: 学生正确完成了十六进制到二进制的转换，最终结论（未命中）也正确。但仅写'经对照'，未给出任何具体的比较过程或命中/未命中的判断依据，缺乏有效的推理说明。
2026-07-13 03:49:47 | INFO     |          - [条款 step_7] 得分: 3.5 | 理由: 学生正确提取了块标记1111 1110（与标准答案一致），最终结论（命中）正确。但推理不完整，未说明与Cache中哪个块的标记匹配；且十六进制标签存在笔误（7FD057应为7F0057），虽实际二进制转换针对正确地址。
2026-07-13 03:49:47 | INFO     |    ⏳ [V0 保护] 判决完成，休眠 2 秒...
2026-07-13 03:49:49 | INFO     |    [第 2/3 次判决] 呼叫逻辑裁判...
2026-07-13 03:55:45 | INFO     |       ✅ [裁判亮分] 总得分: 9.0
2026-07-13 03:55:45 | INFO     |          - [条款 step_1] 得分: 2.0 | 理由: Student explicitly states 8M=2^23, implying 23-bit physical address. Correctly identifies total physical address bits.
2026-07-13 03:55:45 | INFO     |          - [条款 step_2] 得分: 2.0 | 理由: Student correctly states block offset is 11 bits (2^11). Matches standard answer.
2026-07-13 03:55:45 | INFO     |          - [条款 step_3] 得分: 0.0 | 理由: Student computes group address as 8M÷2K÷2=2^11=11 bits. This is conceptually wrong: dividing main memory size by block size by associativity gives the number of main memory blocks mapped per group, not the Cache group index bits. Correct answer is 4 bits (16 groups).
2026-07-13 03:55:45 | INFO     |          - [条款 step_4] 得分: 0.0 | 理由: Student's address format is Tag 1 bit | Group 11 bits | Offset 11 bits, which is incorrect. The correct format is Tag 8 bits | Group 4 bits | Offset 11 bits. The tag and group fields are fundamentally wrong, propagating from step_3 error.
2026-07-13 03:55:45 | INFO     |          - [条款 step_5] 得分: 0.0 | 理由: Student did not write anything for Cache address format.
2026-07-13 03:55:45 | INFO     |          - [条款 step_6] 得分: 2.0 | 理由: Student correctly converts to binary and reaches the correct conclusion (miss). However, no tag identification or comparison reasoning is shown—the '经对照' is unsupported by any detail. Partial credit for correct conclusion with minimal process evidence (binary conversion).
2026-07-13 03:55:45 | INFO     |          - [条款 step_7] 得分: 3.0 | 理由: Student correctly converts to binary (with a hex typo 7FD057 but binary matches 7F0057), correctly identifies tag as 11111110, and correctly concludes hit. However, the reasoning for why it hits (comparing tag with stored Cache block 1 tag) is not explained beyond '经对照'. Partial credit for correct tag, correct conclusion, and process evidence.
2026-07-13 03:55:45 | INFO     |    ⏳ [V0 保护] 判决完成，休眠 2 秒...
2026-07-13 03:55:47 | INFO     |    [第 3/3 次判决] 呼叫逻辑裁判...
2026-07-13 03:59:13 | INFO     |       ✅ [裁判亮分] 总得分: 9.0
2026-07-13 03:59:13 | INFO     |          - [条款 step_1] 得分: 2.0 | 理由: 学生正确写出8M=2^23，即物理地址为23位，完全符合标准答案。
2026-07-13 03:59:13 | INFO     |          - [条款 step_2] 得分: 2.0 | 理由: 学生正确计算块内偏移为2^11=11位，与标准答案一致。
2026-07-13 03:59:13 | INFO     |          - [条款 step_3] 得分: 0.0 | 理由: 学生用主存容量8M÷块大小2K÷2来计算组地址，概念性错误地将主存块数当作Cache组数，正确应为Cache 32块÷2路=16组=2^4即4位。计算对象与方法均错误。
2026-07-13 03:59:13 | INFO     |          - [条款 step_4] 得分: 0.0 | 理由: 由于组地址计算错误（11位而非4位），导致主存字块标记也错误（1位而非8位）。虽然块内偏移11位正确，但关键字段（标记和组号）均错误，地址格式整体不正确。
2026-07-13 03:59:13 | INFO     |          - [条款 step_5] 得分: 0.0 | 理由: 学生未书写Cache地址格式相关内容。
2026-07-13 03:59:13 | INFO     |          - [条款 step_6] 得分: 2.0 | 理由: 十六进制转二进制正确，最终结论'未命中'也正确。但学生未展示基于正确地址格式（8|4|11）的tag和组号提取与对比过程，仅写'经对照'，理由说明不充分且建立在错误的地址格式之上。给予部分分数。
2026-07-13 03:59:13 | INFO     |          - [条款 step_7] 得分: 3.0 | 理由: 二进制转换正确（hex有笔误7FD057但二进制实为7F0057），正确提取了tag=11111110，最终结论'命中'也正确。但学生未说明与Cache组0中块1标记的具体对比过程，且与自身step_4的错误地址格式矛盾（tag声称1位却提取了8位），推理过程不完整。
2026-07-13 03:59:13 | INFO     | 💾 样本 ANS_CO_687.jpg 进度已保存。
2026-07-13 03:59:13 | INFO     | ⏳ 样本间冷却 15 秒...
2026-07-13 03:59:28 | INFO     | 
👉 正在处理新样本: ANS_CO_693.jpg
2026-07-13 03:59:55 | INFO     |    ⏳ [V0 保护] 脱敏清单生成完毕，休眠 2 秒...
2026-07-13 03:59:57 | INFO     |    [单次视觉采样] 正在看图提取事实...
2026-07-13 04:00:23 | INFO     |    ⏳ [V0 保护] 视觉提取完成，准备进入打分循环，休眠 2 秒...
2026-07-13 04:00:25 | INFO     |    [第 1/3 次判决] 呼叫逻辑裁判...
2026-07-13 04:02:12 | INFO     |       ✅ [裁判亮分] 总得分: 12.0
2026-07-13 04:02:12 | INFO     |          - [条款 step_1] 得分: 2.0 | 理由: The student explicitly mentions 8MB and 2^23, which correctly derives the 23-bit physical address.
2026-07-13 04:02:12 | INFO     |          - [条款 step_2] 得分: 2.0 | 理由: The student identifies 2^11, which correctly provides the 11-bit intra-block offset, satisfying the rubric despite the minor terminology of 'cache每组' instead of block size.
2026-07-13 04:02:12 | INFO     |          - [条款 step_3] 得分: 2.0 | 理由: The student correctly calculates 16 groups (2^4) and identifies the need for a 4-bit Cache group number.
2026-07-13 04:02:12 | INFO     |          - [条款 step_4] 得分: 0.0 | 理由: The student claims a 7-bit block tag (as indicated in step_5: '7位块标记') instead of the correct 8-bit tag, leading to a semantically fatal error in the main memory address format.
2026-07-13 04:02:12 | INFO     |          - [条款 step_5] 得分: 0.0 | 理由: The student does not provide the correct Cache address format (group number, intra-group block number, intra-block offset).
2026-07-13 04:02:12 | INFO     |          - [条款 step_6] 得分: 3.0 | 理由: The student correctly concludes a cache miss ('不能在cache中访问') and provides binary conversion as minimal process evidence, but lacks the explicit tag/group comparison reasoning.
2026-07-13 04:02:12 | INFO     |          - [条款 step_7] 得分: 3.0 | 理由: The student correctly concludes a cache hit ('能在cache中访问') and provides binary conversion as minimal process evidence, but lacks the explicit tag matching and block number reasoning.
2026-07-13 04:02:12 | INFO     |    ⏳ [V0 保护] 判决完成，休眠 2 秒...
2026-07-13 04:02:14 | INFO     |    [第 2/3 次判决] 呼叫逻辑裁判...
2026-07-13 04:03:59 | INFO     |       ✅ [裁判亮分] 总得分: 14.0
2026-07-13 04:03:59 | INFO     |          - [条款 step_1] 得分: 2.0 | 理由: 学生明确写出 8MB = 2^23，隐含 23 位物理地址，与标准答案一致。
2026-07-13 04:03:59 | INFO     |          - [条款 step_2] 得分: 2.0 | 理由: 学生写出 2KB = 2^11，隐含块内偏移 11 位，数值正确。标签'每组'略有偏差但核心数值与标准一致。
2026-07-13 04:03:59 | INFO     |          - [条款 step_3] 得分: 2.0 | 理由: 学生正确计算 32/2 = 16 组 = 2^4，得出 Cache 组号 4 位，与标准答案一致。
2026-07-13 04:03:59 | INFO     |          - [条款 step_4] 得分: 1.0 | 理由: 学生提及 4 位组号（正确），但未完整给出字块标记 8 位和偏移 11 位的主存地址格式；结合 step_5 中写'7位块标记'判断 tag 位数有误。给一半分。
2026-07-13 04:03:59 | INFO     |          - [条款 step_5] 得分: 1.0 | 理由: 组号 4 位正确，但学生写'7位块标记'，而标准要求组内块号 1 位 + 偏移 11 位，格式不匹配。给一半分。
2026-07-13 04:03:59 | INFO     |          - [条款 step_6] 得分: 3.0 | 理由: 二进制转换基本正确，最终判断'不能在cache中访问'（未命中）正确。但缺少 tag 提取与组内块号比较的具体推理。3/5 分。
2026-07-13 04:03:59 | INFO     |          - [条款 step_7] 得分: 3.0 | 理由: 最终判断'能在cache中访问'（命中）正确，且 tag 和组号字段在二进制中可大致读取。但二进制末 nibble 有误（0111→1111）且缺少 tag 匹配推理。3/5 分。
2026-07-13 04:03:59 | INFO     |    ⏳ [V0 保护] 判决完成，休眠 2 秒...
2026-07-13 04:04:01 | INFO     |    [第 3/3 次判决] 呼叫逻辑裁判...
2026-07-13 04:06:00 | INFO     |       ✅ [裁判亮分] 总得分: 14.0
2026-07-13 04:06:00 | INFO     |          - [条款 step_1] 得分: 2.0 | 理由: 学生明确写出主存 8MB = 2^23，隐含物理地址 23 位，与标准答案一致。
2026-07-13 04:06:00 | INFO     |          - [条款 step_2] 得分: 2.0 | 理由: 学生写出 2kB = 2^11，数值正确，隐含 11 位块内偏移，虽然措辞用'每组'略有混淆但核心数值正确。
2026-07-13 04:06:00 | INFO     |          - [条款 step_3] 得分: 2.0 | 理由: 学生正确计算 32/2=16 组 = 2^4，得出 Cache 组号 4 位，完全正确。
2026-07-13 04:06:00 | INFO     |          - [条款 step_4] 得分: 1.0 | 理由: 学生提到 4 位组号（正确部分），但未完整给出主存地址格式；结合 step_5 中'7位块标记'可知学生将 tag 误算为 7 位（应为 8 位），地址格式不完整且有误。
2026-07-13 04:06:00 | INFO     |          - [条款 step_5] 得分: 1.0 | 理由: Cache 地址格式应为 4位组号 + 1位组内块号 + 11位偏移。学生正确提到 4 位组号，但写了'7位块标记'，混淆了 Cache 地址格式与主存 tag，未正确描述组内块号和偏移。
2026-07-13 04:06:00 | INFO     |          - [条款 step_6] 得分: 3.0 | 理由: 学生正确将地址展开为二进制且正确判断为未命中（不能访问），但未给出具体的 tag 比较理由或 Cache 内容匹配分析，缺少关键推理步骤。正确结论+二进制展开，给 3/5。
2026-07-13 04:06:00 | INFO     |          - [条款 step_7] 得分: 3.0 | 理由: 学生正确判断为命中（能在cache中访问），但二进制展开最后一 nibble 有误（应为 0111 写成 1111），且未给出具体的 tag 匹配理由。正确结论+部分过程证据，给 3/5。
2026-07-13 04:06:00 | INFO     | 💾 样本 ANS_CO_693.jpg 进度已保存。
2026-07-13 04:06:00 | INFO     | ⏳ 样本间冷却 15 秒...
2026-07-13 04:06:15 | INFO     | 
👉 正在处理新样本: ANS_CO_696.jpg
2026-07-13 04:06:55 | INFO     |    ⏳ [V0 保护] 脱敏清单生成完毕，休眠 2 秒...
2026-07-13 04:06:57 | INFO     |    [单次视觉采样] 正在看图提取事实...
2026-07-13 04:07:27 | INFO     |    ⏳ [V0 保护] 视觉提取完成，准备进入打分循环，休眠 2 秒...
2026-07-13 04:07:29 | INFO     |    [第 1/3 次判决] 呼叫逻辑裁判...
2026-07-13 04:08:19 | INFO     |       ✅ [裁判亮分] 总得分: 20.0
2026-07-13 04:08:19 | INFO     |          - [条款 step_1] 得分: 2.0 | 理由: 学生明确写出8MB=2^23B，物理地址23位，与标准答案完全一致。
2026-07-13 04:08:19 | INFO     |          - [条款 step_2] 得分: 2.0 | 理由: 学生明确写出2KB=2^11，块内偏移11位，与标准答案一致。
2026-07-13 04:08:19 | INFO     |          - [条款 step_3] 得分: 2.0 | 理由: 学生用2^5/2=2^4=16组正确推导出组号占4位，推理过程和结论均正确。
2026-07-13 04:08:19 | INFO     |          - [条款 step_4] 得分: 2.0 | 理由: 学生正确列出主存地址三段格式及各段位数（8/4/11），与标准答案完全吻合。
2026-07-13 04:08:19 | INFO     |          - [条款 step_5] 得分: 2.0 | 理由: 位数分配4/1/11完全正确。学生用'标记'代替'组内块号'，属于术语小瑕疵但不影响结构正确性，按宽松评分给满分。
2026-07-13 04:08:19 | INFO     |          - [条款 step_6] 得分: 5.0 | 理由: 学生正确提取组号0000→Cache组0（含块0和块1），tag=1011010（最高位0省略但值0x5A正确），最终结论'未命中'正确。推理链完整，结论正确。
2026-07-13 04:08:19 | INFO     |          - [条款 step_7] 得分: 5.0 | 理由: 学生正确提取组号0000→Cache组0，tag=11111110（8位完全正确），对应块1标记匹配，结论'命中'正确。推理和结论均完全正确。
2026-07-13 04:08:19 | INFO     |    ⏳ [V0 保护] 判决完成，休眠 2 秒...
2026-07-13 04:08:21 | INFO     |    [第 2/3 次判决] 呼叫逻辑裁判...
2026-07-13 04:09:09 | INFO     |       ✅ [裁判亮分] 总得分: 20
2026-07-13 04:09:09 | INFO     |          - [条款 step_1] 得分: 2 | 理由: 学生明确写出8MB=2²³B，物理地址23位，与标准答案完全一致。
2026-07-13 04:09:09 | INFO     |          - [条款 step_2] 得分: 2 | 理由: 学生正确得出块大小2KB=2¹¹B，块内偏移11位。
2026-07-13 04:09:09 | INFO     |          - [条款 step_3] 得分: 2 | 理由: 学生通过32块÷2路=16组=2⁴，正确得出组号占4位，推导逻辑和结果均正确。
2026-07-13 04:09:09 | INFO     |          - [条款 step_4] 得分: 2 | 理由: 学生给出主存地址三段格式的位数（8位+4位+11位=23位），与标准答案完全一致。
2026-07-13 04:09:09 | INFO     |          - [条款 step_5] 得分: 2 | 理由: 学生给出Cache地址格式（4位组号+1位组内块号+11位块内偏移），与标准答案一致。
2026-07-13 04:09:09 | INFO     |          - [条款 step_6] 得分: 5 | 理由: 学生正确拆分地址：组号0000（组0），tag=1011010B（=01011010B），正确判断未命中。计算过程和结论均正确。
2026-07-13 04:09:09 | INFO     |          - [条款 step_7] 得分: 5 | 理由: 学生正确拆分地址：组号0000（组0），tag=11111110B，匹配块1标记，正确判断命中。计算过程和结论均正确。
2026-07-13 04:09:09 | INFO     |    ⏳ [V0 保护] 判决完成，休眠 2 秒...
2026-07-13 04:09:11 | INFO     |    [第 3/3 次判决] 呼叫逻辑裁判...
2026-07-13 04:09:43 | INFO     |       ✅ [裁判亮分] 总得分: 20.0
2026-07-13 04:09:43 | INFO     |          - [条款 step_1] 得分: 2.0 | 理由: 学生明确写出8MB=2^23B，物理地址23位，完全匹配标准答案。
2026-07-13 04:09:43 | INFO     |          - [条款 step_2] 得分: 2.0 | 理由: 学生正确计算2KB=2^11B，块内偏移11位，完全匹配。
2026-07-13 04:09:43 | INFO     |          - [条款 step_3] 得分: 2.0 | 理由: 学生正确计算32块/2路=16组=2^4，组号占4位，完全匹配。
2026-07-13 04:09:43 | INFO     |          - [条款 step_4] 得分: 2.0 | 理由: 学生给出的主存地址格式（8+4+11）与标准答案完全一致。
2026-07-13 04:09:43 | INFO     |          - [条款 step_5] 得分: 2.0 | 理由: 学生给出的Cache地址格式（4+1+11）与标准答案一致。
2026-07-13 04:09:43 | INFO     |          - [条款 step_6] 得分: 5.0 | 理由: 学生正确提取块内地址、组号0000、tag位1011010（等价于标准答案的01011010B，仅省略前导零），正确判断未命中。结论和过程均正确。
2026-07-13 04:09:43 | INFO     |          - [条款 step_7] 得分: 5.0 | 理由: 学生正确提取组号0000、tag=11111110，识别对应块1，正确判断命中。结论和过程均与标准答案完全一致。
2026-07-13 04:09:43 | INFO     | 💾 样本 ANS_CO_696.jpg 进度已保存。
2026-07-13 04:09:43 | INFO     | ⏳ 样本间冷却 15 秒...
2026-07-13 04:09:58 | INFO     | 
👉 正在处理新样本: ANS_CO_701.png
2026-07-13 04:10:29 | INFO     |    ⏳ [V0 保护] 脱敏清单生成完毕，休眠 2 秒...
2026-07-13 04:10:31 | INFO     |    [单次视觉采样] 正在看图提取事实...
2026-07-13 04:10:56 | INFO     |    ⏳ [V0 保护] 视觉提取完成，准备进入打分循环，休眠 2 秒...
2026-07-13 04:10:58 | INFO     |    [第 1/3 次判决] 呼叫逻辑裁判...
2026-07-13 04:11:36 | INFO     |       ✅ [裁判亮分] 总得分: 2.0
2026-07-13 04:11:36 | INFO     |          - [条款 step_1] 得分: 2.0 | 理由: 学生明确写出'主存共23位'，正确给出了物理地址的总位数，符合该评分点的核心要求。中间转换表达式'1.2×10²³B'存在数值书写瑕疵（疑似2^23的误写或提取误差），但在lenient政策下，最终结论23位正确，判定为MATCH。
2026-07-13 04:11:36 | INFO     |          - [条款 step_2] 得分: 0 | 理由: 学生未书写任何关于块内偏移位数的内容，无法评分。
2026-07-13 04:11:36 | INFO     |          - [条款 step_3] 得分: 0 | 理由: 学生未书写任何关于Cache组号位数的内容，无法评分。
2026-07-13 04:11:36 | INFO     |          - [条款 step_4] 得分: 0 | 理由: 学生未书写主存地址格式，无法评分。
2026-07-13 04:11:36 | INFO     |          - [条款 step_5] 得分: 0 | 理由: 学生未书写Cache地址格式，无法评分。
2026-07-13 04:11:36 | INFO     |          - [条款 step_6] 得分: 0 | 理由: 学生未书写关于2D07FFH命中判断的任何内容，无法评分。
2026-07-13 04:11:36 | INFO     |          - [条款 step_7] 得分: 0 | 理由: 学生未书写关于7F0057H命中判断的任何内容，无法评分。
2026-07-13 04:11:36 | INFO     |    ⏳ [V0 保护] 判决完成，休眠 2 秒...
2026-07-13 04:11:38 | INFO     |    [第 2/3 次判决] 呼叫逻辑裁判...
2026-07-13 04:12:21 | INFO     |       ✅ [裁判亮分] 总得分: 2.0
2026-07-13 04:12:21 | INFO     |          - [条款 step_1] 得分: 2.0 | 理由: 学生明确得出主存共23位，与标准答案物理地址23位一致。中间转换表达式'1.2×10²³B'疑为'2^23B'的书写/OCR误差，但本项考查的核心结论（物理地址位数=23位）正确，依据宽松评分给予满分。
2026-07-13 04:12:21 | INFO     |          - [条款 step_2] 得分: 0 | 理由: 学生未书写此项内容，无任何可评证据。
2026-07-13 04:12:21 | INFO     |          - [条款 step_3] 得分: 0 | 理由: 学生未书写此项内容，无任何可评证据。
2026-07-13 04:12:21 | INFO     |          - [条款 step_4] 得分: 0 | 理由: 学生未书写此项内容，无任何可评证据。
2026-07-13 04:12:21 | INFO     |          - [条款 step_5] 得分: 0 | 理由: 学生未书写此项内容，无任何可评证据。
2026-07-13 04:12:21 | INFO     |          - [条款 step_6] 得分: 0 | 理由: 学生未书写此项核心判断内容，无任何可评证据。
2026-07-13 04:12:21 | INFO     |          - [条款 step_7] 得分: 0 | 理由: 学生未书写此项内容，无任何可评证据。
2026-07-13 04:12:21 | INFO     |    ⏳ [V0 保护] 判决完成，休眠 2 秒...
2026-07-13 04:12:23 | INFO     |    [第 3/3 次判决] 呼叫逻辑裁判...
2026-07-13 04:13:04 | INFO     |       ✅ [裁判亮分] 总得分: 1.0
2026-07-13 04:13:04 | INFO     |          - [条款 step_1] 得分: 1.0 | 理由: 学生正确得出物理地址为23位的结论（主存共23位），与标准答案一致。但中间转换公式 8MB=1.2×10²³B 存在明显数值错误（正确应为 2^23 B），不支持完整得分。在宽容评分下，正确结论给予部分分。
2026-07-13 04:13:04 | INFO     |          - [条款 step_2] 得分: 0 | 理由: 学生未书写任何关于块内偏移位数的内容。
2026-07-13 04:13:04 | INFO     |          - [条款 step_3] 得分: 0 | 理由: 学生未书写任何关于Cache组号位数的内容。
2026-07-13 04:13:04 | INFO     |          - [条款 step_4] 得分: 0 | 理由: 学生未书写主存地址格式。
2026-07-13 04:13:04 | INFO     |          - [条款 step_5] 得分: 0 | 理由: 学生未书写Cache地址格式。
2026-07-13 04:13:04 | INFO     |          - [条款 step_6] 得分: 0 | 理由: 学生未书写关于地址 2D07FFH 命中判断的任何内容。
2026-07-13 04:13:04 | INFO     |          - [条款 step_7] 得分: 0 | 理由: 学生未书写关于地址 7F0057H 命中判断的任何内容。
2026-07-13 04:13:04 | INFO     | 💾 样本 ANS_CO_701.png 进度已保存。
2026-07-13 04:13:04 | INFO     | ⏳ 样本间冷却 15 秒...
2026-07-13 04:13:19 | INFO     | 
📊 采样完成。平均方差: 1.2000
2026-07-13 04:13:19 | INFO     | Item-level variance: avg=0.0667, max=0.8889
2026-07-13 04:13:19 | WARNING  | ⚠️ 方差超标！开始基于高方差样本修正标准...
2026-07-13 04:13:19 | INFO     | 🔧 [规则修正] 正在基于 3 份精选样本优化规则...
2026-07-13 04:19:59 | INFO     | 🎉 修正后的最终标准已通过总分校验。
2026-07-13 04:19:59 | INFO     | [rubric manifest] saved: D:\users\王鑫020420\Desktop\refgrader-main\data\csbench\rubrics\manifests\CO\CO_4_optimization.json
2026-07-13 04:19:59 | INFO     | 
============================================================
🔬 [断点续传模式] 处理题目: CO_5
============================================================
2026-07-13 04:19:59 | INFO     | force-rerun enabled; restart from the immutable initial rubric and ignore the existing optimized rubric.
2026-07-13 04:19:59 | INFO     | Loaded immutable initial rubric: data/csbench/rubrics/initial/CO/CO_5_rubric_standard.json
2026-07-13 04:19:59 | INFO     | force-rerun enabled; ignore old variance checkpoint for this question.
2026-07-13 04:19:59 | INFO     | [data isolation] variance optimization is restricted to 11 calibration answers.
2026-07-13 04:19:59 | INFO     | 
👉 正在处理新样本: ANS_CO_268.jpg
2026-07-13 04:20:20 | INFO     |    ⏳ [V0 保护] 脱敏清单生成完毕，休眠 2 秒...
2026-07-13 04:20:22 | INFO     |    [单次视觉采样] 正在看图提取事实...
2026-07-13 04:21:11 | INFO     |    ⏳ [V0 保护] 视觉提取完成，准备进入打分循环，休眠 2 秒...
2026-07-13 04:21:13 | INFO     |    [第 1/3 次判决] 呼叫逻辑裁判...
2026-07-13 04:22:07 | INFO     |       ✅ [裁判亮分] 总得分: 0
2026-07-13 04:22:07 | INFO     |          - [条款 step_1] 得分: 0 | 理由: 学生使用 2^6 - 12 = 52 计算扩展操作码余量，将主操作码字段宽度从 4 位误用为 6 位，得到 52 与 3328，与标准答案 4 与 256 在维度和数值上均不符，属于核心概念/参数错误，不能因公式结构相似而视为 MATCH 或 PARTIAL。
2026-07-13 04:22:07 | INFO     |          - [条款 step_2] 得分: 0 | 理由: 第一问要求最终数值结论，学生仅留下含变量 m、n 的未求值表达式，未给出 255 或任何明确数值结果，且所依据的 52×2^6 - m 基础式已错误，无法据以推断正确结论，故记为 BLANK。
2026-07-13 04:22:07 | INFO     |          - [条款 step_3] 得分: 0 | 理由: 学生继续沿用错误基底 52×2^6，且未用 (256-254)×2^6 的剩余名额逻辑，得出 3074 条，与正确结果 128 条相差悬殊，方法与结论均错误，属 SEMANTIC_FATAL。
2026-07-13 04:22:07 | INFO     |    ⏳ [V0 保护] 判决完成，休眠 2 秒...
2026-07-13 04:22:09 | INFO     |    [第 2/3 次判决] 呼叫逻辑裁判...
2026-07-13 04:25:37 | INFO     |       ✅ [裁判亮分] 总得分: 0
2026-07-13 04:25:37 | INFO     |          - [条款 step_1] 得分: 0 | 理由: 学生用2^6作为主操作码位数计算剩余码点（2^6-12=52），但正确主操作码应为2^4=16，剩余应为16-12=4。这是将地址字段宽度(6位)误用为操作码字段宽度(4位)的根本性概念错误，导致后续所有派生值（52→3328）全部偏离正确值（4→256）。并非简单的算术细节缺失，而是方法层面的错误。
2026-07-13 04:25:37 | INFO     |          - [条款 step_2] 得分: 0 | 理由: 学生未写出第一问的最终数值结论，仅留下含变量m和n的不完整表达式。提取事实明确指出'未书写第一问的具体最终数值结果与文字结论'，无任何可评分的答案。
2026-07-13 04:25:37 | INFO     |          - [条款 step_3] 得分: 0 | 理由: 学生最终答案3074与正确答案128相差极大。存在双重错误：(1)继承了step_1的错误基数52（应为4），导致一地址总名额3328（应为256）；(2)零地址扩展公式本身也错误——正确方法应将剩余一地址位置(256-254=2)再乘以2^6，而学生直接用3328-254=3074，未进行零地址扩展乘法。方法与结论均为根本性错误。
2026-07-13 04:25:37 | INFO     |    ⏳ [V0 保护] 判决完成，休眠 2 秒...
2026-07-13 04:25:39 | INFO     |    [第 3/3 次判决] 呼叫逻辑裁判...
2026-07-13 04:29:28 | INFO     |       ✅ [裁判亮分] 总得分: 3
2026-07-13 04:29:28 | INFO     |          - [条款 step_1] 得分: 2 | 理由: 学生展示了扩展操作码的公式结构（总数−已用×扩展因子），但将主操作码位数误用为2^6而非2^4，导致剩余操作码52（应为4）和一地址总名额3328（应为256），核心参数错误。
2026-07-13 04:29:28 | INFO     |          - [条款 step_2] 得分: 0 | 理由: 学生未给出第一问的任何最终数值结论，仅留有含变量的中间式子，无法判定最终结果，core层无分。
2026-07-13 04:29:28 | INFO     |          - [条款 step_3] 得分: 1 | 理由: 学生展示了扩展操作码的减法计算步骤（容量−已用），方法框架部分可辨，但由于上游参数错误（52×64=3328而非4×64=256），最终结果3074与标准答案128完全不符，且缺少最后一步×2^6的零地址扩展。
2026-07-13 04:29:28 | INFO     | 💾 样本 ANS_CO_268.jpg 进度已保存。
2026-07-13 04:29:28 | INFO     | ⏳ 样本间冷却 15 秒...
2026-07-13 04:29:43 | INFO     | 
👉 正在处理新样本: ANS_CO_285.jpg
2026-07-13 04:30:03 | INFO     |    ⏳ [V0 保护] 脱敏清单生成完毕，休眠 2 秒...
2026-07-13 04:30:05 | INFO     |    [单次视觉采样] 正在看图提取事实...
2026-07-13 04:31:07 | INFO     |    ⏳ [V0 保护] 视觉提取完成，准备进入打分循环，休眠 2 秒...
2026-07-13 04:31:09 | INFO     |    [第 1/3 次判决] 呼叫逻辑裁判...
2026-07-13 04:32:33 | INFO     |       ✅ [裁判亮分] 总得分: 12.0
2026-07-13 04:32:33 | INFO     |          - [条款 step_1] 得分: 2.0 | 理由: 学生展示了二进制前缀分析和指令空间分配的思路（二地址前缀0000~1011共12条，一地址从扩展前缀开始），方向正确。但未显式计算主操作码总数2^4=16、剩余4个前缀、以及一地址总名额4×2^6=256。其求和2^7+2^6+2^5+2^4+2^3+2^2+1=253，与标准值256不符，属于方法部分正确但中间数值有误。给予部分过程分。
2026-07-13 04:32:33 | INFO     |          - [条款 step_2] 得分: 5.0 | 理由: 学生最终结论'一地址条数最多共255条'与标准答案255完全一致，且写明'此时一地址条数最多'，表明理解了需要预留扩展窗口的概念。核心结果正确，满分。
2026-07-13 04:32:33 | INFO     |          - [条款 step_3] 得分: 5.0 | 理由: 学生写出公式2×2^6=2^7=128，与标准答案2×2^6=128完全一致，且正确指出零地址从扩展前缀'1111 1111 10'开始。方法与结果均正确，满分。
2026-07-13 04:32:33 | INFO     |    ⏳ [V0 保护] 判决完成，休眠 2 秒...
2026-07-13 04:32:35 | INFO     |    [第 2/3 次判决] 呼叫逻辑裁判...
2026-07-13 04:33:31 | INFO     |       ✅ [裁判亮分] 总得分: 12.5
2026-07-13 04:33:31 | INFO     |          - [条款 step_1] 得分: 2.5 | 理由: 学生展示了二进制前缀分析和幂次求和的计算痕迹，说明理解扩展操作码的方法。但未明确得出主操作码总数2^4=16或一地址总名额4×2^6=256这两个关键参数，且所列求和(2^7+2^6+2^5+2^4+2^3+2^2+1=253)与标准值256不符。方法方向正确但关键数值缺失/偏差，给予部分分。
2026-07-13 04:33:31 | INFO     |          - [条款 step_2] 得分: 5.0 | 理由: 学生明确得出一地址指令最多255条，与标准答案完全一致。虽然中间推导过程简略，但核心结论正确，且step_1中有相关计算痕迹作为最低过程证据，按宽容评分政策给予满分。
2026-07-13 04:33:31 | INFO     |          - [条款 step_3] 得分: 5.0 | 理由: 学生写出关键公式2×2^6=2^7=128，并正确得出零地址指令最多128条。公式中的系数2隐含了让出2条一地址位置的逻辑，与前10位前缀1111 1111 10的分析一致。结果和核心方法均正确，给予满分。
2026-07-13 04:33:31 | INFO     |    ⏳ [V0 保护] 判决完成，休眠 2 秒...
2026-07-13 04:33:33 | INFO     |    [第 3/3 次判决] 呼叫逻辑裁判...
2026-07-13 04:35:24 | INFO     |       ✅ [裁判亮分] 总得分: 12.5
2026-07-13 04:35:24 | INFO     |          - [条款 step_1] 得分: 2.5 | 理由: 学生使用了二进制前缀枚举法来统计一地址指令空间，方法本身合理，展示了二进制范围(1100 0000 00至1111 1111 10)和幂次求和(2^7+...+2^2+1=253)。但未明确给出主操作码总数(16)、剩余操作码数(4)或总名额(256)，且求和结果253与标准答案256不符，缺少2^1项。方法概念正确但中间值不匹配，给予部分分。
2026-07-13 04:35:24 | INFO     |          - [条款 step_2] 得分: 5 | 理由: 学生明确得出一地址指令最多255条的最终结论，数值与标准答案完全一致，且表述'此时一地址条数最多'体现了最大化概念。核心结果正确，满分。
2026-07-13 04:35:24 | INFO     |          - [条款 step_3] 得分: 5 | 理由: 学生给出了零地址指令的计算公式2×2^6=2^7=128，与标准答案公式和结果完全一致。学生通过二进制前缀(1111 1111 10)确定起始位置，体现了正确的扩展窗口思路(2个释放位置×2^6)，最终结果128正确。满分。
2026-07-13 04:35:24 | INFO     | 💾 样本 ANS_CO_285.jpg 进度已保存。
2026-07-13 04:35:24 | INFO     | ⏳ 样本间冷却 15 秒...
2026-07-13 04:35:39 | INFO     | 
👉 正在处理新样本: ANS_CO_289.jpg
2026-07-13 04:35:57 | INFO     |    ⏳ [V0 保护] 脱敏清单生成完毕，休眠 2 秒...
2026-07-13 04:35:59 | INFO     |    [单次视觉采样] 正在看图提取事实...
2026-07-13 04:36:12 | INFO     |    ⏳ [V0 保护] 视觉提取完成，准备进入打分循环，休眠 2 秒...
2026-07-13 04:36:14 | INFO     |    [第 1/3 次判决] 呼叫逻辑裁判...
2026-07-13 04:36:49 | INFO     |       ✅ [裁判亮分] 总得分: 0
2026-07-13 04:36:49 | INFO     |          - [条款 step_1] 得分: 0 | 理由: 学生错误地用全部16条主操作码乘以2^6得到1024，未正确计算用于一地址扩展的操作码数量（应为16-12=4，即4×2^6=256）。方法与题意产生根本性冲突。
2026-07-13 04:36:49 | INFO     |          - [条款 step_2] 得分: 0 | 理由: 最终结果487与标准答案255完全不符，且基于错误的一地址总名额（1024或487.5）推导得出，存在核心数值与结论矛盾。
2026-07-13 04:36:49 | INFO     |          - [条款 step_3] 得分: 0 | 理由: 零地址指令的扩展计算公式错误，且最终结果468条与标准答案128条不符。存在方法与结论的双重概念错误。
2026-07-13 04:36:49 | INFO     |    ⏳ [V0 保护] 判决完成，休眠 2 秒...
2026-07-13 04:36:51 | INFO     |    [第 2/3 次判决] 呼叫逻辑裁判...
2026-07-13 04:37:14 | INFO     |       ✅ [裁判亮分] 总得分: 0
2026-07-13 04:37:14 | INFO     |          - [条款 step_1] 得分: 0 | 理由: 学生使用 2⁶×16=1024 作为基础（应为剩余 4 条主操作码 ×2⁶=256），并引入 2²×12 与 ÷2 等与题目无关的运算，方法概念错误，得出的一地址总名额 1024/487.5 与标准 256 完全不一致。
2026-07-13 04:37:14 | INFO     |          - [条款 step_2] 得分: 0 | 理由: 最终答案 487 与标准答案 255 严重不符，且源于上游错误方法（1024/2 思路），不存在正确的过程支撑，属核心结论错误。
2026-07-13 04:37:14 | INFO     |          - [条款 step_3] 得分: 0 | 理由: 学生使用错误基数 1024 并按 (1024-2²×12)-2×254 计算，得到 468，与标准 128 不符；计算关系（减去 2×254 而非乘以 2⁶）反映了概念错误，无法视为上游错误的传播性 PARTIAL_MATCH。
2026-07-13 04:37:14 | INFO     |    ⏳ [V0 保护] 判决完成，休眠 2 秒...
2026-07-13 04:37:16 | INFO     |    [第 3/3 次判决] 呼叫逻辑裁判...
2026-07-13 04:38:09 | INFO     |       ✅ [裁判亮分] 总得分: 0
2026-07-13 04:38:09 | INFO     |          - [条款 step_1] 得分: 0 | 理由: 学生用2^6×16=1024计算，未正确识别剩余操作码数(16-12=4)，也未正确计算一地址总名额(4×2^6=256)。方法概念错误：扩展操作码应先确定剩余操作码数量再乘以地址字段扩展位，学生的方法与标准方法在核心关系上矛盾。
2026-07-13 04:38:09 | INFO     |          - [条款 step_2] 得分: 0 | 理由: 最终答案487与标准答案255严重不符，且来源于step_1的错误方法(487.5取整)，数值偏差巨大，属于核心结论错误。
2026-07-13 04:38:09 | INFO     |          - [条款 step_3] 得分: 0 | 理由: 学生用(1024-48)-2×254=468计算，方法完全错误。标准方法应为(256-254)×2^6=2×64=128。学生既未正确确定一地址剩余位置数(应为2而非468对应的计算)，也未正确乘以扩展位2^6。最终答案468与标准答案128严重不符。
2026-07-13 04:38:09 | INFO     | 💾 样本 ANS_CO_289.jpg 进度已保存。
2026-07-13 04:38:09 | INFO     | ⏳ 样本间冷却 15 秒...
2026-07-13 04:38:24 | INFO     | 
👉 正在处理新样本: ANS_CO_301.jpg
2026-07-13 04:38:50 | INFO     |    ⏳ [V0 保护] 脱敏清单生成完毕，休眠 2 秒...
2026-07-13 04:38:52 | INFO     |    [单次视觉采样] 正在看图提取事实...
2026-07-13 04:39:03 | INFO     |    ⏳ [V0 保护] 视觉提取完成，准备进入打分循环，休眠 2 秒...
2026-07-13 04:39:05 | INFO     |    [第 1/3 次判决] 呼叫逻辑裁判...
2026-07-13 04:39:57 | INFO     |       ✅ [裁判亮分] 总得分: 1
2026-07-13 04:39:57 | INFO     |          - [条款 step_1] 得分: 1 | 理由: 学生通过非常规路径 (6×16-12×6)/6 = 4 得到了剩余操作码数 4，代数上等价于 16-12=4，此中间结果正确。但未进一步计算一地址总名额 256，也未明确写出主操作码总数 16。仅完成部分要求。
2026-07-13 04:39:57 | INFO     |          - [条款 step_2] 得分: 0 | 理由: 本题要求给出第一问的最终结果，正确答案为 255。学生仅重复了上一步骤的中间计算 24÷6=4，未得出 255，且数值完全不符，属于结论性错误。
2026-07-13 04:39:57 | INFO     |          - [条款 step_3] 得分: 0 | 理由: 正确方法应计算 (256-254)×2^6 = 128。学生写 254×6=1524，用错了计算对象和关系（乘以已使用数 254 而非剩余数 2，且用 6 而非 2^6=64），方法与结论均错误。
2026-07-13 04:39:57 | INFO     |    ⏳ [V0 保护] 判决完成，休眠 2 秒...
2026-07-13 04:39:59 | INFO     |    [第 2/3 次判决] 呼叫逻辑裁判...
2026-07-13 04:41:08 | INFO     |       ✅ [裁判亮分] 总得分: 1
2026-07-13 04:41:08 | INFO     |          - [条款 step_1] 得分: 1 | 理由: 学生通过错误方法（12×6=72, 6×16-72=24, 24÷6=4）碰巧得到 4，与标准中剩余操作码数 16-12=4 数值一致，但推导过程概念混乱（将指令条数与地址位数相乘没有物理意义），且从未计算出一地址总名额 256。仅对得到 4 这一关键中间量给予少量分。
2026-07-13 04:41:08 | INFO     |          - [条款 step_2] 得分: 0 | 理由: 学生重复写了 24÷6=4，既未得出最终结果 255，也未展示任何与 255 相关的推导路径（如 256-1=255）。核心结论完全缺失且数值方向错误。
2026-07-13 04:41:08 | INFO     |          - [条款 step_3] 得分: 0 | 理由: 学生写出 254×6=1524，虽然提到了 254（已使用的一地址指令数），但计算方法完全错误，既未计算剩余名额 256-254=2，也未得出 2×2^6=128。与标准方法无任何对应关系。
2026-07-13 04:41:08 | INFO     |    ⏳ [V0 保护] 判决完成，休眠 2 秒...
2026-07-13 04:41:10 | INFO     |    [第 3/3 次判决] 呼叫逻辑裁判...
2026-07-13 04:44:15 | INFO     |       ✅ [裁判亮分] 总得分: 2
2026-07-13 04:44:15 | INFO     |          - [条款 step_1] 得分: 2 | 理由: 学生通过 24÷6=4 得到了与标准一致的“剩余主操作码数=4”这一关键中间量，但其推导方式混乱（72/24 的物理含义不清），且未进一步计算出 4×2^6=256 的一地址总名额。只满足部分要求，给部分分。
2026-07-13 04:44:15 | INFO     |          - [条款 step_2] 得分: 0 | 理由: 核心最终结果应为 255，学生仅写出 24÷6=4，并未得到 4×2^6-1=255 的结论；4 也不是第一问的正确答案。核心结论缺失/错误，记 0 分。
2026-07-13 04:44:15 | INFO     |          - [条款 step_3] 得分: 0 | 理由: 学生写出的 254×6=1524 与标准做法 (256-254)×2^6=128 在方法与结果上均不一致，未体现正确的扩展窗口计算关系，属于方法/结论错误。
2026-07-13 04:44:15 | INFO     | 💾 样本 ANS_CO_301.jpg 进度已保存。
2026-07-13 04:44:15 | INFO     | ⏳ 样本间冷却 15 秒...
2026-07-13 04:44:30 | INFO     | 
👉 正在处理新样本: ANS_CO_302.jpg
2026-07-13 04:44:49 | INFO     |    ⏳ [V0 保护] 脱敏清单生成完毕，休眠 2 秒...
2026-07-13 04:44:51 | INFO     |    [单次视觉采样] 正在看图提取事实...
2026-07-13 04:46:12 | INFO     |    ⏳ [V0 保护] 视觉提取完成，准备进入打分循环，休眠 2 秒...
2026-07-13 04:46:14 | INFO     |    [第 1/3 次判决] 呼叫逻辑裁判...
2026-07-13 04:46:35 | INFO     |       ✅ [裁判亮分] 总得分: 15
2026-07-13 04:46:35 | INFO     |          - [条款 step_1] 得分: 5 | 理由: 学生明确写出2^4=16、16-12=4、2^6=64三个关键量，且在step_2中通过64×4=256隐含使用了一地址总名额。核心参数全部正确，达到满分要求。
2026-07-13 04:46:35 | INFO     |          - [条款 step_2] 得分: 5 | 理由: 最终答案正确(255)，且展示了完整的计算过程64×4-1=255，既有正确结论又有有效计算迹，满分。
2026-07-13 04:46:35 | INFO     |          - [条款 step_3] 得分: 5 | 理由: 计算过程完整且正确：64×4-254=2得到剩余位置数，2^6×2=128得到零地址指令最大数量，最终答案128与标准答案一致，满分。
2026-07-13 04:46:35 | INFO     |    ⏳ [V0 保护] 判决完成，休眠 2 秒...
2026-07-13 04:46:37 | INFO     |    [第 2/3 次判决] 呼叫逻辑裁判...
2026-07-13 04:47:02 | INFO     |       ✅ [裁判亮分] 总得分: 15
2026-07-13 04:47:02 | INFO     |          - [条款 step_1] 得分: 5 | 理由: 学生明确列出主操作码总数 2^4=16、剩余操作码数 16-12=4、以及地址字段宽度 2^6=64，这些是一地址总名额的全部关键中间量；4×64=256 在 step_2 中被直接使用（64×4-1=255），因此方法依据完整。
2026-07-13 04:47:02 | INFO     |          - [条款 step_2] 得分: 5 | 理由: 学生正确计算 4×2^6-1=255，并明确得出一地址指令最多255条，与标准答案完全一致，且有完整计算轨迹。
2026-07-13 04:47:02 | INFO     |          - [条款 step_3] 得分: 5 | 理由: 学生正确计算剩余位置 64×4-254=2（即256-254=2），再乘以2^6得到128条，方法与结论均正确，与标准答案一致。
2026-07-13 04:47:02 | INFO     |    ⏳ [V0 保护] 判决完成，休眠 2 秒...
2026-07-13 04:47:04 | INFO     |    [第 3/3 次判决] 呼叫逻辑裁判...
2026-07-13 04:47:24 | INFO     |       ✅ [裁判亮分] 总得分: 15.0
2026-07-13 04:47:24 | INFO     |          - [条款 step_1] 得分: 5.0 | 理由: 学生明确计算出2^4=16，16-12=4，并计算出2^6=64。这些正是计算一地址总名额4×2^6=256所需的关键参数，且在后续步骤中被正确使用。根据宽松评分政策，无需完整展开所有运算即可给满分。
2026-07-13 04:47:24 | INFO     |          - [条款 step_2] 得分: 5.0 | 理由: 学生正确计算出64×4-1=255，并明确得出最终结论“一地址指令最多255条”，与标准答案完全一致，同时包含了计算过程。
2026-07-13 04:47:24 | INFO     |          - [条款 step_3] 得分: 5.0 | 理由: 学生正确计算出剩余扩展位置64×4-254=2，并基于此正确计算零地址指令数2^6×2=128条，得出最终结论“零地址指令最多128条”，方法与结论均完全正确。
2026-07-13 04:47:24 | INFO     | 💾 样本 ANS_CO_302.jpg 进度已保存。
2026-07-13 04:47:24 | INFO     | ⏳ 样本间冷却 15 秒...
2026-07-13 04:47:39 | INFO     | 
📊 采样完成。平均方差: 0.4556
2026-07-13 04:47:39 | INFO     | Item-level variance: avg=0.0926, max=0.8889
2026-07-13 04:47:39 | WARNING  | ⚠️ 方差超标！开始基于高方差样本修正标准...
2026-07-13 04:47:39 | INFO     | 🔧 [规则修正] 正在基于 3 份精选样本优化规则...
2026-07-13 04:54:50 | INFO     | 🎉 修正后的最终标准已通过总分校验。
2026-07-13 04:54:50 | INFO     | [rubric manifest] saved: D:\users\王鑫020420\Desktop\refgrader-main\data\csbench\rubrics\manifests\CO\CO_5_optimization.json
2026-07-13 04:54:50 | INFO     | 
============================================================
🔬 [断点续传模式] 处理题目: CO_6
============================================================
2026-07-13 04:54:50 | INFO     | force-rerun enabled; restart from the immutable initial rubric and ignore the existing optimized rubric.
2026-07-13 04:54:50 | INFO     | Loaded immutable initial rubric: data/csbench/rubrics/initial/CO/CO_6_rubric_standard.json
2026-07-13 04:54:50 | INFO     | force-rerun enabled; ignore old variance checkpoint for this question.
2026-07-13 04:54:50 | INFO     | [data isolation] variance optimization is restricted to 6 calibration answers.
2026-07-13 04:54:50 | INFO     | 
👉 正在处理新样本: ANS_CO_382.png
2026-07-13 04:55:18 | INFO     |    ⏳ [V0 保护] 脱敏清单生成完毕，休眠 2 秒...
2026-07-13 04:55:20 | INFO     |    [单次视觉采样] 正在看图提取事实...
2026-07-13 04:55:31 | INFO     |    ⏳ [V0 保护] 视觉提取完成，准备进入打分循环，休眠 2 秒...
2026-07-13 04:55:33 | INFO     |    [第 1/3 次判决] 呼叫逻辑裁判...
2026-07-13 04:55:52 | INFO     |       ✅ [裁判亮分] 总得分: 0
2026-07-13 04:55:52 | INFO     |          - [条款 step_1] 得分: 0 | 理由: 学生未书写该步骤，无任何公式或计算痕迹。
2026-07-13 04:55:52 | INFO     |          - [条款 step_2] 得分: 0 | 理由: 学生未书写非互斥信号位数及控制字段总长的计算。
2026-07-13 04:55:52 | INFO     |          - [条款 step_3] 得分: 0 | 理由: BCF应为3位（8种条件），学生答6位；BAF应为9位（512条），学生答3位。值与方法均错误，且疑似数值颠倒。
2026-07-13 04:55:52 | INFO     |          - [条款 step_4] 得分: 0 | 理由: 微指令总长度应为168位，学生答9位，与正确数量级严重不符，属结论性错误。
2026-07-13 04:55:52 | INFO     |          - [条款 step_5] 得分: 0 | 理由: 控制存储器总容量应为86016位，学生答48位，结论严重错误。
2026-07-13 04:55:52 | INFO     |          - [条款 step_6] 得分: 0 | 理由: 总容量字节应为10752字节，学生答48字节，且与自身前序48位的换算也不一致（48位仅6字节），结论性错误。
2026-07-13 04:55:52 | INFO     |    ⏳ [V0 保护] 判决完成，休眠 2 秒...
2026-07-13 04:55:54 | INFO     |    [第 2/3 次判决] 呼叫逻辑裁判...
2026-07-13 04:56:14 | INFO     |       ✅ [裁判亮分] 总得分: 0
2026-07-13 04:56:14 | INFO     |          - [条款 step_1] 得分: 0 | 理由: 学生未书写任何内容，无法评判。
2026-07-13 04:56:14 | INFO     |          - [条款 step_2] 得分: 0 | 理由: 学生未书写任何内容，无法评判。
2026-07-13 04:56:14 | INFO     |          - [条款 step_3] 得分: 0 | 理由: BCF标准为3位，学生写6位；BAF标准为9位，学生写3位。两个核心数值均错误，属概念性错误。
2026-07-13 04:56:14 | INFO     |          - [条款 step_4] 得分: 0 | 理由: 学生回答每条指令总长度为9位，标准答案为168位，数值严重错误。
2026-07-13 04:56:14 | INFO     |          - [条款 step_5] 得分: 0 | 理由: 学生回答总容量为48位，标准答案为86016位，数值严重错误，且无正确计算过程支撑。
2026-07-13 04:56:14 | INFO     |          - [条款 step_6] 得分: 0 | 理由: 学生回答48字节，标准答案为10752字节，数值严重错误，且与前序错误一脉相承。
2026-07-13 04:56:14 | INFO     |    ⏳ [V0 保护] 判决完成，休眠 2 秒...
2026-07-13 04:56:16 | INFO     |    [第 3/3 次判决] 呼叫逻辑裁判...
2026-07-13 04:56:50 | INFO     |       ✅ [裁判亮分] 总得分: 0
2026-07-13 04:56:50 | INFO     |          - [条款 step_1] 得分: 0 | 理由: 学生未书写该步骤，无任何内容可供评分。
2026-07-13 04:56:50 | INFO     |          - [条款 step_2] 得分: 0 | 理由: 学生未书写该步骤，无任何内容可供评分。
2026-07-13 04:56:50 | INFO     |          - [条款 step_3] 得分: 0 | 理由: BCF应为3位（log2(8)=3），学生答6位；BAF应为9位（log2(512)=9），学生答3位，两个核心数值均错误，且恰好相反，属于概念与数值根本性错误。
2026-07-13 04:56:50 | INFO     |          - [条款 step_4] 得分: 0 | 理由: 标准答案为168位，学生答9位。学生仅取了BCF+BAF（且上游值已错误），完全遗漏控制字段156位，数值与结构均错误。
2026-07-13 04:56:50 | INFO     |          - [条款 step_5] 得分: 0 | 理由: 标准答案为86016位，学生答48位，数量级严重错误，计算方法或数值根本不正确。
2026-07-13 04:56:50 | INFO     |          - [条款 step_6] 得分: 0 | 理由: 标准答案为10752字节，学生答48字节。且学生step_5写48位、step_6写48字节，未做÷8转换，单位换算逻辑缺失，上游数值也已错误，属根本性错误。
2026-07-13 04:56:50 | INFO     | 💾 样本 ANS_CO_382.png 进度已保存。
2026-07-13 04:56:50 | INFO     | ⏳ 样本间冷却 15 秒...
2026-07-13 04:57:05 | INFO     | 
👉 正在处理新样本: ANS_CO_383.png
2026-07-13 04:57:36 | INFO     |    ⏳ [V0 保护] 脱敏清单生成完毕，休眠 2 秒...
2026-07-13 04:57:38 | INFO     |    [单次视觉采样] 正在看图提取事实...
2026-07-13 04:58:07 | INFO     |    ⏳ [V0 保护] 视觉提取完成，准备进入打分循环，休眠 2 秒...
2026-07-13 04:58:09 | INFO     |    [第 1/3 次判决] 呼叫逻辑裁判...
2026-07-13 04:59:15 | INFO     |       ✅ [裁判亮分] 总得分: 6
2026-07-13 04:59:15 | INFO     |          - [条款 step_1] 得分: 1 | 理由: 学生采用了正确的方法（将每组编码位数相加），但四个组中三组的位数均错误（4,3,4,2 vs 标准4,4,5,3），未考虑每组需额外编码"无信号"状态，导致总数13≠16。方法正确但数值系统性错误，给予少量过程分。
2026-07-13 04:59:15 | INFO     |          - [条款 step_2] 得分: 2 | 理由: 学生正确计算出非互斥信号140条（180-40=140），但控制字段总长遗漏了互斥组编码位数，写成140位而非156位。一半内容正确。
2026-07-13 04:59:15 | INFO     |          - [条款 step_3] 得分: 2 | 理由: BAF=9位正确。但BCF写为13位，明显错误地将step_1的结果（13位）误作BCF，混淆了不同字段概念。标准BCF=3位。BAF正确但BCF概念性错误，给一半分。
2026-07-13 04:59:15 | INFO     |          - [条款 step_4] 得分: 1 | 理由: 学生使用了正确的加法结构（控制字段+BCF+BAF），但各分量值均来自上游错误（140+13+9），导致结果162≠168。方法正确但传播了错误值，给部分过程分。
2026-07-13 04:59:15 | INFO     |          - [条款 step_5] 得分: 0 | 理由: 学生未计算实际容量（微指令条数×每条位数），而是错误地将2^9和9位拼在一起，概念完全错误。容量应为乘积86016位，而非'2^9, 9位'。
2026-07-13 04:59:15 | INFO     |          - [条款 step_6] 得分: 0 | 理由: 答案'2字节'与标准10752字节相差多个数量级，存在根本性数值错误，无法给予任何分数。
2026-07-13 04:59:15 | INFO     |    ⏳ [V0 保护] 判决完成，休眠 2 秒...
2026-07-13 04:59:17 | INFO     |    [第 2/3 次判决] 呼叫逻辑裁判...
2026-07-13 05:00:03 | INFO     |       ✅ [裁判亮分] 总得分: 5.5
2026-07-13 05:00:03 | INFO     |          - [条款 step_1] 得分: 1.0 | 理由: 方法正确（按组求和），但各组位数（4,3,4,2）与标准（4,4,5,3）不符，和为13而非16，属于数值错误。给少量过程分。
2026-07-13 05:00:03 | INFO     |          - [条款 step_2] 得分: 2.0 | 理由: 非互斥信号数140正确，但控制字段未加上互斥组16位，写成140位，结论错误。给部分分。
2026-07-13 05:00:03 | INFO     |          - [条款 step_3] 得分: 2.0 | 理由: BAF=9位正确；但BCF错写成13位（应为3位），核心结论部分正确。给一半分。
2026-07-13 05:00:03 | INFO     |          - [条款 step_4] 得分: 0.5 | 理由: 求和方法正确，但由于上游各分量错误（140、13而非156、3），结果162错误。属于传播误差的合理方法，给少量过程分。
2026-07-13 05:00:03 | INFO     |          - [条款 step_5] 得分: 0 | 理由: 学生将BAF位数2^9误当作控制存储器总容量，概念性错误，与所需公式（条数×字长）完全不一致。
2026-07-13 05:00:03 | INFO     |          - [条款 step_6] 得分: 0 | 理由: 最终答案"2字节"与标准10752字节数量级严重不符，核心结论错误。
2026-07-13 05:00:03 | INFO     |    ⏳ [V0 保护] 判决完成，休眠 2 秒...
2026-07-13 05:00:05 | INFO     |    [第 3/3 次判决] 呼叫逻辑裁判...
2026-07-13 05:01:27 | INFO     |       ✅ [裁判亮分] 总得分: 8
2026-07-13 05:01:27 | INFO     |          - [条款 step_1] 得分: 2 | 理由: 方法正确（对每组互斥信号求位数后相加），但各组位数计算错误（4,3,4,2 vs 标准 4,4,5,3），导致总和13≠16。可能是每组未含空操作状态导致系统性少1位。
2026-07-13 05:01:27 | INFO     |          - [条款 step_2] 得分: 2 | 理由: 非互斥信号数140计算正确，但控制字段总长应为140+16=156位，学生未将互斥组编码位（应为16位）加入控制字段，仅取140位。
2026-07-13 05:01:27 | INFO     |          - [条款 step_3] 得分: 2 | 理由: BAF=2^9=9位正确。但BCF应为3位（8种条件转移），学生误将互斥组位数13当作BCF，概念混淆。BAF部分正确，BCF部分错误。
2026-07-13 05:01:27 | INFO     |          - [条款 step_4] 得分: 1 | 理由: 公式结构正确（控制字段+BCF+BAF），但因上游错误传播（控制字段140≠156、BCF 13≠3），结果162≠168。方法对，数值错。
2026-07-13 05:01:27 | INFO     |          - [条款 step_5] 得分: 1 | 理由: 学生识别出2^9=512条微指令，但未与微指令字长相乘得到总容量，且将BAF位数9与微指令字长混淆。容量公式缺失关键乘法步骤。
2026-07-13 05:01:27 | INFO     |          - [条款 step_6] 得分: 0 | 理由: 答案'2字节'与标准答案10752字节完全不符，数量级严重错误，无合理的计算路径可得出此结果，属于核心结论错误。
2026-07-13 05:01:27 | INFO     | 💾 样本 ANS_CO_383.png 进度已保存。
2026-07-13 05:01:27 | INFO     | ⏳ 样本间冷却 15 秒...
2026-07-13 05:01:42 | INFO     | 
👉 正在处理新样本: ANS_CO_414.png
2026-07-13 05:02:16 | INFO     |    ⏳ [V0 保护] 脱敏清单生成完毕，休眠 2 秒...
2026-07-13 05:02:18 | INFO     |    [单次视觉采样] 正在看图提取事实...
2026-07-13 05:02:48 | INFO     |    ⏳ [V0 保护] 视觉提取完成，准备进入打分循环，休眠 2 秒...
2026-07-13 05:02:50 | INFO     |    [第 1/3 次判决] 呼叫逻辑裁判...
2026-07-13 05:03:17 | INFO     |       ✅ [裁判亮分] 总得分: 2
2026-07-13 05:03:17 | INFO     |          - [条款 step_1] 得分: 0 | 理由: 学生未书写任何内容，无法获得分数。
2026-07-13 05:03:17 | INFO     |          - [条款 step_2] 得分: 0 | 理由: 学生给出控制字段8位，与标准答案156位严重不符，属于数值性错误。
2026-07-13 05:03:17 | INFO     |          - [条款 step_3] 得分: 2 | 理由: BAF=9位正确，但BCF=19位与标准3位严重不符（应为ceil(log₂8)=3），BCF部分错误。BAF部分正确，给予一半分数。
2026-07-13 05:03:17 | INFO     |          - [条款 step_4] 得分: 0 | 理由: 学生给出总长度38位，与标准答案168位严重不符，数值错误。
2026-07-13 05:03:17 | INFO     |          - [条款 step_5] 得分: 0 | 理由: 学生给出9位作为控制存储器总容量，这明显不是容量计算结果，与标准86016位严重不符。
2026-07-13 05:03:17 | INFO     |          - [条款 step_6] 得分: 0 | 理由: 学生给出128字节，与标准答案10752字节严重不符，数值错误。
2026-07-13 05:03:17 | INFO     |    ⏳ [V0 保护] 判决完成，休眠 2 秒...
2026-07-13 05:03:19 | INFO     |    [第 2/3 次判决] 呼叫逻辑裁判...
2026-07-13 05:03:50 | INFO     |       ✅ [裁判亮分] 总得分: 2.0
2026-07-13 05:03:50 | INFO     |          - [条款 step_1] 得分: 0 | 理由: 学生未书写此步骤，无任何计算痕迹。
2026-07-13 05:03:50 | INFO     |          - [条款 step_2] 得分: 0 | 理由: 学生给出控制字段8位，与标准答案156位严重矛盾，且8位的来源与题意不符，属于核心数值错误。
2026-07-13 05:03:50 | INFO     |          - [条款 step_3] 得分: 2.0 | 理由: BAF=9位正确；BCF=19位错误（应为3位，8种条件转移）。一半结论正确，给予一半分数。
2026-07-13 05:03:50 | INFO     |          - [条款 step_4] 得分: 0 | 理由: 总长度38位与标准168位差距巨大，核心结论错误。
2026-07-13 05:03:50 | INFO     |          - [条款 step_5] 得分: 0 | 理由: 学生只写'9位'，与控制存储器总容量86016位完全不符，属于答非所问的核心错误。
2026-07-13 05:03:50 | INFO     |          - [条款 step_6] 得分: 0 | 理由: 学生答案128字节与标准10752字节相差近两个数量级，核心数值错误。
2026-07-13 05:03:50 | INFO     |    ⏳ [V0 保护] 判决完成，休眠 2 秒...
2026-07-13 05:03:52 | INFO     |    [第 3/3 次判决] 呼叫逻辑裁判...
2026-07-13 05:04:15 | INFO     |       ✅ [裁判亮分] 总得分: 2.0
2026-07-13 05:04:15 | INFO     |          - [条款 step_1] 得分: 0 | 理由: 学生未书写，无任何计算痕迹，空白不得分。
2026-07-13 05:04:15 | INFO     |          - [条款 step_2] 得分: 0 | 理由: 学生给出控制字段8位，与标准答案156位差距极大，属核心数值错误。
2026-07-13 05:04:15 | INFO     |          - [条款 step_3] 得分: 2.0 | 理由: BAF 9位正确；BCF 19位错误（应为3位，8种条件转移仅需log2(8)=3位），一项正确一项错误，给半分。
2026-07-13 05:04:15 | INFO     |          - [条款 step_4] 得分: 0 | 理由: 总长度38位与标准答案168位严重不符，属核心结论错误。
2026-07-13 05:04:15 | INFO     |          - [条款 step_5] 得分: 0 | 理由: 学生给出9位，与控制存储器总容量86016位完全无关，属核心数值错误。
2026-07-13 05:04:15 | INFO     |          - [条款 step_6] 得分: 0 | 理由: 学生给出128字节，与标准答案10752字节差距巨大，属核心结论错误。
2026-07-13 05:04:15 | INFO     | 💾 样本 ANS_CO_414.png 进度已保存。
2026-07-13 05:04:15 | INFO     | ⏳ 样本间冷却 15 秒...
2026-07-13 05:04:30 | INFO     | 
👉 正在处理新样本: ANS_CO_419.png
2026-07-13 05:05:06 | INFO     |    ⏳ [V0 保护] 脱敏清单生成完毕，休眠 2 秒...
2026-07-13 05:05:08 | INFO     |    [单次视觉采样] 正在看图提取事实...
2026-07-13 05:05:46 | INFO     |    ⏳ [V0 保护] 视觉提取完成，准备进入打分循环，休眠 2 秒...
2026-07-13 05:05:48 | INFO     |    [第 1/3 次判决] 呼叫逻辑裁判...
2026-07-13 05:07:31 | INFO     |       ✅ [裁判亮分] 总得分: 9.0
2026-07-13 05:07:31 | INFO     |          - [条款 step_1] 得分: 4.0 | 理由: 学生正确列出了四个互斥组的位数4、4、5、3，与标准答案完全一致，且解释了全零表示不发信号的含义。
2026-07-13 05:07:31 | INFO     |          - [条款 step_2] 得分: 0 | 理由: 学生认为所有非互斥信号仅需1位控制（得到控制字段17位），概念性错误：每个非互斥信号应各占1位，共140位。方法根本性错误，得17位而非156位。
2026-07-13 05:07:31 | INFO     |          - [条款 step_3] 得分: 2.0 | 理由: BAF=9位正确（512条→log₂512=9）。但BCF=4位错误，标准为3位（8种条件转移→2³=8），学生将顺序执行额外计入导致多算1位。一半内容正确。
2026-07-13 05:07:31 | INFO     |          - [条款 step_4] 得分: 1.0 | 理由: 公式结构正确（控制字段+BCF+BAF=总长度），加法运算17+4+9=30本身无误。但因上游step_2的17位（应为156）和step_3的BCF=4位（应为3位）错误，导致结果30位远偏离标准168位。方法正确但传播了上游错误。
2026-07-13 05:07:31 | INFO     |          - [条款 step_5] 得分: 1.0 | 理由: 乘法方法正确（条数×位宽），512条正确。但使用4B（32位）作为微指令宽度而非168位，且与自己step_4的30位不一致，数值偏差巨大（16k位 vs 86016位）。方法部分正确。
2026-07-13 05:07:31 | INFO     |          - [条款 step_6] 得分: 1.0 | 理由: 学生展示了位到字节的换算概念（16k位÷8=2k字节），换算逻辑正确。但因上游微指令宽度错误，最终2k字节远偏离标准10752字节。核心数值错误，但换算方法可见。
2026-07-13 05:07:31 | INFO     |    ⏳ [V0 保护] 判决完成，休眠 2 秒...
2026-07-13 05:07:33 | INFO     |    [第 2/3 次判决] 呼叫逻辑裁判...
2026-07-13 05:08:52 | INFO     |       ✅ [裁判亮分] 总得分: 9.0
2026-07-13 05:08:52 | INFO     |          - [条款 step_1] 得分: 4.0 | 理由: Student explicitly states the four mutual-exclusion groups need 4, 4, 5, 3 bits respectively, which exactly matches the standard answer.
2026-07-13 05:08:52 | INFO     |          - [条款 step_2] 得分: 0.0 | 理由: Student assumes non-exclusive signals need only 1 bit, whereas the standard answer requires 140 bits (180 minus the four group signal counts). This is a fundamental conceptual error, not a minor detail. The arithmetic 4+4+5+3=17 is also internally inconsistent (should be 16), suggesting an incorrect +1 for the non-exclusive bit.
2026-07-13 05:08:52 | INFO     |          - [条款 step_3] 得分: 2.0 | 理由: BAF = 9 bits is correct (log2(512)=9). However BCF = 4 is wrong; standard requires 3 bits for 8 conditional branches. Half the computation is correct.
2026-07-13 05:08:52 | INFO     |          - [条款 step_4] 得分: 1.0 | 理由: The formula structure (control field + BCF + BAF) is methodologically correct, but all input values are propagated from upstream errors (17 instead of 156, 4 instead of 3), yielding 30 instead of 168. Method is coherent but result is wrong.
2026-07-13 05:08:52 | INFO     |          - [条款 step_5] 得分: 1.0 | 理由: The multiplication method (microinstruction count × size) is present and the unit conversion chain (B→kB→bit) is coherent. However, using 4B (32 bits) per microinstruction contradicts both the standard (168 bits) and the student's own step_4 (30 bits), and the final 16k bits is far from 86016 bits.
2026-07-13 05:08:52 | INFO     |          - [条款 step_6] 得分: 1.0 | 理由: Student expresses the capacity in bytes and provides a unit conversion, which satisfies the structural requirement. However the numeric result (2048B vs 10752B) is propagated from wrong upstream values. The byte-conversion concept is present but the value is incorrect.
2026-07-13 05:08:52 | INFO     |    ⏳ [V0 保护] 判决完成，休眠 2 秒...
2026-07-13 05:08:54 | INFO     |    [第 3/3 次判决] 呼叫逻辑裁判...
2026-07-13 05:10:32 | INFO     |       ✅ [裁判亮分] 总得分: 9.0
2026-07-13 05:10:32 | INFO     |          - [条款 step_1] 得分: 4.0 | 理由: 学生正确识别了四个互斥组各需要4、4、5、3位，与标准答案完全一致，且说明了全零表示不发信号的编码方式。
2026-07-13 05:10:32 | INFO     |          - [条款 step_2] 得分: 1.0 | 理由: 学生提到非互斥信号每位用1位控制的概念，但完全没有计算非互斥信号数量，控制字段总计17位远小于正确值156位；此外4+4+5+3算术也错误（应为16）。方法存在重大遗漏，仅给少量方法分。
2026-07-13 05:10:32 | INFO     |          - [条款 step_3] 得分: 2.0 | 理由: BAF=9位完全正确；BCF=4位错误（标准答案为3位），学生因额外计入顺序执行状态导致多1位，概念有偏差。两项中一项正确，给半分。
2026-07-13 05:10:32 | INFO     |          - [条款 step_4] 得分: 1.0 | 理由: 公式结构正确（控制字段+BCF+BAF=总长度），但因上游控制字段位数错误导致最终值30远偏离正确值168。方法框架认可，数值错误，给一半分。
2026-07-13 05:10:32 | INFO     |          - [条款 step_5] 得分: 0.5 | 理由: 学生知道用指令条数乘以微指令长度计算容量（512×长度），但所用长度4B（约32位）与正确值168位差距极大，最终结果16k位远小于正确值86016位。方法思路部分认可。
2026-07-13 05:10:32 | INFO     |          - [条款 step_6] 得分: 0.5 | 理由: 学生展示了位与字节之间的换算意识（16k位=2k字节），但因上游微指令长度错误，最终2048B远偏离正确值10752字节。换算方向正确，数值错误，给少量分。
2026-07-13 05:10:32 | INFO     | 💾 样本 ANS_CO_419.png 进度已保存。
2026-07-13 05:10:32 | INFO     | ⏳ 样本间冷却 15 秒...
2026-07-13 05:10:47 | INFO     | 
👉 正在处理新样本: ANS_CO_424.png
2026-07-13 05:11:18 | INFO     |    ⏳ [V0 保护] 脱敏清单生成完毕，休眠 2 秒...
2026-07-13 05:11:20 | INFO     |    [单次视觉采样] 正在看图提取事实...
2026-07-13 05:11:40 | INFO     |    ⏳ [V0 保护] 视觉提取完成，准备进入打分循环，休眠 2 秒...
2026-07-13 05:11:42 | INFO     |    [第 1/3 次判决] 呼叫逻辑裁判...
2026-07-13 05:12:32 | INFO     |       ✅ [裁判亮分] 总得分: 12.0
2026-07-13 05:12:32 | INFO     |          - [条款 step_1] 得分: 4.0 | 理由: 学生正确识别了4个互斥组所需位数分别为4、4、5、3，与标准答案完全一致。
2026-07-13 05:12:32 | INFO     |          - [条款 step_2] 得分: 1.0 | 理由: 学生仅计算了互斥组编码位数（16位），但完全遗漏了非互斥信号位数（140位），控制字段总长应为156位而非16位。这是关键概念缺失，属于部分得分。
2026-07-13 05:12:32 | INFO     |          - [条款 step_3] 得分: 4.0 | 理由: BCF和BAF位数均与标准答案一致，完全正确。
2026-07-13 05:12:32 | INFO     |          - [条款 step_4] 得分: 1.0 | 理由: 计算方法正确（控制字段+BCF+BAF），但因上游step_2错误使用了控制字段16位而非156位，导致结果为28而非168，属传播误差。
2026-07-13 05:12:32 | INFO     |          - [条款 step_5] 得分: 1.0 | 理由: 方法正确（微指令条数×每条位数），2⁹=512正确，但因上游误差使用28而非168，结果错误，属传播误差。
2026-07-13 05:12:32 | INFO     |          - [条款 step_6] 得分: 1.0 | 理由: 单位转换方法正确（总位数÷8=字节），但因上游传播误差使用错误的总位数，最终结果错误。
2026-07-13 05:12:32 | INFO     |    ⏳ [V0 保护] 判决完成，休眠 2 秒...
2026-07-13 05:12:34 | INFO     |    [第 2/3 次判决] 呼叫逻辑裁判...
2026-07-13 05:13:25 | INFO     |       ✅ [裁判亮分] 总得分: 13.0
2026-07-13 05:13:25 | INFO     |          - [条款 step_1] 得分: 4.0 | 理由: Student correctly computed the encoding bits for all four mutually exclusive groups (4, 4, 5, 3) and their sum 16. Fully matches the standard answer.
2026-07-13 05:13:25 | INFO     |          - [条款 step_2] 得分: 1.0 | 理由: Student labeled only the exclusive-group encoding (16 bits) as the entire control field, completely omitting the 140 non-exclusive signals. The required relation (non-exclusive count = 180−40=140, total control field = 156) is absent. Partial credit for correctly computing the exclusive portion.
2026-07-13 05:13:25 | INFO     |          - [条款 step_3] 得分: 4.0 | 理由: BCF=3 bits and BAF=9 bits both exactly match the standard answer.
2026-07-13 05:13:25 | INFO     |          - [条款 step_4] 得分: 1.0 | 理由: The structural method (control field + BCF + BAF) is implied, but the result 28 bits is wrong because the student used 16 (exclusive only) instead of 156 for the control field, omitting 140 non-exclusive signals. Partial credit for correct summation structure.
2026-07-13 05:13:25 | INFO     |          - [条款 step_5] 得分: 1.5 | 理由: The formula (number of microinstructions × microinstruction length) is correct and uses 2⁹=512. However, it propagates the wrong length (28 instead of 168), yielding 14336 instead of 86016. Half credit for correct method with propagated upstream error.
2026-07-13 05:13:25 | INFO     |          - [条款 step_6] 得分: 1.5 | 理由: The unit conversion (÷8 for bits→bytes) is correctly applied. The result 1792 is wrong solely due to the propagated upstream error (28 vs 168 bits). Half credit for correct conversion method.
2026-07-13 05:13:25 | INFO     |    ⏳ [V0 保护] 判决完成，休眠 2 秒...
2026-07-13 05:13:27 | INFO     |    [第 3/3 次判决] 呼叫逻辑裁判...
2026-07-13 05:14:53 | INFO     |       ✅ [裁判亮分] 总得分: 13.0
2026-07-13 05:14:53 | INFO     |          - [条款 step_1] 得分: 4.0 | 理由: Student correctly mapped each group size (12, 8, 16, 4) to the required encoding bits (4, 4, 5, 3). Full credit.
2026-07-13 05:14:53 | INFO     |          - [条款 step_2] 得分: 1.0 | 理由: Student only computed the mutually-exclusive encoding (16 bits) and labeled it as the entire control field, completely omitting the 140 non-exclusive signals. The control field total of 16 is fundamentally wrong (should be 156). Partial credit for showing the mutually-exclusive encoding computation, but the core requirement of computing non-exclusive signals and total control field is unmet.
2026-07-13 05:14:53 | INFO     |          - [条款 step_3] 得分: 4.0 | 理由: Both BCF=3 and BAF=9 are exactly correct. Full credit.
2026-07-13 05:14:53 | INFO     |          - [条款 step_4] 得分: 1.0 | 理由: Student answer 28 is consistent with their upstream wrong control field (16+3+9=28), showing coherent method (control field + BCF + BAF). However the result is wrong due to propagated error from step_2, and no explicit formula is shown. Partial credit for coherent method.
2026-07-13 05:14:53 | INFO     |          - [条款 step_5] 得分: 1.5 | 理由: Student correctly identified 2⁹=512 microinstructions and used the correct capacity formula (number × length). The formula is right but the result is wrong due to propagated error from step_4 (28 instead of 168). Partial credit for correct method and formula.
2026-07-13 05:14:53 | INFO     |          - [条款 step_6] 得分: 1.5 | 理由: Student correctly applied the bits-to-bytes conversion (÷2³=÷8) and maintained the capacity formula structure. The conversion method is correct but the result is wrong due to propagated upstream error. Partial credit for correct conversion approach.
2026-07-13 05:14:53 | INFO     | 💾 样本 ANS_CO_424.png 进度已保存。
2026-07-13 05:14:53 | INFO     | ⏳ 样本间冷却 15 秒...
2026-07-13 05:15:08 | INFO     | 
📊 采样完成。平均方差: 0.2778
2026-07-13 05:15:08 | INFO     | Item-level variance: avg=0.0315, max=0.2222
2026-07-13 05:15:08 | WARNING  | ⚠️ 方差超标！开始基于高方差样本修正标准...
2026-07-13 05:15:08 | INFO     | 🔧 [规则修正] 正在基于 3 份精选样本优化规则...
2026-07-13 05:34:30 | INFO     | 🎉 修正后的最终标准已通过总分校验。
2026-07-13 05:34:30 | INFO     | [rubric manifest] saved: D:\users\王鑫020420\Desktop\refgrader-main\data\csbench\rubrics\manifests\CO\CO_6_optimization.json
2026-07-13 05:34:30 | INFO     | 
============================================================
🔬 [断点续传模式] 处理题目: CO_7
============================================================
2026-07-13 05:34:30 | INFO     | force-rerun enabled; restart from the immutable initial rubric and ignore the existing optimized rubric.
2026-07-13 05:34:30 | INFO     | Loaded immutable initial rubric: data/csbench/rubrics/initial/CO/CO_7_rubric_standard.json
2026-07-13 05:34:30 | INFO     | force-rerun enabled; ignore old variance checkpoint for this question.
2026-07-13 05:34:30 | INFO     | [data isolation] variance optimization is restricted to 6 calibration answers.
2026-07-13 05:34:30 | INFO     | 
👉 正在处理新样本: ANS_CO_471.jpg
2026-07-13 05:34:45 | INFO     |    ⏳ [V0 保护] 脱敏清单生成完毕，休眠 2 秒...
2026-07-13 05:34:47 | INFO     |    [单次视觉采样] 正在看图提取事实...
2026-07-13 05:35:01 | INFO     |    ⏳ [V0 保护] 视觉提取完成，准备进入打分循环，休眠 2 秒...
2026-07-13 05:35:03 | INFO     |    [第 1/3 次判决] 呼叫逻辑裁判...
2026-07-13 05:35:20 | INFO     |       ✅ [裁判亮分] 总得分: 10.0
2026-07-13 05:35:20 | INFO     |          - [条款 step_1] 得分: 5.0 | 理由: The student correctly calculates the clock cycles for M1 (2×10⁵) and accurately computes the execution time as 50μS, fully matching the canonical answer with valid process evidence.
2026-07-13 05:35:20 | INFO     |          - [条款 step_2] 得分: 5.0 | 理由: The student correctly calculates the clock cycles for M2 (1×10⁵) and the resulting execution time (100/6 μS is mathematically equivalent to ~16.67μs). The calculation is correct and is supported by valid process evidence.
2026-07-13 05:35:20 | INFO     |    ⏳ [V0 保护] 判决完成，休眠 2 秒...
2026-07-13 05:35:22 | INFO     |    [第 2/3 次判决] 呼叫逻辑裁判...
2026-07-13 05:35:41 | INFO     |       ✅ [裁判亮分] 总得分: 10.0
2026-07-13 05:35:41 | INFO     |          - [条款 step_1] 得分: 5.0 | 理由: Student correctly computes cycle count (2×10^5) and execution time (50μs). Formula and substitution both present. Final answer matches canonical. The 'S'/'μS' vs 's'/'μs' casing is a trivial notation difference that does not affect correctness.
2026-07-13 05:35:41 | INFO     |          - [条款 step_2] 得分: 5.0 | 理由: Student correctly computes cycle count (1×10^5) and execution time as 100/6 μS ≈ 16.67 μs, which matches the canonical 16.7 μs. Leaving the result as an unsimplified fraction is acceptable under the lenient policy since the value is exactly correct.
2026-07-13 05:35:41 | INFO     |    ⏳ [V0 保护] 判决完成，休眠 2 秒...
2026-07-13 05:35:43 | INFO     |    [第 3/3 次判决] 呼叫逻辑裁判...
2026-07-13 05:35:59 | INFO     |       ✅ [裁判亮分] 总得分: 10.0
2026-07-13 05:35:59 | INFO     |          - [条款 step_1] 得分: 5.0 | 理由: 学生正确计算出总周期数（2×10^5）并将其除以时钟频率（4×10^9 Hz），得出正确的时间 50 μs。核心计算与结果均正确。
2026-07-13 05:35:59 | INFO     |          - [条款 step_2] 得分: 5.0 | 理由: 学生正确计算出总周期数（1×10^5）并将其除以时钟频率（6×10^9 Hz），得出正确的时间结果（100/6 μs 约等于 16.67 μs），计算过程与结果均无误。
2026-07-13 05:35:59 | INFO     | 💾 样本 ANS_CO_471.jpg 进度已保存。
2026-07-13 05:35:59 | INFO     | ⏳ 样本间冷却 15 秒...
2026-07-13 05:36:14 | INFO     | 
👉 正在处理新样本: ANS_CO_474.jpg
2026-07-13 05:36:29 | INFO     |    ⏳ [V0 保护] 脱敏清单生成完毕，休眠 2 秒...
2026-07-13 05:36:31 | INFO     |    [单次视觉采样] 正在看图提取事实...
2026-07-13 05:36:44 | INFO     |    ⏳ [V0 保护] 视觉提取完成，准备进入打分循环，休眠 2 秒...
2026-07-13 05:36:46 | INFO     |    [第 1/3 次判决] 呼叫逻辑裁判...
2026-07-13 05:36:59 | INFO     |       ✅ [裁判亮分] 总得分: 10.0
2026-07-13 05:36:59 | INFO     |          - [条款 step_1] 得分: 5.0 | 理由: The student provides the correct computation trace and the final numerical answer for M1's running time, perfectly matching the canonical result.
2026-07-13 05:36:59 | INFO     |          - [条款 step_2] 得分: 5.0 | 理由: The student provides the correct computation trace and the final numerical answer for M2's running time, perfectly matching the canonical result.
2026-07-13 05:36:59 | INFO     |    ⏳ [V0 保护] 判决完成，休眠 2 秒...
2026-07-13 05:37:01 | INFO     |    [第 2/3 次判决] 呼叫逻辑裁判...
2026-07-13 05:37:14 | INFO     |       ✅ [裁判亮分] 总得分: 10.0
2026-07-13 05:37:14 | INFO     |          - [条款 step_1] 得分: 5.0 | 理由: 学生展示了计算过程（周期数=10⁵×2，除以主频4×10⁹），并得到正确结果5×10⁻⁵s，与标准答案一致。
2026-07-13 05:37:14 | INFO     |          - [条款 step_2] 得分: 5.0 | 理由: 学生展示了计算过程（周期数=10⁵×1，除以主频6×10⁹），并得到正确结果≈1.67×10⁻⁵s，与标准答案一致。
2026-07-13 05:37:14 | INFO     |    ⏳ [V0 保护] 判决完成，休眠 2 秒...
2026-07-13 05:37:16 | INFO     |    [第 3/3 次判决] 呼叫逻辑裁判...
2026-07-13 05:37:30 | INFO     |       ✅ [裁判亮分] 总得分: 10.0
2026-07-13 05:37:30 | INFO     |          - [条款 step_1] 得分: 5.0 | 理由: 学生给出了完整的计算公式 (10⁵/(4×10⁹)×2)，代入CPI=2、主频4GHz、指令数10⁵，最终结果5×10⁻⁵s与标准答案完全一致，且含计算过程，满足满分要求。
2026-07-13 05:37:30 | INFO     |          - [条款 step_2] 得分: 5.0 | 理由: 学生给出了完整计算公式 (10⁵/(6×10⁹)×1)，代入CPI=1、主频6GHz、指令数10⁵，最终结果≈1.67×10⁻⁵s与标准答案完全一致，且含计算过程，满足满分要求。
2026-07-13 05:37:30 | INFO     | 💾 样本 ANS_CO_474.jpg 进度已保存。
2026-07-13 05:37:30 | INFO     | ⏳ 样本间冷却 15 秒...
2026-07-13 05:37:45 | INFO     | 
👉 正在处理新样本: ANS_CO_495.jpg
2026-07-13 05:38:03 | INFO     |    ⏳ [V0 保护] 脱敏清单生成完毕，休眠 2 秒...
2026-07-13 05:38:05 | INFO     |    [单次视觉采样] 正在看图提取事实...
2026-07-13 05:38:16 | INFO     |    ⏳ [V0 保护] 视觉提取完成，准备进入打分循环，休眠 2 秒...
2026-07-13 05:38:18 | INFO     |    [第 1/3 次判决] 呼叫逻辑裁判...
2026-07-13 05:38:48 | INFO     |       ✅ [裁判亮分] 总得分: 8.5
2026-07-13 05:38:48 | INFO     |          - [条款 step_1] 得分: 3.5 | 理由: 计算公式与代入过程完全正确，数值 2×10⁵/(4×10⁹)=5×10⁻⁵ s 也正确。但最终单位标注错误：应为 50 μs，学生写为 50ns，单位相差 1000 倍。核心算式正确，仅单位标签错误，按宽松政策判为 FORMAT_MINOR。
2026-07-13 05:38:48 | INFO     |          - [条款 step_2] 得分: 5 | 理由: 公式正确、代入正确、最终数值 16.67 μs 与标准答案 16.7 μs 一致（仅四舍五入位数差异），单位也正确。完全满足要求。
2026-07-13 05:38:48 | INFO     |    ⏳ [V0 保护] 判决完成，休眠 2 秒...
2026-07-13 05:38:50 | INFO     |    [第 2/3 次判决] 呼叫逻辑裁判...
2026-07-13 05:39:37 | INFO     |       ✅ [裁判亮分] 总得分: 7.5
2026-07-13 05:39:37 | INFO     |          - [条款 step_1] 得分: 2.5 | 理由: 学生使用了正确的公式和代入数据，得出了正确的数值50，但单位标注错误（写成了ns而不是μs），导致最终结论因量纲/单位不匹配而不正确。因为计算过程完整且思路连贯，给予部分分数。
2026-07-13 05:39:37 | INFO     |          - [条款 step_2] 得分: 5.0 | 理由: 学生使用了正确的公式，代入正确，并且计算出了正确的结果及单位（16.67μs），与标准答案（16.7μs）匹配，给满分。
2026-07-13 05:39:37 | INFO     |    ⏳ [V0 保护] 判决完成，休眠 2 秒...
2026-07-13 05:39:39 | INFO     |    [第 3/3 次判决] 呼叫逻辑裁判...
2026-07-13 05:40:15 | INFO     |       ✅ [裁判亮分] 总得分: 8.0
2026-07-13 05:40:15 | INFO     |          - [条款 step_1] 得分: 3.0 | 理由: The student uses the correct formula and performs the correct calculation setup (2e5 / 4e9), but concludes with the wrong unit 'ns' instead of 'μs', resulting in a 1000x magnitude error in the final answer. Partial credit is awarded for the correct method.
2026-07-13 05:40:15 | INFO     |          - [条款 step_2] 得分: 5.0 | 理由: The student applies the correct formula and successfully computes the execution time with the correct unit (16.67 μs).
2026-07-13 05:40:15 | INFO     | 💾 样本 ANS_CO_495.jpg 进度已保存。
2026-07-13 05:40:15 | INFO     | ⏳ 样本间冷却 15 秒...
2026-07-13 05:40:30 | INFO     | 
👉 正在处理新样本: ANS_CO_497.jpg
2026-07-13 05:40:41 | INFO     |    ⏳ [V0 保护] 脱敏清单生成完毕，休眠 2 秒...
2026-07-13 05:40:43 | INFO     |    [单次视觉采样] 正在看图提取事实...
2026-07-13 05:41:04 | INFO     |    ⏳ [V0 保护] 视觉提取完成，准备进入打分循环，休眠 2 秒...
2026-07-13 05:41:06 | INFO     |    [第 1/3 次判决] 呼叫逻辑裁判...
2026-07-13 05:41:25 | INFO     |       ✅ [裁判亮分] 总得分: 5.0
2026-07-13 05:41:25 | INFO     |          - [条款 step_1] 得分: 2.5 | 理由: 公式形式正确(CPI×IC/F)，方法结构正确，但IC取值错误(用了10⁶而非10⁵)，导致最终数值5×10⁻⁴s比标准值5×10⁻⁵s大10倍。方法连贯但数值结论错误，按上游输入错误传播处理，给半分。
2026-07-13 05:41:25 | INFO     |          - [条款 step_2] 得分: 2.5 | 理由: 公式形式正确，方法结构正确，但IC取值错误(用了10⁶而非10⁵)，导致最终数值1.667×10⁻⁴s比标准值1.67×10⁻⁵s大10倍。方法连贯但数值结论错误，按上游输入错误传播处理，给半分。
2026-07-13 05:41:25 | INFO     |    ⏳ [V0 保护] 判决完成，休眠 2 秒...
2026-07-13 05:41:27 | INFO     |    [第 2/3 次判决] 呼叫逻辑裁判...
2026-07-13 05:41:54 | INFO     |       ✅ [裁判亮分] 总得分: 5.0
2026-07-13 05:41:54 | INFO     |          - [条款 step_1] 得分: 2.5 | 理由: 公式 Te=(CPI×IC)/F 与计算框架正确，但学生代入 IC=1×10⁶（标准为 1×10⁵），导致周期数与最终结果均相差 10 倍（5×10⁻⁴s vs 5×10⁻⁵s）。方法正确但输入参数错误，按方法给部分分。
2026-07-13 05:41:54 | INFO     |          - [条款 step_2] 得分: 2.5 | 理由: 公式与方法正确，且 1.667×10⁻⁴s 与代入 IC=10⁶ 后的算术结果一致；但 IC 仍比标准大 10 倍，使最终结果偏离 10 倍。方法可取，结果错误，给部分分。
2026-07-13 05:41:54 | INFO     |    ⏳ [V0 保护] 判决完成，休眠 2 秒...
2026-07-13 05:41:56 | INFO     |    [第 3/3 次判决] 呼叫逻辑裁判...
2026-07-13 05:43:10 | INFO     |       ✅ [裁判亮分] 总得分: 5.0
2026-07-13 05:43:10 | INFO     |          - [条款 step_1] 得分: 2.5 | 理由: 公式 Te=(CPI×IC)/F 正确，CPI=2 和 F=4×10⁹ 与标准一致，计算过程自洽。但学生使用 IC=1×10⁶，而标准答案 IC=10^5，导致最终结果 5×10⁻⁴ s 比标准值 5×10⁻⁵ s 大10倍，数值不正确。方法正确但最终数值错误，给予部分分。
2026-07-13 05:43:10 | INFO     |          - [条款 step_2] 得分: 2.5 | 理由: 公式正确，CPI=1 和 F=6×10⁹ 与标准一致，计算过程自洽。同样因 IC=1×10⁶ 与标准 IC=10^5 差10倍，导致最终结果 1.667×10⁻⁴ s 比标准 1.67×10⁻⁵ s 大10倍。方法正确但最终数值错误，给予部分分。
2026-07-13 05:43:10 | INFO     | 💾 样本 ANS_CO_497.jpg 进度已保存。
2026-07-13 05:43:10 | INFO     | ⏳ 样本间冷却 15 秒...
2026-07-13 05:43:25 | INFO     | 
👉 正在处理新样本: ANS_CO_500.jpg
2026-07-13 05:43:43 | INFO     |    ⏳ [V0 保护] 脱敏清单生成完毕，休眠 2 秒...
2026-07-13 05:43:45 | INFO     |    [单次视觉采样] 正在看图提取事实...
2026-07-13 05:44:00 | INFO     |    ⏳ [V0 保护] 视觉提取完成，准备进入打分循环，休眠 2 秒...
2026-07-13 05:44:02 | INFO     |    [第 1/3 次判决] 呼叫逻辑裁判...
2026-07-13 05:44:14 | INFO     |       ✅ [裁判亮分] 总得分: 10.0
2026-07-13 05:44:14 | INFO     |          - [条款 step_1] 得分: 5.0 | 理由: 学生正确计算了M1的总周期数（2×10⁵）和运行时间（50μs），公式与最终答案均与标准答案一致，过程证据完整。
2026-07-13 05:44:14 | INFO     |          - [条款 step_2] 得分: 5.0 | 理由: 学生正确计算了M2的总周期数（1×10⁵）和运行时间（≈16.67μs），与标准答案16.7μs仅有舍入精度差异，公式与过程证据完整。
2026-07-13 05:44:14 | INFO     |    ⏳ [V0 保护] 判决完成，休眠 2 秒...
2026-07-13 05:44:16 | INFO     |    [第 2/3 次判决] 呼叫逻辑裁判...
2026-07-13 05:44:28 | INFO     |       ✅ [裁判亮分] 总得分: 10.0
2026-07-13 05:44:28 | INFO     |          - [条款 step_1] 得分: 5.0 | 理由: 学生正确得到M1周期数2×10^5（10×10⁴=10^5条指令×CPI=2），并用公式T=周期数/频率=(2×10^5)/4GHz=50μs，与标准答案完全一致。
2026-07-13 05:44:28 | INFO     |          - [条款 step_2] 得分: 5.0 | 理由: 学生正确得到M2周期数1×10^5，并用公式T=周期数/频率=(1×10^5)/6GHz≈16.67μs，与标准答案16.7μs在容差范围内一致。
2026-07-13 05:44:28 | INFO     |    ⏳ [V0 保护] 判决完成，休眠 2 秒...
2026-07-13 05:44:30 | INFO     |    [第 3/3 次判决] 呼叫逻辑裁判...
2026-07-13 05:44:47 | INFO     |       ✅ [裁判亮分] 总得分: 10.0
2026-07-13 05:44:47 | INFO     |          - [条款 step_1] 得分: 5.0 | 理由: 学生明确计算出了M1的指令周期数(2×10⁵)并代入正确的时钟频率(4GHz)得出正确运行时间(50μs)，公式及结果均正确。
2026-07-13 05:44:47 | INFO     |          - [条款 step_2] 得分: 5.0 | 理由: 学生明确计算出了M2的指令周期数(1×10⁵)并代入正确的时钟频率(6GHz)得出正确运行时间(≈16.67μs)，公式及结果均正确。
2026-07-13 05:44:47 | INFO     | 💾 样本 ANS_CO_500.jpg 进度已保存。
2026-07-13 05:44:47 | INFO     | ⏳ 样本间冷却 15 秒...
2026-07-13 05:45:02 | INFO     | 
📊 采样完成。平均方差: 0.0333
2026-07-13 05:45:02 | INFO     | Item-level variance: avg=0.0167, max=0.1667
2026-07-13 05:45:02 | INFO     | ✅ 标准足够稳定且粒度精细，无需进一步修正。
2026-07-13 05:45:02 | INFO     | [rubric manifest] saved: D:\users\王鑫020420\Desktop\refgrader-main\data\csbench\rubrics\manifests\CO\CO_7_optimization.json
2026-07-13 05:45:02 | INFO     | 
🏆 任务完成！
